0.9354838709677419
0.6883384932920537
0.25217391304347825
0.3649717514124294
0.9943609022556391
0.9913793103448276
0.9887850467289719
0.9955223880597015
0.9977661950856291
0.26466221232368226
0.9988876529477196
0.3523636363636364
0.9981851179673321
0.9963768115942029
0.9981916817359855
0.3475609756097561
0.9982098102398854
0.9982130092923517
0.944305605141021
0.9310102076733544
0.9978925184404637
0.907382091592618
0.9982940975776186
0.9982970027247956
0.998639455782313
0.998641304347826
0.9942333785617368
0.998306806637318
0.9969563747040919
0.8897738133163428
0.9980922098569157
0.9285940971120279
0.22372136805773454
0.9974960876369328
0.9987496092528916
0.9978138663335415
0.9906976744186047
0.9894704242799628
0.9867201976528721
0.9962974390620178
0.8438171218165081
0.18610491071428573
0.8595244602350369
0.775382096069869
0.9980931626259875
0.9986398258977149
0.7840300107181136
0.7588174273858921
0.9968976215098242
0.9961250322913976
0.9987100103199175
0.9979376127868007
0.999227202472952
0.9837357052096569
0.970062893081761
0.9678384442782348
0.9663677130044843
0.9624564893088016
0.9572989076464746
0.9630364673778219
0.9553307008884502
0.6661821705426356
0.8397375820056232
0.6429740472293664
0.8529137529137529
0.6613128491620112
0.9974424552429667
0.9893370421882244
0.6122685185185185
0.9861367837338263
0.9986155976003692
0.9990779160903642
0.9990787655458314
0.6116348585881812
0.81547212741752
0.9800362976406534
0.9545962871840752
0.9988829311885612
0.9977683552778398
0.9516164994425864
0.7189935426408373
0.7205162438807299
0.5915250591525059
0.9982821558943525
0.8877928483353884
0.8749487494874949
0.9985670419651996
0.9989775051124744
0.9983666802776644
0.8403228982083087
0.9986236728273693
0.9949069539666993
0.8749510763209394
0.5202421490730231
0.6157188739845079
0.6123637730176625
0.6063849765258216
0.5973758200562325
0.5971051667277391
0.9987191216834401
0.7493192956979489
0.6533928571428571
0.5176012736600035
0.9992929114371575
0.6061961563949636
0.9033432638199271
0.48538880633977216
0.8693851545078051
0.5064357222310504
0.5061944091486659
0.99952373392602
0.865533230293663
0.5014617633482075
0.9990776325903151
0.999231950844854
0.9986183604544059
0.48250997238416693
0.9972405334968573
0.9980082733261836
0.9954093343534812
0.9938828567059184
0.8235909702496637
0.9988054352695237
0.7896464269729971
0.9989567809239941
0.9983616324098897
0.9992558416431017
0.9977708426214891
0.9979206891430269
0.99584446423271
0.9952536339365173
0.993338267949667
0.9992603550295858
0.9992609016999261
0.6626821068360105
0.9995021779713752
0.9991291366011446
0.9997512437810945
0.9986321810494901
0.9997513674788663
0.9993786504287312
0.9980126692336355
0.9992549360486775
0.5309086395233367
0.8216435327355361
0.5714811633329243
0.9991417361451692
0.9986519607843137
0.9980404164115125
0.5420708050436469
0.4489354023818116
0.4309246122399904
0.9991590581451225
0.9986791546589817
0.9986808969900468
0.9995205561548604
0.9978432782171099
0.998682634730539
0.9955709839597797
0.9990432910786893
0.9994024142464444
0.9989248596344523
0.9943880597014926
0.9966595084705321
0.9921334922526818
0.9914285714285714
0.9895387541607228
0.9944193778199952
0.995260663507109
0.9950319375443577
0.9996452642781128
0.994208722373242
0.9992913664816346
0.9989374262101535
0.9992918682875015
0.9996460594620104
0.9974065778616056
0.998114541597926
0.9806210600046696
0.9682595047087548
0.970676866017617
0.9712896503820329
0.999537144179588
0.9907471663196854
0.9683200369984969
0.9929577464788732
0.9668935286653594
0.9973517559009787
0.9951785099299736
0.9585771658060814
0.9595183486238532
0.9982809993123998
0.9584192439862543
0.9551795106334324
0.9952016451502342
0.9994290934003197
0.9996575733363772
0.9993153811045185
0.9988594890510949
0.9992019154030327
0.9992022792022792
0.9515890192504841
0.9982921553000114
0.9977270144334583
0.9968192661592639
0.9969339086986145
0.9970484731524577
0.9436124347628773
0.9994330422950448
0.979827742520399
0.9970588235294118
0.9992087713349158
0.9985315712187959
0.9826283135927806
0.9995489908670651
0.9989858012170385
0.9995494480738906
0.9985363656834046
0.9733288318703579
0.9843679712100765
0.9870757473589571
0.999438391553409
0.9983159312899966
0.9854145629978683
0.9995514186385556
0.9966375252185609
0.30668004906880786
0.999108635097493
0.9992206635493208
0.8959724076546507
0.4588726066959033
0.4597541421699626
0.9988247863247863
0.99893219434063
0.9994663820704376
0.9984
0.997867803837953
0.9973361747469366
0.9968051118210862
0.29709605361131797
0.995641080161599
0.996600084997875
0.9955423476968797
0.9950143205685796
0.9939567430025446
0.28491504351429753
0.2892502071251036
0.9994824552323776
0.44247879164080284
0.44473167200909935
0.9988632840756433
0.9994835777731873
0.36975136696585165
0.9993813795236622
0.9988664468260511
0.44494798640436706
0.55569130523315
0.9569640858683488
0.4368517388651617
0.9828252032520325
0.9982734105220394
0.6096353903646097
0.9734745335350479
0.963998010939831
0.42695289206917114
0.9986095938027609
0.9992061129304356
0.9979172865218685
0.9980176429775003
0.5535237718691312
0.972732661529342
0.6603290316225002
0.9856780982073265
0.9992211838006231
0.6521696828176688
0.8712592304702682
0.9389712292938099
0.9994191112401976
0.9989355525449971
0.9991294254207778
0.9987429897505318
0.9988401314517688
0.9979710144927536
0.9980683793702917
0.9988414751882603
0.8644557987081847
0.7862029097215532
0.9995184899845917
0.3502868068833652
0.40756302521008403
0.7666825775656324
0.6008780301584272
0.33373684700623896
0.3581645922348133
0.36523111193614255
0.9576955190648483
0.824551724137931
0.9994485800937414
0.9995406944699614
0.9994491369812707
0.9292383742218967
0.5956629151797969
0.33510151820010975
0.981537336623709
0.9995432121322858
0.9184008762322016
0.9989059080962801
0.9994532531437944
0.48474360142089445
0.48475193445607645
0.7318227318227318
0.9997270742358079
0.9990904956798545
0.9989087933072656
0.3255518212371696
0.325315421621131
0.9996370565284457
0.9484087405929822
0.9994562754870865
0.9993660568737548
0.9976464198424911
0.9971971066907775
0.9979213737008585
0.999096657633243
0.9969302997472012
0.8870138074181031
0.2937623940868938
0.9993694261778218
0.9989195029713668
0.9985598559855986
0.9988303041209285
0.9978413383702105
0.9982921348314606
0.9990115913379459
0.9979340698823318
0.4775235531628533
0.24163602116781774
0.3198001249219238
0.3999464954521134
0.39896603975398875
0.9991980753809142
0.998040787247306
0.9982196902260994
0.7200977824340842
0.2833913043478261
0.5623153137493482
0.9994788047255038
0.9990448901623686
0.9993058568329718
0.998005030791916
0.7079070573955263
0.996967333853219
0.997141619748809
0.9972291973331024
0.9963648952743639
0.9955009517217511
0.9988756270541429
0.9993083174822757
0.9996542783059637
0.9984450587422253
0.9991364421416234
0.996548451117439
0.9962046062278962
0.7626296989283892
0.9993200747917729
0.9994903160040775
0.4632097089026564
0.9448118006103764
0.47944741079752523
0.9997458057956279
0.8216765453005928
0.3663140076174355
0.999661561891869
0.9993233527869407
0.9989009130875888
0.364604462474645
0.8300998926772889
0.8318620575860077
0.9988455512492784
0.9985161981699777
0.9982693258612164
0.9978581431748909
0.9991765480895916
0.9983535029225323
0.9984366000164568
0.9992596248766041
0.9962167941442552
0.7048580030921963
0.6832045546970313
0.6861788617886179
0.7730898069867602
0.998964225958091
0.9984868997371984
0.29083538669422143
0.9996027331956142
0.44455028975152816
0.3861291858435169
0.9996033949393194
0.9996828165886924
0.9993658343242172
0.9996830176717648
0.998257977670441
0.9975461093960263
0.290891825591517
0.9974689551530491
0.9957332490518331
0.9981832543443918
0.25118221941992436
0.9198378041172801
0.9992986830826774
0.9997662823309442
0.42632719393282775
0.42208645889722374
0.251369070574624
0.8934546295582453
0.8371824480369515
0.9995383194829178
0.24812433011789925
0.7894012388162422
0.6798332069749811
0.2461666288994637
0.9994715385776838
0.2352194684980591
0.20802865243993435
0.9996270604907884
0.7810169997017596
0.9997763697353709
0.5988251041046996
0.7741267021906454
0.815573467425867
0.9996303962152573
0.59506574087753
0.9993356462685465
0.3905984798169877
0.9436847522423173
0.5910627664265765
0.1981631153563556
0.23590266647238817
0.2349730752437782
0.9997817388141143
0.9997817864416643
0.9997818340484328
0.9981840633398708
0.9984023238925199
0.9962258673247205
0.9970266154180869
0.9968097447795824
0.4095486488444541
0.45603360857598146
0.9327335047129391
0.8414895134826651
0.8383795309168444
0.772701435270712
0.3430862287241525
0.20570866141732283
0.884242339049761
0.9084586202051426
0.9004985604943473
0.9997191997191998
0.3549018237719237
0.39119804400978
0.7741260205149676
0.9996512276785714
0.22723469530051596
0.4553689638352728
0.9995124669173979
0.9044071572791199
0.9892891918208374
0.2053261020720345
0.9997914494264859
0.29389891199559287
0.9997246316948919
0.6667813166402972
0.30694768639296993
0.8440845457040901
0.8950106084456916
0.7553104575163399
0.20035388593983938
0.755613008572595
0.9990481370682621
0.998912600244665
0.9982336956521739
0.4558663769690386
0.9988464409309901
0.9997286479886032
0.3454103014735704
0.9822297297297298
0.6846852822179479
0.9996684789815674
0.9997348535065623
0.9997349237905898
0.9992049821120975
0.9994702688385644
0.9988749917278803
0.997816738339398
0.9997354322375819
0.9972888977054817
0.999471144311496
0.9986789087786512
0.9984151092914217
0.9959727998943685
0.9967658900402614
0.9279467432450071
0.8049046671374462
0.9996791169297908
0.9996150885296382
0.9993586454592098
0.9997435239805078
0.9517106425956319
0.9993691647741609
0.999117053481332
0.9998108329655085
0.9997478408876
0.999306737253419
0.99949593598387
0.9991811539430587
0.9989294710327455
0.9979853941072777
0.9976713449556297
0.9994337129553892
0.9989306158394665
0.9969184328029683
0.9972966176285678
0.9986173087800893
0.9986804071886389
0.9958537504711648
0.9990578481251178
0.9976767549918373
0.9996861465068106
0.9984945427173504
0.9616025680597567
0.8763085067982193
0.9339848902746133
0.9995205561548604
0.9998202408772245
0.9996405463695184
0.5320320919650341
0.9939213349225268
0.6525796481217309
0.8191647359353651
0.8165835115229271
0.8172266413391903
0.8427412189776698
0.7921002838221382
0.8474315777029024
0.17199623794968258
0.834251553159067
0.17068191098407512
0.8357242827151854
0.9997667910447762
0.17054263565891473
0.9992424683876231
0.9987186953989516
0.17030440602991676
0.9997672388711085
0.25465049104563836
0.9995380528929437
0.6402354570637119
0.6305313563722379
0.9997116161033568
0.999711699244652
0.9994235646760433
0.9986168741355463
0.998674809864024
0.9997695852534563
0.9993089149965446
0.9990212447463872
0.9985038554494188
0.9968359891848357
0.3055635298845955
0.22088560462851578
0.8028636884306988
0.8057034873733036
0.7011468020767958
0.9513112884834664
0.5675980807225515
0.9996050107211376
0.9996615523465704
0.9993233337092591
0.9996617812852311
0.2521974306964165
0.9983100495718792
0.999042631075069
0.9981981981981982
0.9978049192322845
0.9975803274998594
0.996962196219622
0.9991564503430436
0.23989657692091507
0.17909525147513347
0.2416400604940346
0.9997200134393549
0.7291329802063006
0.7968741340131907
0.7242066788503073
0.999778528320691
0.99955715471907
0.2472214542438485
0.5731889263413825
0.2568082638236756
0.999723878948531
0.9993375655534088
0.30058376473179865
0.9294247178640243
0.4940090139606464
0.5700390174204539
0.5702120646082848
0.9996155747157999
0.24545704090035686
0.6888791545748234
0.36694585865221435
0.7415453649994528
0.999288840262582
0.999343760253746
0.999343975508419
0.9984149540883254
0.356448087431694
0.9997814685314685
0.35558225912169544
0.9982525120139799
0.9993448351168377
0.9981441048034935
0.9993451211525868
0.9979817814869362
0.9981459264914385
0.9972740159197471
0.9983647661615611
0.9974931880108991
0.6695543205840688
0.9948804531343609
0.9996733271628464
0.999401262791204
0.7373891277139903
0.6255439512619669
0.3536094803218091
0.9990761371664584
0.9996740370511219
0.9984792526613079
0.9991312374436662
0.9994571707740745
0.9997286590329408
0.7769164046405724
0.4436078093906309
0.8981752407299037
0.28178111928839944
0.5535856046573168
0.4229315413691726
0.42282055319372275
0.9517769158192683
0.9317098716941608
0.7649738219895288
0.5079298612928552
0.5075353218210361
0.7443758501621848
0.9725389685113506
0.9512801907328703
0.6993129810424092
0.8727873251793363
0.8710659374677536
0.8825956298069577
0.8851716060698646
0.9997963547500255
0.8848111574875293
0.999796437659033
0.8834842780095655
0.9995930410011191
0.9993896856881294
0.9997966032746872
0.9991357836408927
0.9993392630241423
0.8833274048478074
0.9981202052532643
0.9995936404734088
0.13895204891112123
0.13966057177492677
0.4891995558695872
0.9626045761515977
0.6949161082279438
0.13848323093967166
0.9052068758744753
0.40761276787052303
0.9997003745318352
0.9996006589127939
0.9991517812593553
0.9985534716679968
0.9988034102807
0.9996511164274322
0.9981067211399531
0.998954079091543
0.7255613295421119
0.39334016893706364
0.29490433424443574
0.471070348326666
0.9998048970832114
0.9998049351409344
0.8358361774744028
0.2084815988301243
0.18175619734086593
0.5425998052580331
0.9434384735202492
0.589411707459491
0.26526049766718507
0.48539705527395605
0.6851174432036966
0.43132738266628273
0.6868342769407926
0.9965464313123561
0.815805879249988
0.9997602838239524
0.9997603412740258
0.9998083097714094
0.9993771261559101
0.9995688829277639
0.9991379723193333
0.9987072061288006
0.9987553257695437
0.998707762994161
0.9985166044597569
0.9993302396785151
0.8204772607718426
0.8198069018258293
0.9984708018732678
0.9978503869303526
0.9994268793581049
0.9968491908149139
0.9989025146729017
0.2588324560155546
0.4965867071205082
0.5579600340941377
0.4453176782501657
0.5446111610735078
0.4860414497965364
0.9994323288708075
0.999763526295876
0.9992907466074046
0.9991019945174402
0.8858818011257036
0.8119582025209691
0.5215741391426564
0.9198557309475853
0.8589893691752916
0.16703173789439343
0.2378622681949492
0.6530327028789714
0.1499493880555811
0.9997240110395584
0.9998160412067697
0.9995861878707067
0.9994023812807429
0.9992186422760491
0.9986674631254883
0.9989437913299045
0.9981176254533768
0.9985310993803076
0.9977511588416174
0.7900784242203174
0.9997720745771983
0.506584043377227
0.9998177759555373
0.3722189629495916
0.781003937007874
0.9601896582572911
0.5740608228980322
0.8163292666577289
0.8161833698226174
0.9997766461181096
0.9998213488164359
0.9990179886622328
0.9986613716478515
0.818469774704439
0.9994202640028541
0.4582664526484751
0.9981276747503567
0.9975485826350509
0.9988859180035651
0.8180805560506149
0.9968376982006057
0.9990648795475798
0.9995548036684178
0.9988433134620518
0.4299439551641313
0.2664021164021164
0.1895882923388874
0.9997796483187167
0.42611032781106806
0.7828889668479214
0.451185831397133
0.5156229457907884
0.7977139353595516
0.4232196655459983
0.5165007857517024
0.6450965857061876
0.9298505511742408
0.48373186985495886
0.48364760701998866
0.9551530456742282
0.48345812293226537
0.4831353092222657
0.7956661735271082
0.9982601887695185
0.8550182640459211
0.4826521739130435
0.9983915840723352
0.9978703059805285
0.4820962975838693
0.4837069864442127
0.6218505647263249
0.6216615277717462
0.914704479424136
0.18543247344461306
0.6202339688041595
0.9996967990644086
0.4194832734669148
0.18683304647160068
0.35482899548289953
0.1401539586289941
0.8816575678115462
0.27837745224021243
0.1684431317152519
0.9123197398262656
0.7576664813309952
0.7401547868473939
0.7591690176968453
0.9992307363562546
0.35220770347595864
0.4912056010928962
0.4133424155987909
0.9997020769492679
0.8403368456688248
0.9998307594668924
0.22313212325875897
0.6128977800286992
0.9998734016964173
0.9997046538120754
0.4417633410672854
0.9993673288624573
0.9991987517395522
0.9996626892102711
0.9997048903878584
0.9984408579495175
0.9989045713081947
0.7166266481317662
0.8588141563233814
0.999832299178266
0.4123884162440803
0.867862080522854
0.7710249122220364
0.11095787362086258
0.7066098437369432
0.9993734074105017
0.9993735120912166
0.999457134505366
0.9996659847188009
0.9805468586933834
0.1712365702907869
0.5030471373491978
0.4620389556568587
0.9998342587221347
0.5422264089121888
0.54240203103886
0.9413421503796229
0.9486980654640438
0.7798490719967367
0.58355080737237
0.9996738953203979
0.7697668731659603
0.8560194568301581
0.3795339412360689
0.379441675782991
0.9993519906038637
0.37921120829284094
0.44646399222766464
0.9997571734995346
0.999797685522376
0.13122080850378484
0.7944683071735378
0.48461692338467693
0.9995601055746621
0.9431107926270951
0.43791939646615047
0.9997221340107971
0.21616697690997663
0.12453472717193316
0.4361184704812369
0.5341978334782953
0.40784639089723834
0.4083583504503081
0.2232093500750217
0.14734099253819732
0.5675600994749931
0.32047395976853127
0.5658847607052897
0.18282276141413348
0.9998427240199741
0.9998820569271898
0.8437229777533213
0.5284917079305196
0.5403355731069983
0.422992299229923
0.9911112851437074
0.377409181170424
0.8284115635685422
0.7929459135080723
0.3743661208531723
0.999806486570168
0.9997678377960069
0.3806576402321083
0.9997292802722667
0.9988786636764365
0.9991108362005644
0.7382498453927026
0.17943058927389097
0.6661784628904105
0.6586815430613286
0.3614391951006124
0.1985954953971546
0.6334606292053101
0.6232231795542953
0.5278615826396714
0.39920776247410694
0.712598566953516
0.6795596013384665
0.9788538045231354
0.5095326834862385
0.5234478558377816
0.9998209040762233
0.394512805837745
0.39589442815249265
0.999821217863911
0.3849369395119511
0.16600014282653716
0.15502160019993574
0.6885795860099929
0.9141152234140797
0.2876170287934994
0.28782848262220967
0.2875052973583839
0.9702645502645503
0.6047397376216673
0.4170161773517076
0.999753347427766
0.5145986686859437
0.6089401180770312
0.6679142327468607
0.4023217595020805
0.45204142114989015
0.9998256989472216
0.9996863018473335
0.9996167380927494
0.9993032815439281
0.9993033786137234
0.9995124499390562
0.9998259052924791
0.9986077271145144
0.9988167739690273
0.9982602644398052
0.9986434310758635
0.9976701324894808
0.9971144486163259
0.9971496106785317
0.9988530914398915
0.9969767522674358
0.9968035577791675
0.9993399798520165
0.998020283412059
0.9961454318158142
0.8971216277212597
0.9983340274885465
0.9955237863909226
0.9990632805995004
0.7112966362975024
0.16102663572442935
0.9998268458235212
0.9996883656509695
0.1476254712739096
0.12394522063909254
0.9998616874135546
0.9998617065412806
0.8714063848144953
0.33370139056623305
0.8767411391532203
0.2842667585731518
0.10920741527601686
0.6550176448418816
0.7014154814004376
0.999829077359587
0.639179815016322
0.48415082874793236
0.4840037796976242
0.6208164642375169
0.4840787964649531
0.4081612022778583
0.4088137192143122
0.4090817220238496
0.999730539930614
0.9998316158146426
0.9995959323860193
0.5862927929444238
0.5670144732413329
0.9998990340928213
0.9998990442859066
0.9996971634308018
0.9994954251883746
0.9991928432097935
0.9986220340122336
0.9983871509693895
0.999764848159097
0.3255087648599637
0.8525888393006946
0.7195747677655187
0.9223831556360222
0.9998659068052297
0.6105450157538379
0.9997319214529857
0.9995309568480301
0.9993970253249364
0.7681203108252947
0.6882451440053583
0.7947971072719968
0.48735278372591007
0.27590820900515156
0.1777258306895976
0.2101819395760307
0.10775545618367482
0.10658882402001668
0.1081054036024016
0.46704909284951973
0.9995664932639723
0.10806214990664177
0.16820108623658764
0.47096987752399866
0.8499520137670847
0.910206782464847
0.3326386132062988
0.5727041238136181
0.5871053066622582
0.9992066640222134
0.9998347489837063
0.9988764787522305
0.999471388925598
0.999636639910151
0.9983486359733139
0.9981837994914639
0.9990756025090789
0.999108763822413
0.9998679824416647
0.999009999009999
0.9996040518692051
0.9975917128529955
0.9997361042388256
0.999142508492464
0.9988461792048526
0.9978574724767618
0.9979239438476241
0.8198992857848139
0.8061734895353428
0.42979829554802407
0.9999012963084819
0.10662236404908379
0.10651666173229382
0.5853233339911847
0.9996053410511083
0.687816424485502
0.9203962208637092
0.08970511482254698
0.35970777208832067
0.5896516894203513
0.33565273939196877
0.46426023221119544
0.8008041765297189
0.13944365192582026
0.8853123277902039
0.4187704572706355
0.45944548568474114
0.46237080103359174
0.8342644921685775
0.9998385534388118
0.3270085690355003
0.21673591651367283
0.45670050109212385
0.7933393281520971
0.9998073465193937
0.9996468586471475
0.9992617557374418
0.9256694220151278
0.9255512652774676
0.9999042756860242
0.34675722211593646
0.6398559041060954
0.9997450280469148
0.999713238808348
0.7926371388570701
0.4622404527965913
0.6907796459333185
0.45638842108607924
0.8995488912891544
0.9995553438145148
0.32959669736424263
0.11584671809788795
0.4005429807115573
0.9822989303631717
0.6767979317085475
0.12405422446406053
0.9997793468667255
0.9998739283913263
0.9991809217780298
0.9509501636043293
0.9999056217950735
0.9997798118964487
0.9792174510906931
0.9062050865462725
0.8463621929578781
0.6018636434228918
0.2072601341949847
0.3798646100584217
0.3536716564718901
0.09665324687298318
0.9998463618485742
0.9995084334388153
0.40621644012150593
0.9998772817916859
0.08552409583116047
0.5258105082354385
0.999877326954335
0.6415626629051547
0.7874597577801625
0.38617412630288167
0.8548974037491208
0.0961567860091112
0.3806892363746774
0.41010076484156854
0.4433218035074944
0.9998483147771744
0.9735406437534098
0.5096946194861852
0.3359680203506859
0.4803669280372983
0.999848649957622
0.9996066446791129
0.999334402323541
0.9993345029947365
0.9989415109175588
0.9997581181592792
0.9996372211137312
0.9991233903633395
0.9996070964427116
0.998186818168082
0.998217253361535
0.9992446901719085
0.9983687279098571
0.998761591204277
0.9975838845096796
0.9993961170325191
0.9995170102937181
0.9996378014548308
0.9968613248830541
0.998430851866381
0.997676734152008
0.9965004374453194
0.9996380199692317
0.9984316091087317
0.9962905998371483
0.9979495220577149
0.9967136008683329
0.999879412740044
0.8617571059431525
0.7769399465256707
0.7766832842813383
0.7756493019066206
0.9993095166616631
0.9993397358943578
0.9987096774193548
0.9998499849984999
0.9985600719964002
0.9997000599880024
0.9995501574448943
0.9979610194902548
0.9998500974366662
0.9978117505995204
0.9980222348745917
0.9998501917545541
0.9995507098783921
0.9987721242250905
0.9998502814708349
0.9981737073740308
0.9975752858767886
0.998802789500464
0.996139573856835
0.9959905448669998
0.9974271525160056
0.9962310430438814
0.9998504605814093
0.9983553123411382
0.9969503991389362
0.9954568550676989
0.9978781901858825
0.9972809035766576
0.9977294455066922
0.997281715804881
0.9974314557075443
0.9957595484815003
0.9968350650901708
0.9975818730035526
0.9968360097904603
0.9934342077774794
0.9975829553592743
0.9953158098875198
0.9989560652608346
0.9965406179172134
0.9980618421444971
0.32120923021883013
0.8525308531568593
0.42666388483204676
0.9042559523809524
0.16343301293461493
0.26641751201281366
0.7604370225617338
0.15753485480863155
0.15599362568612407
0.126198695818949
0.9998819884938781
0.29617083946980854
0.8789554170097635
0.8788992444065504
0.8363262307127113
0.43191301792535997
0.4327437268613739
0.9995887070713005
0.14995740680903563
0.41827473786236674
0.9999118942731278
0.09252679489061812
0.9996476702193253
0.9847337208619577
0.6004208557400047
0.9998538908857134
0.8702974053643873
0.07804294550122534
0.8209120597154187
0.5351176419137584
0.9997376705141658
0.07972863272642931
0.999681187143147
0.9998551060623624
0.7204083403221608
0.5741629561094085
0.5521667485762193
0.42234426940309294
0.9746623571511024
0.914185992846429
0.8979956741167988
0.9997981661957211
0.9996252306273062
0.8975992160705536
0.09177561481310834
0.5259263524601964
0.5265551685425602
0.19324756065970122
0.9998848821480991
0.9998848953986935
0.9393330077844484
0.8843735711019661
0.6131272145388045
0.9998571469386589
0.7258184311260927
0.12189409950305592
0.07632172101914463
0.6008816837315131
0.601103307077658
0.6015238528458521
0.07817385866166354
0.5283002784565551
0.7293750885645458
0.23246899661781284
0.1309798839240435
0.516984958593882
0.5883080729972162
0.9998594242015295
0.9165097124223428
0.5877508572713475
0.6090855589496399
0.6098299100512792
0.9998879269283573
0.6090488863986553
0.9995238095238095
0.999747927403092
0.9998879802845301
0.9996639784946236
0.999552071668533
0.9994401522785802
0.9997760859829825
0.5149725736034927
0.600649168951816
0.39775174072313413
0.30539875929134297
0.5533554891501662
0.8447230871886121
0.9998332128759659
0.9998888209461337
0.2333553974295328
0.6797266765856615
0.5743408909336345
0.9998347335077813
0.9997796932228128
0.9995319640988932
0.9993668795419511
0.9997247605416713
0.9991468516072215
0.8487616951018162
0.9771934163163246
0.8646354195285455
0.999807718719956
0.39986822960990476
0.39800136892539356
0.9998083871674148
0.32384497481935626
0.9995894909688013
0.24500477034210166
0.28260454978885713
0.9306424413860632
0.35271244051665535
0.9998368722981974
0.35708484487519626
0.9246318065126334
0.08497932935231971
0.3493542983735884
0.9998919444594522
0.9997839122683809
0.6984066972724817
0.5691037162982755
0.31047788661323833
0.31138031513058495
0.3992554425530767
0.2422656776803776
0.6151502076479154
0.9996225295909839
0.9996226008194954
0.3813738901853491
0.7468747490430174
0.5498929336188437
0.8707044213681618
0.9997859130807107
0.8055355571554276
0.5294196059612359
0.46421812948106295
0.29308139224988006
0.38274796141342005
0.6768538008579574
0.999893432796057
0.5610632183908046
0.8010500357966749
0.9998939470265398
0.2603785589311277
0.5605799559996819
0.889215764225703
0.9746945668522574
0.8273405967235603
0.9768367239380205
0.6123524451939292
0.7962958084147852
0.3686237522596872
0.14819374950881514
0.9027350070462968
0.9025936749817347
0.9024523871641013
0.2902570513321353
0.1147707449162913
0.491903571800479
0.35260596913949677
0.5983817675677082
0.5897955999375878
0.9998439937597504
0.9444184474600946
0.9998960228749675
0.5489941259032074
0.9996621533823644
0.5893205144861634
0.9992205767731879
0.999116745466826
0.8011844771156943
0.9993766719476405
0.9989093175444064
0.9988834938851816
0.9991691980164603
0.9987539587768028
0.9982609598463416
0.9983130466377722
0.9992734066846585
0.6555612903225806
0.0693053978738776
0.8709652469836032
0.5531437704622206
0.590359582420415
0.9670479723810996
0.25303127815677695
0.9365952742138688
0.5971740526653821
0.5269173473056968
0.5268632184498433
0.9998972831390273
0.9996919127086008
0.9995892591261488
0.999409605462433
0.4972541572572367
0.36517098950717053
0.6489910600255427
0.12452772388440723
0.1248181330882916
0.9996682403981115
0.364964806691829
0.9316367901675294
0.36234358673768446
0.45006478493940705
0.5942238817343595
0.9996444444444444
0.9448753041362531
0.320240237196219
0.32422319419513057
0.8607290929315401
0.07965317626835866
0.8848389869066275
0.99974725774655
0.6179571248423708
0.3683228717638458
0.613852922690132
0.08191941281451877
0.1166185877336009
0.9998745924253825
0.9997492163009405
0.11653965707410006
0.9998245570064412
0.7262680433039295
0.7442565451584617
0.7444452794268681
0.7441639114317202
0.9998497257494928
0.7441272226396193
0.9995993690061847
0.7431773269630038
0.9987243940871914
0.9985245942634224
0.7488659180486353
0.1352109832424793
0.5606403165246882
0.9998788955272081
0.9999192702026318
0.9998587314080443
0.999858742811018
0.9998385762424585
0.9995359816006617
0.9996570644718793
0.9993343687597072
0.9995562816401444
0.2885358782314569
0.5090583356817907
0.49733309180202484
0.3483668417557206
0.46775329510011066
0.19495172968624297
0.2521417367172103
0.27168802989512597
0.0735034150261149
0.47377157370557765
0.4825324454576359
0.3691064657653902
0.23400583229185265
0.42580286830777775
0.9999008290689833
0.2545169671367089
0.23405985363822066
0.9996430483669463
0.11209152918781726
0.23394468127292556
0.5902346377557077
0.5901412351149267
0.2219738924050633
0.1010560455642131
0.7387048937221947
0.2123045291896487
0.35053398345737014
0.5578549045113227
0.999881761749926
0.9998817757285571
0.999783276853968
0.9996651038178165
0.9995272705785027
0.9995666988359955
0.9993501890359168
0.9991336706767213
0.3433880641038246
0.34336780840772346
0.4383948534891931
0.4968326501794505
0.33124412409902854
0.37397179788484136
0.454705537076893
0.08313529938836729
0.6170395031442868
0.543196418142885
0.05692274769955061
0.057346275799015696
0.05691278300785809
0.999922203205228
0.05725398677557371
0.9998444306160548
0.9998444548141235
0.999611167275838
0.17391051376040031
0.3662684714734515
0.999941825515329
0.3662187578771838
0.5610058027079303
0.35191165947900754
0.2007966894844723
0.32700413782435517
0.6183666370347467
0.15729577247082463
0.07046159178878854
0.15986237650405566
0.16108079022215388
0.9999423509291109
0.9810740705158997
0.9997694435905318
0.9999423642197076
0.9996157983709851
0.9998271225509028
0.1668171254057584
0.9993470328404072
0.9999231862349733
0.9990976462005146
0.9998464314508388
0.9992322456813819
0.9989443985950905
0.9993858672705639
0.9987526386490118
0.9989830378386676
0.16594397544128933
0.9996162922318362
0.9999232643351814
0.9981394813564524
0.9990413375258839
0.997833630490213
0.9979296066252588
0.9998658258419428
0.9989650017249971
0.9974511795481114
0.9998850288385996
0.9999233584334464
0.999712621656832
0.9999233716475096
0.9980652823538426
0.9999233833895188
0.9997893164275727
0.9997893487044945
0.999655317682203
0.999578753877379
0.9976449865017519
0.9991768602002336
0.999081234208713
0.9999425804352403
0.9998851674641148
0.9999234508362996
0.2585583344495685
0.6636946331196786
0.9522115090296909
0.5547182802279769
0.5546758462421113
0.39222621596818597
0.45176646019729294
0.9998279717873731
0.45165421150207374
0.6533137303572452
0.1574646811760214
0.1667079656138612
0.569578118461597
0.3900945280255625
0.7021022274503852
0.4791030335224147
0.3895776463451623
0.7001137225170584
0.30688642606801175
0.34233091673134075
0.999924289743153
0.052136558040952276
0.99992430836771
0.9784866889935857
0.9998108067201453
0.19415125033102562
0.21883452176051144
0.2177169226113927
0.9998108961630832
0.34689709942139696
0.9997352996785782
0.6469364992343611
0.7130812854442344
0.9530783476321857
0.10689518338655732
0.9999244213509684
0.5587626148516343
0.9344345568453333
0.9999059407803152
0.9998871416748175
0.5765874210051158
0.7244926745782475
0.723521889574244
0.5917714973392753
0.7127117528719424
0.999774406406858
0.7125509878005226
0.7124572416644739
0.9995489654394768
0.9995490162917865
0.9997933185524783
0.3449435458114937
0.9885304793623471
0.2338655524882489
0.22000895255147718
0.26141767525129145
0.9998321678321679
0.999906765122697
0.9482594671191245
0.21991871434430815
0.6606730697639789
0.18010757691377097
0.9896339307315802
0.36847085892416453
0.9999072321793017
0.6403250587734399
0.9999259602036095
0.9999259656850951
0.6401828512205504
0.9457109022278144
0.45725175303890914
0.31428624212529327
0.551752165961613
0.3864639710364446
0.5594383660215133
0.32765714074866703
0.558845231507102
0.32753532297930427
0.7352181771236768
0.9998524801770238
0.3396615537591839
0.9999263500948242
0.31399757076079354
0.5560319446489033
0.9998712075214807
0.9997792332033262
0.2582125160579923
0.9998715525625264
0.25721100917431194
0.9999449571583215
0.9999449601878693
0.5750485899739631
0.5217263760038136
0.11911220263186834
0.40192790514413473
0.3179419525065963
0.4019164178010663
0.6350497334725504
0.99989010385186
0.5884019299656408
0.649896748962921
0.6499287358842232
0.07795006666301389
0.19124146243471274
0.9998539106298278
0.9999452194872545
0.9320405846203752
0.9319566079215771
0.9318894374572056
0.9318222766747144
0.6986725743412403
0.08780487804878048
0.999910007199424
0.9999280109423367
0.9999280161243881
0.6062917063870352
0.465214967723374
0.998795440652979
0.5212431509925447
0.15448585541086662
0.3112180753619024
0.31184224704572394
0.9800668031462126
0.9999281738193572
0.9998563682717513
0.9997486715496194
0.999461477705177
0.35270044693339075
0.5458885180000718
0.9993181165661785
0.9996590827531759
0.6018013492177408
0.17387482734496923
0.5340291601657072
0.6956623092509907
0.9995338246104746
0.5002867691866509
0.9998924731182796
0.9999104022937013
0.9998924943111573
0.9995879391583209
0.5009942138545044
0.999480556699923
0.9993910520471397
0.9993732091690545
0.999068867958314
0.5835465459555206
0.06409729053026916
0.9998569461581103
0.41910964403604245
0.9998751159637479
0.9997324295397788
0.11965263289288325
0.12062478826025712
0.9999286822258278
0.9997860619350698
0.37147033656588707
0.1007682846396549
0.5479928015252213
0.4947272792048167
0.6064443731965373
0.999893139559735
0.6065608804829834
0.2616685958507702
0.9997150895687168
0.6064528765513435
0.9998931700021366
0.9997151352217494
0.9996617411429589
0.9996617652294656
0.9997151859301849
0.6166913371396349
0.9998942805793424
0.9998942917547569
0.9998062186206289
0.9997357712836231
0.4894081600309919
0.250347754124628
0.9998943643374003
0.999823952960231
0.9997183544860849
0.06787178990723954
0.9767740347422463
0.4978199718706048
0.16397439270367448
0.9421296296296297
0.3655619849202174
0.16966774787411237
0.3916113320601994
0.9999299241428846
0.23841639660155908
0.3760225620544082
0.6090767535035079
0.9763483372111331
0.9530116902860538
0.3926095384454185
0.16898039010250232
0.9999301566237712
0.19149716281099957
0.9998254220422129
0.16892729335777254
0.9996159821257135
0.9995985618040284
0.9995113352763574
0.9994241239704035
0.9999302017170377
0.999755727321899
0.9990927964549277
0.9990230797411161
0.9993371360789854
0.2755832755832756
0.19980865348135196
0.27507380712836665
0.3429333157790797
0.4192674557961616
0.5555373740018327
0.5316023399457499
0.33565336731692974
0.8115854455186831
0.48737794324156625
0.3728
0.07315440624285761
0.45666672102010536
0.2312056045903025
0.6087090546262797
0.37006813757300455
0.06921829386960753
0.044569780068394356
0.2818740896585208
0.8854724645186348
0.8533626629573319
0.37870530588482626
0.4434850101872514
0.18016488845780795
0.13901280062063615
0.3818442642768492
0.4421307115803046
0.6246031362310432
0.2866972846668278
0.189838582487085
0.8115867396202124
0.851678413955135
0.9999195430042642
0.8114953255989831
0.17915508347929487
0.17914644727962206
0.9996947938251972
0.9999357501967651
0.9994539731483266
0.9993576773613386
0.44801233061460405
0.5568969946057025
0.20322984557100202
0.8390638543773475
0.9996789933230611
0.9996790139307954
0.9999197599216857
0.16619668664081777
0.9999198961854564
0.9999199026015635
0.9999359261869674
0.9997917734495131
0.17685309757191364
0.8656295328115785
0.5379481706831467
0.5492444147199796
0.9998407871483386
0.9999203999108479
0.1991676197737959
0.1993551256393151
0.8390718800622559
0.4711981200978057
0.05170717776226439
0.291296484325422
0.06839151526681252
0.48418991060428973
0.5453584834242816
0.3131485161005456
0.9750240456631084
0.21364718495278037
0.8256428042186243
0.22150155066828292
0.19736489996379492
0.9999055608896165
0.9807201989360698
0.43815072472871747
0.12758788220728134
0.16272291346726422
0.8545596991538703
0.9998119888446715
0.4922169553042036
0.82713094623555
0.15832446974910844
0.6066786580120435
0.46541214716639057
0.6062950286777001
0.9999062397449721
0.9996875097653198
0.9999375058588257
0.050873386303679304
0.28659954733473814
0.1801311066021539
0.8252333239691606
0.3602952651456038
0.1800917545721241
0.578242756167205
0.18032889193996318
0.5546666666666666
0.8747699984406674
0.8759589596457307
0.32490333042285147
0.9610227627065794
0.389645819043462
0.8271479964492066
0.8493389600884501
0.9999377150776226
0.27017516543402104
0.3323887963381027
0.9952984400784631
0.3580490994286782
0.30569262620444887
0.17293174566114095
0.17285603112840467
0.35767423039810753
0.9996576355063104
0.8491068094111789
0.17322773386444265
0.8490011202389843
0.17278610990105173
0.9995955196017424
0.2844520494672163
0.9992533714943459
0.999860018042119
0.3948550555685086
0.9935809760646566
0.17918033041667314
0.17961708211599428
0.7804080747362387
0.25746592317224287
0.9998606142266413
0.34622650274070177
0.17016771002395858
0.30330604047582266
0.30348812061667746
0.282461614507708
0.30357418677211084
0.9926790844222037
0.5516431924882629
0.2678938184288957
0.8597458346844552
0.35485215780128154
0.2683845666908552
0.9995831596498541
0.9918490845657476
0.999799326973542
0.1714259253542432
0.9996758759067758
0.9997530635552675
0.8593166455754807
0.9919606209301608
0.8421564240638163
0.9994908585975468
0.999799441521776
0.5251068293661201
0.9991053110586638
0.9915781030679768
0.9996915246394694
0.9985039867980691
0.9988433779532416
0.35464820440072164
0.9994449498142124
0.8414683029107055
0.9984121600789295
0.9997996053767418
0.9994296812380541
0.9986128236744759
0.9991215091547994
0.35578144853875476
0.06532686391257098
0.010208766989102485
0.3908538545126188
0.44260137719969395
0.194044687781975
0.7710999984707375
0.9999388332441318
0.18041560268505635
0.9998318094247882
0.9997400770595071
0.9997553778647545
0.9998776945421189
0.22160736607823409
0.872229843011736
0.21036669003566313
0.17981346581730623
0.5299669655497876
0.3849865298853899
0.16839654227795703
0.576989159026289
0.8262416199206458
0.17953351352992986
0.15882415463338345
0.31057405472523814
0.38351124233477174
0.9777892170963981
0.9913721460842235
0.999924455322878
0.9999395679105605
0.999833829327613
0.9998187365940606
0.9997734549628466
0.9994714268454754
0.9994865599516762
0.9307663269158173
0.9998943109071143
0.8545484662761456
0.7827107373362019
0.9611602309635511
0.9999398568593252
0.07668849897848816
0.3615977680446391
0.7597714251432343
0.5884849575572153
0.5255510571300045
0.9693006112909025
0.15465168539325844
0.9999250992435024
0.9998352331450997
0.8574230740435727
0.8578978889055248
0.8576839583801182
0.8579041916167665
0.9997754659082404
0.9998503218081125
0.9998503330090549
0.999476204729123
0.9999251777029555
0.9998503666018256
0.9997007555921299
0.9994015559545183
0.9991622535379828
0.999282060486404
0.9991325546266245
0.8568971705449543
0.9993569901155922
0.999790660466229
0.4684818037738106
0.9999551468939224
0.7422149204689718
0.48671614820567194
0.48673953946778964
0.9999253408191605
0.29552403537816757
0.9999254310087693
0.8315462964343767
0.8315861678173603
0.9998807127413704
0.55946328736489
0.8355701199076487
0.45005807200929154
0.3534045055910424
0.5148289313045291
0.7378035163984458
0.42220074349442377
0.19866528251520094
0.8448125157409739
0.5224698304582809
0.21251939989653387
0.04657177906856442
0.9999556619668352
0.8968061869059567
0.7800681707515014
0.8945924013279233
0.9978760748683609
0.03900949796472185
0.9999410099103351
0.9998525378240481
0.9997788230436898
0.9997051191318708
0.9999262852172375
0.9998525813014123
0.9994988059789498
0.999439875003685
0.9998673485931582
0.9021814378930934
0.9999410854996686
0.8172285306116438
0.5011038502296008
0.9957614022694159
0.9998969845918383
0.11965020576131687
0.9998971299249049
0.9657283820096031
0.9757614883502553
0.3374413145539906
0.3372845301841121
0.9305305919658644
0.43543249561659847
0.5196429354098792
0.9997955040095821
0.3060980062805813
0.06299373567162654
0.19258004701347622
0.4412473174790873
0.9999124151521787
0.9999562094937817
0.999839453558293
0.9999416228838295
0.1412706046959031
0.14784875761018382
0.8167399726194984
0.3025660443305275
0.41941167904470655
0.9998689479432108
0.7637469234110323
0.12872964169381107
0.9069448058519097
0.17051663823758997
0.15573415050157555
0.9999421848350822
0.9998988278483574
0.9998988380831262
0.1913150289017341
0.14192411062624627
0.1419097568375883
0.06714714888208446
0.7156412478336222
0.7157051050617373
0.9998122716573524
0.7153191919483632
0.7158409980218606
0.7158264033264033
0.9995380262170122
0.24611651879289057
0.1469161072384524
0.9999141250053671
0.35115137463684115
0.9131069419997424
0.9907847289794517
0.7562849661606261
0.41730538237144654
0.5221437557182068
0.1690752891061652
0.06989608496162147
0.3044539963157068
0.15920547201873508
0.9999571624400274
0.7197789645029558
0.4529476434557889
0.999871503833469
0.9998715075025342
0.9999143407809266
0.9998001370488808
0.9997715917201998
0.9999714497801633
0.03925543152425272
0.9999286315819523
0.3419065698014644
0.533181104609676
0.07991437745272922
0.3294424863368484
0.7422636287112468
0.4640245206358258
0.04474441942013285
0.04482738960631717
0.9999287373686986
0.9996864622970912
0.999800490224021
0.1638736890104879
0.9998147620404674
0.9997577795508948
0.9995155867099789
0.534377136995669
0.8802370471672578
0.04642450142450143
0.8635262947980172
0.8800917222127271
0.05103086911948969
0.0610719624172539
0.4746551650510313
0.0520809610567069
0.05214841804130314
0.9999288418296188
0.052306553971370844
0.9996727562460873
0.9996016446385636
0.9995305431473526
0.9997724201692625
0.9997155616235742
0.9995022682347587
0.9991610380376822
0.05305733661268997
0.9834522760228598
0.9833963551587865
0.8075993631659749
0.9980818414322251
0.9999431689020232
0.9999573784931877
0.9999005554687389
0.999943177782513
0.9998863620221878
0.9998295624014658
0.9997585638811566
0.9994887525562373
0.9996875931895315
0.999616618862352
0.9995030526764163
0.9993894993894994
0.9999006204125672
0.9997444923915512
0.9992193487949584
0.9990064862256411
0.9994323100722385
0.9999432342297595
0.9991343588579213
0.998850607333409
0.9993047179851011
0.9956867196367764
0.999092005391218
0.9987232050390841
0.9991204675707882
0.9994467771221062
0.99940424686875
0.999347545494518
0.9982554923624605
0.9998298137879196
0.9991916498851292
0.9985109973481572
0.9998581982671828
0.9983268344558667
0.999532107360093
0.9709801808954039
0.06058931860036832
0.9999291734542106
0.999929178470255
0.9998583669711777
0.9997734064097662
0.7753625240738643
0.9944776415281357
0.9940536867142372
0.9999433716518489
0.20135615294234227
0.20799773515464648
0.7234458158758917
0.06114216969782747
0.9774840435317926
0.9999009452651837
0.9999434004980756
0.9941848125981578
0.791089543158699
0.062175506104375625
0.9998443954054207
0.9997312588401698
0.999731281645122
0.7146937390419094
0.15854882721373129
0.06327664447177574
0.9778776698754648
0.9999575947756764
0.9999575965738031
0.3576616549853041
0.06568610828529445
0.999929359573897
0.999872854418309
0.3838746116916125
0.7209115167944428
0.8732231334961392
0.9967816611145616
0.9999294273737103
0.9999294323538545
0.3346505031118136
0.9998588846240687
0.9997177891602816
0.9998306902195383
0.9996190798662548
0.9995485709448975
0.9996896644143827
0.9994075829383886
0.9996897388164946
0.9995628384476535
0.9999294950435016
0.18437006541845252
0.989722696065301
0.07891992446235802
0.989121244574714
0.47274904889389885
0.9873758365621698
0.9999295576218653
0.0745660994026823
0.2897538444206613
0.9883134803300386
0.2003210092078957
0.5199752245277176
0.25964191205450143
0.9941871103041563
0.32958031919385256
0.1538699690402477
0.4024287282244674
0.4720772185560918
0.9984101748807631
0.9999437261715508
0.9999437293381164
0.9964273155636824
0.43544916243547727
0.949112742203099
0.9991282584854194
0.9999015872569557
0.2538412876924158
0.1768459819232229
0.26420318781098023
0.5250804626779666
0.9862975194996838
0.9999437878553662
0.9998875820299875
0.9999437941742662
0.48078733298677945
0.999803318301232
0.9995645211137021
0.08478718921196797
0.9857010422226592
0.9993960504508553
0.9999438218027583
0.9993961183046373
0.5247503896869865
0.9996349135025837
0.9999297959871386
0.9991716508016736
0.998947131987534
0.9993262023077571
0.9997613800654099
0.45657146866886533
0.996519786696604
0.9844664281203958
0.9970534586782658
0.34844339688819675
0.9999298560646447
0.9999158343620245
0.9997615507616349
0.1973913043478261
0.428970101531385
0.9934651521525732
0.9974620001121768
0.9934386697884392
0.1524283411591562
0.35602365736069064
0.9703322729374834
0.9821618743343983
0.9998879112256908
0.1610869869729654
0.9999019566648458
0.9406385660271671
0.2771266540642722
0.05398518767412883
0.5147064999790008
0.5521565115172549
0.46948770692526204
0.4763950299434712
0.09357993256760727
0.9935126670767854
0.9826506360967426
0.9867758890628495
0.013544680672621294
0.9999440911314558
0.9999301187980433
0.9997903739728324
0.9997764145274661
0.9997065645697678
0.999636724371603
0.9995110092768525
0.9994551550712489
0.9996088511399195
0.9996787215913059
0.9998603234907953
0.9993156328999009
0.9995950229719728
0.9992738748551241
0.9998743332681728
0.998924911340091
0.9949329983249581
0.4377049866715049
0.9999023137681766
0.1161473877995035
0.999762963789233
0.11707153907262617
0.9991919417083467
0.7262709742048585
0.12213581157222554
0.9999304434922931
0.9999304483300644
0.12077596996245307
0.9986383593619741
0.9999166411959209
0.688993026189915
0.9740479392233791
0.9728575785300396
0.9838928779351834
0.9998475377344107
0.9866677753755752
0.9865029654675461
0.9999307181753939
0.9870313409260952
0.9849962594552658
0.7365417116892472
0.4288742052113203
0.9999445929660771
0.2683906533512473
0.32219775349371893
0.9907347136624888
0.9999307575128099
0.9998615342010524
0.9718518518518519
0.9720614703031981
0.9999446244150954
0.934138780481054
0.9711881763582519
0.55050022831998
0.9997509546737506
0.9983398815782193
0.9982570203347627
0.9998340157131792
0.8386030428769018
0.9999170193344951
0.9998340524394291
0.9998340662075832
0.9998340799734527
0.03853276943914642
0.5122999530114155
0.9763967773585949
0.7191515821472986
0.05968829446225268
0.25357132988864634
0.9981627550386097
0.4701088457925852
0.20179266911581914
0.302877976026073
0.7744559213433495
0.9999309592521506
0.5118189600419739
0.9811544780549765
0.9688418901942377
0.9999447826507089
0.9672298603058914
0.8879504271381057
0.9999447994148738
0.9686064001545531
0.9209498709864363
0.545814534266043
0.7177286961800047
0.9998344804755928
0.9999310382875427
0.16705742814585978
0.9999172573571999
0.9998483156138391
0.9962635635401011
0.9999310668100477
0.9826849375499738
0.9827134625458355
0.9960163755909962
0.996085512260341
0.9996967859308672
0.9959482366560549
0.9824019844277544
0.9821962545990712
0.9996417400410621
0.995728674373424
0.9994488991761042
0.9993938225002067
0.9954126544612969
0.999462772918245
0.9992699724517906
0.9995179328962591
0.9934721533630805
0.9999311455995152
0.9998623006802346
0.9997934652402
0.9998760859688012
0.9178987362682746
0.9999449384687388
0.9998761200809348
0.9998761269011079
0.8572097056111425
0.9997522844875041
0.5093576264655695
0.9944687525798729
0.9956258596973865
0.27211230424440747
0.9999312582490101
0.9999312629741136
0.7265141726005554
0.9915194831970311
0.9998350900820426
0.999931292255263
0.9928959120577121
0.9752960896925064
0.97597098382953
0.1417975027815552
0.9994507531547365
0.4477991048136859
0.9998352530924367
0.9999313601669321
0.9998627297560708
0.9999176446366069
0.9997254971932088
0.46046058410188845
0.9769465104152373
0.4603721287631384
0.9999176774051918
0.9918507339827137
0.990232392240788
0.9907543313351349
0.9897592673831981
0.7386953959181436
0.14336229818261562
0.9999177721741037
0.9024433694654187
0.999780755844227
0.7228083637061193
0.9998903959446499
0.05112678950613056
0.9635743445025892
0.999972602739726
0.9999589057983919
0.9999041187831303
0.9999178183511622
0.9888374513778557
0.9780599038580057
0.9771167988168111
0.9998630643460638
0.9998083005846832
0.9998767730981981
0.9996851040525739
0.9998083373263057
0.9996851471594798
0.9994935253374216
0.9996304306167703
0.9995209548055076
0.9997673622990079
0.9991379310344828
0.9995211055620168
0.9999452722023834
0.9991380961501628
0.3271971334008042
0.7072740451020882
0.9796685717410922
0.9999042996787203
0.9999179778813687
0.9998223024139533
0.9998359826688353
0.9997813221807645
0.9996993426537111
0.9998086935133437
0.9749405624026453
0.9998770323814729
0.9994945009905049
0.9997267796888021
0.9993580112006556
0.9992078234265734
0.9995766531013575
0.9992079856891207
0.7476343278487062
0.9939381527749335
0.9997815729478096
0.9998498416511958
0.1499433532165818
0.7782190378710337
0.1953439500006823
0.8569459983081835
0.9929602444814319
0.14916373359526344
0.9954302395372947
0.9838106928532461
0.9999181736355454
0.999945452066003
0.9997954591941092
0.999945458760005
0.9997682123720055
0.9997682250126113
0.9999454676827855
0.9995092425977425
0.9996592148309705
0.9997137560656453
0.9995502126267582
0.9998909665812572
0.9997683197732259
0.956435292996146
0.7315558702579046
0.4531615925058548
0.9998502362183284
0.15103329975222587
0.1512408282171007
0.9999455508215019
0.9998911075721072
0.38316752180954583
0.04353328615753089
0.4762202838597303
0.9999319653839873
0.9998639400247629
0.9999319746401458
0.9535282354061518
0.98605669822614
0.9624894595109214
0.9603568562919041
0.9923448228975458
0.9603132520292043
0.1501848931426396
0.9998368856024359
0.9997825259609634
0.9995651464912757
0.9999184716145338
0.9994973167583724
0.9994158481748652
0.9999184970862708
0.9996061013541964
0.26320292236450793
0.9693932974851991
0.1561460440739182
0.1562190270593187
0.986029651352232
0.1310238101702278
0.42258147710768146
0.9999185634594242
0.9998642908518464
0.9997150301253868
0.999945722970039
0.99991859108301
0.7541950974673414
0.9632010851135978
0.9813915638139157
0.16023380709558424
0.9998237120811467
0.9997559255844226
0.9999322061475465
0.9996203801621519
0.9999322153383132
0.999566207569678
0.9996475723154499
0.9998509060843872
0.9994172336215542
0.9996205499315635
0.9993495582416391
0.9998645004810233
0.04269358444549827
0.3093618750846769
0.1362078541336476
0.9821472110096714
0.16468022862096054
0.9999322851067863
0.6733204230597348
0.17003385240352065
0.9998104445076296
0.16992039423805913
0.999634493028293
0.9998375656505496
0.999661622587369
0.9996887138468201
0.9995128090617514
0.9999458706036781
0.47373192082369336
0.17020211585811304
0.2542609024997295
0.9779124342309929
0.9961184744387341
0.377442429651265
0.9964709222926836
0.9998918348859535
0.9999324013736041
0.9997566613943302
0.9998648210230345
0.9997972589408807
0.9995539937829436
0.9999459415628295
0.9994999864861213
0.9998243314460225
0.9994459983515073
0.9991758315994271
0.9992164174063416
0.9998784243799643
0.9991220487330488
0.999378714208536
0.9988250229593215
0.23514243283380587
0.9943443342107039
0.945580434870632
0.9494169725761175
0.9999460188933873
0.9549950744234377
0.9584446423271
0.24360859652199723
0.9999325491042521
0.9998381331354961
0.9505698293883607
0.49917734322319623
0.9999190894870273
0.17436388398214694
0.9999325836636734
0.9444931307384288
0.959231547017189
0.9995281747101644
0.9807370861641325
0.06265667538208577
0.9583827333477043
0.9989360842513535
0.973471586318341
0.9733121482239517
0.9999192158552348
0.9585341554699911
0.7310923238469615
0.18184020348015664
0.9913608655282387
0.9999192669438501
0.9998654521480564
0.9913760628565278
0.9998520192644013
0.9997847697709143
0.9996771720269562
0.999946198232612
0.9998386033812592
0.9995158361912447
0.9998924138302021
0.9993276226080174
0.9995562547904312
0.9995294307456506
0.9990723562152134
0.9808566128034846
0.9999462293318995
0.9999462322230287
0.9998387053415414
0.45754875475451257
0.4648828083001828
0.1497722172201094
0.509868730433848
0.8815176064380047
0.18547477027244882
0.9516779064456327
0.9999059645351961
0.9891997904436952
0.9689892288269897
0.978660542819924
0.9971934630517396
0.9558523489932886
0.9875330461505428
0.9874545478941084
0.9999060856498873
0.9734258042014327
0.9736552649228706
0.9561928266759664
0.9999463504922342
0.9562511735200236
0.9758323950458421
0.04910804036938253
0.19068159897117137
0.4790039781936054
0.949444898287153
0.9495293062120868
0.9926756112584023
0.9729708020402426
0.9719961447847505
0.9999330736591308
0.9999464617937976
0.9718140207178994
0.993817081983887
0.9736366677818669
0.9996788352424794
0.9996253278381416
0.938985228002569
0.9999464811345999
0.9651472378684292
0.9999063545150502
0.9998528506835754
0.5140720725541079
0.3122709397822423
0.9782123129188011
0.954260953298026
0.7055739809564566
0.9998796550110316
0.9999064071023639
0.9997192400764736
0.9998663137349268
0.9997059098747444
0.9998663316045554
0.9996391290982237
0.72229127407348
0.9995456428485521
0.9444533525748952
0.9445372312707935
0.9999198386083983
0.19400432842600263
0.9997996206150311
0.8761118679381361
0.9855902777777777
0.9998531080990852
0.9999465876163388
0.9488877613694021
0.9500534045393858
0.9938321874374207
0.9632358830596716
0.9831942868584396
0.9425140112089672
0.9998799183444742
0.9999466332234868
0.9998932721426952
0.195941889782687
0.9997598943535155
0.4539088447533046
0.9996532177392464
0.9470413293679901
0.9465921668511381
0.1370527915938821
0.965267129771603
0.1973149172743877
0.9998533685248874
0.99993335377151
0.9364095592253455
0.9875922914945224
0.38889925373134326
0.9645274772133682
0.9473046396420391
0.96275094520475
0.9999201299219935
0.9999201363007134
0.9998269781060757
0.9496333949886226
0.9980978224722987
0.9979678036340452
0.9917395981354334
0.19401141946620634
0.9530113123373519
0.22064699401324783
0.1664100658313867
0.9999336421186744
0.2379720298277738
0.9749777771881177
0.7541735728966386
0.8173382820784729
0.9976716804910638
0.9965077979284892
0.926174053225508
0.19551633486135514
0.11059609645300161
0.9992478524207276
0.9330977558608686
0.9979433905053195
0.9896673519953608
0.9915510751980628
0.9908806190125277
0.9998157894736842
0.9987382035172577
0.9939713936719334
0.22028802856655244
0.39153772458233266
0.9999606299212599
0.9850068866006427
0.9303176560081841
0.9302566523717721
0.9301712607201867
0.6971663847475185
0.9493503258204513
0.396163830400923
0.8741101978212137
0.9999475650521072
0.9998951356027737
0.9997116493656286
0.9525170050195935
0.9335709698979123
0.9194228954817066
0.3913727134545836
0.9303166472337583
0.04268779880804244
0.9644924688932548
0.9999214207134999
0.97488246618038
0.9188991017885668
0.9807939043230081
0.9526377798141118
0.3796384769434155
0.9555776605630669
0.7342224432636181
0.1806438947781704
0.8643573167220666
0.9724541338428119
0.18728821320633757
0.9990057171265225
0.18597289802752054
0.9999346037642073
0.9998692160811906
0.45316280225456734
0.43180510513652054
0.22664626811025682
0.9560436686932078
0.9810955680481108
0.9694415036139539
0.38137243371100743
0.9845800010454236
0.944814611585796
0.9653555239127879
0.9622121501064539
0.9717752468523065
0.9512080449262114
0.03657851779301339
0.2314151029628759
0.9683293951776086
0.997793906482521
0.23408948522501827
0.740786657618625
0.9229574726292851
0.9999347582139408
0.9683875428914374
0.970972707822366
0.9706615181914241
0.923197328602734
0.9540895514601349
0.7236720268137773
0.1856213241526805
0.18350131035112194
0.0350181870331017
0.973056116795933
0.9950342778197743
0.2491072592206438
0.9999478718690541
0.9943834866689254
0.37265939564520545
0.9999348517225205
0.9999348559665421
0.23884466563310186
0.9999348636043875
0.23938983404111194
0.9561826136777957
0.9404051977813078
0.03636387308448449
0.4052484965244331
0.9684359868797834
0.9591711894628611
0.9999219146527154
0.9999349331112384
0.9997137466657993
0.9932870189680744
0.10894875830937545
0.6987942404495259
0.32839528652810657
0.9126685827990272
0.9560735271176746
0.9574846952701561
0.9999480121131776
0.9999480148157776
0.9998960350361928
0.9572856158954167
0.9999480229218914
0.999844076870103
0.9997401416228155
0.9998960620509556
0.9118923272793411
0.9664861073223958
0.95527874473944
0.9999090850055199
0.9456823789118296
0.9999220941103147
0.9998442003583392
0.7206495074179354
0.9999351053888486
0.9999351095998857
0.9999221375828911
0.9996886028648536
0.9996367457609527
0.999520010378154
0.9994681472064756
0.999779501413785
0.9997276335244222
0.9995590485824709
0.9990275904989109
0.9992221127417933
0.9277945580171375
0.9283436600731081
0.9998703840520538
0.9998574335445909
0.9997148892603969
0.9999352063031308
0.999935210501082
0.9270776646194512
0.9995076699834162
0.9934575322589003
0.976979479738833
0.9999352306436778
0.9576317289259624
0.9999222898588266
0.9999352457424076
0.9635596073657766
0.9999352558043172
0.24743629583592294
0.9998705283737069
0.703413636422478
0.9931529012801098
0.9239869018805896
0.8160999844744605
0.8635834411384218
0.9591863126721585
0.9999482743013798
0.8795129328731531
0.9999224475551591
0.9222586982370884
0.999793236240518
0.9997286400992402
0.9999353946739369
0.9997803759447064
0.25910423852523606
0.9998837419588188
0.9995349978687402
0.9668521842434886
0.9212106343693106
0.9999354438878273
0.9879286304482545
0.8005187029844776
0.9107094476912955
0.999922597623747
0.9998710026960437
0.9998839099140934
0.9998323229717528
0.9999484097299249
0.9997291650545539
0.9998968301049753
0.9925464556978348
0.9997292104550554
0.9995100251434466
0.9329293450232078
0.9163422117938272
0.8457919228637354
0.845748314664673
0.9594761806558053
0.9846881565210667
0.6667697501514038
0.3737099122547062
0.2668977246373077
0.9998840549837033
0.9999098286744815
0.9160366301309875
0.26753888946121357
0.9877425418775027
0.9997811337272926
0.9998583897628672
0.9827002535751522
0.807488351738873
0.9381708666889753
0.8280459710943231
0.9617275371271202
0.9999356590444082
0.9147036498604124
0.9999356780816631
0.9998842265044122
0.9279034768403586
0.1263328488559044
0.9999485537163509
0.9998456690888046
0.9999485590092465
0.9998971286021063
0.944490877062144
0.6388189016865488
0.9683153808581197
0.8429994217053267
0.9442667180574291
0.999434752447265
0.9999357714491246
0.9856907979242665
0.27558438222450554
0.9996018801530835
0.9960832659141401
0.9999357953669937
0.9999229603759534
0.9998587697561853
0.9998074380271385
0.9997561006919038
0.9997561163453392
0.9996277804161158
0.9995764615285888
0.9027886503343043
0.9815722608628699
0.9450901906448054
0.9999230295566502
0.9874031504951511
0.9808881249839666
0.7145074198058153
0.2814764463710867
0.9420719195649944
0.8317923596773573
0.04032775113481907
0.999948711373253
0.9999487140036413
0.9998461499012795
0.9998461577908259
0.9998461656795631
0.9996667179408296
0.9997692780968006
0.9998205588310689
0.9995001602050625
0.9995514488203104
0.9997308830879243
0.9998974897810126
0.9998206209079145
0.9992825479796039
0.999282584744677
0.9990776562219774
0.9991289421771322
0.9991802228769053
0.9453367145674838
0.9488538865411704
0.8610645190202431
0.9122288347091573
0.9519702069389165
0.9993730006397953
0.9519928347514555
0.9556445422445116
0.9325180058591002
0.994307570291913
0.8666001585961681
0.9954485015853534
0.2919164930133851
0.9305901752502205
0.9524521645768627
0.940582544125353
0.9401661341853035
0.9998338785524432
0.999833906144195
0.9995145320983712
0.9996039907512678
0.9400539042242007
0.9992847380991915
0.9398332034891889
0.9998467530809017
0.9994764799019358
0.9997829473200378
0.9989148197324074
0.9989276687006919
0.9610416134797038
0.9997702499170347
0.9987747600571779
0.9392021235866153
0.8957926572489567
0.9723345881452179
0.29286188240098
0.8260348083499209
0.7104470756353986
0.9998979331462108
0.2931975913451725
0.8193009312412297
0.9370487537311529
0.8196510115053955
0.1825846279431647
0.9035035137168875
0.2941288989772756
0.9999362431939609
0.9998724945172642
0.9998215014279885
0.9998725107728397
0.9996812972476831
0.9996175810728125
0.999732323811709
0.9995539014504575
0.9996813784841263
0.9994265178161799
0.9999490264043226
0.9998343442581171
0.9998343548119927
0.9995922787793846
0.9998853357115556
0.9992101307106276
0.8993745143250232
0.9992993898322358
0.9999363122229582
0.9989173767401577
0.9998853824405899
0.9989303042265717
0.9994015178525951
0.9992105732256996
0.2939147040101846
0.42710746747460343
0.9513480485755748
0.9509559328937655
0.9998854480888922
0.9997963703006083
0.42697701646771363
0.9721472923452769
0.8802850054074687
0.7974400366072223
0.9999491592206109
0.8939777102845307
0.7123343371580325
0.3002096169726228
0.9999364837398373
0.29351913012550174
0.8915647347229102
0.9410292884903599
0.9008623426764374
0.900793701187377
0.8912207198628833
0.22904474769914313
0.9156257933485656
0.3027518277822908
0.9999365393646321
0.42400284267566846
0.4760992322822156
0.3035693892829499
0.30383039192052474
0.999835071426759
0.7215294251969503
0.14925221671127573
0.3056277495340847
0.9358408762455313
0.9706799513233952
0.9998225512066518
0.9191254752851711
0.9996958406204851
0.9996451653782791
0.9995438303048734
0.9427170442450965
0.30934130674403576
0.9177893137503166
0.9999240371711443
0.9999240429410573
0.9999367064572072
0.9492278481012658
0.9130297200141765
0.9802301003683125
0.9999493754192348
0.889251680018224
0.999835488851206
0.9379571280338117
0.9999240813847555
0.9696471272948113
0.9526454290124238
0.999936746492593
0.9456813236856753
0.9455736709629273
0.999835578321634
0.9999494112736976
0.9999494138327875
0.999835605351678
0.9998356136668268
0.9998482741180933
0.948051783863056
0.29046938801309685
0.9860821419090599
0.9478720311453238
0.8971915366920297
0.9399825596825356
0.9999494509105155
0.9999494534655967
0.939701032360783
0.9999494585749845
0.9998989222585821
0.9998989273666788
0.9996967974227781
0.9999494687906618
0.9997978853757438
0.9998231631067716
0.9994695161229207
0.9999494802783636
0.9995201111321589
0.9997474396696511
0.9995706691247964
0.9997474651817619
0.9998989911743539
0.9308925640701932
0.9761784533037089
0.9998990179495595
0.8860392028171503
0.9980942284149281
0.9120245336833338
0.8857817094254382
0.9113794669897032
0.999924294041941
0.9185434725008517
0.10404420112521129
0.3154177020396322
0.03468193512586389
0.8835124092009685
0.9999369490926975
0.896198351274359
0.9999243761028485
0.9797590239967735
0.9795614919354839
0.26268175289166645
0.9996094291365865
0.9738582677165354
0.8959800451000894
0.25915989671893697
0.9683131407269339
0.9337338018058862
0.9100478468899521
0.935196726471514
0.9365093353812839
0.9999496430954389
0.8837472777854706
0.9999118898371221
0.9689246337411267
0.9162198897530771
0.9330850340992023
0.8951546949508675
0.8965213562307354
0.9300289344571644
0.9997358324422919
0.9997987446698784
0.8897259498685717
0.9684965100924354
0.9759452764469928
0.8934768395111402
0.9922928951305682
0.9903579016179114
0.9815974055358624
0.7893288084464555
0.9309369697731414
0.9198814918965063
0.8846308337308262
0.32473955064641646
0.9692124254785064
0.9693276941805449
0.9999247054099163
0.9998494221575295
0.9738390694989899
0.4914571729640223
0.9213532458087249
0.9881380797732944
0.9879894186527588
0.9999749263461418
0.9999498539496283
0.43888192529456005
0.87800170451697
0.9937838379787447
0.9998872138050303
0.9999373449286986
0.9936095030448838
0.035095852650043856
0.9376198053046344
0.8934378993260004
0.975133726683954
0.9376941577312355
0.9375266150647529
0.9997620419307166
0.903396283123779
0.9036653017268367
0.8311944007587309
0.9298327751167453
0.33496590799961584
0.33494580417481906
0.9998799721535396
0.9998319690823112
0.9233141718770627
0.8774300388806221
0.8526419350194365
0.47815813462553375
0.8806893822185442
0.8469490549745755
0.8422213961074002
0.7521159517586976
0.8589393176532643
0.1379054102644006
0.6806203036803566
0.8161228084892207
0.8940695737618483
0.9998322489425693
0.9999520734235152
0.40754359908010734
0.6671058304987304
0.9999520935134617
0.846
0.8458388216980003
0.9539032567049809
0.8528426092160383
0.34105193123358957
0.3417247811055802
0.9999049621630611
0.9997624392735392
0.9997505878999501
0.999952495190138
0.9999049948934755
0.9995131219570123
0.9998100078371767
0.9999050084305018
0.9222458356583993
0.9994895051761801
0.9997744459085675
0.9995370425327335
0.9993827893175075
0.9995252450922212
0.9990386669515061
0.9994303481996629
0.9994303752403104
0.9992405724185395
0.9990033459101587
0.8404437062522244
0.0506251037885797
0.34305097611310104
0.8419929331973725
0.9273561528520446
0.8460562662272226
0.3437022290163177
0.8371508810181181
0.4496575910523447
0.999940763206843
0.999881540448014
0.9997630949278624
0.9998815544790174
0.999644684479818
0.9998223527600459
0.9995263020771654
0.9997039563276374
0.9998815895419884
0.8950235030844098
0.999467216026142
0.9999408052849041
0.857814016236302
0.24275520950431315
0.9999526700034315
0.998497361508791
0.8837162529872465
0.8434065609066497
0.8843979181452567
0.9020792922363627
0.9999053881451346
0.9999408710871442
0.9999172263740422
0.8545585679321801
0.902214392963125
0.9998699579136521
0.9999408934545412
0.9999408969479184
0.8420387133369573
0.8291325463504555
0.9170762832025712
0.9015157780324421
0.14309847840468765
0.9999409353478317
0.9998346365547708
0.9303135888501742
0.9221665800538574
0.999917330971361
0.9236437495571668
0.9999409590610129
0.8351122865846459
0.9998465171192444
0.8336599532500649
0.8369259827647267
0.8712152511361624
0.8593028883039624
0.9999527884331662
0.8082201479768241
0.8827374631268436
0.9984545143517809
0.8675726368687405
0.9999410210436916
0.9984076996567708
0.3564731274103952
0.8389352769129164
0.8587583279287778
0.9178820283669548
0.8506655034601465
0.8364845112923759
0.3579945799457995
0.3647717231222386
0.2909553599830347
0.9999410960840677
0.9356807124598004
0.43661440972426707
0.828278664389612
0.9999175617109478
0.8368877845425533
0.8768399236946846
0.9936301982762681
0.9943487526048719
0.908761272397636
0.8364017327431962
0.9996821996492425
0.9386446024198484
0.840178886665882
0.8583767754386378
0.9999529317628232
0.8667505971220483
0.9999411737022919
0.9999529411764706
0.9999411799305923
0.9052699682390307
0.9260601070399341
0.9999529516931509
0.9260317796360985
0.918914787026366
0.8411533667301677
0.24430281507960772
0.9999412089785648
0.9318652118703852
0.8614203590280145
0.9329007382329431
0.8308374083129584
0.8309178743961353
0.3614705640374693
0.9949586941960351
0.36239308205658427
0.9133075648812811
0.3910550862889299
0.9998942743697578
0.24489604134852577
0.999741599032171
0.931844074087124
0.9995302517850432
0.9996242455555294
0.9317616117973043
0.8507813142045387
0.9129551804287089
0.9364509237739747
0.8349178403755868
0.36336322238392565
0.3633461646793728
0.8473472357504137
0.9999413269497055
0.9999295972965362
0.999953067067161
0.9999530692697578
0.999953071472148
0.9998592210229938
0.9996949931960021
0.9997419354838709
0.0792291722867967
0.8317978291956771
0.9192363137723709
0.9999414025876617
0.9998828120422345
0.999882818908341
0.9999414128868214
0.9996016309696771
0.8712364394667167
0.9999531407417821
0.9073295301463095
0.0573388588419845
0.9331475997050113
0.8289730893937798
0.8385824467773838
0.9286591714730278
0.8212338862503802
0.9757290070532091
0.999941519099862
0.8706376309880239
0.80934170672093
0.8673550529737821
0.8192214595586945
0.8460648012815266
0.8460738003928538
0.9869885433715221
0.8513297095096148
0.8514003179352908
0.8514674427574599
0.8432364834856595
0.932368787032384
0.16615247978310663
0.8933813218659438
0.8718275297966814
0.827639787835596
0.9731662013294238
0.8639230895030722
0.9999415962901963
0.9998481645429169
0.8499369335700271
0.8934359237810574
0.6041493969714306
0.8267376432957437
0.22618450081126196
0.03803998926149429
0.8449579831932773
0.3806206164151758
0.05128354725787631
0.9999533277326612
0.8905209123257306
0.9120879120879121
0.8244508987414121
0.8181033577868231
0.8898490891703403
0.37945913167193385
0.8487685992816829
0.9999300389449873
0.9998717455431576
0.999871754514824
0.9999533674528137
0.8330768692732741
0.8419009651699538
0.8635494848725002
0.9168666837555053
0.8773912435631568
0.42557752123111336
0.8735293432425506
0.9232032615026209
0.8537187580070346
0.9999301253086132
0.6477239644591432
0.9999184909175594
0.9060371426908075
0.9998835720107114
0.9998137282294868
0.99970898085094
0.9995809860794265
0.6466795465654896
0.9953449399497254
0.8726145038167938
0.9999534558994647
0.8397063784739591
0.27156616415410384
0.8405778558384609
0.9199841829198795
0.8441991905847328
0.8876420173735071
0.8402655844835405
0.9998255976188262
0.9999534948611821
0.3900462693854775
0.8421566575992188
0.9999651264167393
0.9998721361401388
0.38998279709875394
0.8260030684829606
0.8470147952720215
0.34663660452791595
0.8299341073109507
0.8298181395619081
0.9054181239324681
0.202867566751098
0.7288558947906502
0.82440548798197
0.9008294224246085
0.9929735317004054
0.8197273381796224
0.9813049385153102
0.9998954982989445
0.9998374512353706
0.3826407996934973
0.9999419536093246
0.8510035638415193
0.9998258810419278
0.7492514448854537
0.10036553524804177
0.8676823820188213
0.39477195465778697
0.9050154884967456
0.39488399071925756
0.904900004640156
0.9043741517903747
0.9999536043611901
0.39484336399169556
0.8459825570606792
0.9001124937664536
0.9864321083575893
0.11410283169832325
0.9202763321085392
0.8602688919796013
0.32890619567484874
0.8674400009270741
0.35442905973002725
0.7935649070769801
0.9831337024766582
0.9117919610795784
0.9999536683114416
0.999907340915935
0.9998610178128836
0.9998146990016908
0.6629964107907839
0.9999421128798842
0.9999421162306089
0.8931064420906407
0.9997337747271191
0.9999421282900067
0.8417647535386503
0.9999305627885984
0.9999537106685337
0.9999190002314279
0.9998032999328905
0.4002105701592003
0.989878191261698
0.852101598463994
0.817079940784604
0.9817389091918397
0.6607516502317838
0.8475418742558578
0.9999537641741704
0.9999537663118231
0.9999075368985564
0.999861311759607
0.9999075454471911
0.9746804724154667
0.8965553103225136
0.9039552592352934
0.8576149375483841
0.849050281911452
0.9828436752660097
0.9152152822692414
0.9999538042222941
0.8993440502586844
0.9998960703026664
0.9998383409159142
0.856118513728841
0.8414307486260565
0.9999307303331871
0.9765186673131537
0.9998383857040611
0.8427437039772858
0.8473655057813474
0.841697148725523
0.8351062602395182
0.40930747666785877
0.8855231283885108
0.8852644327815906
0.8639939101750824
0.8366337204608625
0.8932558354091706
0.8358451621830426
0.8725801058469486
0.8807613382213921
0.9875275212965845
0.7563050394209047
0.7815122176118027
0.8339921859693201
0.24564475988570375
0.867559969583151
0.15065147517942928
0.9999193641285566
0.9999539244822264
0.31589859362581924
0.8548000737055463
0.8609003074726211
0.9101139109423542
0.8782157485388191
0.877899217671422
0.9765887441903272
0.2003266507941985
0.911071239619994
0.8937354134811051
0.9579381775126162
0.9578831210630374
0.8930242181124355
0.8067582322855008
0.8850706815308585
0.9999425386427627
0.8833614874570506
0.9999310558792099
0.4500924957773667
0.4197343627924077
0.9998736314864384
0.999758764876166
0.4196282937811574
0.9864582376183038
0.9858962432094086
0.8161563727404276
0.8967952324633421
0.33297361835005623
0.8151991734588452
0.816567571910654
0.9124725974726549
0.9939631822981224
0.9939061477902613
0.9999311476538563
0.854443016477716
0.9162641271298262
0.8510882410307599
0.9754760266116081
0.9999426506853243
0.4245308987475341
0.9999426559471517
0.9999426592353036
0.9998853250461567
0.8122011900803705
0.9999656057965698
0.8443927269392154
0.849984523850466
0.7495500659139107
0.9865197904606885
0.986474559563518
0.9907511403488666
0.9971464261566142
0.13178099145142438
0.8743683468735318
0.8179891148668004
0.8039298808432631
0.8027633297436015
0.999942720326265
0.9140549828178695
0.9794744920165853
0.9797846752949261
0.8381547905357429
0.3842216165456586
0.8554890128136129
0.9998855036123611
0.8126488367832937
0.9717337546366259
0.4481250858477176
0.8738897536855599
0.8947814145113299
0.6232984832193269
0.9943161024702654
0.9012156490513821
0.873013150371641
0.8546452461265794
0.9998970946386306
0.9998971005213574
0.7962823238905274
0.8545822425953657
0.854569354746528
0.9042622501114426
0.9999085641137005
0.9999428558367048
0.8026330826723961
0.9057218279680482
0.9999428649785173
0.994206839813979
0.999908597543559
0.9998286340995293
0.9999428812959091
0.9996801644868354
0.6074904057017544
0.9995431547449091
0.999645969187899
0.9993947698983671
0.9999314880789257
0.9995090651687446
0.9993492704979793
0.8016161985093536
0.9676679372760266
0.7552667016638898
0.9999429425659869
0.9998973013065556
0.8116978678257298
0.7994136636893558
0.978076379066478
0.8702732290288738
0.9999543878854223
0.9768080909432972
0.9514400383098077
0.8483314521553739
0.9853506161861441
0.9998860022115571
0.8003009164273013
0.9827894730843316
0.9999202224653537
0.8518847714116413
0.851881815384966
0.808796217170854
0.8745342888719252
0.8534515169813041
0.8544884939621782
0.8687277159488307
0.43860768144334594
0.4382324468993793
0.9697300990775538
0.6494334680863179
0.8901616943748577
0.9998861372046683
0.9874787993306849
0.8056001365886973
0.8056111996357842
0.9998861890400046
0.8061656462662449
0.5752804386903001
0.9763849391423046
0.8391701452473299
0.9999317600227466
0.4174153342279437
0.10649427444023699
0.8839488765578095
0.8212052302444571
0.0362315545349128
0.8024691358024691
0.9999431630878358
0.8814563062653451
0.8957604000909297
0.7975541007455901
0.8738705974610462
0.9880900970520717
0.7263089719116443
0.8733058405189553
0.9986595174262735
0.9886747015323799
0.9886873459559533
0.9885062693076504
0.9997274337891247
0.9997274492658165
0.9997842429197611
0.999829675133705
0.9997729130711236
0.9699581048400832
0.9011431879846061
0.8051784416999637
0.8424780368209576
0.8361442774776411
0.8211768711343131
0.9999432591920109
0.831873269483909
0.17385877520452972
0.831701367220741
0.4465634998071294
0.839009393293098
0.9999319372915579
0.8398366606170599
0.9998071797198435
0.9839739591012714
0.8023520872789957
0.9998412392411236
0.8663846869117547
0.8797809250586808
0.840166908563135
0.8217812801179205
0.9943876278373659
0.8675600299299367
0.8761973858728306
0.9990478241648625
0.8236667611221309
0.9882920968820482
0.9999546665155551
0.8214755213055304
0.8155837091766199
0.9998413669635371
0.8018874337245661
0.9003103971724403
0.8086860974863784
0.8974332834941778
0.7951250453062704
0.9999093915643547
0.9999546978345565
0.9998980758994802
0.9999433787058637
0.999784851264282
0.9998867702341592
0.9999433883221431
0.9995131726425668
0.9998867894623632
0.9997735917406267
0.9997849218926873
0.99990944489722
0.9995246072350251
0.9994793553060485
0.9993888637392485
0.9999434165110621
0.9998981543301384
0.9995134590796456
0.9996039962436215
0.999321167139964
0.9987894695161272
0.9996040500028283
0.24117919885971562
0.8030794623376329
0.8024236395288372
0.8627798939765573
0.9823569967336144
0.9998869813858342
0.8935864835847884
0.80217880188498
0.9821682825954302
0.9999435021864654
0.8974014235679584
0.97458287676649
0.8249748738043884
0.8912226023916799
0.9608748673245862
0.8037798902612505
0.9847930637404322
0.9710331436828321
0.8226436392369342
0.9711721880467294
0.8454853273137698
0.8979177247333672
0.9620133167814017
0.999875868917577
0.9999435799641169
0.7810920577617328
0.5589761523362589
0.559131415679639
0.9998872044757264
0.5606359587303377
0.8325872974709948
0.9997970893595914
0.8151078650165686
0.9999323776034623
0.9999211134276216
0.9994365625809941
0.8325577202609665
0.836791708910668
0.9531973371481353
0.8988704573352704
0.9999324347150434
0.9999549585055232
0.9658417959514535
0.16115776912165358
0.8309477190376522
0.16652976719588627
0.9920227727896668
0.5674039738079701
0.8929977724276039
0.875396450502733
0.8266174833275228
0.9999550172621257
0.856839240734077
0.8207495193226666
0.9390494822410362
0.9735715008374832
0.9511671555570541
0.9999325713900408
0.9502663100883205
0.9900905556928746
0.9771244399025234
0.9999438530296905
0.8687918973241856
0.8695593600898119
0.7952782424194798
0.7413905352011494
0.8575292955596462
0.09257014590347924
0.997082781679869
0.8378247991742584
0.8549866559016798
0.8329072479368497
0.6927984392694166
0.7870315355209022
0.9503290100552647
0.2138261863665912
0.3744536345908143
0.9469284385575651
0.9333990677662245
0.9592627863985211
0.9332840385843444
0.9999551885999798
0.9998543711072276
0.9589905009409445
0.893203013916412
0.81474640966229
0.2035367545076283
0.814681012884753
0.18912994855736973
0.2871437675391031
0.9783901621017328
0.9789840815596494
0.9998770413923386
0.9998099858048219
0.999754113018598
0.9810123045630819
0.9896074290120352
0.9658069995083359
0.9801220166264414
0.3435238137789295
0.982644240434229
0.9999553282258605
0.8092265427824805
0.9575767727526522
0.9683877883734954
0.8440933452434123
0.9999330102940848
0.8276027596061533
0.819688783711377
0.9996762995457031
0.9996763212232825
0.9996093793596054
0.9994866415195411
0.9999442032786153
0.9993193103833063
0.9531687509063933
0.9554145100838837
0.34954044527729444
0.349562210696559
0.8137254901960784
0.8838526912181303
0.8685120335467178
0.5833389093342255
0.9999553939826482
0.9998661879167688
0.9999107959233737
0.999721277663192
0.9997212900924202
0.9999442611254794
0.9995764034422794
0.999665596575709
0.9993981006732355
0.9999108337048596
0.8295778728715343
0.8535963006295615
0.811966573816156
0.856407513871248
0.8255773794271326
0.15676795580110497
0.2314075361156592
0.9711650907146915
0.9999443157519601
0.7811508179560565
0.9999443219527405
0.032580979210974644
0.8703068632254042
0.586567247231651
0.7920965067494631
0.9999109795586811
0.3807791167339854
0.9999109874826148
0.9999332450684795
0.9998442454247094
0.9999110013461047
0.9997997619391944
0.9996218230354262
0.9996997197384225
0.9993216192170818
0.9992771673857924
0.9995663197224446
0.9993217097362451
0.7917963885429639
0.999344007115855
0.999555283784535
0.9992884856974508
0.9995886740853557
0.9998666029325122
0.9996331743755628
0.9990663450744145
0.9987329532192991
0.4152172221790013
0.9991553772463075
0.9989776073790076
0.9995555012279279
0.9991443778960586
0.9998222162960988
0.9991333525921646
0.9998111237028643
0.9999111209865571
0.9995000777656808
0.9985669532760114
0.9999111328341961
0.9988225623708706
0.9992335888037321
0.9984339249616812
0.9989671027788267
0.9989671486639569
0.9981567638992216
0.9987342193797675
0.9990451552732965
0.9977795294822973
0.9988676103247294
0.9985124168785178
0.9991008292352608
0.9977133215669297
0.9991009090808183
0.9988678617015373
0.997624834903828
0.9979689910435835
0.9980578645388261
0.9516707172265317
0.5853658536585366
0.9868079440807722
0.8021301381261441
0.9999334376144041
0.9926676132581976
0.7881490355284905
0.585914711917041
0.9648996340246202
0.8639423343498752
0.8793080505655356
0.9998336752231524
0.9999445614813173
0.8846610122512334
0.9996563231006308
0.9996674242004323
0.9999113170526223
0.999889153688411
0.9996120594103303
0.5860524915765206
0.8621713880391896
0.10759802291819048
0.9614024978113676
0.8064337400130758
0.9487634074993352
0.9999446001794954
0.9766225708524452
0.8201457977886597
0.9640506946136973
0.999867065470256
0.819544291458511
0.9999556938890797
0.9999556958520242
0.9999113956295894
0.9225964360470912
0.9998560322487763
0.9852833698757557
0.9925707769129419
0.9468678727220389
0.9413496878182703
0.9545806765851931
0.9638476865176002
0.9999667932213896
0.5886305023963164
0.9686790991090698
0.999933599672425
0.9999336040811359
0.9998672169785223
0.9998008386904037
0.5885170639969025
0.9994469332448427
0.999446969948347
0.9997677402229694
0.9994580964809449
0.9800214490253961
0.9999005041124966
0.9999447275621538
0.9998784087015155
0.9592396109637489
0.9960438928977932
0.8765897263074153
0.9478499138197728
0.16060853809439632
0.7798448927285181
0.79040685792561
0.790650406504065
0.779826140744259
0.7904816602423211
0.9998012060168312
0.9998785228377065
0.9995693320229248
0.9996245665952607
0.9998895845064979
0.9999337550925772
0.9347523681247102
0.566707142068661
0.968155326946002
0.8203520776999061
0.8202977563430489
0.9998786086342368
0.9471442443502824
0.03239152260014783
0.9212863368084285
0.9538223938223939
0.9200242651519329
0.9429132338505994
0.9453867701877054
0.8412479597688474
0.9998897293959377
0.9499377115327373
0.9419150718758268
0.8450373603121074
0.7829230124969694
0.9999228641637924
0.21665160764263833
0.6010222290762486
0.859802172141079
0.3749201453904615
0.8422930778126548
0.9494708091498805
0.19099378881987578
0.8589331336446128
0.9996696471831916
0.8539969169786391
0.8403998810926266
0.7733952730595216
0.7723374979360449
0.999867918505718
0.94375715417804
0.8092229804094211
0.8059758983106807
0.7816023738872404
0.9999560410576521
0.9636695311984879
0.9998461606083249
0.9998351811359316
0.9999011130278093
0.9302438006086775
0.9999450682252642
0.9999450712425983
0.965583152991838
0.93004965068764
0.8334175435513279
0.9346491372587784
0.9996046258772363
0.9998352770639783
0.9995607629547476
0.9999450983836964
0.9998902027954368
0.80670091775348
0.9143870202862914
0.9390230515916576
0.6097909006091872
0.9430474915213312
0.9322885801452997
0.9997366370749158
0.9999451357341936
0.9379786276962236
0.8399596278743198
0.6101579640193067
0.7952444147098501
0.9951087910159677
0.9999122730064041
0.7746502039563139
0.15594439328158577
0.8216200217055283
0.9996821046862154
0.999638272917603
0.9999451958699608
0.1610319017194709
0.9997917876672547
0.9994521268435932
0.9995179297273016
0.6107453137153938
0.9999342703460666
0.8386990765590597
0.3609778537162384
0.9723961983181499
0.9723429647553459
0.7738061351842526
0.9473447985199619
0.9255087408185828
0.9999343250254491
0.9254747441580474
0.925545304308807
0.7731570653125547
0.9996935905713441
0.848993839386346
0.9648781128276949
0.9999562363238512
0.8237771724266194
0.8108672821948978
0.8169288323962458
0.9646482324116206
0.8503713411970293
0.9578550756293344
0.9271704706781697
0.5604768715132592
0.9109435033181977
0.6199275283228919
0.999956344269094
0.9716196752793296
0.9998690813877373
0.9999563623669052
0.922180770992866
0.9445316930593727
0.7918775082882569
0.8324156353922477
0.864958569559529
0.800743518740597
0.9586512885361705
0.9572415747482234
0.6716831035797962
0.9962405605378722
0.9600645069900733
0.9724355831562892
0.9722533907075549
0.9998257099595865
0.983664045653547
0.6650849966262543
0.7796796448236087
0.9998803163999173
0.9075657680005222
0.9997715379845299
0.6233574101470716
0.830298481486316
0.9999456149319643
0.9515569428885288
0.9453707026874177
0.9998151249537812
0.7619617224880383
0.9353442651472316
0.8419954125947103
0.9339449341840672
0.9334920220859962
0.9231922964057864
0.15462696299516382
0.9999347974918769
0.9998804685632321
0.99988047635605
0.9999456740224041
0.9997175171934247
0.919627142950264
0.9791854515431663
0.9640230721602451
0.9791883906847411
0.8026262911512018
0.9999348357317405
0.9047743140384594
0.6642714484195902
0.9434621688211607
0.8281726521885412
0.9180422160724945
0.938892867217846
0.7673588508440741
0.6644031761183669
0.9997071551752188
0.9997722565042458
0.937379367179198
0.9555765185522521
0.8289189804525299
0.9182799661803283
0.8608660785886126
0.8608859607299206
0.9700200444227748
0.9998699990249927
0.9998158419273767
0.853625511817847
0.6691971972839212
0.970966938479365
0.15821160572164894
0.7737608003638017
0.7694123251483261
0.7658406677275827
0.7658075061974301
0.9893483437973587
0.9431503290613094
0.7810020673456797
0.9432010043724837
0.9999350663405554
0.9999350705566618
0.25631038549341645
0.8351310707446636
0.9188195075511706
0.9998269278613692
0.9751995500659759
0.7637217048981755
0.8313617785082502
0.831316833717171
0.9999459412705963
0.9999459441927846
0.9998378413439709
0.8009772233452603
0.9292732756104679
0.929493276838601
0.78431775195893
0.9984869608447081
0.7888442341349582
0.9360024198949939
0.7598781567975113
0.9892752997083918
0.7986459053213545
0.9244814442896786
0.7841886568452863
0.7985624709958018
0.7990244218296407
0.9999460439418137
0.9629321969901289
0.7986797255900246
0.9988675338122047
0.9270086373292213
0.7793927369964634
0.9415119563576773
0.9675506683915481
0.7855849251864948
0.7783143439221308
0.9999461067517461
0.9998922193121437
0.6725356665660963
0.9707681702640989
0.7956488960689284
0.9164405100370466
0.7932787044115905
0.7933997308209959
0.9999461670973299
0.9999461699951553
0.9998492824769348
0.9998062286716975
0.9997631785741197
0.921529369974489
0.9998170193528944
0.9998923701176394
0.9998923759094236
0.9997847634011687
0.9993866483019842
0.9993436343290006
0.999956961480525
0.999913926665519
0.999709514997633
0.9994943681215238
0.8206912873694289
0.9991717045674576
0.9996880680656993
0.9998279070267713
0.9991825935446401
0.9999354720755407
0.9996236073471846
0.9998386958017894
0.792186844736927
0.852101545111448
0.9999247392753468
0.785671282360024
0.7962003825406718
0.9104804666100949
0.821919573809933
0.952540006443991
0.7935418747248263
0.9999248362504026
0.9997101044697596
0.8467922016575772
0.9088293704041651
0.8468688950430433
0.9997853340202645
0.8228046450726597
0.9127709808971882
0.7575253527928315
0.7576001459399715
0.7576775328883834
0.9998497837959635
0.9998497902428033
0.9997961548364948
0.9997425251842554
0.9999463622905448
0.9997854606695773
0.9996889346548248
0.7571434700532006
0.9996996868162512
0.999860576355895
0.9998498595113999
0.9996246769540926
0.9995710823736301
0.9995711053686885
0.9995175194064416
0.9999463939189261
0.999656939471258
0.9999463996655339
0.998949478491108
0.9527719418599666
0.5648180892675347
0.9059911488303811
0.9061569123288258
0.9999249997321419
0.9787227204062611
0.9999357223204243
0.9058392518558988
0.9997964823582339
0.9287519814917955
0.8338509649367062
0.8172895795872934
0.8546339897260274
0.8174774736211288
0.9480923705518061
0.9093563498684464
0.9999358316221766
0.9127478026560595
0.9427478060095563
0.8468708246486024
0.9145147498931168
0.7619648162794177
0.7788357752770564
0.7590031845091795
0.9553546622213673
0.9140497280663326
0.7780994914312578
0.7654857802183714
0.9997863453300431
0.9996474923890403
0.7915126786439085
0.9359775606842712
0.22156812558655406
0.747230012903501
0.9325748043251082
0.8198820681786678
0.9325180193628183
0.789986566304881
0.7900190833590977
0.7701605167231567
0.6828524838266171
0.8285766049961634
0.6828722451937422
0.8254049445865302
0.19341506801163175
0.841550833466475
0.7752452363961699
0.9999254494334157
0.9998722058338037
0.9998083209984346
0.9997444443261316
0.9996805758153302
0.9999361192440778
0.9997977260145637
0.9998616108497094
0.9999361321638423
0.7964878671775224
0.7817082774620607
0.8340445456577029
0.9998510321344967
0.8863259139464612
0.960315771555026
0.9766271622800485
0.9999468102081849
0.999872354004893
0.9492953252140616
0.7951652185010688
0.795122936872554
0.9998936588789519
0.9750215331610681
0.929969695358605
0.7720574162679426
0.6841528892669183
0.8361354361503146
0.7735405996982383
0.7905931600140242
0.9317773788150808
0.9999468864857974
0.92538470524516
0.9269178489508113
0.9252864409119387
0.8290559266062839
0.9422188717709141
0.999872596587712
0.9998938349983545
0.8319408910922621
0.9999469236975075
0.839705757472826
0.22664840996900606
0.6874449409342263
0.9999575466191188
0.9999150968426639
0.6870284095129949
0.7707597126272113
0.9998196056792377
0.7829974543911752
0.9557839362796567
0.8314721135185008
0.8314280260450911
0.8313839432467683
0.7770390634940832
0.83129579167241
0.9263131109650332
0.9755308885425612
0.9015658295079881
0.8233392340389447
0.8426168343173315
0.9089328867596558
0.9999470075143345
0.9998940262602927
0.7330161387743857
0.8078059630355346
0.967615880714611
0.999925875725359
0.8451341020509725
0.9402740132136201
0.9999152999968237
0.8451765901583806
0.9998623770656673
0.9998200391679458
0.749917962506219
0.7697705431607468
0.9999576665819998
0.9289478697060131
0.7923174603174603
0.9999365119674941
0.6941681831647551
0.9238468049090139
0.9999471039407564
0.9149496530715857
0.8400829199674243
0.9999576956839021
0.9999153949469632
0.7472214878654894
0.9998308113652465
0.9249793812252839
0.23717738610050856
0.2367233012274933
0.7749690760886803
0.9649436159756497
0.7712419682110246
0.7926428473300996
0.9962066378554296
0.5905330445348407
0.10240995678771038
0.781020895396252
0.7430071407444966
0.7473143834965301
0.6976540301881212
0.999978875099023
0.7472512383949979
0.9353196523061649
0.699012515181919
0.9158622874643574
0.7401685393258427
0.9999577613516367
0.6624115721676698
0.762863747189766
0.7839954405370034
0.682739188247958
0.39195257580526704
0.8891115494376364
0.800627235444047
0.7565960570469799
0.7568185392963875
0.9999370877939835
0.9687653997378768
0.8103585657370518
0.9128306198827957
0.9325458794923124
0.7864179417312932
0.19961435278336687
0.7008561338796383
0.9235740847430995
0.7797085965077669
0.9999581033381165
0.923467677741003
0.6870229007633588
0.9999581164989582
0.7535624914929483
0.7590611193701711
0.9774925673129266
0.7030953951156194
0.9468560602095611
0.999937198421587
0.9046303273884284
0.7707422210132039
0.9435353936933732
0.9436435535841319
0.9999476949148997
0.9997907906023139
0.9999477003859711
0.9997908124843109
0.9998535748650796
0.7691704317269076
0.9530411869882995
0.9135484950182438
0.8975337424595665
0.7575713225378174
0.9219047220886725
0.7805930538721946
0.744245818227409
0.7985812194408458
0.7601909696830405
0.7700945317804356
0.8303130320343427
0.7328898033358747
0.9999477817695714
0.7333862411762249
0.9131347304451336
0.8161296385240253
0.9999686772398384
0.7779935477808751
0.9266759922333341
0.3658635879663458
0.8125045665675069
0.9751596877217885
0.975182116095097
0.8889932479676069
0.7558516910682793
0.9568611082124595
0.7795586163718892
0.8835675754635282
0.9405830064268424
0.9177776386889487
0.7711234185466797
0.7541216096436802
0.999937436785085
0.91952872484621
0.8277939949958298
0.9733020589001824
0.9122150533151273
0.7586325498983792
0.9999478895257947
0.9321980907916129
0.9321398053396136
0.9126982472959173
0.8915793202608931
0.8915235872645441
0.9544526399133225
0.99984373860594
0.9998020771482442
0.9997500052082249
0.9998958409282657
0.9542864880065826
0.9999062656223963
0.9999479280574041
0.9997604790419161
0.9997084244506925
0.8231914827187861
0.8950682165863608
0.7436625874125874
0.9378284168357526
0.8130223275539479
0.878398885747547
0.9999584251444726
0.8969301436202274
0.741060944562789
0.3943584415584416
0.974779358322085
0.9135589700996678
0.999948092395536
0.9998754308018104
0.9106781402783977
0.7983643307871139
0.8016209036382127
0.9772024488948843
0.9001307379430563
0.9187044164790588
0.8221343873517787
0.4114017257114411
0.8193404542154931
0.9701972333409379
0.8202801771067721
0.8060278687844731
0.26822870768752266
0.8260522496371553
0.7262040511682872
0.726166412704336
0.8079398807981343
0.9999067164179104
0.9020676789138208
0.9999481811586693
0.9998963676874449
0.9019181148381882
0.9020900038339188
0.9124461206896551
0.6613362789833378
0.21593909886119822
0.80175970623427
0.8122432673297754
0.8953537087561182
0.7116204270097478
0.2433706889748244
0.03625818669612562
0.9999605475993214
0.9999506869310505
0.9999112399775141
0.9999506913078637
0.6606073125387316
0.04395615199331465
0.04405273351094682
0.9999213550524464
0.8411760084842296
0.049831735722064695
0.6952004395345643
0.6962643396411413
0.8731506446394431
0.3674147067754606
0.9926255276224427
0.04967868775492239
0.6416814185257269
0.8589485611581066
0.12298154837449966
0.14956610017277902
0.5978701182074634
0.9951408945437514
0.7474339460640831
0.13881517327505463
0.9999512199880977
0.5107055107055107
0.5334729867978759
0.7124154994058172
0.9996785756029143
0.7608619447311534
0.10768916195242592
0.5099646588065776
0.7153760038938914
0.7153481490134237
0.9999610641176643
0.9999610656336081
0.7154696132596685
0.9919083464628192
0.8213547579541816
0.09762960519294024
0.716305244263329
0.9999514883377965
0.9827221780527061
0.8076632215780186
0.9818083189646821
0.3585168826640321
0.12976249261722872
0.719463009352845
0.9916271874697863
0.5960424943692061
0.9097786494816475
0.505744906826301
0.6219778949092766
0.9999421870633919
0.7116360589747788
0.6418345832811854
0.9840147053162412
0.9932171754586825
0.7623672872749654
0.8164342725262045
0.11330461372771507
0.8811291004884052
0.9778596012228653
0.9999038720344523
0.9858320998096849
0.026882288017659198
0.32670825335892517
0.7459239000047982
0.9759081227332911
0.0429439023688225
0.9195640494281986
0.8902233136367125
0.4984219888678487
0.9967866877062115
0.7033870751812114
0.9999521892540567
0.7493091611447367
0.986629457245802
0.22055521047350565
0.22629145651841662
0.22632317964294926
0.22631669436643934
0.9999522440519967
0.22654772592691638
0.9999426961463158
0.22639148871146425
0.9998663012233439
0.999866305053669
0.9998376607874406
0.1406166831419664
0.7071789071484921
0.5875807677689091
0.5871347807496793
0.9077383497221034
0.9999619984989407
0.2579635059352672
0.5984686761733983
0.26454053336619865
0.9735330363067589
0.9735342907246789
0.9999052132701421
0.9999526088810957
0.9998578333807222
0.9778447140840935
0.8757399812459153
0.23219139807351702
0.9595289261675076
0.9723203044387857
0.3309596088556
0.9715163837533689
0.961919621749409
0.09137142208946195
0.978996521476104
0.9825287095799335
0.27997169811320755
0.983115756112285
0.9999717031852781
0.9999717039859651
0.999933978458114
0.9999056861801959
0.07778783763392183
0.8464715812106867
0.9975013436171115
0.9625407780354887
0.9999622876322289
0.28635652485344293
0.8148525115446235
0.9645372707069946
0.2992787329805465
0.8001008742434432
0.04567105631829644
0.957879597287857
0.5890405842033506
0.9489498739848782
0.956038827702072
0.5184594135543237
0.801787930535726
0.3216457159908986
0.8300123024157471
0.9543799528807025
0.9970481697721411
0.9549720670391062
0.9559444330797984
0.9551654563881321
0.6833709598000688
0.3269541628732279
0.99997213061452
0.9805070035551513
0.9596489111979143
0.9596043939731315
0.9999072261548024
0.6590363122014562
0.9905812253659259
0.16791196597003885
0.944309502479751
0.34073445441715017
0.8089256564203303
0.9607667849407862
0.7945792514906598
0.9867480094367443
0.9717931497649429
0.9680222933451054
0.8798283261802575
0.9579680579294628
0.9898198256139803
0.8141521391700498
0.6359411451349216
0.9999357096279424
0.9999632639941223
0.11281142710264931
0.7244655363912577
0.11506975036710719
0.8153133739856036
0.9419256053618418
0.9988081158144695
0.9531247135602853
0.16271263947320286
0.9330220488125806
0.9617612660355981
0.8178699488152696
0.4775856723386406
0.9668718369580085
0.48052587432989313
0.8721071197440502
0.11427998505190816
0.9999270851372166
0.999899744804958
0.8209362879877637
0.0878439783343633
0.9371618432041832
0.12989570947509826
0.465874751581259
0.515765132622988
0.49581635425156206
0.4959024929142557
0.9744532155272306
0.13226095536385116
0.8246662140755827
0.9720489866852524
0.8261633011413521
0.9999547462167837
0.9999004470830996
0.9997918665049862
0.5068551377358149
0.9999547834579803
0.999900529004838
0.9158398843408331
0.5172015137693399
0.517214284424053
0.8020614276559834
0.9779718609451189
0.9800958282296995
0.5564831325084202
0.5002114317075584
0.9999370243086169
0.952149972603232
0.8182755405744612
0.33210838136041376
0.5748651119436428
0.4734424115418715
0.8080704959432594
0.9989881986354112
0.5917153943815604
0.9736656330703173
0.9310101542336099
0.9399971422958081
0.8541153365470452
0.9234482204834004
0.9731010117231411
0.9680610943089866
0.6048959783035364
0.9998751181917114
0.9068983656838182
0.9261496787760521
0.08641997309121366
0.9407136811155166
0.9976488190659399
0.9771389386126622
0.9695096974122425
0.6166319388790938
0.6164942211457981
0.9999643842934735
0.9694071976779386
0.6166721569814546
0.7756246137547453
0.7753097532563804
0.9999558775513806
0.23934468413603807
0.9999313852461126
0.6208597059983876
0.30667707189901205
0.08422731599392863
0.47794060900211804
0.8935354695980998
0.9999657020364416
0.18405213066963902
0.7528250767357717
0.7703750064301514
0.12017969513554294
0.43218798758637245
0.999982854399561
0.9999828546935277
0.6573084275586568
0.9995799651971163
0.008303413054096436
0.9999657249599411
0.9999657261346792
0.4295799653278192
0.9999721516343509
0.9999791141619906
0.999944306370655
0.999916461882253
0.5075831636116769
0.11654614768888467
0.02793870810547404
0.02876243361996927
0.7538695625828952
0.6345867899265958
0.685046272441967
0.7428452924097885
0.24588530346095971
0.5874760323621568
0.13612006432970977
0.48137109786507715
0.025788729765047872
0.026814763454050882
0.9999333324444326
0.9997867007945396
0.09690510405024216
0.6283138777355279
0.06822653549587876
0.1404765861278208
0.4794847423379351
0.999953473533087
0.14012806476228393
0.5737152931974998
0.5211537825411002
0.4872556478020706
0.9999603098477883
0.4872234165702001
0.07610845421652478
0.4871944121071013
0.9999140143397625
0.6756112065547774
0.08687805456389719
0.08687462128197697
0.11921190674711293
0.999960610019498
0.15251924124220015
0.9805753933122168
0.4924058243797872
0.4071161121602066
0.9875836402303024
0.9677003671590181
0.9728552062487896
0.4929251068334689
0.5653472885424464
0.9999612848275239
0.5982684485014924
0.5925301266865795
0.5444217003965188
0.4992033101179615
0.122802734375
0.45413762871093877
0.9941428580553267
0.4883617087779954
0.4969395026850933
0.9503825289520043
0.45804226890542843
0.6080431982436437
0.5501515516607272
0.15439874538372034
0.6030525663560147
0.49365359189070074
0.6511993460970166
0.6791007284601859
0.6427634757402167
0.5225664215655572
0.9999749477033307
0.08260322271557312
0.11549539170506913
0.4516557203588803
0.543919024591651
0.9693989891407696
0.9678124726668416
0.9721127481902954
0.45187734161196413
0.9667751103133647
0.9256682693505394
0.9413768621394051
0.34796813740743043
0.5845365944503073
0.0856520552025417
0.4486065904088781
0.7231493075788195
0.5165569482153705
0.220471464788907
0.9585274816423117
0.9213277016937582
0.6524594745667971
0.9370109356014581
0.2102299959351813
0.950028179597971
0.9160571335074568
0.5248991068074121
0.9999151674533876
0.8988254962414668
0.4304188497531724
0.04992161918423426
0.554607312426286
0.39632901144314076
0.14096123656563217
0.5486382026807841
0.9693018560690273
0.9887956360053589
0.5730514604284564
0.4650013166399349
0.03886822243220937
0.9788720202026232
0.9376390122897299
0.9211950381180053
0.9885262939097901
0.9490640300648481
0.9487573129745653
0.8854083966299724
0.5139429485470541
0.9488973806875991
0.9999645092216872
0.977943264089339
0.9166198416031325
0.9440194385981507
0.6176100999970502
0.9390536344514296
0.94499708465113
0.9714835497860972
0.9999588099609283
0.9371652015405875
0.9699367832299305
0.877078381312909
0.8944253487089849
0.5263417209220482
0.30721587809899176
0.6206763149102291
0.9829667012490695
0.5277255721637715
0.8841495154375684
0.9999707574977775
0.9999707583528765
0.8840798376579706
0.999976608323928
0.8840333087727916
0.9650371323314426
0.9999532202041939
0.5574003213086023
0.01636270168592492
0.9056626906976337
0.31457506420733133
0.2937560867511474
0.9592661020999318
0.6504666037538009
0.41215834503002313
0.9766468077176186
0.317641990545607
0.09593612682730693
0.9999081045999392
0.17092770959853973
0.5106163500386831
0.9126287392979208
0.9743857904572496
0.8542511972386362
0.9458159043635284
0.9040689917507395
0.9370441633037625
0.3493036684782609
0.9127077074528575
0.9126870527000651
0.14335940586236864
0.8726428892889289
0.40524689624178417
0.9999662951644795
0.4133611691022965
0.3595539667663713
0.8484317917810064
0.8484127474032133
0.8482983081282792
0.9999551088890011
0.9998821641397421
0.8541922531222486
0.5264914031919785
0.8951864224379527
0.9301544548258751
0.9559965150178159
0.9582998392282959
0.4774718991437258
0.8893982265395242
0.370221507184092
0.1021036400376306
0.9999332015920287
0.495171139277146
0.09993796457334028
0.42187084625609217
0.6205957258332411
0.9402401671882084
0.5925876880803801
0.941196915030949
0.9653058972803001
0.17017602895017017
0.8645016488546251
0.9999669137109581
0.3851271648899227
0.38512079637969143
0.0036705224578742887
0.003923575571477311
0.005330590105676611
0.07025571416060951
0.014476809738049106
0.6384703377538901
0.01453138340959345
0.014558669797327992
0.01460237534891358
0.01464060729786384
0.014667892639782827
0.014700650747346932
0.01474435456505796
0.01476069288235777
0.015050103161616217
0.015077384470567633
0.015104665480913942
0.015131946192660048
0.015257567217026306
0.015284846494828435
0.015312125474057494
0.015328459164240527
0.015546848493471528
0.015579597130333427
0.016010768691997898
0.01603804041520522
0.016065311839959726
0.016087111159749392
0.01610891024097704
0.01613070908364659
0.016157979404458355
0.016179777740083934
0.01717355742664719
0.017206289459574794
0.01723902113435057
0.166294655068658
0.01747897872433544
0.01750076589785111
0.017517082163977835
0.01764213543689586
0.017663920526033633
0.01771286343371352
0.017729177379298272
0.019589516547784975
0.01999825104117705
0.02002546907365809
0.02006361768178042
0.02009083505949095
0.020396117523609654
0.021071959429920434
0.02113730504825295
0.02115358343124129
0.021180675093034312
0.02119695297216363
0.021213230673391658
0.021501674781021697
0.0217188191519006
0.021914200795489315
0.02193047155430988
0.021973819357940516
0.022006239107512607
0.02202250874125874
0.02213687494195353
0.022546781294036682
0.023308011992594736
0.16506110947278743
0.023356906861808153
0.02342764462065237
0.023460282440830503
0.023487458974765042
0.023558193762594132
0.02359083015694455
0.023634387815839628
0.02366702343767065
0.023688737201365186
0.023710450727914115
0.023748546090964193
0.023996199919193682
0.02406691563475944
0.02440955199109005
0.024436716220716612
0.024463880153738644
0.024485584351063773
0.024518207129988534
0.024534451414252256
0.025377745753089653
0.0254212770138597
0.026554033037015208
0.026619227180206383
0.02665728068452186
0.02668441990035634
0.02672778368939456
0.02771094197561175
0.027748982464563577
0.027852189711330196
0.02787931692945605
0.02883498164401944
0.028873008946105172
0.02902993541630302
0.029046141090607595
0.02910021163790282
0.029765767731028278
0.02980378041730746
0.030042590784902904
0.030537015224883304
0.03082468155644739
0.030846324559825077
0.032898394322901335
0.03293091701866739
0.03301213224473779
0.034211415430558126
0.03429259600346577
0.03430875701596643
0.03432491785233583
0.03525117140677781
0.035408403434598786
0.03544090005175842
0.03546794808930731
0.03548954763630024
0.035511146947937326
0.035538194160687334
0.03555979297194225
0.03560298988842399
0.03562458799365851
0.036438018869980174
0.0364813997701187
0.03651388540860906
0.03655181805801443
0.036573408288665184
0.03660044558958911
0.9999891054483653
0.03665451930776396
0.03667610850855213
0.03672453331735509
0.03679474469730808
0.036821779319886484
0.03684881364795085
0.043685913998966465
0.043707434887617226
0.04372351594075186
0.043734157247141504
0.04374479843776348
0.04375543951261967
0.0437715199547435
0.04379280146646867
0.04380344204869346
0.043819521879844434
0.044278977683743344
0.04432224869192529
0.044360080278909385
0.04438159469161319
0.04440854776162427
0.04485729202923773
0.045208831846856645
0.04523033918675665
0.04526816110331626
0.04528966788664531
0.045349241913380176
0.04537074802186149
0.04538681574453737
0.045408321414781905
0.04542982685112677
0.045473084306293474
0.04550002719016803
0.04552153177697658
0.045543036129902334
0.045580854083624715
0.04562410954136622
0.04567799190847
0.045742748697647606
0.04579662860250136
0.04589400876553817
0.04759574340820976
0.045969636331999304
0.045985699138141975
0.04600719933009255
0.04603957435007912
0.04605563651390913
0.046071698503064015
0.046087760317546626
0.04612532080560268
0.04614138206652058
0.046573078303230646
0.04676159253641272
0.046907110004458026
0.046960965532238774
0.04698245633110617
0.04700394689630427
0.047020000761105345
0.047090162820408274
0.04712796146695226
0.047213916825224245
0.04735422986181328
0.04737571688728222
0.047402639761682144
0.04743499839636437
0.04745648463236173
0.047542944118286586
0.047580737221476294
0.047607658103303946
0.04762370694106967
0.047639755604357376
0.047661239909765445
0.04767728819455769
0.047698772062380754
0.04772025569664289
0.04774173909734792
0.047828190312603616
0.04784967277629205
0.04786571942622015
0.0478817659017035
0.04790868324500611
0.047935600295690745
0.04796251705376216
0.04804896210980601
0.048086748559626045
0.048119099254814356
0.04818379959017953
0.04820527871988869
0.048232192841807756
0.048253671475003534
0.04827514987471941
0.048296628040959196
0.04832897618879389
0.04838823638112734
0.04840971346580286
0.048442060295772124
0.04846353685446265
0.04849044811000299
0.04873343079657176
0.04877664373213335
0.048814421503997216
0.04884676420077824
0.05079018422239245
0.050822504237472296
0.05084939127411407
0.05087627801862295
0.05090316447100367
0.050930050631261
0.05095693649939971
0.05098382207542455
0.05101070735934028
0.0510699094420391
0.05109679382014537
0.051129110238316414
0.05118287747507945
0.05120976065534587
0.05123664354354191
0.39248681444626105
0.052419770921473534
0.05244121001466355
0.05246807979101835
0.05249494927551974
0.052521818468172464
0.05255411819653079
0.052580986776006734
0.052640153798530445
0.05267245218260218
0.052699319535785466
0.05272618659715434
0.053334057341442226
0.0533717779551588
0.05339863815553697
0.05343092803657629
0.053463217566951195
0.05375952913580783
0.05383466811456495
0.054589183143859195
0.05462688998072695
0.0546645964081739
0.05470773139627681
0.05474000803483208
0.05477228432293335
0.054923101143846735
0.054949946798115136
0.05510618431338487
0.0557144795766047
0.05575760207571136
0.05578986793466756
0.05586525465589022
0.056031394515729825
0.05606365713727427
0.05609049164667441
0.05613330438558402
0.05615471040647847
0.0561761161950044
0.05619752175116558
0.056218927074965806
0.056299424142591196
0.056358514835901416
0.09885434248158861
0.3959352020188316
0.05676576253893827
0.2971394769546365
0.0568302689560857
0.05684624109318442
0.05686221305692733
0.058264068230647365
0.05840928819444444
0.05845173960927285
0.058478231384782316
0.05899136963042924
0.05902359641985354
0.059050398424744105
0.05908262454434994
0.0592545984150317
0.05928139814925308
0.05930819759274025
0.059345845085701884
0.0593726438888919
0.05942624062311852
0.05949068424050118
0.059522905524879856
0.05954970249556591
0.059581599943591385
0.059602972283994145
0.059618920546072866
0.059634868635150676
0.05964539276358252
0.05957933787477763
0.059708535136864825
0.05975127589068288
0.05977264591988372
0.059815385282887885
0.0598476014860211
0.05988524074495895
0.059912032843964055
0.05998188612118944
0.06000867726015511
0.06003546810853024
0.06006768189509306
0.06009447213289008
0.06016432115838282
0.06020195665849585
0.06022874558696725
0.06025011117257237
0.06027147652644537
0.06029284164859002
0.060330148263034025
0.06035151271942431
0.060372876944101
0.06043696822788723
0.060458331525747255
0.0607702151657123
0.06080784309472554
0.06083462568729733
0.06085598555463374
0.06088819000108448
0.06091497172230928
0.06209745624878017
0.062344815621984406
0.06237700518814479
0.06240919440529112
0.062435962073283786
0.06247865425586703
0.0625
0.06252676659528908
0.06256437500677632
0.0625857199390677
0.06260706463993755
0.06263383007442985
0.06265517428308126
0.06267651826032276
0.06269786200615812
0.06271920552059108
0.06275139043984518
0.06277273343271446
0.06282083945424091
0.06284218172356595
0.06372796106296374
0.06377097515501019
0.06380314896615268
0.06386207569360512
0.06393149422795512
0.06394740692966815
0.06396331945889698
0.06403273446603257
0.06405406577207397
0.064075396846903
0.06410214721598977
0.06412347779903424
0.0656239503310182
0.06566693574164469
0.06569908551120357
0.06572039981580302
0.06573629636050404
0.06576302773218048
0.06578975881422411
0.06580565472482108
0.06583780269787096
0.06585369817596741
0.06586959348184103
0.06656807938984226
0.06660021992427238
0.06662694328584584
0.06790217061652441
0.06797183861359328
0.06800396423523296
0.06813283221592817
0.0681595407652108
0.06821837244187873
0.06824508009401163
0.06827178745687998
0.0682930791725333
0.06831437065758336
0.06833566191203388
0.06838907421045791
0.06841036471448299
0.06843165498792414
0.0684637753361456
0.0685330589700547
0.0685543480026642
0.06870448084472722
0.06942887925200453
0.06947685277923653
0.0694927183151968
0.06995301097854095
0.07000135336310732
0.07018199140385635
0.07021409045389342
0.07031541796805223
0.07034751542708671
0.07070132991247585
0.07078098867136122
0.07138566116977231
0.07164736443338024
0.07168485937406985
0.07248760849332266
0.0725196829090122
0.07254634589786046
0.07257300859815916
0.07258884896757715
0.07276505026675469
0.07309987394707941
0.07315859233411777
0.07318524609675081
0.07323855275685968
0.07328644847173384
0.07330769105928558
0.07358080256196649
0.0736020426379024
0.07362328248404197
0.0742431536302122
0.07432688251138539
0.07434270662620952
0.07435853056985851
0.07437435434233514
0.07445847643256984
0.07447429906542057
0.07451635757900259
0.07457423622115379
0.07459005754337386
0.07464833673143796
0.0746641573106626
0.07572308407728037
0.07579755596409646
0.07607543742024786
0.07609665367209338
0.07686735002811297
0.07689937232725484
0.07692058171595394
0.07695260338107054
0.07699003092359925
0.07701123947819412
0.0773642840925063
0.07738548947741143
0.07747072751451461
0.07749733765075384
0.0775293532553463
0.07757758569428452
0.07761500621655225
0.07764161499748637
0.07772185974604444
0.0777430619371439
0.0777588583475229
0.07849008469491993
0.07851127998356916
0.07856945968295491
0.07872364573818956
0.07875564779384742
0.07896258586120614
0.07937142671868752
0.0794034206046851
0.07942460660556805
0.07947778534297355
0.07950977796270378
0.07954177023667999
0.0795841393695086
0.07963191112263865
0.07965309485856321
0.07993559333023548
0.07996758071052276
0.08144446845289542
0.0814922051403939
0.08151337219038153
0.08153453901168946
0.08157687196828106
0.08162460567823344
0.08164577132702062
0.08166693674715066
0.08168810193862724
0.0817092669014541
0.08179392446633826
0.081815088285972
0.08183625187697825
0.08274201039000313
0.08409544890136587
0.08412198822011434
0.08415392588753563
0.08417506599795933
0.08419620588012999
0.0855057914224338
0.08555930373768722
0.08558043135646279
0.0855961614231664
0.08561728861494619
0.08563841557866785
0.08565954231433506
0.08568606602943638
0.08570719227987608
0.08572831830227275
0.08575484121672676
0.08577596675391964
0.08579709206308087
0.08581821714421412
0.0858447390009067
0.08587126057132372
0.08588698796481192
0.08590811210474335
0.08592383912959005
0.08595035970058232
0.08597687998532062
0.08603485215626805
0.9998974624658657
0.08740436185481347
0.08964658041064195
0.08994375144935743
0.08998592453176148
0.09000161786118752
0.09001731102135026
0.09007026796740601
0.09048602535550007
0.09072035977546387
0.09076742229795311
0.0907831094670887
0.999983823656285
0.09083507228090609
0.09103114351033084
0.09118554144111113
0.09121200847580997
0.09171779471862498
0.09198289943986501
0.09241310160427807
0.09243955688525916
0.09246062121979882
0.09248707595939776
0.09250813981068202
0.09255565737696081
0.09261395489240588
0.09263501749203559
0.09330077777598111
0.09334339459925618
0.09339628743289567
0.09342273342208664
0.09344917912619789
0.09347562454523406
0.09350206967919972
0.09352312476756658
0.09354417962897088
0.09356523426341631
0.09358628867090654
0.09361222795916828
0.09365972491700082
0.09368616777601121
0.0938658704837458
0.09407535944471988
0.09409101931937595
0.09410667902525247
0.09444698908796982
0.09451551369235578
0.09544514126850714
0.09548234153174753
0.09551415363727465
0.09554596540001185
0.09557777681996465
0.09566885226470699
0.09561984806853079
0.09564088335281853
0.09566730599314699
0.09568295324142166
0.09572015041968818
0.09574118471028742
0.09576760624084131
0.09579941492427957
0.09584686912438921
0.0958679021657149
0.09617570530466683
0.0962021225017508
0.09661068077266997
0.0971824992863337
0.09725633402275077
0.09727735437481486
0.09729837450044704
0.0974034717322576
0.09746705229085544
0.09749884205650765
0.09752524572505722
0.09756242056054633
0.09778979341246419
0.09782696502140723
0.09797997748948523
0.09799560562652133
0.09802200406046539
0.09805917261731666
0.09809095559923531
0.9991707322326688
0.09834255928662201
0.09836356880926611
0.09840073232459211
0.09843251072903597
0.09846428879124666
0.09849606651122969
0.0985170746416533
0.09853808254583636
0.09855909022378255
0.09858009767549551
0.0986011049009789
0.09862211190023638
0.0986431186732716
0.0986641252200882
0.09871152199781395
0.098737912170748
0.09875891775474492
0.09877992311254213
0.09880092824414329
0.09882193314955204
0.09885909039514562
0.09889086308081624
0.09891725129353743
0.09894363922210497
0.09898079501219492
0.09904433736237112
0.09907072403842013
0.09910249438722495
0.0991288804660328
0.09915526626072069
0.0991816517712932
0.09920803699775493
0.09930819133758648
0.10008451174282593
0.10116628902654963
0.10164301436359428
0.10168497301137128
0.1024923593474237
0.10251871142701871
0.1026493629476584
0.10273917324423353
0.10276552243624233
0.1027918713447146
0.1028182199696549
0.10283918800406751
0.1028601558128524
0.10379312385348245
0.33781246806061355
0.10413551225914729
0.1042306554422958
0.10425699009176681
0.10561357842768175
0.10563452240740442
0.10565546616185519
0.10567640969103767
0.10569735299495553
0.10571829607361237
0.10573923892701186
0.1057601815551576
0.10578650174778166
0.10580744389651037
0.10582838581999655
0.10584932751824386
0.1058702689912559
0.10641981814368907
0.10645688598283612
0.10654062889835247
0.1066883176238433
0.10671462829736211
0.10677205150953034
0.10757751687954242
0.10761456793441741
0.10764624299829056
0.10768866884914556
0.10773646977874299
0.10776814367652356
0.10781594366500027
0.10785299224322828
0.107890040423153
0.10792708820478088
0.10962069669708402
0.11006023999269167
0.11009726476436132
0.11014981836940868
0.11017072109106738
0.11019162358807914
0.11021252586044762
0.11023880147880663
0.11033374709160178
0.11037017533489879
0.11039107586162428
0.11042809626927025
0.11056005416239045
0.11129557396602302
0.111616712421496
0.11194438773865675
0.11196527475597243
0.11199690568794722
0.11202316423939962
0.11204942250872951
0.11207568049594147
0.11209656624693799
0.11211745177354111
0.11214370897214135
0.11216996588864118
0.11219085068437225
0.112211735255725
0.11223799138366335
0.11225887547741446
0.11228513107004727
0.9999462830560644
0.11232689807801807
0.11238477901205389
0.11240566164424032
0.11244742623558418
0.11246830819474883
0.11251544287479186
0.9999785143765678
0.11256794791912855
0.11325406032482599
0.11329104746150499
0.11341629117234786
0.11343716433941999
0.1134634078227292
0.11350039204734642
0.11352663490921198
0.11355287748920538
0.11357911978733116
0.1136262331706112
0.11448024786154978
0.11459054860205008
0.11461141120501724
0.1146322735839432
0.11465313573883161
0.9963811886238315
0.1151998024256546
0.1152260281327177
0.11524688474774644
0.1166562895849883
0.11668786800422953
0.11670871128763888
0.11673492171691419
0.11675576452402421
0.11677660710739454
0.11680818403340597
0.11687607679385134
0.11690228534011743
0.11692312646589988
0.11694396736796908
0.11769756683946722
0.11772376746107983
0.11777616786068851
0.11779700127719403
0.11889342569093826
0.11990001180118226
0.11992082522006405
0.11994163841565464
0.12003025296629262
0.12005106501670877
0.12007724078742692
0.12009805236253628
0.12016584957679394
0.12020747066017293
0.12022828086699529
0.12027526429556047
0.12029607380390474
0.12031688308902012
0.1203376921509102
0.12035850098957858
0.12037930960502885
0.12042092616628944
0.1204470975666007
0.12047326868617524
0.12055649711453886
0.12057730366365786
0.12160271086113807
0.12163422872768216
0.12166038464219268
0.12168654027622887
0.12225575921984484
0.12229263166924001
0.12233486481994757
0.12241265620560438
0.12277400748340891
0.12280015224045415
0.12293218976145806
0.1230267001870782
0.9967516107936576
0.12306826405081611
0.1230890456484916
0.12310982702337624
0.12313596843876971
0.12316210957391495
0.12318825042881647
0.12323517114953741
0.12326131119246582
0.12328209086426106
0.12330287031329563
0.12332364953957313
0.12334442854309711
0.12336520732387118
0.12338598588189892
0.12342284397277162
0.12360110625160792
0.12362188265434647
0.12373780683888948
0.12384234446683531
0.12454381273412254
0.12456994030074704
0.12461214449928458
0.12466506612934342
0.12510114298268646
0.12517950916300505
0.125221035033383
0.12528265086322377
0.12531412925246616
0.1253509655571511
0.12537708501894132
0.1254762019578531
0.12550767812938693
0.12585055882384458
0.12588738929399979
0.12661855857882923
0.12690776821252364
0.12692851632810492
0.1269439072602894
0.1269646549599837
0.12698540243739118
0.12700614969251536
0.12702689672535986
0.12704764353592818
0.12706303333529748
0.9999839297193057
0.12711991514982698
0.1271406609064564
0.1271614064408305
0.1277343331547938
0.12775507362038768
0.12780190998537785
0.1278440740423344
0.12813179515194362
0.12815253193369575
0.12818397994815656
0.12821007192703396
0.12823080795638342
0.1282515437636234
0.12827227934875748
0.12829301471178925
0.12909461869239955
0.12916820623216113
0.9999946450182605
0.1292357451912779
0.13070663811563168
0.1307327048570404
0.13110841142502394
0.13112911685058923
0.13119728561030955
0.13124404628113326
0.1312854543508509
0.13130615805331236
0.1319992509162899
0.13202529749165312
0.13205669432896194
0.999994649487956
0.1321087860288177
0.13213483146067415
0.1321715774661452
0.1322029726808702
0.1322290171907353
0.13286541198121182
0.13369598938776384
0.13375411195207404
0.1343484748808626
0.13472522300896314
0.13501994631073463
0.13504596182948936
0.1352273395682607
0.1352533527260283
0.13534280855978698
0.13536882068283293
0.13542084409438715
0.13543616122512273
0.13545682524235506
0.13582458241546722
0.13585059001545216
0.1359585104392226
0.13597916978549585
0.13599448237514503
0.13602437981180496
0.13604503825364492
0.1360603500817998
0.13607566174622948
0.9960650969825282
0.13652596014027885
0.13728278125517823
0.13755946335988029
0.1380469580926014
0.13806759876859928
0.13809358381657358
0.13812491315083428
0.13819291532163241
0.138218899144349
0.13824488268932714
0.13827086595657123
0.14496648589848188
0.1456175054517923
0.14621351459416235
0.14624472213929288
0.1465111444000789
0.1465735533224938
0.9999946691117674
0.14663517922255154
0.14665572075121674
0.14668614165924804
0.14802082833677097
0.14812347442361193
0.1486871765903362
0.1487023714361844
0.14874874768187923
0.14877459992646
0.14897233812393756
0.14900351699882766
0.14902936678372172
0.14913865221584582
0.1492268508157763
0.14924204076195552
0.1492982661793071
0.14999067685996645
0.15077906512185377
0.1508155503233436
0.15083605448337212
0.15101234199634586
0.15104349771485187
0.15113163627841075
0.1511681172698122
0.9745765420262065
0.15123494601605403
0.1515535624886825
0.15224649991213168
0.15229813135374343
0.1527087825786013
0.1527345913021255
0.152755075419158
0.1528120158237452
0.1528378234479821
0.15285830657913652
0.15288411368210328
0.15290992051026764
0.15296153334220683
0.15298733934599043
0.15301314507498923
0.15305943171714698
0.15310039343878273
0.15313603040999185
0.1531565105358987
0.15318231426517956
0.15320279392661684
0.15322859713474982
0.15325440006814384
0.15328020272680326
0.15330600511073253
0.15332648356855
0.15338341061418312
0.1534190422955096
0.15344484311616963
0.1536688456870302
0.15368932090517587
0.1537151191883058
0.15373559394213623
0.15389569947993464
0.1539214955658941
0.15394196834927582
0.15396244091470426
0.15422406267963976
0.1542551775895932
0.1543726680966346
0.15442957128030443
0.15529563269280913
0.155316091954023
0.15563407262355797
0.15565985026259918
0.15646298316086296
0.15757669250123676
0.15762372866930507
0.15766544498997304
0.15769652222943287
0.15785722264480131
0.1578776595744681
0.15790341540736486
0.15791853278156615
0.15794428812306185
0.15796472415480522
0.1580100740929859
0.15802519041742905
0.15804030658106794
0.15805542258390512
0.15807053842594315
0.15811588498728818
0.15814611522423624
0.15824491424012765
0.15828045972121024
0.1583151624740733
0.1583666609938734
0.15848560913867557
0.15857711881983186
0.15861350123908488
0.15863392947357785
0.15865435749080004
0.15869521287344585
0.15872627587783905
0.15874670296945462
0.1587671298438173
0.1587875565009306
0.15882925376626553
0.15893222727393583
0.15896328753137362
0.15922855638801892
0.15927918922080547
0.15933344322091125
0.159377907749568
0.15940364533486462
0.15942406567522877
0.15944448579844533
0.1594649057045178
0.16052139151144
0.16059410782823183
0.16063046540679904
0.16067213846775394
0.16068723188228604
0.1607439971507397
0.1607750372102913
0.1608113926674853
0.16083711633939676
0.1608628397378311
0.16089387850566647
0.16091960132890365
0.16094532387867705
0.16097104615499105
0.161007399217554
0.16103312089045282
0.16105352681656301
0.16109433801798737
0.16112005868188994
0.16113514835170675
0.1611661838573365
0.1612335691543928
0.16125397314737056
0.16129563779971193
0.16148629256003316
0.16151200922682796
0.16152709569062654
0.1615421819940579
0.16155726813712462
0.16158212509035247
0.16160252560416258
0.1616654442637414
0.161663725844512
0.16254231073749542
0.16288794546314353
0.1629136468937961
0.1630687161612888
0.16339660934104758
0.1638041405249765
0.1638298324461586
0.1638555240943694
0.16388121546961326
0.16392110197988768
0.16437555772744655
0.16444730090775336
0.16447298531880086
0.16449866945700037
0.16485045458407682
0.16487613180744007
0.16531348070581614
0.16534446320663546
0.165375445378419
0.16540111722350842
0.16632163407435718
0.16634198387379306
0.16635702531981528
0.16646938613020515
0.16650035032590926
0.16654193007319648
0.16658881729105404
0.16680200620969668
0.1669090330113576
0.16698067645669584
0.16702136128433062
0.1670576247439313
0.16709388781862472
0.16711953637463647
0.16777266771696983
0.1680227870661122
0.16810319678783026
0.16822692627972227
0.16824194592071626
0.16826226934480398
0.16828170000159118
0.16835679356761746
0.16856888285459715
0.16858389948714686
0.1686042194808914
0.16963007729253474
0.1696706885218092
0.17026588639399529
0.17064367036275363
0.9842157429148403
0.9841861204589417
0.17144507567727985
0.17238492393613922
0.17241580297153516
0.17244138296463107
0.17246696268664624
0.17268218762915002
0.17270246642117254
0.1727227449983045
0.17274302336054934
0.17276330150791044
0.17278357944039122
0.17280385715799512
0.17282943292660313
0.17324757752194667
0.1732784470792672
0.1744512479342345
0.17451825799548715
0.17456937646984047
0.17459493530087872
0.17475450471922968
0.17482680451685345
0.17494399101737734
0.17496954610454954
0.17503654428743937
0.1750568022328971
0.17508235618121537
0.1751228709431404
0.17516338484678368
0.17518364147675816
0.17520389789217244
0.17522945011412924
0.17524970607238563
0.1752699618160923
0.1752902173452527
0.17531047265987024
0.17533072775994832
0.17535098264549032
0.17539149177297977
0.17543200004236592
0.17545225385527877
0.175472507453676
0.17549276083756105
0.17551301400693728
0.17553326696180813
0.175553519702177
0.17557377222804732
0.17559402453942247
0.17561427663630585
0.17563452851870093
0.17565478018661104
0.17622204337512706
0.1762475842533026
0.17630395992947417
0.17634008937458967
0.17636562908682737
0.17641670769996454
0.17644224660087254
0.17646778523134593
0.17649332359138897
0.17651886168100595
0.17654439950020118
0.17656993704897897
0.17659547432734357
0.1766210113352993
0.17667737887876495
0.17670291504748997
0.17675398657377014
0.1767795219313339
0.17680505701851912
0.17683059183533012
0.1768561263817712
0.17688166065784666
0.1769071946635608
0.17693272839891788
0.17695826186392224
0.17698379505857814
0.17700932798288987
0.17703486063686175
0.17706568693884467
0.17711675083907719
0.1771422823837077
0.17716781365802012
0.17719334466201872
0.17721887539570783
0.1772444058590917
0.17726993605217464
0.17729546597496096
0.17732099562745493
0.17734652500966083
0.177372054121583
0.1773975829632257
0.1774231115345932
0.17747416786651987
0.1774996956270876
0.17752522311739732
0.17755075033745335
0.17757098392936543
0.1775965106369464
0.17784929389595816
0.17840773163683324
0.17843854365694747
0.17874759193005482
0.1787933315691982
0.17932231553657518
0.1793478260869565
0.17936804449407046
0.17965149198050556
0.17992962404423632
0.17997534221930608
0.18003693336649224
0.18006243716598763
0.18008264943833305
0.1801081527260413
0.18012836454260212
0.18014857614527446
0.18016349638879336
0.18018899870896737
0.18020920966999476
0.1802241293558662
0.18101405112578298
0.18103954503372569
0.1812550256041305
0.18132187860384905
0.1814248004358935
0.1814397105343899
0.1814863599574691
0.18243171768887384
0.18248796741947426
0.18251344732931016
0.1828802623228263
0.18291631628772853
0.18294179244983658
0.18296197965972616
0.18325568112707638
0.1833383573162412
0.18337440637989572
0.1834104550622703
0.18344121504421035
0.1834868692424034
0.1836324601017419
0.18366656267020606
0.1836973190206758
0.1837174992464743
0.1837376792588519
0.183757859057812
0.18407791836972098
0.18499407883606836
0.18501424772538633
0.18503970309906215
0.18506515820358965
0.18510549437768625
0.1852846486892257
0.18585375909842955
0.185889778097282
0.1859257967153497
0.18594595737483086
0.18602856448151556
0.1864859151207653
0.18748183571560675
0.18755284071694284
0.1875941220297069
0.4583364156107665
0.9814172945440712
0.1879025483057967
0.18792797362414404
0.18795339867381713
0.1879788234548202
0.18851666552199617
0.18853680184273366
0.18855693795070924
0.18857707384592626
0.18860249251137162
0.1886226279531719
0.188642763182224
0.18866289819853135
0.18870316759292521
0.18872330197101847
0.18874343613638045
0.1887635700890145
0.18879426929253657
0.18891178024300054
0.18914279073698445
0.18996915536400896
0.1899998415523643
0.19001996429665466
0.19144420038861198
0.19162719972122344
0.19165258711721225
0.1916832540482891
0.19172346794929332
0.19176896069269556
0.19179861356760838
0.19181871937827336
0.19183882497663785
0.19185893036270524
0.19213063172454573
0.1921560139162386
0.19219195438707634
0.1923040375031675
0.19280714534570678
0.19284307877469792
0.19286317567567568
0.19288327236448288
0.19362721812289535
0.1937286901079877
0.19404040617281346
0.19408688125735576
0.19411752287864553
0.19491628277583414
0.19526158879244387
0.19528166487262288
0.19530701731243108
0.1953270929410399
0.19534716835778998
0.19538731855572733
0.1954952673398968
0.1955258923154035
0.19555124092520682
0.19557658926753088
0.19560721332925324
0.19564311302687046
0.195679012345679
0.19571491128568488
0.19666397632499327
0.1970524161431382
0.19706720118155924
0.19708726085419953
0.1971073203152198
0.19778081310417206
0.19781141229828078
0.19786206241891763
0.19787683983483018
0.19789689068894234
0.19792221489782466
0.1979422653011718
0.198192307286668
0.1988421568782525
0.19886219841403746
0.19888751219255002
0.19891282570413252
0.1989328665503224
0.19978175147080532
0.19983236159288117
0.20004217185028994
0.2000622031512749
0.20008750566678263
0.20116899270565416
0.2011890142671171
0.2019287521079258
0.20195930670685758
0.2019898609837586
0.20232800775651294
0.20237856864336223
0.20240384868715716
0.20250076403452383
0.20253131207747796
0.20261768518225792
0.20264716420427004
0.20267664260498447
0.20269665052610503
0.2027166582363851
0.2027419346340487
0.20277141125951684
0.2027966869691669
0.2028166936252944
0.20283670007060137
0.2028619750367494
0.2028872497365648
0.2029125241700518
0.20293252968883363
0.20295780361743493
0.20298307727972012
0.20300308211058718
0.2030283552680105
0.20412140878011778
0.20415193927485922
0.20431619812160576
0.20433092433787742
0.20435091785403883
0.2044466918445712
0.20460566859622972
0.20485094279995786
0.2050140889579438
0.20506041102672412
0.20508039838413206
0.2051003855310005
0.20514035919313214
0.20516034570840203
0.2051750653071543
0.20523083729209898
0.20526282530621703
0.20612748840368345
0.20623789065790582
0.20626312935341717
0.2063030762507963
0.20643435869628163
0.20645959463016583
0.20656997709983943
0.2071762427100659
0.20721725994662848
0.2072477498815727
0.20766206493650033
0.2076872875022368
0.20814191518136704
0.20815660685154977
0.20817129836710851
0.2081859897280458
0.20820594317829008
0.2086293080768219
0.20872269225912363
0.20923748651989796
0.20927846982577225
0.20969438745989163
0.20971958487409986
0.2097447820232284
0.20983089182863005
0.2098666077552652
0.2098918034683905
0.2099474539630442
0.2099768042457172
0.20999147915548963
0.21000615391088925
0.21002082851191853
0.21005433210433028
0.21025255340857693
0.21027248486633462
0.21031124107246163
0.21209444645983502
0.25607486299245164
0.25611489962310197
0.25614459575436094
0.25616395154661026
0.25617813714947474
0.25619749256817886
0.25621684778675047
0.2562555576235085
0.256280082097307
0.2563046063175309
0.2563239604820324
0.2567564773267716
0.25680153425450636
0.25682605324373226
0.2568557412471375
0.25688542894361394
0.2570093457943925
0.25703903192957606
0.2572618826107631
0.2572915643719925
0.2584014180219008
0.25842075344943416
0.5236274975721635
0.260205900128623
0.2603824459183041
0.2604017624240045
0.2604262440727693
0.2604403948367502
0.26044938016528923
0.2604686959261574
0.26049317672338096
0.260507326849274
0.26106043859558514
0.2610990600144613
0.26112869988276066
0.2611583394448978
0.2612021237036731
0.26160806044299384
0.2620085306784265
0.26203816064651053
0.2620677903085884
0.26209225589573315
0.26212188497247724
0.26215667745883225
0.262175978519054
0.2622300709483533
0.26225453493955997
0.26258313024081953
0.26259726446123105
0.2632146821197181
0.2632288106718429
0.2635570078309304
0.2635762956844931
0.2638207815000258
0.26494434094204955
0.2651012772545478
0.2652826371902447
0.2653070702796427
0.2653263427321141
0.26534561498568
0.26536488704034344
0.26540343055297544
0.26542270201095003
0.2660674481961529
0.2660815545201719
0.26610082039110466
0.2667285765877315
0.26677225638697427
0.2667966754886939
0.26681593528483133
0.26695625706134535
0.2670050918545803
0.26783126253952044
0.2683121799268699
0.26836098461601937
0.26837507220067663
0.26840463113380264
0.2684187183480656
0.2684328054170298
0.26845720651030386
0.2684764502936945
0.2685252512750695
0.2685444944098354
0.26860360778489434
0.2686434778124436
0.2686730336846882
0.2686871187157392
0.2687012036015223
0.26872044513430865
0.26875
0.26876924108270894
0.2687833252544838
0.2688025659669044
0.26884620342916077
0.2689681843964317
0.2689822668887388
0.26901558785766216
0.2690296698876938
0.2690643772397968
0.26909392789373815
0.2691131656156381
0.2691375594262084
0.2691760338248943
0.26919527072666427
0.2692093512493426
0.2692478241141773
0.2692619041480832
0.26928114011116494
0.26929521982809734
0.2693440028048611
0.26936839391595774
0.26938247289263784
0.26939655172413796
0.26941578629874247
0.2694401765367046
0.269469722358279
0.26950442368372207
0.2695724354116076
0.2695916683852341
0.26966106763180414
0.2696802998510025
0.2697239192637847
0.2697431508614912
0.27000010310660194
0.27003340619458077
0.27044456358125246
0.27100009793259144
0.2716398064206897
0.2716641756429418
0.271865675103202
0.27190550304579514
0.27202733414758584
0.2722386552196811
0.2722578650382623
0.9415993321515439
0.27230143720659394
0.2723206464046831
0.27234500847680343
0.272369370297846
0.2724180931867135
0.2724424542545462
0.2724668150713167
0.27249117563702885
0.27251553595168654
0.27253474315571424
0.27256940866088175
0.2725834625828958
0.2726705930242744
0.272684646062842
0.2727038516037614
0.27363355813270546
0.27383491494338147
0.2738592631898901
0.2738887629567045
0.27390795893029174
0.2739220029879965
0.2739463502841158
0.27397069732937684
0.2740001957622622
0.27402969389121856
0.27405919171625065
0.27409384079622495
0.27411818645456093
0.27414768336784845
0.2741720284979832
0.2742066762827117
0.27527207363113354
0.27609292361250587
0.276112101018632
0.2761438834101501
0.27615276075515227
0.2761667876840365
0.2761896914861295
0.2762125948164436
0.2766355140186916
0.2766790074508128
0.27746715268338895
0.27749146643464295
0.27809036482597793
0.27810952444686965
0.27812868387050277
0.27814784309688045
0.999979409145428
0.2782016040193141
0.2782259102350937
0.2786061713462182
0.27862532555099184
0.2786444795585912
0.2789506731996541
0.27896982454695646
0.27900441589723
0.2790235667708017
0.27906330416881114
0.2791030411577913
0.27948207273831394
0.2795012196753708
0.27963441369301867
0.27966385170775887
0.27969843557019347
0.27972272682828925
0.2803733508963303
0.28040648314895805
0.28042047635463674
0.2804344694163168
0.2804484623340005
0.2806044484690701
0.2806235850998148
0.280722153907894
0.28074643452491205
0.2807898500766595
0.2808141299706226
0.2808626890090498
0.28089211298039823
0.28145945751307866
0.28148372959125934
0.2815080014197312
0.28163819576254184
0.28166246592253485
0.28167644834911604
0.281690430631854
0.2852420926012553
0.28526632876515157
0.28528542421672193
0.2853045194719743
0.28539778656207754
0.28556228347023327
0.2855865163687952
0.28560560889857517
0.28562470123208034
0.28576788844170997
0.2858471897406903
0.28589051023607476
0.28610123147139244
0.2861496869956724
0.28616363514881765
0.28618272274988693
0.2862018101547523
0.28622089736341677
0.2862590711921551
0.2862884367306872
0.2863075231017505
0.28633174868302713
0.286373587969863
0.28640295201434895
0.2864220372083462
0.28644112220617635
0.2864932368540065
0.286560767163274
0.2865901288877012
0.28661949031034645
0.9997636079592173
0.2867200427556862
0.28674940260541126
0.2867736233016095
0.2868029825742432
0.2868323415451341
0.2868617002142868
0.28689105858170605
0.2869152779276571
0.28694463571802964
0.2869739932066823
0.9660443868925578
0.28719490262576436
0.28731232079912034
0.2873504747811074
0.2879521972121891
0.2879866826967539
0.28802630564903536
0.2881194833485753
0.28813855393831656
0.2881576243321003
0.28817669452992944
0.2882009021691105
0.28821483433773626
0.2883307303440056
0.28840334752968133
0.2884224153874607
0.970927753489543
0.2884502758741151
0.288464205902751
0.28848327305605787
0.2884972027720555
0.28851113234493314
0.28852506177469317
0.28853899106133774
0.288552920204869
0.2885719863147404
0.288585915145662
0.29131566383811003
0.2913449691991786
0.2913742742593724
0.2913984456011745
0.2914174833036452
0.2915126688842347
0.2915317054140209
0.2915610081617987
0.29158004424801476
0.2916093464468308
0.29162838208949093
0.2919337867316823
0.2919528194388839
0.29261570676328996
0.2926588930858926
0.2926881841836499
0.2927123428278163
0.2929188734244776
0.29293789804831233
0.2929569224768806
0.292965682878389
0.2933098645756893
0.9986041976702417
0.29333162283515074
0.2936464768785534
0.2938221560880497
0.29384117275810584
0.2938601892330111
0.2938792055127685
0.2939084835859493
0.2939274994227661
0.29394651506444464
0.29397066142629186
0.29399480754035445
0.29401895340663625
0.2940379681888148
0.2940621135858718
0.2940913895188351
0.2941104036366808
0.29412941755941385
0.3100558659217877
0.31013649013669475
0.31017582991001313
0.310824428496161
0.3115445008771795
0.31252620920313795
0.31298291546710166
0.3131094645660433
0.3131573968490972
0.31319510137294504
0.3132139533456736
0.3135631784273524
0.3145084607126425
0.3150740950891237
0.3150878197395056
0.3151836100433467
0.3152030651340996
0.3156343538978618
0.3158413565901371
0.31586528148080045
0.3159507635732162
0.3160088256925717
0.31682667756102545
0.31684548643914595
0.3168642951251647
0.31689331692395684
0.31728613810323786
0.3172998366013072
0.31730842877640536
0.3173221270207616
0.31733071899429643
0.3177288090594398
0.3177425036888029
0.3179369884974141
0.3178281513248583
0.3178469502887104
0.3178966177409062
0.3179240033286195
0.31797180912706313
0.3179906064937717
0.3180196139492855
0.3180384108800196
0.3180674177953166
0.31808621429009004
0.3181101156290681
0.3186110855871032
0.3186349830266214
0.3186588802221587
0.3186776724503183
0.3186964644866206
0.31871525633106856
0.32017658016280076
0.3203917185913236
0.3204684629516228
0.32051622253294004
0.3205401019580227
0.32116728738329675
0.32119625939360547
0.321233795717631
0.3213105052648763
0.32153369757630484
0.32155246296371875
0.3217723546545735
0.3229103446165459
0.3233564693222906
0.32339561829382724
0.3234296671409411
0.3234586159416594
0.32348756444711896
0.32390990632664823
0.32393885002141676
0.3239677934210057
0.32399163734638725
0.32467585440343444
0.32527872512884826
0.3253127517052232
0.32534168013335846
0.32537060826655245
0.32582499923540387
0.3258539221033423
0.3258777474207886
0.3258913780360374
0.32611931169466646
0.3261431345664728
0.32617205419125966
0.3262146017248058
0.32623332670734007
0.32651573840006526
0.3265395573087881
0.32655827939452625
0.32657700128942824
0.32660591604998673
0.3266297340135465
0.32665355173433086
0.32679821834452816
0.32682203411424754
0.3268305609915199
0.3268492801630781
0.32686799914384435
0.3269071024884445
0.32719314336961397
0.32722204953910594
0.3272407643312102
0.32725947893259144
0.32727819334325253
0.3273020030267053
0.32731562159242616
0.3273343354309444
0.3273530490787543
0.3273768578955146
0.3273955711359537
0.3274193794934245
0.32744318760827473
0.3274619002247008
0.32748061265043665
0.3274993248854853
0.3275180369298496
0.3275418439354954
0.3275605555725393
0.3275843621189502
0.32778324069026304
0.3278070452530646
0.32782065978856195
0.3278444639181561
0.3288030604811802
0.3288659321179149
0.3289084268489606
0.3289696204079138
0.3295082969165419
0.32967648616713524
0.3296951794036008
0.3297138724496552
0.3297325653053013
0.3297512579705421
0.3297801363897957
0.3298039215686275
0.3298226135848557
0.329841305410691
0.3298599970461363
0.32987868849119445
0.32990247256245064
0.3299211636008067
0.3299398544487846
0.32995854510638734
0.3299772355736177
0.3299959258504787
0.33003330583310414
0.33005708814797086
0.33007577763744883
0.3300944669365722
0.3301131560453439
0.33013184496376685
0.3301505336918439
0.330169222229578
0.33018791057697205
0.33021169113565646
0.3302541591766689
0.33028303135853015
0.3303068109484405
0.33032549802419847
0.3303441849096381
0.33036287160476224
0.3303815581095738
0.3304002444240758
0.33251207704877145
0.33256977637962015
0.33258335454314075
0.3325969325684267
0.3326495395845317
0.33282602056398247
0.33284468673171774
0.3328633527094298
0.33288201849712157
0.33289559410375436
0.3329040796070547
0.33291765496319975
0.33293123018115
0.33384225472533513
0.33389992671606544
0.3339185839987379
0.3339372410915124
0.33428155596718706
0.3343392193781487
0.33437313941713187
0.3346665241882547
0.3347241798669876
0.33507347254447023
0.3350972081592779
0.33596349317786395
0.3360109478653697
0.3366465061626032
0.336670227376774
0.3366888616467692
0.33672275575811833
0.3367464762224494
0.3367956295716044
0.3367939164271726
0.33681254959409146
0.3368311825714533
0.33685490188099576
0.3368887939409661
0.3377273952468863
0.3380169239844592
0.3381811524927283
0.3381997732045786
0.3384652931725274
0.33894272321473967
0.33897150410534077
0.3389901167283524
0.33904767714974227
0.3393066845613018
0.33933373663635114
0.3393574297188755
0.33938620616030624
0.33950130900033043
0.33952500050834705
0.33954869177549474
0.33957238280177715
0.33959607358719796
0.33961976413176087
0.3396434544354695
0.3396671444983276
0.33969083432033875
0.3397145239015067
0.33973821324183506
0.3397619023413275
0.3397906743863323
0.33984821759882883
0.33987190565750014
0.3398955934753547
0.33991928105239616
0.3399378853573117
0.3399615724785751
0.33997509339975096
0.9590891763450151
0.3403118741931221
0.3403406405180257
0.34036432390672333
0.3403880070546737
0.3407535029807736
0.34077718258606843
0.3408008619506716
0.3408194588440975
0.34083805554849694
0.3408854126962346
0.3411660678622428
0.34127601189115025
0.34128952262864226
0.3413131965018014
0.34133687013435776
0.34171747967479676
0.3425781507994168
0.3429060575887505
0.34307500050799583
0.3436549177371755
0.343673490120384
0.3436869828466356
0.34413648437936484
0.34420742546599625
0.3442259930621511
0.3443408923537926
0.3443645376239233
0.344383103856331
0.344411827443651
0.3444354719932554
0.3444591163026917
0.34450640420107465
0.34452496914724506
0.34454353390484704
0.34456717706508216
0.34475561762092166
0.3447741791332785
0.3447927404571237
0.34500898778270894
0.3450224693426765
0.3450410285575009
0.3454701470939177
0.3455039350088855
0.3457742259771119
0.3460292639338769
0.3460478151162377
0.34607144307704807
0.3473650548714252
0.3474290645144916
0.3474930715583664
0.3475116107910565
0.3475941528778804
0.34763122899980714
0.3476700689767184
0.3476987575117752
0.347712219261515
0.34774929324407317
0.3477678299531031
0.348215101348951
0.34843286914863386
0.34845140041309525
0.3484699314894697
0.3484884623777601
0.34851206788055944
0.35040991923373516
0.35043350768341003
0.35090905401566497
0.3509275651984234
0.3509460761933749
0.3509645870005225
0.35097802487673235
0.35100997291182645
0.35102848301925077
0.3510571382193004
0.35109086574311266
0.3511986283998336
0.3512171367991762
0.35124071744511626
0.3512592254432017
0.35127773325352785
0.3512962408760975
0.3513299653052529
0.351348472475133
0.35316486502930616
0.35415990753507987
0.3541885281220693
0.35420700982429815
0.3542338341748282
0.35425738458652906
0.3542809347594667
0.3544863314020388
0.3545805221992995
0.3546040693018116
0.3546225473051403
0.3549391007283583
0.35494743884760815
0.3549608454345016
0.35496918335901384
0.35499092742957356
0.35499926507483565
0.35500760263558034
0.35501594011180887
0.35502934587586543
0.3550376831573772
0.355046020354377
0.35505435746686603
0.35507789930361977
0.3550963726578378
0.35513005047945345
0.3551535915746367
0.3551720642643556
0.35522928154395067
0.3554903481165017
0.35553235590737936
0.35555082555417034
0.35557436284670313
0.3555928320934098
0.35561636893449894
0.35563483778113375
0.35565330644057835
0.35567177491283547
0.35569024319790804
0.3557087112957989
0.35573224683399973
0.35574564693004684
0.3557641144664096
0.3558028520173918
0.3558969889225593
0.3559592581331712
0.3559878585798187
0.35601139139159427
0.35603492396487335
0.3560584562996595
0.3561156547383783
0.35614425352298235
0.3561677848268034
0.3561913158921505
0.9999695971624019
0.3562434444213609
0.356285437768871
0.35630896764190234
0.3563375642877049
0.3564048906296711
0.35641828555214383
0.35643674724740193
0.3564450749898662
0.35659276073122287
0.3566112206070862
0.3566246136697573
0.35664307319717686
0.35666153253754335
0.35667999169085945
0.3572456351900453
0.35671690943635215
0.3567404345006485
0.3567588928801228
0.35678241749333767
0.35680594186818254
0.3568243996352214
0.35684285721523346
0.35685624829011764
0.9999594698658453
0.35690655318286596
0.35693514230999157
0.3569485325781333
0.35696698887470363
0.35698544498426965
0.3569988347940625
0.3570172905552938
0.35703068006808786
0.3570542015167711
0.35707772272713456
0.3570961777147344
0.3571095665565665
0.3571280211958642
0.35714140974072683
0.35715986403173267
0.35717831813576495
0.35719677205282646
0.3572101599781157
0.35722354776776444
0.3572420011752548
0.3572604543957853
0.3572789074293588
0.3573208785864808
0.35756980183976983
0.35759331769807057
0.35761683331813715
0.35764034869997313
0.35766892918650595
0.35769244406623407
0.35772102399935163
0.35776805251641136
0.3577865012029885
0.3578100148916556
0.3578284631787952
0.35784184614137815
0.3578754894164484
0.35790406726434687
0.35793770988345297
0.3579561570566068
0.35797966905228606
0.3579981158260482
0.358026692329121
0.35805020361028383
0.358088909373623
0.35811748498262747
0.3582032100728825
0.35822671974554554
0.3582654234386633
0.3582939972853062
0.3583073767378257
0.35832075605482006
0.35841153918226987
0.35845024056723224
0.35847374791720477
0.35849219050705994
0.35866036656082084
0.3586940007495265
0.35876126810493264
0.35877464410693755
0.3587981485045224
0.35882165266404337
0.3588451565855042
0.3588686602689084
0.3588921637142597
0.35892579519615936
0.3589492981141248
0.3589728007940487
0.35899630323593457
0.3590198054397861
0.3590769371002618
0.35909537458095747
0.3591188758070642
0.35917094142609013
0.3591944419125168
0.35931557972665723
0.3593441427573146
0.35937270549870115
0.3593962042494582
0.3594197027622351
0.359438137386954
0.35957081588528084
0.3596178092388085
0.35963624211368445
0.35969153961832334
0.35972009843137653
0.3597435936384488
0.35976708860759493
0.359795646604321
0.3598242043118551
0.3598476985159719
0.35987625567077125
0.3598946862104757
0.35991311656354746
0.3599601028819086
0.3599785326238298
0.36006926161448416
0.3600876904305033
0.36012130785665825
0.36014986203579474
0.3601784159257984
0.3602019066713245
0.36022539717899127
0.3602438246447177
0.3602622519238558
0.36028067901640837
0.3602991059223783
0.3603460845264373
0.360364510821415
0.360387999554489
0.3604064254506979
0.36042485116034184
0.3604432766834237
0.3604617020199463
0.36048012716991257
0.36050361460421604
0.3605271018007118
0.36055058875940343
0.36057407548029463
0.3606109235231881
0.36062934726483004
0.3606528331114362
0.3607099285717902
0.3607334136538053
0.36075689849804854
0.36078038310452354
0.3608139917487155
0.36083747582841463
0.36086602175684773
0.3608945673962784
0.3609617818273855
0.36097007861261143
0.3609986231473232
0.361050649442684
0.3611344516547039
0.3611680561250057
0.3611915367483296
0.3612251405894888
0.3612638057926119
0.3613494293017488
0.3613830314932731
0.36144334384442905
0.36146682188591384
0.36152390014779423
0.3615404860963487
0.9987650321901446
0.3616932973645985
0.361716772952728
0.36176878460588513
0.3619855456809118
0.3620140797311591
0.36204261349258565
0.3620660860059416
0.3620844973480708
0.3621079694118719
0.36213650212050974
0.36215997368354463
0.3621834450090083
0.3622069160969043
0.3622303869472363
0.36224879680565186
0.3622672064777328
0.3622906766666161
0.3623141466179492
0.36233761633173583
0.36238455504668404
0.36240296347276907
0.362426432262015
0.3624448402898668
0.36253042593782736
0.362582421196986
0.3626160089872175
0.3628276490233782
0.36290816352347655
0.3630627394030168
0.3631869494158305
0.36364280293448015
0.36366626022635856
0.3636897172808775
0.3637131740980405
0.3638102176486659
0.3641054697776069
0.3641339815550238
0.36482501530072886
0.36485351839113017
0.36487696315217116
0.36489534966060716
0.36492890995260663
0.3649624699051126
0.36500108745681786
0.3650245308785595
0.36504797406315276
0.36508659059642307
0.36510497539362613
0.3651183021940783
0.3651366866449182
0.3651550709097898
0.36517345498869597
0.36519183888163953
0.3652152802714964
0.9999949423427068
0.36526216233986275
0.36528560301837937
0.3653090434597897
0.36532742610912183
0.36543956627505325
0.3654579477064684
0.3654813863278899
0.3655232055347362
0.3655618153681208
0.36559031026373684
0.36561880487114135
0.36563718474539414
0.3656656788275395
0.3656941726214859
0.3657226661272378
0.3657511593447995
0.3658936211099087
0.36591199866496077
0.3659354329753019
0.3659689808798022
0.3659974715549937
0.36602596194203824
0.3660930554782987
0.36613992060883416
0.36616840955520946
0.36618678479143596
0.3662102165272707
0.36623364802613284
0.36625707928802587
0.3662855669216883
0.3663039411009193
0.36631725853673336
0.36638384369564336
0.3664022167275963
0.3664205895737473
0.36644722205367797
0.3664655943935724
0.36651245101757046
0.36656941909322116
0.36659284652489155
0.36661121757112736
0.3666397006775205
0.3666631273984862
0.9999898878563267
0.36670998012973816
0.3667334061400315
0.3667517759182951
0.3667701455108046
0.36679357086158343
0.36681194005703077
0.3668353649596287
0.3668587896253602
0.3668771582124566
0.3668955266138165
0.3669138948294429
0.3669322628593385
0.36695568644303445
0.3669740540759166
0.3669974772114845
0.3670158444473655
0.36703926713481866
0.36705763397371083
0.3670943670943671
0.3671177889111894
0.3671412104911933
0.36716463183438236
0.3671829974823817
0.3672348944430963
0.3672532594573553
0.36727667964208077
0.36729504425941933
0.3673134086910804
0.3673551922513068
0.3674020301694504
0.367505813365686
0.36765508735037206
0.36767850372804245
0.36770191986897577
0.36772533577317557
0.9993782477707908
0.36776711200076834
0.36782219256743093
0.3678456071535083
0.3678589120171457
0.3678924356155382
0.367915849491498
0.36798103508408353
0.3681031519783264
0.36813667264777983
0.3681600841058197
0.3681834953271973
0.3682069063119162
0.368235371419618
0.36825372757139246
0.36827713784615695
0.3683239576857566
0.3683423130186905
0.36837077657880773
0.36839923985120493
0.368417594525339
0.3684410031436687
0.9263667561243107
0.3686479438416326
0.3687080536912752
0.36873145906717947
0.36875991792757007
0.36878332280480103
0.3688067274454709
0.36882507820514765
0.36886364325493487
0.36888704713486525
0.3689003436426117
0.36890858647368874
0.36892188273819754
0.36894023235952556
0.3689484748640618
0.36896177072542136
0.36898517328158636
0.36901362899028234
0.3690319776843467
0.36905032619296674
0.36907372782859166
0.9999898934772502
0.36911361190138103
0.3691370127441964
0.36915536016574446
0.36917370740186767
0.36919205445256875
0.36925214754926733
0.3692755468643413
0.36929894594294144
0.3693172918045709
0.36934069043576684
0.3694507604466677
0.3694741575758801
0.36954434754489324
0.3695778490766238
0.36960629762121305
0.369639798501392
0.36966319384795726
0.36968153638609735
0.3697099838318513
0.3697485360320532
0.36977193035640304
0.3697902719744547
0.36981366585153896
0.3698421119110774
0.36988571486313065
0.3699141602712111
0.36996094559160103
0.3699843378972364
0.3700026777008149
0.3700494611813088
0.3701012958799606
0.37012468676744
0.37018793573810244
0.3702163776074689
0.3702764418219294
0.3702947788527116
0.37031311569822073
0.3703415560730903
0.37039843596077776
0.3704268754736044
0.3704452111886275
0.37046859844810864
0.37048693376710634
0.3705052689008558
0.37052360384935973
0.37054193861262097
0.370565324792758
0.37058365916002384
0.3706019933420557
0.37062032733885636
0.3706386611504286
0.3706620462513008
0.3709179627319153
0.3709780072130684
0.37100138906427577
0.37102477067927425
0.37104815205806735
0.3710664821343786
0.37108481202551785
0.37113157323177476
0.37116130596411834
0.37117458393312625
0.37119796349236817
0.3712213428154374
0.37124472190233754
0.37126810075307215
0.37129147936764484
0.37135843872479696
0.3713818165288672
0.3714487739589384
0.3714772015596275
0.3715005782915903
0.371557432108243
0.37157575757575756
0.37165093458179926
0.371679360012929
0.3717311596618284
0.37175958425712224
0.37178800856531047
0.37181643258639757
0.37189160252913966
0.3719149752794009
0.37193834779359036
0.37195666994924625
0.371969941822883
0.3720166853518367
0.3720400567622299
0.3720684779315221
0.9999899000611047
0.3721152195210633
0.3721385899617721
0.37215691027350223
0.372185330135084
0.37225731844647447
0.3722958369523502
0.37231920577289185
0.372347624097359
0.37238109184925594
0.37240445988527104
0.37242782768528476
0.37245119524930065
0.3724745625773222
0.372497929669353
0.3725263460868424
0.3725497126814046
0.372583178060887
0.3726065441324985
0.3726299099681379
0.37265327556780886
0.37267159152305307
0.37269495667629415
0.3727297972785337
0.37275316072222
0.3727916710845868
0.37281503397994525
0.3728333476388349
0.3728668080379683
0.37290026809922194
0.372933727822601
0.3729621383095278
0.37301895842274
0.3730423192269244
0.37307072859184015
0.37308904012763294
0.37315595496541626
0.37318941187755905
0.9257492225049477
0.373236130113645
0.3732594888778941
0.37329294459169504
0.3733529215763487
0.373371230670591
0.3733895395799677
0.3734128967442612
0.3734362536727214
0.3734596103653519
0.9999798065467176
0.373506323043138
0.37352463071595166
0.3735429382039205
0.3735612455070474
0.373584600861229
0.3736029077691958
0.37363447287119117
0.37365782738410747
0.37369948761957644
0.3737360989818119
0.37375440438570806
0.3737727096047936
0.37389640742442065
0.37396646239891773
0.3739948613627989
0.37401821228824683
0.3740365152517049
0.37404977032961484
0.9985311264896952
0.3741217089323211
0.37414505862815667
0.3741684080882724
0.3742018524594301
0.37424855009918384
0.37427189856550136
0.37430029426758665
0.3743236422370281
0.3743469899707754
0.37437033746883236
0.37438863736163897
0.37441198441380147
0.37443028391167194
0.37449338562249845
0.37461894090808145
0.37475522357928737
0.3747836136892415
0.37481200351263233
0.37484039304946426
0.3748687822997416
0.37488707764515883
0.3750056775456853
0.3750340651021953
0.37506245237218083
0.3750807460939077
0.3751040862363931
0.37513247272323547
0.375155812369105
0.3751741052504088
0.37519239794708237
0.3752106904591286
0.3752289827865502
0.37524727492935
0.3752655668875308
0.3752838586610955
0.3753355806301851
0.3753538717735221
0.37537216273225477
0.375390453506386
0.3754087440959186
0.37542703450085535
0.37545037089367717
0.3754737070509812
0.37549704297277114
0.3755638983923219
0.37559227955090196
0.37560552236395933
0.3756137190491328
0.3756219156515859
0.3756351581146337
0.37570515990352304
0.37572849336219555
0.37575687240140476
0.37590380899040815
0.37598389440542507
0.37604064704279644
0.376074068467923
0.3761207283662215
0.37613901250264886
0.3761572964545734
0.376175580221998
0.3761938638049253
0.37639057762261047
0.3764239947530397
0.3765916658258501
0.3766981964938832
0.3767265646282526
0.3767498877549476
0.37681795481029706
0.3768494650234825
0.37687278670661944
0.3768910636365929
0.37691438487459394
0.3769326614103321
0.37694589332015055
0.37695912509647445
0.3769774011299435
0.3769956769790306
0.37701395264373844
0.3770271838097688
0.37705869000479203
0.37707696498290005
0.3770952397766423
0.37711351438602153
0.37713683297267575
0.37716015132408576
0.3771784253295065
0.3772219195771039
0.37725532526620026
0.37727864254945676
0.3773019595974881
0.3773252764102978
0.3773485929878895
0.37738199719557347
0.37740026934464516
0.37743871683647734
0.3774721200841315
0.37749543533304414
0.37752379415221193
0.37754710890529797
0.3775653796686253
0.47728063671715415
0.37764036556579983
0.3776687227957976
0.377692036112372
0.3777103055918415
0.3777336184635249
0.37776197465111233
0.3777852870270434
0.37780859916782245
0.37783191107345315
0.37794846707450536
0.37794656095863466
0.3779900445323099
0.3780083113110488
0.37802657790554
0.3780448443157863
0.3780731969317202
0.3780914629226176
0.378109728729279
0.37814625978990474
0.3781746111794727
0.37819287619835296
0.3782294056834514
0.3782577560818171
0.37830941310552807
0.3783327197817437
0.37835098335854767
0.3783843752679008
0.3784127240269891
0.3784309869240506
0.3786558554197426
0.3787692369753323
0.3787975816495812
0.37882592603797943
0.37885931252174526
0.3789260844792029
0.3790558017819056
0.379584860569821
0.37963649197106053
0.37968812233106625
0.37971645794260594
0.9330775552183272
0.3797983362742627
0.37984996370089535
0.3798732562653451
0.37995321543084154
0.3799865898354986
0.38018107941885204
0.3810145468108915
0.38104286902391693
0.38142807461430295
0.38151806864573357
0.38165653633312163
0.3819284151958956
0.382206498951782
0.38225808077244827
0.3823682075419403
0.38288587898577015
0.38291418292123736
0.38295256427052576
0.3833425706655918
0.3836042281764226
0.38388525308707283
0.3838984331704368
0.38406508980075066
0.3841166365234739
0.3841398905782426
0.38417322001622173
0.3841964735516373
0.3842247646107576
0.3842480176522151
0.38428134587386586
0.3842995607141418
0.38431777537089745
0.38435110273744877
0.3843743545567663
0.38440264372216737
0.3844258950475797
0.3844441086091381
0.9999445874535919
0.3845138605532131
0.38457857301174714
0.38460182251394087
0.38463010910849393
0.3846533581168553
0.3847149671823132
0.3847533270871742
0.3847916866055822
0.3848331444402468
0.38485135448253627
0.3848645272431458
0.3848827369439072
0.3849009464612223
0.38491915579509395
0.3849908327121069
0.385009041318068
0.38508071624650564
0.3851039609944796
0.38512720550829316
0.38515044978794993
0.3851736938334534
0.3851919008763977
0.3852333511297358
0.3852565942893983
0.38534646882838236
0.38540302596853154
0.3854161944910324
0.9975321077814152
0.3855010274386559
0.3855343409568226
0.38558082143486694
0.38560406132275027
0.3856323373137185
0.38565557670806516
0.38568385215477513
0.38577680635365097
0.3858000443182047
0.38584651954513866
0.3859030659522179
0.38592630269578837
0.38594953920531805
0.38599097556553796
0.3860142113983271
0.3860707541231273
0.3861040609137056
0.38613233153889925
0.38616060187936224
0.3862252682784355
0.3862535375814525
0.3863100753333602
0.38636157634475743
0.38637977309692983
0.38639796966584083
0.38641616605149326
0.38643939775416686
0.38646262922287516
0.3864858604576217
0.3865040560342006
0.38652728682638954
0.38654548201112815
0.38668486059989626
0.3867131247419462
0.38673635342869944
0.3868060380854556
0.38685752839764764
0.38688579067413864
0.38690901767282615
0.3869605059110225
0.387011993112268
0.38703521889081893
0.38708166974629565
0.3871048948232285
0.3871281196662958
0.3872845174802642
0.38734606748361244
0.3873642556147956
0.3873824435628411
0.38740063132775177
0.3874188189095303
0.3874370063081795
0.3874551935237021
0.387473380556101
0.3874915674053787
0.38751478843104187
0.38755619547214265
0.3876127044538082
0.38768236324644334
0.3877106165331776
0.38773886953545034
0.38783872900169647
0.3878619467600983
0.38788516428474346
0.3879134155549962
0.9999848982139621
0.38797299814248964
0.3880143968186051
0.3880325789304124
0.38805076085916934
0.3880921579188459
0.38811033927313
0.38812852044437507
0.38823144489467193
0.3882496249987416
0.388291018181086
0.38831423120869385
0.3883374440026174
0.3883656900101172
0.3883939357332689
0.38841714777549036
0.3884403595840422
0.3884635711589279
0.3884918158207333
0.38850999360771504
0.3885281712117094
0.38855138187729954
0.38858465874773507
0.3886129020892788
0.3886361119779346
0.38866938791944955
0.3886925972901693
0.3887158064272592
0.38873901533072286
0.388795498469963
0.3888419145402386
0.38886008928436616
0.3889962555864235
0.38903456015943877
0.38916065263560506
0.38917882467803705
0.38931804799983893
0.3893462835287605
0.3893694863394578
0.3894209236436469
0.3894673275796996
0.3895237951458607
0.38954196398917057
0.3895651648810632
0.3895883655394525
0.38969123004770434
0.38971946156749276
0.3897608276681075
0.3899735324604748
0.39001992593188956
0.3900481540930979
0.3900663184695428
0.3900895143882177
0.39010767837375465
0.3901258421765011
0.39014400579645975
0.3901621692336334
0.390185364086463
0.3902035271327581
0.39022168999627665
0.3902448841995099
0.39027310966651235
0.3903245283018868
0.39035582031878924
0.39036895040578
0.3904617195872347
0.39047988005514245
0.3904930091215995
0.3905363252163413
0.3905695785390494
0.39062099082827284
0.3906905607598885
0.3907419705385173
0.39077019052266704
0.3907933792825879
0.3908447869921317
0.3908679750267893
0.39088613198909317
0.3908992579549742
0.3909224453656377
0.39094563254300047
0.3910283175957461
0.3910515036572728
0.3910696588742498
0.39109284449452675
0.3911109993208743
0.39112915396456494
0.39114730842560125
0.39116546270398617
0.39120177071281254
0.3912199244432595
0.3913137522196009
0.39134196521091763
0.3914215723260949
0.39151429793013254
0.39154753880667587
0.3915707193408683
0.39159389964186553
0.39163019968814444
0.3916584092429493
0.3916815886365008
0.39170476779687446
0.39173297655094713
0.3917561552196766
0.3918025118576379
0.3918206601011981
0.39184383786257854
0.39186701539080576
0.3918851630360978
0.9999849111265353
0.3919214577790296
0.39193457530278036
0.39202925156040175
0.39205745669624
0.39207560265353647
0.3921038072725444
0.39212698221102343
0.39214512754486197
0.3921683020424175
0.39219147630686907
0.3922146503382201
0.39223279486612084
0.39225093921151494
0.3922690833744053
0.3922872273547946
0.3923053711526856
0.3923335730558587
0.39235171643817707
0.39236985963800586
0.39239303172336104
0.3924111745329277
0.3924293171600133
0.3924656018667525
0.39248985421245053
0.3925211085575777
0.3925392499019381
0.39255739106384047
0.3925755320432876
0.39259367284028224
0.9999044544348228
0.3926299538869249
0.39268634875616637
0.3927377139035416
0.3928988072490295
0.3929169453258175
0.392968306087866
0.3929914719015246
0.3930327745205507
0.3930559396605908
0.3930791045676703
0.393135490099458
0.393274471551256
0.3932976343112854
0.39334395913257275
0.39337214914926993
0.39340033888249226
0.393433556237116
0.3934617453781217
0.3935231506387857
0.3935513389041399
0.3935795268860454
0.3936077145845065
0.3936359019995274
0.39366408913111245
0.39369227597926587
0.39374362119848566
0.39377180722164684
0.39379999296139323
0.39382817841772916
0.39385636359065884
0.3938845484801866
0.39391273308631675
0.39394091740905346
0.39396407402379985
0.39397214820773213
0.3939852496845323
0.3940033783783784
0.39402150688994686
0.39403963521924046
0.39405776336626197
0.39408594582637896
0.3941040735583183
0.39412220110799423
0.3941634828071587
0.3942128361225198
0.39423598962417805
0.39425914289305014
0.39427726893417653
0.3943054487324496
0.39432860130298397
0.3943517536407462
0.3943749057457397
0.39439805761796803
0.3944212092574347
0.3944443606641432
0.3944624850452914
0.3944806092442255
0.39450376000321713
0.3945218838124632
0.39454503413123687
0.394563157550807
0.39458630742937567
0.3946044304592819
0.3946275798976586
0.394650729103311
0.3946920003015909
0.39471514883435704
0.39473829713441266
0.3947664716408308
0.3948208352810491
0.3948389561301218
0.39485707679703247
0.3948751972817837
0.3948983438465985
0.3949315426526468
0.3949496624898847
0.3950140731805388
0.3950271661280351
0.39538740658468063
0.3954055222185367
0.3954719067242939
0.3955845696136373
0.3956077091238033
0.39562582292221565
0.395648961992492
0.3956721008302008
0.3956952394353457
0.39572340318608973
0.9923112100547261
0.39581595424987687
0.39586222838650026
0.39588536510600664
0.3959034764168484
0.3959266126965462
0.39597089476487674
0.39599905529062374
0.39601716548411087
0.39605338532506557
0.3960765199214098
0.39609965428525484
0.3961278133149757
0.3963369595256639
0.39636009165092256
0.3963882482401001
0.396426453888593
0.3964445605695939
0.3964727163099186
0.396490822576512
0.39652902694174513
0.39655718183325545
0.39658031192218024
0.39682061176092287
0.3968487637728417
0.39687691550187404
0.3969000427060567
0.396913121244398
0.3969312238428031
0.3969543504255469
0.39697245263491077
0.3969905546623794
0.39701368059846964
0.3970317822369148
0.3970599317735364
0.39708305701251984
0.3971061820191414
0.3971293067934045
0.39715243133531275
0.39719365583348826
0.39721175584024115
0.397229855665131
0.3972479553081607
0.39727107855696725
0.3972891778110462
0.3973253757736516
0.9999598105065384
0.39736157300887176
0.3973846949899276
0.3974027931277002
0.3974309382551077
0.397454059539239
0.3974952779005747
0.3975133750282571
0.39753147197411914
0.39754956873816355
0.397567665320393
0.3975857617208104
0.39760385793941827
0.39764004983121687
0.397658145504413
0.39768628751117674
0.39770438277031267
0.3977224778476562
0.3977586674569767
0.39777676198895917
0.3977948563391601
0.39781295050758236
0.3978310444942285
0.3978722549275683
0.3978903483436723
0.3979285333976272
0.39796169513830637
0.39797978783251625
0.3980029032241862
0.3980260183836456
0.39804913331089803
0.398077270809475
0.3980903396904964
0.3981657274307125
0.3981888407274773
0.39825013435392087
0.39826822432722925
0.39829133664485217
0.39844507279932095
0.3984732057656572
0.3984912938009452
0.39859978303668286
0.39856564581094245
0.3985937774652839
0.3986168866389441
0.3986349734075945
0.39865305999457606
0.3987274069535609
0.39876055885336625
0.3987836663770634
0.3988449466415568
0.39886805339332887
0.3988861379923366
0.3989042224097063
0.3989323503859307
0.39896549992467234
0.39899362731066484
0.39902175441415744
0.39909408645347905
0.3991171906777746
0.39914531631331035
0.399168420048308
0.39919152355127047
0.3992196483898343
0.3992658541851835
0.39928393524283934
0.9978558336890205
0.39934018257961496
0.3993632844080001
0.39938638600437865
0.3994325885011298
0.39946573203247787
0.3994918479761791
0.3995149482310172
0.399946778866189
0.39998795005296955
0.4000060249432651
0.4000291204129074
0.40005723638627533
0.40008535207731893
0.4001134674860425
0.40014158261245025
0.9289182092489671
0.40022090571342506
0.4003745243139578
0.40038255508642634
0.4004327483031447
0.40044077854141463
0.4004488086990572
0.40050803977971555
0.4005441794386518
0.4005622489959839
0.40058533842701594
0.40060842762622867
0.4006264965889068
0.4006445653701733
0.4006776938329861
0.4007007821049567
0.40072387014512545
0.40074695795349585
0.4007931328748557
0.40081120018472877
0.4008393068690641
0.4008623935184953
0.41419656398398846
0.4142143943989737
0.4142272521592983
0.41425005469697873
0.41427285700789124
0.41429068668887675
0.41433131787262817
0.41435411932595106
0.41442749458024225
0.4145365227897634
0.41456926641540953
0.41459206555192596
0.41461486446172513
0.4147288556100811
0.4147466812509322
0.9301404053059682
0.4148200444482009
0.9870782662304732
0.4148606657220275
0.4148784901758015
0.4149240819735704
0.4149419058462059
0.9999751416923536
0.415063759974148
0.4150815825320911
0.41509940491282493
0.4151172271163521
0.41516281382053194
0.41520839961819916
0.41534928115492453
0.41762630798160266
0.41764408192426766
0.41769947507863897
0.41773998293278297
0.41777552863195705
0.41779330121701336
0.4178110736257194
0.4178288458580777
0.4178693510217649
0.4178920839038717
0.41791481656041474
0.41793258783723447
0.4179730909668201
0.4179908616900416
0.41800863223694
0.41802640260751794
0.418044172801778
0.41807971266135513
0.41811525181569237
0.41815079026481067
0.9818185426061247
0.418223939756227
0.4182615511305573
0.418370232207434
0.41839295989840664
0.4184206479520212
0.4185946149725193
0.4186123801445458
0.4186627909860664
0.4186855158730159
0.4187309649705856
0.4187536891812126
0.4187764131664054
0.4187991369261675
0.4188218604605022
0.41884458376941275
0.4188673068529027
0.4188900297109752
0.41891275234363373
0.41893547475088166
0.41895819693272224
0.4191193246634725
0.4191519648445831
0.41916972522567203
0.4191924452313995
0.4192279650635096
0.41925068444232827
0.4192932424054557
0.41933084026861617
0.4193684377588319
0.41939115599023946
0.4194237932043506
0.41946426888722466
0.4194919457229011
0.41951466277841426
0.41953737960859777
0.419560096213455
0.41967079781193123
0.419693513191827
0.41971622834641764
0.4197666172393785
0.4197893316934796
0.41981204592228916
0.41985251454274053
0.4198653098468619
0.41987810502407646
0.4199107364244979
0.419943367501277
0.41996608017773196
0.41999871065642463
0.4200263818223293
0.42005405271379337
0.4200718054508668
0.4200945169272577
0.42012218706919635
0.4201399392043003
0.4202229473078716
0.42025557489475013
0.42031587037909407
0.4203513713200474
0.4203740801713708
0.420406706038112
0.42043437298557046
0.42044716394523757
0.42050745513777255
0.4205627866617082
0.4206486545450939
0.42080680668768966
0.42082951136673524
0.4208472576182779
0.42086996187161296
0.4208926658998056
0.42094798948881945
0.4209657347130016
0.4209983539257878
0.4210210567545725
0.42104375935823574
0.421089163890211
0.4211118658185298
0.42113456752174044
0.42117997025285075
0.4212125869480072
0.42123528770165886
0.4212608574941498
0.9852358642572073
0.42130129991175275
0.42131904197672865
0.42135452557892805
0.4213772247285707
0.42139496606531124
0.42141766478940273
0.42144036328843454
0.42146306156241015
0.4214808021218055
0.4214985425053045
0.4215488949920186
0.4215666347741165
0.4215843743803292
0.4216070711527308
0.42162976770010213
0.42168011738811445
0.42170281323584086
0.4217205516393524
0.42174324706162286
0.42177089942893403
0.42183611758290784
0.4219042001060808
0.42192689383048965
0.421944630331871
0.4219673236308839
0.42198505975601897
0.42202548837854853
0.4220432239516209
0.4220836513963379
0.42212903481640096
0.422174417336651
0.4221950155639709
0.4222354399008674
0.42227090685594193
0.42229855318136533
0.4223162861702866
0.4223340189834205
0.4223567081028569
0.42237939699737803
0.4224070420999415
0.4224247741116877
0.4224425059476606
0.4224602376078628
0.42247796909229685
0.4224957004009655
0.422523344104994
0.4225637619817016
0.4228174947342337
0.42285790749193414
0.4228805915411987
0.4229032753656228
0.4229259589652096
0.42294864233996265
0.42297132548988514
0.423016691115252
0.423034417820948
0.42305710009614145
0.4233044926114233
0.42332717208707676
0.4233448959365709
0.4234001645176956
0.4235581520958143
0.42360065012288906
0.4236332373680064
0.4236559139784946
0.4236835454955379
0.42370622163201394
0.42372889754376575
0.42375157323079665
0.4237692936600352
0.423847228691197
0.423869903230122
0.4239024873649787
0.4239251614054038
0.42394783522113544
0.423970508812177
0.42399318217853177
0.4240109005326397
0.42402861871116704
0.4240916815720238
0.4241221616104563
0.4241448333267272
0.4241675048183399
0.42420503978517
0.4242277107538336
0.42433821015760087
0.424350971066191
0.4244012643552878
0.42443384214463714
0.4244515566477081
0.4244841338650945
0.4245245160938731
0.42457480591927627
0.42459251919742386
0.4246428076016091
0.42467538258039267
0.4247157613138144
0.4247610932491814
0.42478375888000475
0.4248064242862592
0.42482908946794806
0.4248567083289987
0.4248793730370253
0.4249069913753387
0.4249247017794158
0.42494736581378645
0.4249749834048329
0.978570048596353
0.977505102344106
0.42504582156833604
0.46341511742531194
0.4251442724458204
0.4251796886222799
0.4252122569076373
0.4252349179458983
0.42525262532197344
0.4253078531023073
0.42533546658212923
0.4253581264488518
0.4253906927211036
0.42541335208979325
0.42543601123400715
0.42546362339514976
0.42550609493335445
0.42555636457296264
0.42558397559091
0.425611586335336
0.42564910299464076
0.4256668070036405
0.425764494942991
0.4257949479940565
0.4258176036770496
0.9859337698487385
0.42586291436977164
0.4258855693795071
0.42590822416483
0.4259358315255614
0.42597618717435665
0.42599388833583446
0.4260214947253727
0.42603919548712055
0.42605194342089625
0.42606964385651247
0.4260823915132185
0.4261000916227125
0.42612274411141265
0.42613549131573863
0.42615814340474845
0.4261857477503355
0.4262211458936911
0.4262338922950446
0.4262791941522553
0.4262919400767612
0.42631459049354714
0.44298186968557945
0.9999950477397884
0.42640234934060983
0.42645048828318444
0.426473137129642
0.42649083363871365
0.42651348206105927
0.426536130259092
0.4265587782328152
0.42658142598223214
0.4266040735073463
0.42668475758010926
0.42672721150417936
0.42674490579118074
0.42679019742803803
0.42680789114029355
0.4268404399130474
0.42685813320128746
0.4268906814029146
0.4269083742671526
0.42692606695617297
0.42694871109262506
0.4269614518085712
0.42698904711917446
0.4270116906074065
0.42717230383783167
0.4272048483888218
0.42723244126457555
0.42726498519552797
0.4273180537607257
0.4273307917017379
0.4274135651795042
0.4274312535276818
0.4274489417007055
0.42746662969857807
0.42748431752130195
0.42750200516887976
0.4276123614975592
0.4276349989850631
0.42765763624841574
0.42768027328762037
0.4277177626172111
0.42774039913459777
0.4277630354278472
0.4277906222616083
0.42780830734194764
0.4278408443940572
0.4278684304328884
0.42789601619858114
0.42796815747002387
0.42801837660151687
0.42804596107862986
0.428063644194497
0.42822631347059203
0.42825389596245617
0.4282715774362021
0.42830693985851975
0.42832462080709677
0.42834230158062264
0.4283628119260832
0.4283854424489634
0.4284031225713197
0.42842080251863734
0.4284434324183848
0.42846606209409155
0.42858698557582836
0.428604663825406
0.4286223418999723
0.4286449696819701
0.42866759723995923
0.428685274740505
0.428712851683925
0.42874042835434517
0.4287581052318963
0.4287757819344556
0.4288486096399616
0.42892143518266457
0.4289440600283115
0.4289942585626609
0.42903668067372464
0.4290692034329496
0.42909182698732445
0.4291243491516699
0.4291469722091613
0.42916959504271307
0.42921766502185116
0.42924523632764167
0.42934349558288587
0.42936611632418736
0.42938378774306263
0.42941630620910826
0.4295294041957211
0.42953717634016947
0.4295774647887324
0.42960998084793656
0.4296276500979868
0.42965026797776995
0.4297329664673978
0.4300750689080121
0.430102631604992
0.4301202971056447
0.4301379624314641
0.4302234670044733
0.4302361830678562
0.43039872534563123
0.4304439474309239
0.4304665581379239
0.430489168621164
0.4305068308106423
0.43052944087085604
0.4305520507073196
0.4305796083165926
0.43060716565315704
0.4306248268218343
0.4306474357388486
0.43069760077582664
0.43072020899716984
0.4307477648199734
0.43077532037009547
0.4307979278713182
0.4308205351488284
0.4308904875466321
0.43096820158620996
0.4309858597452973
0.4310409657629131
0.43106357083133373
0.4310861756760768
0.4311087802971458
0.43113633215254005
0.43115893630179347
0.4311914350454667
0.4312090913138769
0.43130658487112256
0.4313418953950884
0.43136449763274676
0.43138709964676897
0.43140970143715834
0.431488077570001
0.43150078410614373
0.4315085434991244
0.4315311437942447
0.43154879689726133
0.4315664498256202
0.43158410257932384
0.4316342481746047
0.43165684717708225
0.43168933959930744
0.4317119381056735
0.4317295896157347
0.4317521876994158
0.4317775963988029
0.4318001939096539
0.9982983522707598
0.43184044163476093
0.43186798510083646
0.4318856351404828
0.4319230712155163
0.43194072080806484
0.4319732097366976
0.43201840081121856
0.43205864458591164
0.4321313745857447
0.4321490223622577
0.43220410242712926
0.4323819038810606
0.9177156027281405
0.4324793511053959
0.43250969375642956
0.43253228351129863
0.43254992729754593
0.4325725166299859
0.4326176946245493
0.4326402832866794
0.43266781734825593
0.43268545994065283
0.4327031023585442
0.43272569015143275
0.4327433321958626
0.4327659195663785
0.43278850671348384
0.4328110936371819
0.4328485166191081
0.4328809938281374
0.43290357995934897
0.432941001928688
0.4329734781985154
0.4329960635372777
0.4330235939331299
0.4330560693127083
0.4330835991395297
0.43313865797633233
0.4331661869863217
0.4332515750017308
0.4332917952369649
0.4333094325627395
0.4333496516291099
0.9984819115058251
0.4334520100875241
0.43347953577839204
0.43350211638118596
0.4336100713519287
0.4336277059701935
0.4336601743481722
0.43367286392405063
0.4336954425660474
0.43372296555611595
0.43374059918019414
0.4337906993992435
0.43381327690040844
0.4338457430765351
0.4339007856651949
0.43392336217552535
0.43394099411127757
0.4339586258726737
0.4339762574597163
0.4340087217063692
0.4340411856319992
0.43408139149695685
0.43412159656677823
0.4341441708691783
0.43416674494835883
0.4341893188043231
0.4342118924370745
0.4343494769315957
0.4343720491029273
0.43439462105107035
0.4344348204398038
0.4345448792738634
0.4345977585414205
0.43463795413311185
0.4346654670212871
0.43470566134741256
0.43472822997256344
0.4347507983745786
0.43477831002486567
0.43483333250942957
0.43485095654753075
0.43487352378504235
0.4348960907994384
0.434913714265941
0.43493133755820734
0.4349539039521491
0.4349764701229881
0.4350392241187549
0.43510691935818724
0.43512948399183404
0.4351520484024043
0.435224042905514
0.4351971765543286
0.4352197402956892
0.43523736085572495
0.43525992417539505
0.4352824872720083
0.435305050145568
0.43532761279607735
0.43535017522353975
0.9968168292851706
0.4353952994093369
0.4354376322189051
0.4354651363948655
0.43549264029893536
0.4355250866206338
0.43554764729141954
0.43556526509853155
0.43558782534771306
0.43561532796567864
0.43564777287914436
0.435675274928951
0.4357027767068988
0.4357302782129918
0.43575283697758094
0.4357704530739538
0.43580568474430514
0.4358310310231154
0.43584370397461625
0.4358563768008501
0.43586904950181876
0.4358817220775241
0.4358943945279681
0.43592962340614805
0.43596206404040705
0.4359895622263297
0.43601706014045455
0.4360445577827857
0.4360621710445032
0.43608472616211835
0.4361122230623632
0.43614960365311245
0.43621447986162587
0.43624197557709127
0.4362645291373448
0.43628708247468534
0.4363046937545094
0.4363223048602703
0.43633991579197057
0.4363624683109554
0.436385020607043
0.4364075726802366
0.43643012453053964
0.43645267615795535
0.4364801692017276
0.43649777874413803
0.4365203297029116
0.4365379388728288
0.43655554786871315
0.4365731566905671
0.4365907653383934
0.4366259821119731
0.43664853165720385
0.4366661395845275
0.43671123760957437
0.43672884496602843
0.4367464521484761
0.43676405915692
0.4367816659913627
0.43679927265180674
0.9978357866026296
0.4370642673267816
0.43708681258955484
0.4371269615399818
0.4371544470411526
0.43717205055485836
0.437189653894612
0.4372072570604162
0.43722980083696894
0.43725234439075483
0.9775591776639213
0.437302371541502
0.4373622790288634
0.43750185271187614
0.43751945337858866
0.43754199438757363
0.4375969566721012
0.4376145565211377
0.43764203703337745
0.43766951727408815
0.4376920568735364
0.4377145962502779
0.43773713540431586
0.4377596743356536
0.43778715331640466
0.43780969177794576
0.4378949032471606
0.43792238074536616
0.4379399777695443
0.4379674547735963
0.43812520685856554
0.9999851805014919
0.4381946434040367
0.43825452964770506
0.43828200251920274
0.4383144147081197
0.43834188701240323
0.4383693590452857
0.4384743050204493
0.43850454918154247
0.438596837847049
0.43862430726372875
0.4386418978657407
0.43870948622457545
0.43872707605834155
0.4389116358553655
0.4389440410925075
0.43896656805172096
0.4389841558338931
0.4390017434423355
0.4391291893440275
0.43915171449878754
0.43916930067167126
0.43919182540584056
0.4392319355205128
0.43924952094980346
0.4393220305501094
0.4394142920638056
0.43944175296679855
0.4394917355167833
0.43954665547297467
0.4397361000686416
0.4397586196679539
0.43978113904485366
0.4398656823288314
0.43987338646756147
0.4399233610524029
0.43994094089645397
0.43997610006370025
0.4400957953731822
0.4401232495210255
0.44033082335514134
0.44035827498691527
0.4403807887343416
0.4404335160223177
0.44046096646933064
0.4405306789510845
0.4405482536265516
0.4406031520322313
0.4406805602871546
0.4406981337019848
0.44071570694328555
0.44073821725864265
0.4407557901285159
0.44097259935818317
0.4410549337704206
0.4413595635968701
0.4413771314040856
0.9999901267235038
0.4414320129536748
0.9802834561709228
0.44153465664229685
0.44156703229437144
0.4415944711835123
0.4416169733828292
0.4416444117545427
0.44166691348517606
0.4416992876852981
0.44173659788725445
0.44175909882960396
0.44177666327709275
0.44192153533279366
0.44196871498452533
0.4419862777037366
0.44200384024956685
0.4420214026220186
0.4420389648210945
0.4420663988074672
0.4420938325230139
0.44214869914164573
0.4421761320447388
0.4421986288185035
0.44222606120434355
0.44225349331938146
0.44227598937818974
0.4422984852149277
0.4423160450928906
0.4424356392639975
0.44246800487638754
0.44248556339766054
0.4424981861794276
0.4425108088365941
0.4425283668866262
0.4425459247633431
0.44256348246674726
0.44258103999684134
0.4425985973536278
0.44261615453710923
0.4427817726866681
0.4426737603703466
0.44269131683627644
0.44271380840279734
0.442731364497789
0.44274892041949415
0.44276647616791526
0.442784031743055
0.4428564378423728
0.4428964822930238
0.44291897173708134
0.4429365259531964
0.4429590149776692
0.44303416420333697
0.44305665219107776
0.4430840747923668
0.44310656231186035
0.44312904960941163
0.443151536685024
0.44317402353870067
0.44319651017044503
0.44339119879202976
0.44340874885889814
0.4434438484730357
0.4434613980203101
0.4434789473943916
0.44350636534096516
0.4435239143199728
0.4435414631257957
0.44355901175843643
0.44361384550859795
0.4436615548581917
0.4436791023787555
0.4436966497261558
0.4437141969003952
0.4437317439014763
0.44374929072940156
0.4437668373841736
0.4437893178734427
0.4438068641575717
0.4438244102685554
0.4438419562063963
0.44385950197109714
0.4438945929810885
0.4439121382263842
0.4439296832985499
0.44394722819758836
0.443964772923502
0.44398231747629335
0.44399986185596513
0.4440174060625197
0.444039883762809
0.4440574275987962
0.44407497126167417
0.44409251475144557
0.4441100580681129
0.4441276012116787
0.44414514418214557
0.4441626869795161
0.44418022960379283
0.44419777205497835
0.44421531433307515
0.4442904150407246
0.44432549764436
0.4443430386865707
0.4443605795557134
0.44437812025179074
0.44439566077480525
0.4444132011247595
0.44443074130165605
0.44444828130549746
0.4444658211362863
0.44448336079402506
0.4445009002787164
0.44451843959036286
0.4445507776851473
0.444605587044135
0.4446280584056827
0.444655462433591
0.44468779905486333
0.44471026967832955
0.4447650758416574
0.44478754575140833
0.4448100154394827
0.44483248490588373
0.4448549541506149
0.4448774231736793
0.4448998919750803
0.4449272931752264
0.44494482891290515
0.4449623644775913
0.44498976496411574
0.4450122326572488
0.4450297676299837
0.4450473024297369
0.44507470195670296
0.44509716878760974
0.4451147029954474
0.4451371694074242
0.4451596355977765
0.4451821015665075
0.44519963500949467
0.4452171682795222
0.4452347013765925
0.4452670309941405
0.4452845636723239
0.44530209617755856
0.4453196285098471
0.44533716066919193
0.44535962476510826
0.445394688170452
0.9607954349294969
0.44545221396936246
0.44546481290596224
0.44550973806599886
0.4455272684230773
0.44554479860724094
0.4455573967765481
0.4455749266392129
0.4456121835021651
0.44563957645968033
0.44566696914700543
0.44569436156414444
0.44572175371110123
0.9972382638542987
0.4457940652848259
0.4458389840956725
0.44586637471890167
0.44588883354621084
0.4459162236534535
0.44603071278515843
0.44607289565693375
0.44609535269054756
0.4461227408338881
0.4461802473519143
0.44623775216848877
0.44628266261655974
0.44630511750840757
0.4463226410907567
0.44635002662774415
0.44637248085523945
0.44639493486129056
0.44641738864590064
0.44645463510848127
0.44647708837727623
0.4465044723424818
0.44652692514410536
0.44654937772430525
0.44657183008308476
0.4465992130410343
0.44662166493266997
0.4466742271091169
0.4467016088870919
0.9944677829714218
0.4467415796817758
0.44676896072263256
0.4467914108916993
0.44682644945936484
0.4468992515604816
0.4469167697943527
0.44693921823847277
0.44700656224269947
0.4470240795156487
0.4470465268773203
0.44705418330621705
0.4470990770687071
0.4472162376686699
0.447333392492679
0.4473509068589993
0.44738321074323123
0.4474056545638295
0.4475304533869688
0.4475479660047719
0.447565478449912
0.4475879203762312
0.4476054324517513
0.4476278739598533
0.44764538566576456
0.4476628971990259
0.4476979197476092
0.4477302192141417
0.4477926098272734
0.4478101200305622
0.44784513991925745
0.44785772029102666
0.4478752298281157
0.44789766845763296
0.44845193151238555
0.44846943553196417
0.4484869393790044
0.44851430007737764
0.4485367320184128
0.4485542352749836
0.4485717383590269
0.44859416968532073
0.44861660079051385
0.44863410330841225
0.4486565339957025
0.44868389277952186
0.44870632300034496
0.4487336812691278
0.44877361233632146
0.4487960416728269
0.4488184707882611
0.4488408996826273
0.44890597279716143
0.44892347268148686
0.4489409723933334
0.4489633999103108
0.4489907551595671
0.4490405369445019
0.44907281928969534
0.44909524560435227
0.4491499531858276
0.44917730657218463
0.44921451520706446
0.44929164510803954
0.4493239247841684
0.4493589175018971
0.4493764136021169
0.4494463962787581
0.4494863140259676
0.449503808894977
0.4495213035915781
0.4495437254863315
0.4496109898448394
0.4496661821586066
0.44971373387597435
0.44973122650387515
0.4497585731178557
0.44978591946235974
0.4498433219684279
0.44995812188993445
0.4499805390917914
0.4500204460691816
0.45005049882990517
0.45006798833359607
0.4500953309980934
0.45012267339317563
0.45015001551884676
0.45017243078135777
0.45019484582300806
0.45022218718901186
0.45026208962282743
0.45027957730866813
0.4503096257395794
0.4503320393323743
0.45035937907965456
0.4503867185575644
0.4509967145608496
0.4510191214572107
0.4510415281328349
0.4511634092521081
0.9595273511766966
0.4512503263112788
0.45127765628386235
0.45129513517773323
0.45139460087768984
0.45144925751717685
0.45146673496325773
0.9999950747893241
0.4515115397117781
0.9791223404255319
0.451593520520486
0.4516109967395908
0.4516934502849094
0.451715850439305
0.45174317529266333
0.4517704998768776
0.45184262236952916
0.45191966748089196
0.45193714080282876
0.4519546139526638
0.4520092583472865
0.45205405245688507
0.45208137376085256
0.4521781095801365
0.45246653995016695
0.45252117392160723
0.4525708826976295
0.45259327467094734
0.45261566642374584
0.4526555252454625
0.45267299236287895
0.452695383282124
0.452722697930464
0.4527401644591068
0.4527724025190678
0.45279971638469263
0.4528171822761001
0.4529389752730209
0.45297390448055147
0.45299629248501977
0.45301868026902736
0.45304599144276547
0.45307330234756577
0.4530956894217277
0.4531229998129056
0.45314538642193525
0.4531628493215432
0.45318523551393586
0.45320762148589433
0.4532447774862021
0.4532671629445823
0.4532895481825388
0.4533168565436159
0.453416240805837
0.4535576965680893
0.45358007916346665
0.45360738461538463
0.45363468979845023
0.45372913897504064
0.4537564428866101
0.4538285072907539
0.4538781899810964
0.4539229489312684
0.4539824751402973
0.45399993108235165
0.45404961037298847
0.45412435330081175
0.45422460682729937
0.4542519049400461
0.45428368919996454
0.45433828161915263
0.45436065541495013
0.45448012796850007
0.4544975784541481
0.4545324789101182
0.4545646941859149
0.4545919874003347
0.4546318079357423
0.4546492570736725
0.45466178439247185
0.45467923321111303
0.4547016034569311
0.45473381663196955
0.45476110793944524
0.45478839897829115
0.4548751919366904
0.4548926390180764
0.4549150073328937
0.4549646646587531
0.45501432100709654
0.455036688172678
0.9777904636296081
0.45512347319416147
0.4551458393822926
0.4551682053502884
0.4551905710981521
0.455212936625887
0.4552353019334964
0.4552527459548837
0.45527511084646843
0.45531491897584286
0.45533236226207113
0.45547458185915823
0.45549202350139256
0.4222097566256286
0.4555398642896859
0.45558546102257014
0.45566730303686354
0.45568966280746126
0.45587613040355035
0.45589356792474184
0.45591100527434464
0.4559333625257689
0.4560527416299722
0.4561099686113216
0.45615467873659354
0.4562391766372796
0.4562713698866012
0.45631607688409825
0.4563433496664502
0.456360783001835
0.45639297486102226
0.45641532732165435
0.4564376795623598
0.4565418445856865
0.456716153596411
0.4567434218617029
0.4567706898587226
0.4568301441290767
0.4568574112971061
0.45687975916415796
0.4569021068113511
0.4569195352543607
0.4569369635259106
0.4569543916260035
0.4569718195546417
0.45699416619937233
0.4570165126242628
0.4570388588293163
0.4570612048145361
0.457295058582798
0.4571108148920577
0.45712824145122577
0.45714566783896116
0.45716309405526645
0.4571805201001441
0.45720286461919846
0.45722029029703554
0.4572426344006689
0.45727481543054727
0.45729224049736367
0.4573096653927688
0.4573369271176604
0.4573592700981236
0.45737669440673634
0.4573990369718223
0.4574262977208117
0.45745847658113603
0.45748573676962423
0.4576962233249888
0.4578525972045993
0.4578847714362997
0.45791202738324743
0.4579714563928041
0.4580036294070493
0.458035802104849
0.45808539308160634
0.45811756490265215
0.4581497364072704
0.45820424301436957
0.4582314959158483
0.45825383087121585
0.4582712479530266
0.45829358249323826
0.45831591681378503
0.4583333333333333
0.4583556672387425
0.4583780009244962
0.45840033439059774
0.4584226676370503
0.4584450006638572
0.4584624160347761
0.45847983123441793
0.45850216365066876
0.45852449584728633
0.4585566625033192
0.45857899421231985
0.4586013257016974
0.45862365697145524
0.4586459880215965
0.4586683188521245
0.4586906494630424
0.45870806268408654
0.45873039287997247
0.45883446261567357
0.4588617086662569
0.4588840374478798
0.4589161999636144
0.45894344521039643
0.4589706901892526
0.45899793490018687
0.45903009622334434
0.4590573403742711
0.45909973695208595
0.9725610505563013
0.45935329082247206
0.4593903638151426
0.4594176036499329
0.45963059648294813
0.4596529177523229
0.4596801549572049
0.4597618649650467
0.4598976486724315
0.4599150517653305
0.45993737064875945
0.4599646052502212
0.4599967554972201
0.46001907364985106
0.460036475718085
0.4600686251376435
0.4601007742411208
0.4601280072360465
0.46016015573154007
0.4601873881668207
0.4602195360543482
0.4608677273643285
0.46088512278080335
0.4609074331663824
0.4609297433326452
0.460952053279595
0.460974363007235
0.4709938709407885
0.4609993217273344
0.4610216308936936
0.4611210773351682
0.46114338513560005
0.46116569271675506
0.4611830853008827
0.4612004777140498
0.4613838419084221
0.4614012325656828
0.46141862305201026
0.4614507568311382
0.46147306136690897
0.46150028012305755
0.46152749861167763
0.4615547168327731
0.4615819347863479
0.46161406681540745
0.4616412842098021
0.4616685013366882
0.461740322667833
0.461767538773023
0.4617898404367718
0.46182952898105606
0.4618643026678526
0.4618816892549312
0.46190890372925664
0.4619312039312039
0.461963331875519
0.4619856315908443
0.46204005818067456
0.462062357190241
0.46208465598065906
0.46210204071604416
0.46211942528057864
0.46214172346186166
0.46216402142400864
0.4623450390381242
0.46242439429450233
0.46246407075297874
0.4625063873275422
0.4625286814164075
0.46264242162204655
0.46266471449487556
0.46268700714864763
0.4627043864476063
0.46273159179903406
0.4627587968831373
0.46277617557323164
0.4628033801709738
0.46282567148633447
0.46284304959173045
0.46286042752637035
0.46288271823291277
0.4629000958019111
0.46291747320016113
0.46293485042766536
0.46295222748442627
0.4629745171924205
0.46316492758749434
0.4631970406323536
0.46322424075693414
0.46324652803364136
0.4632688150913736
0.46329110193013395
0.4633133885499258
0.46333567495075234
0.4633579611326168
0.463375334659691
0.9999901751766012
0.4634297307520374
0.46344710367051795
0.4634693887576203
0.4634916736257798
0.46353624270528365
0.463563439159417
0.4637711770744814
0.4638353890059583
0.46386749449858533
0.46389959967581107
0.46392188067941803
0.4639343376541724
0.4639566182682673
0.4639788986634838
0.46401363518033706
0.4640804738842991
0.464097841302586
0.46412503192597104
0.46415222228225367
0.46417941237143784
0.4642239685658153
0.46424133476751095
0.46426361234172553
0.464350089634341
0.4643723662367514
0.4643897311978468
0.4644070959883698
0.46444182505770837
0.46445918933652897
0.46448146474667507
0.4645037399380197
0.46452110365691945
0.4645384672052648
0.4646773694523703
0.4646996424782933
0.4647219152854512
0.4647664602434844
0.4647936433103502
0.46481100432649575
0.4648702800654124
0.4648974620884733
0.4649099114583589
0.46491744993468676
0.4649249883369755
0.4649423481113359
0.46494988631731954
0.4649672457989177
0.46498951576073344
0.46501669613042623
0.46503405502821143
0.4652177969389108
0.4652400640301688
0.46528231290846866
0.46760242754885273
0.46760994564044195
0.46773323128851213
0.46782478156566276
0.46784701576742316
0.4678741555835733
0.4678914835164835
0.4679137170637899
0.4679555734343266
0.4680457582387395
0.46807780039734126
0.46809512597127384
0.4681173567746018
0.4682801685445618
0.4682974924459444
0.4683148161773723
0.4683272345560319
0.4684285651220625
0.4684458876157589
0.4684730199683136
0.46851486702571193
0.4685419987737584
0.4685642253134258
0.468581546716893
0.4686086777386476
0.46863090362420845
0.46878157401685255
0.46879889350473547
0.46882602212979674
0.46884824585926654
0.4688704693707391
0.4688926926642176
0.46891491573970534
0.4689322340639453
0.46894955221830953
0.4690433452020128
0.4690975968612065
0.4691051049283721
0.46913223018901234
0.4692260159092915
0.46936163326157
0.46938385185766407
0.4693962621313992
0.4694233843679198
0.46948253202298984
0.46950965343742795
0.46953677458586296
0.46955899156037445
0.4696132325753601
0.469635448848089
0.46965766490292904
0.46967007316451226
0.4696873850680397
0.4697465269434651
0.4697638382174101
0.4697958603239363
0.4698278821164125
0.4698549999754819
0.4698772139732852
0.4698945241819617
0.4699069306736493
0.46992914409002867
0.4699562607876981
0.4699882806945282
0.4700500147102089
0.47011895538927734
0.4702101056657432
0.4702372196561835
0.47026923661539516
0.47031365684558396
0.4703358666339789
0.47039759160198674
0.47042470360963745
0.4704469123090878
0.47047402380905684
0.47050113504317087
0.470518440070995
0.47057266130613845
0.4705997715249484
0.4706170757297928
0.4706392826149841
0.4706565864564335
0.4706787929301596
0.4707009991861389
0.4707183024704977
0.4707405083150298
0.4707627139418245
0.470780016669118
0.47080222188448356
0.4710608883223846
0.4710781886548257
0.4711003912109892
0.47113989332496664
0.47157205390011125
0.471589349437277
0.47160664480488607
0.4716683332352999
0.4717078239728646
0.47177441095594974
0.472045366544624
0.4720897519470271
0.47211194432191345
0.4721439389112439
0.4721661308030113
0.47223270517313204
0.47229669128638435
0.4723139807290799
0.47234107204995124
0.4724001548708348
0.4724174434675214
0.47255316125048397
0.4725802499387405
0.4725975368902872
0.47261972438398053
0.4726788007096161
0.47269118619979905
0.4727133727996236
0.47274045977349466
0.4727626459143969
0.47277993129438056
0.4728021170244046
0.4728243025369865
0.47284648783212946
0.47286867290983664
0.47289575819350793
0.47292284321172173
0.47294502758911333
0.4742846510899156
0.47461079016939195
0.47462804940737585
0.477305952817504
0.4781945849275107
0.4931901455396548
0.49324373640596947
0.493314389147317
0.49333145189935623
0.49335338023920045
0.4933704426354741
0.4933923705722071
0.49452505922470363
0.4947396068932308
0.4947566563226553
0.49477370558622535
0.4951932661962859
0.49553439029963586
0.4955465665778573
0.49584325927366424
0.49586515695873906
0.49617741833575535
0.4962673872682913
0.49679532345609423
0.4968366732103637
0.49740061607828273
0.4976412688079055
0.49769717345045034
0.49771418854908056
0.4978940260295468
0.4979110394279163
0.4979280526609828
0.49794992372938995
0.49823177366702937
0.4985500347311614
0.4986690759306754
0.49869579789481866
0.49882698089654604
0.4988488439867884
0.4988925695301192
0.49894600843193254
0.4989630133326857
0.4989800180682514
0.4989970226386319
0.49931276985318046
0.4993734883585395
0.9995193124711709
0.5003932878867331
0.5004102798156896
0.5004175608619233
0.5004296971727382
0.5007428266252367
0.5007598157022105
0.5011407877746386
0.5011747572815534
0.5013446079763892
0.5018176699849053
0.5019923412557816
0.5020723728912271
0.5023076811080752
0.5025669393736474
0.5034492461141404
0.5034759111835563
0.5036106948344512
0.5037439742383534
0.5038940885505068
0.5042672873630104
0.5042842387535702
0.5043641865156335
0.504390835252758
0.5044344339005077
0.5044780317026218
0.5051046130577262
0.5051264027922534
0.5051481923155231
0.5052401958408066
0.5052522892418961
0.5052643825257402
0.5053321441036182
0.5065448450262084
0.5065569243737374
0.5065956158411045
0.5066173834691367
0.5066343065587351
0.5068568798895536
0.506910098480408
0.9971615815706238
0.5070717247258496
0.5070958742213912
0.5071151796958249
0.5071272540576671
0.5071393283025448
0.5071514024304596
0.5071731633601984
0.5071852372072748
0.5071973109373941
0.5091662311013029
0.5091782857198167
0.5093038449439834
0.5093255773437348
0.5093859339234124
0.5098523954891365
0.5099030497716541
0.5102059571833493
0.5102445536508919
0.5102662700428063
0.5102879862246428
0.5103097021964043
0.5103314179580939
0.5106065002901915
0.510623376749
0.5106402530445633
0.5108227829737023
0.5108493280525371
0.5112212338039064
0.5112381007633883
0.5112598021678383
0.5114360994947907
0.5114529650077836
0.5117686292325984
0.5121638924455826
0.5122337752696069
0.5122578151422912
0.5122746664991714
0.5122866861217943
0.5122987056282704
0.5123300511175317
0.5124071157321068
0.512428797124346
0.512445646922408
0.5125403358259425
0.5125740288096458
0.512952291707925
0.51297879534367
0.515618227526223
0.515644640079367
0.5156614205081774
0.5157142444352407
0.5159112361065629
0.5159544241863869
0.5160143891128158
0.5160527595721832
0.5163471075971918
0.5166161105493765
0.5170219014650728
0.5170386704155914
0.517077022329639
0.5176079894116231
0.5176295626058832
0.5180085663410173
0.5180301360501658
0.5180420805420806
0.518416037881121
0.518637037322195
0.5186586017236651
0.5186801659175994
0.9916417651899009
0.518790299297469
0.519792433139521
0.5200413570896151
0.5205850253135953
0.5211148445649405
0.8857372210846095
0.521190534558092
0.5214555870069829
0.5214723041877721
0.5214842154332646
0.5222553211934848
0.5223757981061643
0.5224691855970576
0.5225144766788626
0.5225860661641138
0.5227415676389389
0.522758263073998
0.5227701570504665
0.5227868521879411
0.5230045370525962
0.5230331225664587
0.5230841610538495
0.5234598123215014
0.5235098733788364
0.5235265600775659
0.5236435894482202
0.5245709734835946
0.5250056367622438
0.5250271043011887
0.5257066387832335
0.5259694477085781
0.5259813137901926
0.5260623501199041
0.526101509600445
0.5261181683474558
0.5261348269346965
0.5261466900040761
0.5266595063196455
0.5274343918514081
0.5279513822322763
0.5280227364223683
0.5281225737810197
0.5284558689630716
0.5291225850965962
0.52913442418725
0.529262671707081
0.5292911386340224
0.5293077674926695
0.5293243961919729
0.529341024731935
0.529362444243217
0.5293886546569567
0.5294385381582288
0.5297364109344908
0.5297840334202054
0.5301556886227545
0.53036559428232
0.5303870049866591
0.5307132250802319
0.5313165947543087
0.5316122360061094
0.5310168713416734
0.5314478339868031
0.5314787631310933
0.532104961284772
0.5329549309367848
0.5330374376516903
0.533058779125599
0.5334432103188821
0.5334549936462742
0.5335186857178345
0.5341975049194735
0.5343612418943569
0.5346457595232865
0.53466708047843
0.5348497436044346
0.5351179989591838
0.5351393159291866
0.5351510840140747
0.5351628519865937
0.5352271370938865
0.5352220264779883
0.5354348376132029
0.5357383247168
0.5357548619929159
0.535771399111145
0.5359873979664901
0.535999159868443
0.5360465504814004
0.5360630853389596
0.5360796200386644
0.5360961545805171
0.5361126889645198
0.5361339965059332
0.5398694056527334
0.5400654850132733
0.5400867410161091
0.5530204207480492
0.5530557452944748
0.5530768391543377
0.553119026273723
0.5531401195332512
0.5531564692321922
0.5531728187760291
0.5531891681647638
0.5532102606913823
0.5532266097474209
0.5532756559849735
0.5532825180596598
0.5532893800692501
0.5533009851492428
0.5533173332321469
0.5534246705269198
0.5534410152322781
0.5534573597826139
0.6631347128729328
0.6631501188854775
0.6631609078653345
0.6631809304838017
0.6631963360695852
0.6774033332106987
0.6778649401767568
0.6792227314727556
0.6815511595114849
0.6821108416914655
0.6825044772007164
0.6857388024430199
0.6859049069901897
0.6860770296684439
0.6866825399009987
0.6873675519471584
0.6878889750092873
0.687904165252566
0.6880162162410056
0.6891505281690141
0.6896128068068251
0.6896614955807386
0.6896812553578714
0.6896964306998322
0.6897070216696694
0.6907021829498009
0.6913584207053303
0.6924948230680423
0.6925342911333254
0.692558606187494
0.6925737584753527
0.6925889106243787
0.6926086438643589
0.6926237957147373
0.6932185145317545
0.6951417726966801
0.6970742623873616
0.6970985309596814
0.6974255015375604
0.6977436934607835
0.7045774326176336
0.705345275667874
0.7072159677139545
0.707231000305876
0.7074441132297692
0.7074682735323655
0.7080176364267066
0.708854290251337
0.7088875605181862
0.7100191140043155
0.7100341222195865
0.7123852855495124
0.7135610369722162
0.7143664359372793
0.715904742816537
0.7170249484320145
0.7175332362046986
0.7179368114358554
0.7196111980778332
0.7197131376929973
0.7223419834274747
0.7231882212784533
0.7239333530334371
0.7244697582661346
0.7255648664861033
0.7255797466973866
0.72562893081761
0.725759104252438
0.8370124322948853
0.7262686336603074
0.7263210980413537
0.7270918506405015
0.727269010815304
0.7284281938806092
0.7285788235721486
0.729021185401778
0.7290360368132143
0.7295071547904409
0.7312526658740891
0.7317886503457162
0.7318912248545945
0.731910588470141
0.7406584272911246
0.7410871970911719
0.743024048467119
0.937664776626097
0.743071512732887
0.7439441056864701
0.7446603037072136
0.7446749941334682
0.7447088872643255
0.7447280899282036
0.7449585083772917
0.744973196397307
0.7454419122988283
0.7458878833539353
0.7465539638436834
0.8403153640759183
0.7469613259668508
0.8397404096800671
0.7478164806673431
0.6947589098532495
0.7500259131571239
0.7501228025110297
0.7501419545565159
0.8361840683095547
0.752500574197587
0.7529122519463795
0.7540391012915221
0.7548081034490519
0.7564914616810322
0.757290242498381
0.7585112314083773
0.7585303017359597
0.7588163360727966
0.758867958458841
0.7598354945277209
0.7598590473108421
0.7598825998822403
0.7599016576174895
0.7601883977205314
0.7615224608804647
0.7623134898177343
0.7625778113126196
0.7630998729192207
0.7631278795117965
0.7635992187324607
0.7641280729793309
0.7648025208386636
0.765204355514861
0.7652188744114651
0.7652524001238774
0.7656380429221531
0.7656615340427155
0.7663890658793334
0.9941364629457656
0.7670521838997955
0.7670711738184428
0.7670901635667052
0.7671191702406374
0.7671336733824117
0.767152662509533
0.7671671653709328
0.7671816681022108
0.7677937060427731
0.7678216600506852
0.7681981682977368
0.7683613792113666
0.7689641255605382
0.7693242401007968
0.7696542819097663
0.769793945697787
0.7698318762609281
0.770057023993114
0.7788788475304224
0.7789399748571736
0.7793380185290394
0.7803751274574695
0.7819709497206704
0.7820309986055991
0.7820875511161762
0.7864417525796211
0.7882687896611122
0.7886796662353308
0.7886939953862149
0.7903462487121047
0.7923969830429899
0.7932992263538807
0.7933224298440682
0.7939509517359379
0.7939696925140243
0.793983977472219
0.7939982623031168
0.7940125470067191
0.7940268315830278
0.7940455716055214
0.7944337025189567
0.7944524389754922
0.7947896666473625
0.7967693246125283
0.7971453884132687
0.7974500970458875
0.7979462115749272
0.7989497808335002
0.7993031855012748
0.7993352259075012
0.7993494676046436
0.7993637091750467
0.8026229216680003
0.8026886691798848
0.8029090003867406
0.9886876319591066
0.8038272833931809
0.8051774385584561
0.8052866567449299
0.8053008494153605
0.8053283695473507
0.8055723373254202
0.8058473661533267
0.8058571123982801
