0.38095238095238093
0.18181818181818182
0.8103448275862069
0.26582278481012656
0.5176470588235295
0.47474747474747475
0.8114754098360656
0.5808823529411765
0.5722543352601156
0.5815217391304348
0.7487437185929648
0.7832512315270936
0.22596153846153846
0.4090909090909091
0.6742424242424242
0.9395017793594306
0.9263157894736842
0.7923875432525952
0.17006802721088435
0.862876254180602
0.14779874213836477
0.99375
0.92
0.9436201780415431
0.5085714285714286
0.7358490566037735
0.978891820580475
0.12368421052631579
0.4804177545691906
0.95
0.10576923076923077
0.831353919239905
0.7464788732394366
0.6055045871559633
0.7369614512471655
0.7066666666666667
0.02924791086350975
0.5749656121045392
0.0107095046854083
0.9764705882352941
0.9638709677419355
0.950381679389313
0.9591584158415841
0.9699879951980792
0.9869668246445498
0.9754098360655737
0.9930232558139535
0.9850057670126874
0.946590909090909
0.9088863892013498
0.9847826086956522
0.8650963597430407
0.9617834394904459
0.178714859437751
0.3832665330661323
0.4013314312886353
0.9966824644549763
0.4094887148779364
0.921304347826087
0.9965337954939342
0.9879725085910653
0.9843551797040169
0.987389659520807
0.9970662196144174
0.1422037422037422
0.9691089108910891
0.9968416896960126
0.018195896244676733
0.3492675404780262
0.09988901220865705
0.7734537873523281
0.7988923502942195
0.937879810938555
0.9309651474530831
0.9933422103861518
0.9857945160224645
0.9793239251723006
0.9829842931937173
0.9941272430668842
0.9925300422215005
0.9310344827586207
0.8777251184834123
0.997164461247637
0.9949701351776171
0.7386054935104135
0.0062649164677804296
0.9827944230198754
0.9763620639953877
0.9814709236031927
0.9613322043465989
0.8813700918964077
0.8106492800869329
0.8203252032520325
0.9975793437331899
0.8285024154589372
0.534453781512605
0.9127934834690944
0.9980870396939263
0.9131057531630461
0.9978561219628395
0.9923918212077983
0.9964395917398529
0.9926540284360189
0.8120559248223699
0.7219434306569343
0.7354051054384018
0.9716312056737588
0.9692681848330754
0.9980141218005296
0.9975786924939467
0.9929747530186608
0.5181858019281332
0.987308533916849
0.9895447614898715
0.9969558599695586
0.6173316173316173
0.6992073425114727
0.6959124690338563
0.9299258037922506
0.6044156370265343
0.6074823053589484
0.05834847567131032
0.6198063735377168
0.9985901309164149
0.995382453322626
0.9939855653568564
0.9307246955480136
0.9493069306930693
0.8570869990224829
0.811207729468599
0.9976865240023135
0.810659996151626
0.9942363112391931
0.7989641281411854
0.995212562236691
0.9988523335883703
0.9977072984333206
0.8288373860182371
0.996969696969697
0.6703378756766847
0.9006867406233492
0.5543878087230688
0.998600664684275
0.7956331877729258
0.9956521739130435
0.9916623241271496
0.9918459403192228
0.6141611082606465
0.6156079234972678
0.5114903683676918
0.7602092473844076
0.5912883845126836
0.9973368841544608
0.9971784232365145
0.999012670725687
0.6813828923875994
0.6760609005506965
0.9990291262135922
0.47429943955164133
0.9984012789768185
0.6991946944576031
0.9992111076049227
0.9992117294655526
0.4696254327982373
0.9952852428099953
0.4784861809045226
0.9929444967074318
0.47025673137132123
0.9917135709818636
0.9893766598968912
0.990165469871995
0.7722818478768082
0.9961155997513984
0.9969021065675341
0.4741023682200153
0.9658954326923077
0.9659312621942068
0.9603055721989215
0.9649173673528559
0.6602054100969188
0.6625722543352601
0.9979789230547135
0.4303432362272858
0.9989914997838928
0.9992801612438814
0.6360235937275213
0.4427710843373494
0.9931369745496139
0.9984312606959498
0.2823595982458622
0.28136453340851425
0.9992969628796401
0.49214365881032546
0.9889479574706211
0.9880222841225627
0.0028929604628736743
0.9712997129971299
0.671593220338983
0.980701754385965
0.9989225589225589
0.9910391868396415
0.446754631480741
0.9415290356952584
0.977593251614604
0.9982912723449001
0.9828511585286033
0.961577350859454
0.9992422328870927
0.9282888229475766
0.4566609209554297
0.7760561675341968
0.9971059930061498
0.970557060416912
0.9963623562544004
0.9953112179111476
0.997074997074997
0.9952169855342977
0.9892811371315391
0.9932471766212597
0.989972337482711
0.978752727690364
0.4904351717194317
0.9952679652250468
0.999450065992081
0.29993521917512417
0.5681084570690769
0.735936188077246
0.31291946308724833
0.730587865451116
0.9983261847473585
0.7178423236514523
0.5842800122812404
0.5819781118952644
0.9992845461978741
0.5791942886282508
0.9386845039018952
0.9970668554667745
0.4511097780443911
0.570615829923146
0.5723113724708462
0.5686821396553442
0.3116077581963178
0.4311989770827186
0.4426567252035711
0.9348103127144397
0.999314263322884
0.651017214397496
0.9977519304075848
0.9963860128931432
0.9953166162552444
0.9967826849956127
0.0007694527267481004
0.5411188945398714
0.7690374231986594
0.6849578600219861
0.5705700397702165
0.6543847365657273
0.999389712292938
0.5990175801447777
0.6998278829604131
0.999484934329127
0.9975975975975976
0.9958008398320336
0.49468354430379746
0.9989883662114315
0.3037324121661471
0.5040800874905359
0.25414963716740346
0.9986046129853074
0.9986884170833675
0.9954244627829071
0.9992651861528413
0.8186414417353013
0.9991857340607443
0.5192214504926507
0.24233623749596644
0.9987907126733312
0.9971799210377891
0.5199323508093743
0.5950115916540091
0.4815344293543007
0.548532196969697
0.9462891395220443
0.163619388469618
0.5815056773992845
0.9995335820895522
0.9986027014438752
0.9980603615486073
0.9970533498759305
0.9985272459499264
0.9979857452742485
0.9961282329255072
0.33486954582620976
0.324701343028864
0.9287452976322195
0.2204935234097981
0.777070984530866
0.5065376002311638
0.998196118046035
0.4660682226211849
0.34551043751787247
0.6799109317375269
0.20224870396552885
0.20562508410711883
0.20812319279133884
0.9996638881419736
0.2137337902304643
0.34259879437374413
0.34636235861053477
0.308001070377308
0.3804493179994651
0.7927994121969141
0.42328995662328994
0.5678626106636491
0.6512230789683595
0.6569435215946844
0.2765971576570594
0.2086629746835443
0.3685072378332351
0.30383211678832117
0.6201907480698112
0.4386578572353932
0.9942398550255647
0.2398784115897038
0.8185637644625429
0.549147087222401
0.8900456268877321
0.9542087112019415
0.8817080943275972
0.9516775959763163
0.9994273351997964
0.9985378258105531
0.5251158950911284
0.9624365482233502
0.9478757133798351
0.9973421085938489
0.8874226030395898
0.9733074951553417
0.9797891585053958
0.9645725670879771
0.9281362675618551
0.9272952853598014
0.9995042756227538
0.9282051282051282
0.42873003145623884
0.505414499847048
0.6237617708205944
0.9630667966845441
0.9745354858361255
0.8627105247157536
0.13192596177111057
0.9787735849056604
0.21675620208848917
0.9695618106202157
0.9863540727382026
0.8486244019138756
0.9646144650328751
0.9553870043000477
0.8258611426183512
0.9978538213902468
0.9724683356127728
0.9335587589725337
0.9994675816374823
0.3852946370754106
0.922068804118886
0.4064674580433893
0.9995908346972177
0.9988323213451659
0.9979575163398693
0.4967103347889374
0.17119408160906255
0.709931113662457
0.17111072882619416
0.5850191988079546
0.8784811574312347
0.9991429550908467
0.9984577597532416
0.999314833847208
0.9992579908675799
0.29775600865702245
0.9995447820644133
0.9990899783869867
0.9985788187141151
0.9989205158797796
0.9980123800329377
0.996255106672719
0.9967120181405895
0.9949002719854941
0.99461847844559
0.9993770881703381
0.5529085559076505
0.900314500730091
0.9987655013747826
0.7604756829528244
0.38791412074667864
0.2858659811099313
0.9994972628756563
0.9996091350717516
0.8843496047321576
0.5280745001369488
0.24550379198266523
0.5299945858148348
0.9683407295161814
0.998539514253259
0.998540303833054
0.23689614179185128
0.8036559139784947
0.9980691874497184
0.16322303075370478
0.5028233679877566
0.7294260392487867
0.5032166209660409
0.16028110359187922
0.237485690498491
0.1605805243445693
0.9995320542817033
0.2963405138852842
0.1642023346303502
0.9190346036821205
0.5231791490676831
0.7948863051754296
0.9361776973717272
0.9992469879518072
0.9986960228697528
0.9986964804973428
0.9993987373484317
0.9974462971308398
0.7669161750855104
0.9957427850106431
0.9997030731924581
0.9990105867220738
0.9955017301038063
0.9982704091717731
0.997629512568522
0.14175943256821988
0.20574397177024112
0.9996570476703738
0.9992167229647035
0.999755285826155
0.9985323614304584
0.9988753056234719
0.9978001564333203
0.9995602247740044
0.9983881996678714
0.7504329420819704
0.3071449177805558
0.7933517741320106
0.4701033874886846
0.7978566325315551
0.9637670808932057
0.9993814236771983
0.6584692955334633
0.9983368180954191
0.7794396961063628
0.5584091230384995
0.6952793743522095
0.9992934859403703
0.6962847859867213
0.9997176603453956
0.998588633797516
0.9984954628802483
0.9992949802594473
0.9994361167238381
0.6926581802808962
0.399428785466804
0.9055026158445441
0.9996264475158759
0.906392907139524
0.9990253863646912
0.3772849587083604
0.31979460609705324
0.8260728819829819
0.8271924552725255
0.7155658198614319
0.2360188261351052
0.7435873904464736
0.9990833677070443
0.9987629432786584
0.9613869549285452
0.9988094147815734
0.4980139706889467
0.42455499771793703
0.36802111298175366
0.9996815866084425
0.3471010541621229
0.1869614256711031
0.9997293762121691
0.18680971915430736
0.9997295957456397
0.1530511368742698
0.95863921217547
0.7983084220889645
0.23195487051925553
0.9996891651865009
0.9996892617747591
0.9990680749090264
0.7792910696064949
0.9995122383824051
0.9981827046673463
0.8825789357474056
0.13097484966861256
0.11280953836747172
0.4529363037886384
0.7599394332684404
0.9996107939802802
0.9996109454026715
0.9993085566119274
0.9989200397425375
0.9985749449410546
0.9992661659328326
0.9982307758695089
0.9979723899913718
0.9969378072975071
0.6957833922566181
0.9984914443342959
0.9990090051273213
0.996339047290895
0.9967276641550054
0.9979770154521586
0.9954918208750161
0.999570833869791
0.9992706366912648
0.9989706197726785
0.9993140113188133
0.9982855428399983
0.9993144815766923
0.6666947368421052
0.749033938172043
0.4101842911716553
0.4104887770086008
0.8966701570680629
0.813332216732267
0.44797266324957286
0.64856083642271
0.8753694376222787
0.12788181439866833
0.2897616175063444
0.9980452503743138
0.9984201554899597
0.5756442227763924
0.9993352445053804
0.6639687876146598
0.28842323651452284
0.13951659630825264
0.2485623267552025
0.13058546849857655
0.8894159379640323
0.8887880912127335
0.2625005152726823
0.9996291412559749
0.34063851699279096
0.9996705514145698
0.99930018112959
0.6414209942025411
0.49278638661679475
0.9992604461974609
0.7889486432119545
0.8634144340048414
0.17141928670078804
0.999634547447923
0.7140363695405099
0.9989449764648596
0.9997160358606142
0.1273744365743722
0.19489074550128535
0.7134725618310819
0.9993990866116497
0.5163403852226082
0.8525469168900804
0.54587734510484
0.9979910978059637
0.9981098641464855
0.7472318271883135
0.9996892841884492
0.9991850357031977
0.7312512124151309
0.9989145603969608
0.11909467891330465
0.998643936458737
0.997327238921599
0.9970954999612733
0.5805541600649226
0.23179012345679012
0.1069819386143952
0.4401154956689124
0.9997305827111077
0.13472099542993202
0.13591376400184133
0.9942462600690449
0.9999238066212046
0.985749924402782
0.975666541494555
0.975446763778345
0.9773251917491995
0.9988471122020157
0.5571185311320056
0.2370668934659616
0.2836344825037875
0.9994091362310278
0.9993724158298878
0.9994098554145766
0.996722156747201
0.999374102573543
0.9999631838598041
0.5542846634792203
0.9997794279832365
0.5748375491023899
0.9997063896942783
0.999449622073824
0.9990830399061033
0.9988265923508489
0.9987903225806452
0.9985706955948105
0.9995603107137623
0.5735741235942708
0.5846294602012809
0.9995610344953726
0.909011117612639
0.788416678816154
0.7881868532283923
0.9241640562395279
0.9997087838083798
0.97569658880372
0.9991288882436209
0.9984774885811644
0.9990939402725427
0.9981533782315881
0.9979365768896612
0.9994934510456618
0.999023331524688
0.9987706992551884
0.6665944462499549
0.1635510645976182
0.6641243344366096
0.6647369745784042
0.6643070178590679
0.6641399626383101
0.6639491452377532
0.9986363799476082
0.9994259883762646
0.9978843947217442
0.9992471769134254
0.6371348797250859
0.2786615665105638
0.009642512767401164
0.0035338211672318403
0.5315222415816235
0.5882123202556364
0.9997160401803145
0.9993614983505374
0.9988297042343428
0.9997518170537139
0.998334514528703
0.9996811789294697
0.4542246064798475
0.6290453216889108
0.37805307242908426
0.9997537032475986
0.9995426882893024
0.9990857946554149
0.9998242221831605
0.5525696420416623
0.873116769095698
0.5901737146867871
0.2895853051495075
0.9984232655921513
0.9990898270671428
0.9981799726995905
0.9987052524757672
0.9977609068327328
0.40054476882246126
0.9992323260520622
0.22388680815647108
0.15198474605650894
0.9997573825038125
0.15634095634095635
0.6682639271924986
0.4132681179388261
0.8386063965297621
0.7836080239479751
0.9988992466719411
0.8285645505192929
0.9990375030078031
0.9985226413797842
0.9997260273972602
0.39215216721973245
0.8362101377448132
0.12653089073107496
0.9986040652344149
0.5829816201497617
0.9696134476657139
0.5361638429611485
0.21802088985349974
0.6339594493795349
0.9997627199077997
0.20595113024028197
0.9002371273712737
0.22565023028989434
0.2253750042325534
0.999561846983485
0.9310703733548213
0.15212137486573576
0.07184504397667754
0.1680630852636767
0.9239587439232689
0.15101960397990347
0.9997701904136572
0.9992450848458988
0.09113575224722788
0.4927350847846764
0.24488258605443292
0.24481844078451917
0.9995745237939386
0.9995419147961521
0.2614958448753463
0.930740993405451
0.003215434083601286
0.48783893489202795
0.11187435500515996
0.43282676712853585
0.13930981790398575
0.1388605983450032
0.5130125682366383
0.32345765074939004
0.6302536977797485
0.6907284768211921
0.9996869423660896
0.9996559812353402
0.9995311034698343
0.8514931647619344
0.15326912391183553
0.7505782218521603
0.09197669759270105
0.7018398101636414
0.08545063057520763
0.9996924969249692
0.5485185525630419
0.4905913568574827
0.10991523873406915
0.9997256683024964
0.9994514870794734
0.9991774562071591
0.998629469452397
0.998690661063914
0.10931506849315069
0.5141901140684411
0.9997263106678019
0.45603011261876575
0.4564138055547197
0.4080859128237524
0.15675064022392948
0.837373017287471
0.4921667159326042
0.7103762153855248
0.20644722845999292
0.206398440269408
0.34254697778695536
0.7162401226559736
0.6374996316053166
0.2240150756728108
0.4638642634885223
0.4445095683263488
0.796812282089596
0.2866098368339339
0.9992095555945898
0.6488058698003449
0.193933743189301
0.1942672376125142
0.999825251201398
0.3754001047546994
0.08847784424182589
0.7493104949920163
0.4018054104261001
0.8411902761278359
0.3670922725035467
0.999710556021882
0.43237810830988344
0.07930798218568003
0.36841053743185775
0.6328510686870417
0.4559167379526661
0.30645115311154825
0.9247891016871865
0.829159900863174
0.17748536349684535
0.24226160049980122
0.0852574985851726
0.7331357606548123
0.7497530829359145
0.2281008517118845
0.14670334250229225
0.9998333194432869
0.43711311589174184
0.6744192500902001
0.9998057605860481
0.998863195253147
0.9990574406742071
0.22918514412416852
0.999722914934885
0.9981715932071917
0.6712734725530383
0.9993631102373106
0.9389811738648948
0.7156069683332873
0.9444231611208407
0.9389636681987306
0.3391696257853046
0.6654013163284813
0.8951920977952412
0.8948258462209857
0.9994819217974587
0.7580938918639737
0.7558774766939363
0.12397120738829281
0.11864039835462221
0.5796121494063236
0.1382880934357089
0.08065518825850744
0.8298474475769501
0.11815119256164937
0.7506869241958947
0.40010223848471804
0.41882985877605916
0.37206175030928945
0.7617485751156038
0.12265822105319663
0.40134174158057156
0.416358966126184
0.7773141833159486
0.6502124702675255
0.7525434591043819
0.7535972663445367
0.8753603074623679
0.7255310065108336
0.4573779659662858
0.26243910230812234
0.2268943322960717
0.37685586040211416
0.13173605030645547
0.09516364118192659
0.8690053521276032
0.7461674918584024
0.9995765515416171
0.7457133784928027
0.8015684410646388
0.09714964370546318
0.07324983520105471
0.9902981729983391
0.9997891351907009
0.4363985986355135
0.993916730308377
0.3233629110824403
0.999631452865454
0.08051804760153418
0.9998161426732856
0.9996061027809143
0.546616955916717
0.9043943928177666
0.9996325555759691
0.6390521675238795
0.9990817504460069
0.9985048395981428
0.9985051140833989
0.9981382908986024
0.9978504770892315
0.27281533064558355
0.6737252643702231
0.6284674971213231
0.6301839399251681
0.5509339193219275
0.9996338241832972
0.9992679164378906
0.9181784911381816
0.9984580404045684
0.9988502743663444
0.07993011005059197
0.9625132954574934
0.5454851926767283
0.010370485597988126
0.7297094123441429
0.9999222395023328
0.9999222455485577
0.0930648421707355
0.3071820914084361
0.4175835555440495
0.59830719055754
0.9996118213342995
0.9994824954071467
0.45508873596523
0.9990947183280741
0.9996637960017586
0.9997931480284421
0.9997931908073314
0.9987335556072472
0.5973485631589829
0.999018214700943
0.9997933510706998
0.0005422433381532741
0.16054810015939122
0.38558082233971563
0.09202972834443875
0.7218293620292083
0.3441545152212842
0.11192960916717823
0.9991821713351053
0.9998211319790469
0.9684199837530463
0.7384685644694778
0.9998477929984779
0.8738174347528344
0.8897905360856114
0.718200948203737
0.9987325407488149
0.5476489185527175
0.310463807975997
0.9360389933353228
0.6379993600315061
0.14776192818494835
0.9964105716041795
0.9991665849593098
0.14687331931745953
0.9979482169027846
0.9941414831811747
0.9935109289617486
0.19723461847977175
0.9996833747381753
0.5332457165109035
0.7430808891483048
0.18097600116711648
0.8354239595488137
0.998542911263296
0.9430361305361306
0.997646487929152
0.26480362904203963
0.048384359925338766
0.9998304017056743
0.9991280970718593
0.9998305248886307
0.30970582543061737
0.9985011845476962
0.9983563762931451
0.0005074179674285991
0.996859296482412
0.9993960915042153
0.9976088689225419
0.9985511096085581
0.108596085237682
0.6741294131823111
0.6467287919285318
0.9997592623799321
0.9997833830749976
0.9984359961501443
0.6892064179355801
0.9981722421298189
0.9974273280276983
0.9984376502259398
0.9992069976450233
0.9968281430219147
0.998894947990487
0.9993754503963488
0.9973342939481268
0.9964946820004321
0.9972631022975535
0.9988238965028923
0.9954169166166766
0.9986566233267764
0.6253956834532374
0.9969072164948454
0.999544572017546
0.9945830636849549
0.9943222653442576
0.9369164472109169
0.30762608508501327
0.98809409964617
0.17989291519265704
0.9337919174548581
0.999236276849642
0.7281898402098737
0.47612921669525443
0.9998570816064027
0.9835324353909857
0.9997858723323262
0.9983824159094153
0.17077347540671678
0.6162038798022061
0.931756596149275
0.17681434849744626
0.11383117654042503
0.11758700916385736
0.9999762600004748
0.998528434444128
0.9680510424325799
0.9614308742651242
0.14225168698946372
0.9840958038482475
0.17439523280285654
0.9565770562872559
0.9660070671378092
0.9990593325964772
0.6469208761315135
0.9792818974407049
0.9668079923168817
0.9998595209664958
0.9997425214175366
0.9996021344317544
0.9828473814761081
0.9864298916731008
0.10203222562615467
0.9812264746452202
0.21729583255466267
0.9992063862564773
0.5111909818657082
0.998926587949783
0.9613724895617084
0.5125352736770914
0.17805696704116358
0.9993957142193093
0.08139399986078563
0.975125762106776
0.9996756631530175
0.9998147590710167
0.13909017247366592
0.9994213498750115
0.998774764777955
0.9985670041140849
0.9567276591812217
0.9702161063908386
0.998869222070939
0.9996773747522699
0.7024230999126396
0.9998390989541432
0.974786442546156
0.6204088187386726
0.9987844315497351
0.9997477411365409
0.9923845678871178
0.9645584670965381
0.9865652203715127
0.9986981545770144
0.9994977856914578
0.997695537099571
0.9744092692272602
0.9540489384506625
0.9337405693706836
0.9998408041663824
0.9997953615279672
0.9998181652877535
0.9998636921259485
0.9996820927380898
0.9792356919166705
0.9994559796899084
0.9994788244091455
0.5928310069115056
0.9147731118983685
0.9696532443522569
0.9537593054899579
0.9707018962883077
0.9829754739017159
0.9526192934416663
0.9596059334395548
0.999685873272303
0.7135744881254065
0.9993277762839473
0.9989696263775647
0.99771776340814
0.9981213097155126
0.9998658258419428
0.9994193577203091
0.9994866186022633
0.99888442659527
0.9958509926388579
0.9997771140730174
0.9998440285204991
0.6802021416327166
0.9554388229795001
0.9977312158014147
0.9985994397759104
0.9996889234529497
0.9998666992512941
0.9323117921385743
0.9607351341753047
0.9616519828676683
0.9333495931354072
0.588971875623324
0.9953466728711028
0.7023566935412421
0.9866028920038088
0.89616362631288
0.9510399858535399
0.5737549162578992
0.9982989815980736
0.07603294834706181
0.9982121573301549
0.9981907640712221
0.9985005843311062
0.9998677161187909
0.9199903045260235
0.9876714135021097
0.8921116238189409
0.988936936145927
0.9369533288028585
0.9994959787872811
0.9372377622377622
0.9546317098174363
0.9462276493676407
0.9169173096203305
0.9996949625239673
0.8523133222967675
0.9993473152902271
0.9990430205750577
0.9136806401113237
0.9921105822520702
0.966978571893793
0.9510299767739695
0.9360312466095259
0.8480694143167028
0.9318048843911847
0.9996317476821766
0.99958865555315
0.994894868910617
0.9998486421034423
0.8952568315461777
0.9810656003458338
0.9717643500615697
0.9996328769489915
0.9534472725705295
0.9994832152623759
0.9980014612971161
0.9981338881619871
0.9330048205677558
0.9327050760334119
0.99982874879589
0.9998501776465049
0.9317671224083702
0.059421188851575366
0.9595568577966935
0.9711353431686979
0.9436445468313389
0.9021597765601348
0.8650143601744495
0.9682984276529378
0.9190455991516437
0.9993850199338367
0.9733635650865631
0.9998517137651993
0.871685164788613
0.900395959938171
0.9001862906981667
0.9989849003933511
0.9997040169133192
0.8732498468946002
0.970503156605646
0.9950600603770399
0.9687084870848709
0.8754631969007917
0.9991585324806462
0.9220891130727197
0.8791284981931254
0.982356647763075
0.9432801343973121
0.8685210454497744
0.9123222748815166
0.9705210189747353
0.9998952572481984
0.947950484887837
0.07416012558869702
0.1606766210713167
0.9999791279664377
0.9707918108660301
0.9965020404763888
0.9598959958398335
0.9973385453486922
0.8608791391416345
0.860414417407192
0.9321035048038016
0.9682404679915363
0.9487057164191488
0.8901698148416928
0.9989436619718309
0.9987370338930412
0.9985716355807647
0.9980757691750636
0.9996277068812178
0.9991730582373737
0.997622935571219
0.9989675607590494
0.5417113844629736
0.9498155437851652
0.8664950046348748
0.9574897119341563
0.9573518217540683
0.9990750637178327
0.9825990601850901
0.999569645674939
0.9991805965257292
0.8925587681218773
0.8285258703518205
0.9984468876445824
0.16149296349173975
0.9285219022758789
0.9282087878478948
0.8440634428769469
0.8661762308444734
0.9336523775582934
0.999430118250463
0.8541954911695288
0.9168955345336182
0.8479598675792595
0.9995333549748417
0.9997160358606142
0.9994727663543821
0.9329075425790754
0.8774732403503082
0.999189216580521
0.999878397276099
0.9288854671069959
0.9284904208351897
0.9282084505901645
0.9258906882591094
0.8590161280530991
0.9995953710447519
0.8664887055349957
0.7133559705715903
0.9996969145905316
0.5120812962139885
0.5126128491507281
0.15299147022645238
0.4756468797564688
0.48495337948697426
0.568590577173152
0.9998599775964154
0.7553565717940518
0.4005389660570274
0.41093561586968985
0.5590620939481041
0.7335485521938544
0.6679327717861923
0.9998229078530528
0.9998426095339275
0.9991345056847241
0.5570223617104747
0.21009192255036183
0.7361187143192305
0.1206755013486572
0.9998827392120075
0.755450922163176
0.06179830127892219
0.16176011244729033
0.16187464621030237
0.6886634146341464
0.417702014784186
0.6319391634980989
0.2418310847695547
0.5663963507349214
0.9998635610564273
0.4083673073189672
0.549364045292384
0.5491838238145089
0.40706643925885727
0.08493490390576565
0.34119993030414497
0.4489827522793705
0.9997677344430466
0.9996516421203383
0.9995355767556167
0.9994970110851018
0.11716168428375427
0.29637069514998166
0.7059731142355686
0.2445087262559059
0.5165511049987584
0.10894622342658677
0.5542203147353362
0.22186409322373316
0.9997140024405126
0.974721671496111
0.18185802763220582
0.09842878287601048
0.2978646742016233
0.49251976715523615
0.05695113883375862
0.11338844223002302
0.9996038259097855
0.8880445031114463
0.4531666325066612
0.5418125605304328
0.9994599426421841
0.3056398607257899
0.05695275867820672
0.006020302311796088
0.3772874157510849
0.9998523276848673
0.9995016795245654
0.9993725663880123
0.18171763534811702
0.8715330888450694
0.6988855116514691
0.6987825318180981
0.5375062005107384
0.9523013628182052
0.27609612915061454
0.8758669911974086
0.9323517053654615
0.27196935145489376
0.3623109266641184
0.2771534900608151
0.6369854315208912
0.4898569524015422
0.5362887972186695
0.5035698228576567
0.6135444562267475
0.9997484095891888
0.33242823201557725
0.9998571096861771
0.9997143673236218
0.9992146082858826
0.9994467348432118
0.9993397219694131
0.9998578055846856
0.07754100982814083
0.2889950976085467
0.2682279770898486
0.9998597647553772
0.5929470326357485
0.053556720001402006
0.999719642544244
0.6967836717561258
0.33593312814773363
0.6549806787781294
0.8745477110244891
0.2596390698974511
0.6883023877312187
0.9997907366071429
0.9995990726375791
0.9995119570522206
0.9994947383092898
0.9990943764259217
0.0351750918557473
0.9989731093899573
0.9978075517661389
0.9985559943631587
0.9982261486556989
0.9998261232438448
0.9998261444044576
0.9998783158919445
0.9995133566226949
0.9998957301496272
0.9998088552165149
0.9986451982700224
0.9986973965298643
0.998610918183081
0.9983335647826691
0.9961818812912183
0.9977094070487792
0.9989938067067987
0.9997745247675871
0.9990461821271873
0.9962891674903328
0.9968794424603863
0.9947489731903021
0.9972795009530411
0.9968653123430491
0.9963810777115945
0.9997403181967696
0.9952411442019832
0.999705933229545
0.9972498486551933
0.9937216783700578
0.9966275811974681
0.9929616435513436
0.9990316779637571
0.9944158224127796
0.9981330705803039
0.9987738113741947
0.9898721510032954
0.9976892169204504
0.9956031450444858
0.9917786970010342
0.993313918422912
0.9939180923829707
0.9940737678088446
0.999689970547202
0.9913065932174212
0.9994319355505061
0.9925475887232798
0.999328962989728
0.995148303626729
0.9894550333723251
0.9925178024699852
0.9912641227150006
0.9978849262303539
0.9914384444788282
0.9915986599089426
0.9974402144035184
0.9920637647301337
0.9920133282951462
0.9974411375774958
0.991139653484898
0.9987122694962398
0.9854632204029794
0.9919541610197115
0.9921270647158711
0.9986110634795432
0.9911871613743913
0.9868330818817721
0.9866115815819247
0.9977030802722021
0.9955092386274039
0.9975662844704954
0.9863410454155955
0.988193563864423
0.9878888584349733
0.9903055631679912
0.9850661917076262
0.9903615695405054
0.9983910170826059
0.9848531525980694
0.9933601437494652
0.9942344870062103
0.9840569297615382
0.988009715380405
0.9955383090020171
0.9869943431374224
0.9881623449830891
0.9837227573956412
0.9838103695607624
0.9878248693692155
0.9870289459311852
0.9862623297723472
0.9955978705978706
0.9887770765819547
0.9862714668212903
0.9843126555945845
0.9882377007261941
0.9826854581707255
0.9826202525175075
0.992146909016575
0.9936642027455121
0.9989953513716008
0.9813922606785952
0.988000408496732
0.9982302692032808
0.992582889610942
0.9919385013095684
0.9969905124630191
0.9754501096584437
0.9781045473863154
0.9928284956835022
0.284116977348808
0.9996772440035333
0.9998471311614635
0.9995585288823989
0.9990496232435001
0.9985915253949669
0.9914319647098745
0.9768972419174271
0.9795281466782001
0.9890480630668814
0.9749343275993559
0.9888154550076258
0.9767185726146703
0.9750368350635934
0.986031627780976
0.9735407638136512
0.976575449041031
0.9896166269257437
0.9773622546450489
0.9896708535492705
0.9992731452526242
0.983285166218797
0.9748475481004747
0.985575298966286
0.985781350265122
0.9737970622995104
0.9735957996387149
0.989314832632805
0.9708503527664315
0.9959834613112818
0.9791367998515795
0.9838448566610455
0.9732249742872077
0.9981118079438938
0.9824215458253278
0.9994608074408573
0.972077670556931
0.9695546013303022
0.9700826641076149
0.9673593000757129
0.9754141091398302
0.9983365817595269
0.9968922187877973
0.9850169650955757
0.9926953367701634
0.9756351485231642
0.9786948273256888
0.9940742978966276
0.9678247734138973
0.968971303910052
0.9739239869116537
0.9921311365390423
0.9965783868100166
0.9940631917890924
0.9784347592775812
0.9857700752560213
0.9888728759593793
0.9680965147453083
0.9733610333908557
0.966311878702681
0.9970887918486172
0.994345272949325
0.9736371087803817
0.975584876001271
0.9636254220855204
0.9666393812331903
0.9957573327988241
0.965900741433438
0.9964935715478377
0.9650730079265749
0.9960287664147103
0.9877704923503011
0.9867376217803283
0.9647027423767265
0.9866740051369292
0.9771218942804736
0.9634378126042014
0.9722449115671207
0.9609699191734022
0.9729045159140143
0.9735403892295388
0.9882603700064942
0.984148656298911
0.9702851625576401
0.9709949578153861
0.9921794402475956
0.9706180850178854
0.9696757988588919
0.9814879497031086
0.9679699323144468
0.9543285616905249
0.9649802213874946
0.9581318845636246
0.9845525214271477
0.9676299618003654
0.9718532049153106
0.9602497260319464
0.9848084873238033
0.9925639450927017
0.9758582355771623
0.9708346467143355
0.955745753715499
0.9809152710993202
0.985052366432454
0.9950461421210465
0.9742141697856977
0.9693186522063084
0.9864598679092248
0.9560972380810538
0.988366705278835
0.9640274675270952
0.965573146723576
0.9759506442382441
0.9517769435578561
0.9549926420741084
0.9967441783595287
0.7880303780749546
0.7880983823043909
0.9997359125870663
0.4325166010314884
0.9990775971405511
0.9994073781421304
0.5100566199223122
0.6147773711247149
0.4624700515277823
0.6146159778167917
0.9995898681015815
0.84005903090924
0.38177586178635237
0.9998688847004835
0.31512605042016806
0.8084490929890505
0.058538732394366196
0.2702068358515476
0.617760742645513
0.6148344285322183
0.049473786157024795
0.38771788250484185
0.9996449723239789
0.6144673572788589
0.9992258064516129
0.9990001128904801
0.8316860418245433
0.9991455333967466
0.6216368706978543
0.2487432327919567
0.5891144861316687
0.8029147765659685
0.05089815544441407
0.43967069719578084
0.8497610417936299
0.4512011531069827
0.2654348661457666
0.44362972687393937
0.6040943067048674
0.13639561282895787
0.5610555253652143
0.3354837679446849
0.04941642317702096
0.9998403601475072
0.9997286425743839
0.3830082676285632
0.999872351289252
0.9990909815804162
0.815213068859656
0.2549297118503912
0.9996661632620618
0.015583796664019062
0.07690844534618312
0.5949349044949159
0.1563544223612321
0.7720164609053498
0.9608907600265898
0.3227951046190288
0.9998894713572918
0.9998894835725225
0.999684268687347
0.9998895062507892
0.8550054449898202
0.9994318899128898
0.9993372676491937
0.8546094255376216
0.2544605530928079
0.9995740989036991
0.9995741392091607
0.2531514092819036
0.9649379453541598
0.07177567741834023
0.9581446540880503
0.9643008724357462
0.9991354919836529
0.9768081945421847
0.5908337503127346
0.5729920730467956
0.9997655040880454
0.153317366014495
0.34183356138823234
0.43382808626673275
0.25773195876288657
0.5555125665469852
0.9996905078765745
0.10787893792164387
0.3992142547794345
0.6068149608725122
0.9997843599340758
0.5889419374711228
0.25608854952430804
0.32045006772564955
0.9991073352417891
0.9998924301564373
0.0910543621892382
0.5337808840659678
0.41321606118546844
0.7759550321526218
0.7759560338905427
0.5163986942063032
0.5962295231994142
0.5263133816240946
0.5843376247428963
0.9997715156130997
0.36586963143466344
0.546721286510523
0.9885508967449225
0.452990672692138
0.9999087133141631
0.7781175360929822
0.4785904154325207
0.5485943409121976
0.8660249305376312
0.3287889599052665
0.46211994717588306
0.999863404565323
0.46200072842054146
0.32819493544129025
0.9994387561623056
0.18565675528371586
0.9456395040796863
0.5715172246776049
0.4970035412694089
0.9996065672996898
0.49664114745665267
0.9993192545080479
0.4960600148222091
0.999379971569428
0.5714372117638165
0.5829110105580694
0.26529627339496586
0.9998642861451233
0.999728609121749
0.9998793963788762
0.999397045523063
0.9998040575166551
0.9994273141031438
0.9996835490724973
0.9997890549662488
0.9989755178907721
0.9997589780670041
0.9988703288096278
0.0635350797952424
0.9998645170031161
0.9998795851709138
0.3707895608199633
0.999548532731377
0.9994282102982335
0.2891426854008566
0.7600324524106432
0.21005210757887466
0.9699771826588207
0.9990393707878661
0.9998649601632481
0.9985597479558923
0.3028944883306102
0.23935439560439561
0.9387913531589633
0.42414652714543744
0.3553538911609302
0.9997164602298164
0.37859615614181685
0.37851708190362526
0.0809557085297135
0.5154089498150926
0.761365998515219
0.18823581810353787
0.04493364605290503
0.999762516141481
0.4380666894208082
0.9996883995607918
0.18401103710187067
0.9994808354099917
0.9995698797146374
0.3651527956941417
0.9998813953833153
0.4563699696138739
0.2481769134997332
0.57247127798176
0.24830873536334433
0.9997631734754292
0.9997780014207909
0.9996892295853435
0.9994525088412424
0.9995857252766763
0.3419530452534876
0.9992160459130847
0.9817044311660652
0.9989943952322503
0.24803702663137503
0.9992459190915542
0.9995712659481676
0.999660014781966
0.43460281955440444
0.09052173785280851
0.9998971616618676
0.09049381628036779
0.9996622167393635
0.9998972069664307
0.2823316990105986
0.3777869105106339
0.35214615892581996
0.8931795533149657
0.9997362791924282
0.32973519245415667
0.9998974854649034
0.9997949919461122
0.25814103314981846
0.999560799929728
0.9994730062068158
0.9996633440185014
0.1307865628840639
0.47428094917634667
0.2754893069248998
0.9997513565693057
0.9997806279889436
0.9997806761024681
0.9996052862405708
0.4164157286946353
0.250832457062741
0.1353689493187057
0.912310090166203
0.809828810993362
0.7883965999068467
0.3587530743818491
0.99976717112922
0.9998545031281827
0.9996363001542088
0.12351953204181508
0.8103620492479625
0.5721626355175359
0.999898688742872
0.46926961983184035
0.9301479018573722
0.9542753218484628
0.9994845951208338
0.9996564311788705
0.12193065203098648
0.9491919494486999
0.2281179591021875
0.4204522770696096
0.490729418455851
0.05971228119906456
0.9999149671915081
0.9999149744214718
0.9998299633004123
0.9939371670034908
0.9904982456140351
0.0033903054076772207
0.3821999048871234
0.9997762769691122
0.9812621210218632
0.9997488909349628
0.9997907599598259
0.9949818790075272
0.3596475379077428
0.11902249375173563
0.11832177531206657
0.9207473523310405
0.9468809073724007
0.9868282828282828
0.1149207373643661
0.4981939763404187
0.41187212159458625
0.9343102644374875
0.9397184374209188
0.9418259306119731
0.9520220514800858
0.9397483089925716
0.99651008492569
0.9954787727718702
0.9378636658846607
0.9950434033529918
0.18338298576630255
0.9974088811919146
0.9925182747088604
0.9998810593645927
0.9343842078141723
0.9999076541516055
0.694793465792978
0.9882856202698256
0.9897540444561357
0.9892856203822996
0.9943505051699447
0.04002469525010509
0.9235112599304051
0.9974025292543423
0.11124649529649136
0.9577288055838757
0.9196327555041159
0.9999094156012216
0.9759148352714432
0.9735513934246364
0.35234063423637374
0.9997677089651434
0.9996774027046558
0.832750590269266
0.009192517956137094
0.9100951015654
0.9117782555282555
0.9624120731551349
0.974704911953144
0.29631559549076675
0.9877361365021329
0.9391683680586378
0.957343748018716
0.9518155547179293
0.9906914225415808
0.9998241449045986
0.9996483207314929
0.9704992150706436
0.9995856561699563
0.931373163909133
0.9801693320790217
0.9999122058897306
0.9998369660638592
0.9997617375601926
0.759846806593324
0.7588021347598395
0.998725270879938
0.9968689968315745
0.9995264561473469
0.9998753987240829
0.3858720691329739
0.9986055776892431
0.7547015027407307
0.9961602982292638
0.9959375349409265
0.9998758273006096
0.041103708390714755
0.9976563081272786
0.4177568592570631
0.1660413221100442
0.9980905921628047
0.9826235386580214
0.9824316548524137
0.9845997651433605
0.9845933751513151
0.9997799537902959
0.9994622801764699
0.9994014024285959
0.9988275381966072
0.9996214387768809
0.9985592361509628
0.9815341082340314
0.0583986064245776
0.9999026278314
0.9809196348579868
0.9701098794714168
0.9795888736978379
0.9996250015120907
0.9998068542594671
0.9998792984827819
0.9998793130498799
0.9704239792533623
0.9845355862035766
0.8579946123914995
0.999904229466199
0.9998922697565297
0.9996889840544517
0.9998924191350499
0.9984826399675022
0.99839913983633
0.9972316026872546
0.9987957840518886
0.9998927422238112
0.9997974212922138
0.9848654175385201
0.9018956005092658
0.998364070756882
0.8891208996313751
0.4397147418343685
0.001244692607456523
0.8540470904887335
0.8745406522737712
0.8742600156027718
0.8741797824989676
0.867456760690912
0.894051938241791
0.8474189388146407
0.8111615833874107
0.9999089305025898
0.28626875775696714
0.9869894338432423
0.7944748401882913
0.8940268667445412
0.7873652291105121
0.8020237374077315
0.9367779995962405
0.8491549943367238
0.844273517592974
0.9998664425870071
0.7119739672384314
0.9033524282839833
0.9569943237338193
0.7977726574500767
0.7352799702647747
0.82747917007025
0.6050335132311978
0.7661096815521753
0.9999240039083704
0.9998588735941639
0.69992192244296
0.8227197472217113
0.8461138943290881
0.8141794574143343
0.9999355178454363
0.3401489185675452
0.806783266367289
0.8971414452835459
0.09100360113178428
0.8531117579078029
0.99993580003852
0.9998716083197808
0.9998716165614636
0.9997432496041765
0.999871633041655
0.9996149238404929
0.8671955073454048
0.8821940621964108
0.8740208737967686
0.9999039897589076
0.9267497317909988
0.837640336063049
0.9775946514899874
0.8654966447902072
0.9858953307229169
0.9019876050884373
0.8704135670155088
0.9998213948015381
0.8700615404003277
0.9988769823360867
0.8524476625216433
0.7403152018802989
0.7413227385657228
0.8266561844863731
0.7989770142652006
0.913362394165479
0.7755516688834662
0.8066583585543885
0.9331736752387028
0.9773297640957002
0.40736481117477313
0.999477375589259
0.7745751572622289
0.5936812241194079
0.7452492885659784
0.8290425675886695
0.9999167247858266
0.7340991145654504
0.41385328153242057
0.8191600968080355
0.8266600193188546
0.8025817037583209
0.9999376940570515
0.75456366296869
0.8054642542381668
0.010162643737698126
0.0017402293373662459
0.4359781674313589
0.6121625109700067
0.6128512729450145
0.47401927402546484
0.0030843184584596977
0.002722716115591675
0.9999381239171685
0.9999484456359231
0.9997010740717834
0.9999278506715041
0.9995671307986437
0.999793886678896
0.999866034624897
0.9989699217140503
0.40309207205908104
0.9997013880308085
0.9981166639222789
0.9998559404004856
0.010051641460715603
0.8158522233024612
0.9879043399064684
0.9999590688155539
0.9999795348266088
0.9999488386370613
0.9999283755576475
0.010385331614381894
0.00427621483375959
0.9998056325637065
0.9999795406884558
0.9999693113466182
0.9999283960720131
0.9995703896157033
0.0010126116174169197
0.999754535970708
0.9994784476146649
0.9996011821370502
0.9999284224303653
0.604445716856506
0.010026778961139843
0.99956050245812
0.9991414905359552
0.9993561442236939
0.9989371921433973
0.9989065677468142
0.9998365011240548
0.9989782051151052
0.9997241266565172
0.998375561912546
0.9984675425512352
0.9998978466064643
0.999969354921089
0.9982430513703178
0.9984372286855356
0.9984577200813016
0.9999080807255495
0.9994485575695685
0.6013580436003472
0.16792934449663058
0.9999591603365189
0.9999183240086577
0.9999591636720027
0.9999183306790804
0.9999591670069417
0.9997550120452411
0.9998366813653438
0.9997856639823632
0.9998264969739031
0.9996530258189611
0.9998265199910199
0.9993877551020408
0.9995102240724868
0.9995510570565668
0.9992653960739502
0.9994694743715312
0.9994286880228525
0.008605922179623134
0.008490469880746102
0.008761563225885326
0.9993888153203626
0.42828056601852793
0.9981374993639001
0.9998473748473748
0.008220571777393427
0.9996744559854319
0.999755859375
0.9993897787948132
0.9996440883067755
0.9998576657177715
0.9981294539835514
0.9996340533672173
0.9997763977680432
0.9994918492621652
0.9999288639573997
0.9998678982613379
0.9998069537298572
0.9991669037265819
0.9987402854675674
0.9990453072790242
0.9997157042918499
0.9998375716968682
0.9980205859065716
0.9978383973695427
0.9995941311362299
0.9999289823165969
0.9998681274092108
0.9989656850815284
0.999716151007664
0.999858108587471
0.9993209964124288
0.00818791674266837
0.49717800362755726
0.9997669635348592
0.994630899678867
0.9999290923824959
0.9998683224277293
0.9999392294291618
0.9953820914264881
0.9997367141931303
0.9997367461828196
0.9959100618552527
0.9997165590265827
0.999929144777464
0.9998481904299247
0.9996458242681211
0.9994334392262398
0.9997167396736436
0.9992919494654219
0.9924872850079374
0.9998786714524038
0.9999393394061328
0.9996866281185557
0.9999393510563024
0.008530767364761058
0.9969579059073223
0.999919153537538
0.9997473752286254
0.9965042736769787
0.9999191804901704
0.9997575806549363
0.9957816978161709
0.9900001009071553
0.9999192864925945
0.6615451353859811
0.9999192995198322
0.9998184422343709
0.9997478542395788
0.9996167886892157
0.1185135148759414
0.0029130128011289184
0.004201089469135058
0.0015979096527812672
0.008639135282831225
0.5913359648858488
0.9997991302339129
0.999738885039117
0.9998091986342639
0.9998694595625891
0.9995280840211258
0.9993976326964973
0.9995683424349502
0.9992170639899624
0.9994278831677206
0.9993275387919787
0.999076666767029
0.282978915571969
0.9221051365090187
0.5958172083976659
0.0024253114320361593
0.002424873996733434
0.9997695483146968
0.9991390529582541
0.9988190788815275
0.9984293874611099
0.9992597335040615
0.6660965754520723
0.998999899989999
0.9992799567974079
0.999919998399968
0.9995000699902014
0.9993901524618846
0.9996401223583982
0.14977062157056759
0.43792318293486726
0.999930102748959
0.9998602250376893
0.9996705501811974
0.9979241931298777
0.9975750197092019
0.9978545697663975
0.997485431468029
0.9996507857321028
0.9971488670235568
0.9964712215155804
0.9960128386595164
0.9955747802340184
0.9967609802768614
0.9961633897697038
0.9953664491056748
0.9943905865473711
0.9999103371323822
0.9998306503028371
0.9980577108877755
0.9978984273065009
0.9976706915258962
0.002408127929308509
0.9664172421341718
0.9997214512390445
0.9996419371201798
0.9995624024107649
0.9982202513522113
0.9941540235827484
0.9968494389616069
0.9938183263764659
0.9936225376737163
0.9932257936350272
0.9932161976937058
0.41458716051834565
0.9999205726710418
0.999940433051714
0.9959304806995602
0.9956930771673547
0.9919422861282288
0.9903450192008098
0.9956441066449699
0.9914175439292766
0.9917970183599988
0.9958342012080816
0.9920071400238001
0.9981755262714301
0.9949333201130336
0.9954590071287639
0.9990977950507615
0.999930604435368
0.989373091716563
0.9947760750183382
0.9618746531356537
0.9926190122355971
0.9993758606683244
0.5743589235660589
0.5700066357000664
0.9998514527916972
0.00314789150663235
0.9999010194991587
0.9937246983599093
0.989076661257767
0.9981102767306798
0.9970715974633703
0.9970321419031885
0.9969926894655099
0.9872591302971551
0.9997823958219998
0.996716609800722
0.992554064610547
0.9908437404210297
0.9882162204911227
0.9959182059872901
0.4401272752425937
0.979663394109397
0.004128476611883691
0.10258714328033969
0.7412873926350084
0.9999308962753093
0.999861802100608
0.9997236614853195
0.9996546007184305
0.9996644891353688
0.9996053047047679
0.9999407992106562
0.036299269281213326
0.40410992673523116
0.7870349392724515
0.3383712572491951
0.9550241118000197
0.414872471069826
0.9542176261647299
0.4521755346819391
0.8257157158139581
0.8019917353753354
0.008144628260784544
0.06513769539842215
0.9896993862632423
0.40106899617936465
0.9490174629839434
0.9998535199164087
0.9998828296636235
0.9981750934410711
0.9999414502766475
0.9978246873597753
0.9999317292969093
0.13119630196701806
0.4103746453883424
0.8062051017125925
0.9996887250372071
0.032219164227294386
0.14600564319858822
0.7179268422736483
0.9925849100496278
0.40522704808419097
0.9828197674418605
0.9997771684896868
0.991507287076938
0.9998644986449865
0.1301466604751954
0.9994002824476215
0.9516911949563905
0.9999419863861386
0.4061705603185803
0.9965130543132842
0.9917755060670123
0.15242596701070704
0.9999517970075582
0.9944862155388471
0.5851410187254373
0.47581312946523135
0.3945698743561354
0.9742839825673687
0.45919427450075034
0.9766663460613638
0.9999326774190446
0.03361183504522459
0.7751669504984596
0.43242286534321933
0.9831719047300334
0.9992266490991895
0.9667127400981841
0.9828484854259769
0.9936199590534686
0.46437510111247515
0.9925972444241455
0.9999333986660704
0.995968163707768
0.7724139242552464
0.9996291929717807
0.9998098787026123
0.03332573339413285
0.2568503234017495
0.9863151596881262
0.413984008508537
0.9996297210565293
0.7564687686804376
0.9797822706065319
0.6241704273958056
0.9716833616057468
0.9714513118373302
0.9993178459089703
0.024573702159909058
0.9770761696363447
0.99575749540711
0.995871681248343
0.1272981898354482
0.9774834437086093
0.41480787785912937
0.9827737639892336
0.9590553856608902
0.9922235539490945
0.9999433785989978
0.9950190558846836
0.4402545324472391
0.973264950830471
0.9259541553748871
0.977286199531422
0.9997647944303321
0.3302175422790322
0.7619806958136742
0.9997186348161279
0.9855675903783936
0.3841486857775152
0.996371852324077
0.44943946398158374
0.2898118360017956
0.41725179277653635
0.7652868622687348
0.9991124647321512
0.7650795430130127
0.9708403361344538
0.9598159280140388
0.9724449832152182
0.38554755539824326
0.9710774959273912
0.9998324693093081
0.9998324895771292
0.4348189881184805
0.9986706083593634
0.9998791608183601
0.22814744608294074
0.9525021834872615
0.9954053928621154
0.3879918758752446
0.24642989614243324
0.8986619933795099
0.9999443687240966
0.41723450609558244
0.9950338475196981
0.9756460635199482
0.9999352822617925
0.9999260423407599
0.9577687401793141
0.9476685613937798
0.41182775827019036
0.11901880168152632
0.9999353432350551
0.37817436881736305
0.971875173011977
0.05405056521658952
0.8785459440024339
0.9692189977506546
0.99986173076214
0.3993365583966828
0.943389967935724
0.006882255389718077
0.9997973228186868
0.9997328518525342
0.7405467599410899
0.9718829668762022
0.9852486756915833
0.9790423291614173
0.9903026741110784
0.9513191098875889
0.7364750789106658
0.9998990779393551
0.2216912776300101
0.006850634165130547
0.9825011452130096
0.032136902471646606
0.04386695337878025
0.9356617647058824
0.9046382324968908
0.93990914159834
0.49734183459086173
0.008119982097677265
0.9996803507009453
0.5542055392255308
0.04567046874002754
0.940558675516009
0.7390473590828442
0.9995270878616186
0.962871017023134
0.9999090727236356
0.9833763542499818
0.9333399932795089
0.9807477501203266
0.9513386412949731
0.6105518286871034
0.9999546143582017
0.9361935794222025
0.999746192893401
0.9998187420699656
0.9610352004343499
0.9380542183937167
0.43062391430225827
0.9265474876508586
0.4305537966095562
0.9998190929319608
0.9997557909208491
0.9998824242314615
0.9540518792437818
0.9428171051442004
0.508482082335397
0.9737949468133138
0.5469977426636569
0.9998645781609714
0.5470309989348066
0.9154037098885228
0.43076992508349127
0.39962150227549226
0.9641702027982738
0.9993063562986452
0.9998108414851645
0.00018901720056525143
0.9622262822993637
0.9520320086315411
0.955474694605519
0.9999283057758659
0.4396541683465484
0.9948310922788881
0.9066735903450499
0.9282780099698399
0.9282812192371713
0.9999105161428878
0.9541560090865187
0.9579641071955505
0.9446515244965273
0.4398830911138521
0.6021221106784324
0.927349511615864
0.9873248237079354
0.06347959584419294
0.4401881420526048
0.9333547368702678
0.9126257720106589
0.9998841561219034
0.1951321638885672
0.9387949617858224
0.9185687187753249
0.517955014591786
0.8715914548462264
0.8636610199635409
0.8699409630841454
0.44163614380711924
0.8690580966351069
0.8702457668548065
0.8698670316777474
0.9997955809943652
0.8702587892360741
0.8681526625326487
0.00871480984658026
0.11898945573094792
0.9994670645917715
0.8681616341030195
0.9989609420791815
0.868925831202046
0.9989877643799613
0.8679588719988635
0.9999733634030916
0.9993607614041942
0.998987908165983
0.8687091075344229
0.9988726242998287
0.9987306603229271
0.9778182140955086
0.8674391986016344
0.9982964527176903
0.9992369798598172
0.9972851401346784
0.9980926696415106
0.9999556454474487
0.9998846914609592
0.8678421911587313
0.9989535110590823
0.9985544903913518
0.9976854725715197
0.9988560686004132
0.8793719468406728
0.9978811117514074
0.9985460735119417
0.9991046654906167
0.9973495492460842
0.9975002880873658
0.9994858885264502
0.9971991030038734
0.9999734099127845
0.9995302459561267
0.9972081645676201
0.9997695791274139
0.9967919461897714
0.9970225963668586
0.5861234904799454
0.9967664490294917
0.998963556153996
0.9988219246031746
0.9988131720192018
0.9987866334836019
0.999167515387681
0.9999734320480349
7.084285284168394e-05
0.996422499291584
0.8657393059847526
0.9963254500216931
0.9965383832213398
0.9984155365931381
0.9970793100091161
0.9992301021220863
0.9999646036493638
0.9988673268027645
0.9991240023359937
0.9999646074076696
0.8540663929784824
0.995585242855879
0.9965675563301162
0.9990534826530793
0.8648196799617864
0.9969484689274531
0.9968335677200804
0.9962322224580769
0.9949680306339928
0.9977361360440746
0.9999204173666991
0.9967195430349974
0.9947127839226192
0.9958360591969164
0.9983380187061299
0.9999646399462527
0.9947667583073292
0.007135665966052599
0.999938184933019
0.37194147409690154
0.002595797280593325
0.36179529282977557
0.9998940790170533
0.0004144145732852495
0.8908395803419632
0.02916193544411876
0.007111737006557233
0.9999471928604747
0.0002903983737691069
0.5108017493994139
0.8726487304464113
0.048700898904075855
0.49455002549181626
0.05492334439702861
0.1516854425108491
0.2562076156097219
0.054692905248592175
0.5861852815963365
0.5172006496382696
0.9885069417379029
0.983327145410432
0.9446792726268934
0.832786547347086
0.0030041113409494708
0.04245634787975416
0.8571783684630089
0.9998371642584117
0.002476201900420697
0.9999657314200043
0.5103271624504202
0.9651122950679253
0.9999229122055675
0.9995375880937497
0.9994691917159662
0.99934079857544
0.9996746909564086
0.9996918203997774
0.5174326533756773
0.9999229610354037
0.5174016502893142
0.0023363486208696693
0.9999743264984767
0.5058919173334474
0.9990244737292486
0.5050997706814526
0.9995550840206715
0.9987424826984439
0.998468907706783
0.9998460459467319
0.5055760810071155
0.9980588003899502
0.9983666977364654
0.9999486947078591
0.9988029584028045
0.9995040954872689
0.9983502863492606
0.49269626907132785
0.516473936565729
0.9984615910567161
0.9979916933016562
0.99977781765666
0.49268105105746635
0.9981116437244196
0.9979154563783618
0.9995643073768741
0.9997864306583062
0.9994618282463289
0.9972237882903661
0.997719546984165
0.9975659333151135
0.999846293101976
0.9990692749737433
0.999684098185699
0.9988221939624639
0.9988906145995119
0.9961347793069907
0.996246918634902
0.9954712926005527
0.9983881284380197
0.9999488320925116
0.9976038406767231
0.9999062089664228
0.9952081716872863
0.9999573698929132
0.9999573717101617
0.9950138929137616
0.9950056250639212
0.996633599236381
0.003834911328328064
0.8511664366170782
0.9952373243816616
0.9959961835962791
0.9945142000442952
0.9991056446598469
0.9972318515931758
0.9955968897178432
0.5036958187856595
0.9968752394656404
0.9994380778858106
0.9964756659203705
0.9963738817340676
0.9967655995982534
0.9962300759941791
0.9984512483618974
0.996638869979578
0.9969795202967727
0.9998808966778681
0.9993875103144965
0.9966655041298412
0.9999149435650554
0.9999149544155668
0.9970916883514465
0.9954591836734694
0.9993792728138499
0.9976106864387324
0.9993282884108494
0.992424500068018
0.9979769645968805
0.9920955335514853
0.9996430331979126
0.9994220733966787
0.9919774961969593
0.9999405146334002
0.999881043419152
0.9998130698184228
0.9990740190123436
0.995081758335103
0.9988279060286399
0.9983013707937695
0.998641304347826
0.9999830173138485
0.9999065983985871
0.48935845084173085
0.9991004065144147
0.9969873383346346
0.9950271976646499
0.9999660571089143
0.9980483003241518
0.9988290795547108
0.9971662495227591
0.9953089875726343
0.9926645183175034
0.9995759981004715
0.994276265581277
0.9964557648934186
0.992625681276859
0.9998983059465598
0.9985001652360334
0.9956113596312864
0.9958063996882334
0.9896394564738572
0.9995002541080806
0.9894301781963548
0.9914377905942733
0.9968922534972733
0.5004656202908857
0.9937113838341092
0.9903608544057412
0.9887291527402882
0.9999661547573719
0.9998561625870428
0.9999238514256705
0.9933078393881453
0.017170794424143997
0.992718077098733
0.9892525853831778
0.9886122500739739
0.993162783228958
0.989428139234195
0.987156087338606
0.9931979686853067
0.9999493029150823
0.9863963971576074
0.9999239607975667
0.9955143313312552
0.9932093447524452
0.9927112102093733
0.9915458937198067
0.9875272340353662
0.9999324472666475
0.9881277073640302
0.9888472384039985
0.9975180238742466
0.9960327843944932
0.9875584516433985
0.83712335355615
0.991916771433634
0.9996962666104198
0.9993756749460043
0.9979925945293984
0.9945009994349187
0.9944674498823489
0.9846000742165097
0.995302551127978
0.9865199797673242
0.9976396007553278
0.9917983731613773
0.9980448175022544
0.9950195090297734
0.9953821521867363
0.9919615096183824
0.9898638401132419
0.990100177775531
0.9999747244970175
0.9836257506970005
0.9857432779513435
0.9973897814152437
0.9993348376667116
0.9840725993147513
0.9872389498228099
0.9999242475254192
0.9952360511409069
0.9937131266884925
0.99645688508862
0.9884703426917121
0.9982244288298902
0.9894665107396159
0.9963319115283983
0.9966937838087947
0.9931948755478167
0.9991589217376677
0.9839462464154466
0.9945097445728026
0.9894822686687629
0.9998823094253337
0.9945871891205863
0.9848129564727734
0.9906210605933272
0.9958318276931352
0.9892109000159652
0.9868419947065495
0.9902034917914335
0.9937921591357745
0.9980260228981344
0.9904003628209328
0.9886958201409243
0.9808609627464813
0.9988327273032641
0.9884129036591714
0.9999496238581408
0.9979681793375593
0.8329275459659139
0.9798853228338524
0.9974648691301647
0.9813072345283161
0.9895502845344211
0.4914012337907592
0.9971802145051109
0.999983215844243
0.9797004153904251
0.9892368480659044
0.9857978138867683
0.9799515145414434
0.9820841441320539
0.9914724132148247
0.9813192249322947
0.9882623203715813
0.9814550881134828
0.9859497342521335
0.9999664682706011
0.4946940486169321
0.9889694480533088
0.9808577151621312
0.998114472471298
0.0036196668565874586
0.9796099587843046
0.980519371797877
0.48245702137632035
0.9944593701090549
0.9944511863413817
0.9796550310070383
0.981254445792711
0.9999748949773218
0.9771974159860758
0.9846540038490503
0.9999246981651453
0.9899021166234419
0.9962608222844954
0.993785131156317
0.9999665428753053
0.9971728966099852
0.9999665442744707
0.978798675230831
0.9770016893304565
0.9963789325795714
0.48807124639377847
0.978819476382002
0.9989214678070681
0.9941644163162251
0.9956445046355512
0.9767696525896947
0.9998662598737827
0.9829151273006904
0.9986961427556521
0.98951159991977
0.9873396565411775
0.9842658511313881
0.9835069807080135
0.9821322663369892
0.9886650294859587
0.9754017573752966
0.9804311331234183
0.9938197883695098
0.9821115398105927
0.9755732968115846
0.9750039643128385
0.9958439043931099
0.9751894381947458
0.9853209937328404
0.9748487503650853
0.9823350745147778
0.9989820269345661
0.9821474752025093
0.9821479219847506
0.9932347887018469
0.9965801414653677
0.7170143377845245
0.9783149009991826
0.9784341850690507
0.9816633868116473
0.9758279691825368
0.9918209104552276
0.990788903337668
0.9999083142321317
0.0014002800560112022
0.9901484401696935
0.9999166604161979
0.9793486232415495
0.9822833333333333
0.9822669622172964
0.9764259822507395
0.9859768697506999
0.9936024523932493
0.9988754966556438
0.9999083821961621
0.9898647523235284
0.9999750164475054
0.9746136681542663
0.9801012422153396
0.9999167485306115
0.9717946369849899
0.9891032898241875
0.995538649775684
0.9738070863192589
0.9828381190178943
0.9884397393323513
0.9787945871269496
0.9790399480783152
0.9912887202655817
0.9974544970552025
0.9957496007452755
0.9946693500099794
0.9872850347603366
0.9940462826685292
0.9999251683711649
0.5029223721514147
0.9965664593794686
0.9974729001795571
0.9897847227994347
0.9870924308285612
0.9751013895352703
0.9881008766463085
0.9992273950752667
0.989848559110129
0.9723971225890053
0.9758147569848178
0.986739404809353
0.9785615835533635
0.9890571551924546
0.00264007770794763
0.9859533771667663
0.980599208029288
0.9902793342464616
0.9924797051645998
0.9819552117399027
0.986197108281735
0.9755243304256891
0.9999834009743628
0.999975102081466
0.9861322046557949
0.9999668047037735
0.9898589211618257
0.9796482203600764
0.9945824414687972
0.9884185899882195
0.9705089385706582
0.9718805212472109
0.9981504213389955
0.9997926722064653
0.978471617531202
0.9764591746200217
0.9798282123136618
0.9999751278841291
0.9727327745583273
0.9951917497057019
0.9791442165818399
0.9827526190160456
0.4854770408797474
0.9878035644745673
0.9999668586105472
0.9886823092728839
0.9698011599005799
0.9881696021738771
0.9736157593028265
0.9763277341549879
0.9904175846018783
0.995951081781524
0.994717887154862
0.9887925040558885
0.9756085448721663
0.979942242927241
0.984734403441999
0.9802008869473127
0.9931827583354017
0.9999586349534644
0.9798967536980046
0.9807429946338357
0.996560448464604
0.9749813972715998
0.9791077599748664
0.9999504005158346
0.8198428242060639
0.9992893442961617
0.9818129234837217
0.9727489815985392
0.9960428593851974
0.9672508920311881
0.9987611394213696
0.9718301716947318
0.9999256788002907
0.9737978645218296
0.9640792733278283
0.9926930761736489
0.9976304882680272
0.9872701906169252
0.9897970976209738
0.9780758595072021
0.9795736462898313
0.49693848921456985
0.9652640264026403
0.9683212750686785
0.9639256900562604
0.986850788622715
0.9999175101256321
0.9966098059918174
0.9840323312301538
0.9831920298221885
0.9962486602357985
0.986495622207199
0.9850944376200566
0.9863317477721079
0.9837191281696178
0.9681405278863116
0.9728067789345269
0.9693557958591587
0.9815715298267592
0.9999258300849657
0.0017140361430890557
0.9793441542391036
0.9687927369791237
0.9995551454839029
0.9999176263200382
0.9778764342017479
0.9775561302650436
0.8170946647119867
0.9707636052180788
0.996928195541354
0.9758035302641112
0.9872150554453326
0.9998847594353212
0.9944604038225683
0.9657130162178174
0.9880076225522407
0.9594996386096327
0.9894788715042503
0.9957541862737852
0.9998521839816709
0.9740604189418884
0.9719603914871255
0.9654821418310472
0.9652727048877581
0.9662366226774342
0.9661811169012351
0.9853925945378151
0.0013786425294807934
0.9737785617590352
0.9936350661920307
0.9854499524293823
0.9880263093148752
0.9864114612804553
0.9800995432816485
0.9872174347957987
0.9714442658970911
0.959680592903522
0.9937285829056746
0.9999262240657097
0.9632689864338703
0.9644256463220708
0.9753169380546928
0.9999016707773745
0.9747020030311719
0.9863520930613582
0.9819701003481466
0.9760892536799941
0.9869594777238063
0.9999262802660464
0.9889175574394888
0.9756491113113277
0.9642503214604542
0.9898366160271898
0.9762686603830752
0.9652072091252262
0.964848643647291
0.9766318409589624
0.9925410406517379
0.9874414644529587
0.999975440233809
0.9999099534213607
0.9729700968394168
0.9199413945798172
0.9691878355375148
0.9662351265978166
0.9616372890787385
0.9753628880488324
0.9812727956690274
0.9824535583464155
0.9797158087513899
0.9991906210144217
0.9548779989373442
0.9787400995561658
0.9984878949863502
0.9714839152608866
0.986833502239367
0.9648074911753171
0.9628286195121154
0.9864831754328651
0.9991751331220803
0.9999183366815294
0.9542689151116737
0.953913363001674
0.971383550235953
0.962354574029473
0.9588979591836735
0.9960816966253612
0.9772909082004146
0.9651544338513778
0.9963786142490111
0.9616937292545079
0.9721581132106246
0.9897167834163765
0.0011089728953977624
0.9932490277132304
0.977982832967875
0.9819782369482822
0.9514226797401603
0.9627208710960422
0.9693240533976626
0.9995436208793448
0.980495197125608
0.814222519124392
0.9999592681297554
0.9999266850225648
0.9709535794866783
0.9916838392806235
0.9676063907753946
0.9744072047423621
0.955919590298076
0.9890426571149463
0.9834192083221411
0.9888655564779997
0.9701870330278515
0.9999593069153828
0.9634172146624129
0.9783774546105581
0.9591673990170231
0.9611306845458466
0.9552895803160242
0.9677162151167521
0.9567834944189528
0.9839407744874715
0.9982102908277405
0.9587010810766841
0.9988451810707286
0.9583313003171505
0.9995202276885545
0.9796729788842905
0.9839104382962464
0.9719516755825108
0.9499069188934323
0.9999837415557705
0.9999593548806659
0.9689567719594869
0.9999512357669395
0.9870795784204581
0.9998943724913467
0.9625068040198556
0.9562932091995483
0.999951258742963
0.9666144086038975
0.0016894635953084896
0.9685522842639593
0.9756113407671504
0.958273100849481
0.9591656110948715
0.9995534336889625
0.980052446558905
0.9890810196460464
0.9769207039875308
0.9698991768545127
0.9604362963504005
0.9615818475446954
0.9118804410440314
0.9879926657904557
0.9841962648667066
0.9774235418187718
0.9999837757154909
0.9828202944397129
0.9924241195269536
0.9999432265180823
0.961224026342682
0.9961070875337589
0.9902770119043758
0.9999675640609795
0.9740036488951956
0.9617954206395537
0.9518740423047923
0.9699504713731022
0.999967576418329
0.9999594721654832
0.9844955585813395
0.9566760385353957
0.9538987555094633
0.9662703875868548
0.9682183661406165
0.9999676121227824
0.9480889579740769
0.909703111341341
0.9930902235563502
0.9903516433747412
0.955285440473591
0.9624684608915055
0.9878620756578416
0.9693691071110896
0.9530528579861083
0.9501762670202788
0.9918903622250971
0.9717425050936257
0.978655800528754
0.9815021424529065
0.9678595390721625
0.9748304653211661
0.9999272609714701
0.9757226647707994
0.9966392800303757
0.9998788299823091
0.9538184403121315
0.9457045006623372
0.9526317064700324
0.964901796097687
0.9775414284329877
0.9584447046473129
0.956411146730836
0.943153831867768
0.9450319684835959
0.9850499277520807
0.9576462041409372
0.992421429839712
0.9860641517046601
0.952700630981006
0.9526391376611641
0.9693815805397555
0.02083904800322711
0.9719102936431107
0.9986287447367996
0.993482872375606
0.9999596728662914
0.962020211796398
0.9598358276351439
0.9685398693864388
0.9432646413828689
0.9934051936115836
0.990858082615846
0.9487572133208678
0.9484648239181239
0.9747769817797942
0.976824767522442
0.9999758261416105
0.9999113646618965
0.9716300056401579
0.9495750936405011
0.9562972687806568
0.988233493871108
0.9492188758254148
0.9862726943359769
0.9585295372405077
0.9998873212230477
0.9499633799869617
0.9705567581051395
0.973389874151083
0.9890494504610334
0.9709263505088291
0.9999678221206831
0.9808060493926474
0.9565074002574002
0.9999597844446232
0.9887558211548206
0.48596680284363236
0.9954080853082855
0.9955046963458569
0.9576334558202738
0.9589869346733668
0.9533361741129933
0.9611319632537916
0.9533124904559447
0.0003777042013565206
0.9999598203164551
0.9999276817999196
0.9999758958701591
0.9998634176127006
0.9997348737436631
0.9999598309687163
0.9998955672306036
0.9997750733020042
0.9997750787224472
0.999951803744849
0.9999277073593908
0.9999357409073384
0.9999357424557627
0.9994779158400334
0.9994618819674238
0.9994699476372514
0.9659968839846448
0.9993013338901248
0.9993013619426956
0.999309436628766
0.9995744270824969
0.9993576361008512
0.9993496483283554
0.999743075070253
0.9990526197472582
0.9996066058109941
0.999221283838027
0.999349742305284
0.9993497579654649
0.9993497736248916
0.9992855652062228
0.9993497997222601
0.999735112095745
0.9999277590040375
0.9999357868122165
0.9999197373807097
0.999004759496922
0.9999678964983105
0.9999117203300054
0.9991493254793069
0.9986357544679041
0.9991654630075429
0.9996870536502384
0.9986760280842527
0.9986680895108038
0.9995105826473467
0.9995828085010791
0.9987885595090056
0.9982992105769848
0.9987886081026875
0.942124430469101
0.9941045775749361
0.9870543412873471
0.9404626317393606
0.9999358388271338
0.9770144441681972
0.9436879500874111
0.9680398980099103
0.9485415564214814
0.9927522288499776
0.9365400032066699
0.9963849434095354
0.9964010323987239
0.951122546308542
0.9731267682394146
0.954542540232096
0.9629418883287786
0.9505317060270702
0.9705755084379056
0.9644433761967712
0.9656713906892159
0.9676269366958806
0.9596537170955161
0.9350495493332053
0.9821114134784696
0.9569914847301364
0.9635509606382383
0.962472194216397
0.9641002664277085
0.9942078609886638
0.999976
0.9999760005759861
0.9686030141106454
0.9974483470248047
0.9531207522428158
0.9639239139994723
0.9855283356786491
0.95242130847398
0.9579965623376104
0.9999600287792789
0.9432910987649387
0.9522732359241616
0.9584851972632521
0.9601313770617568
0.9649677965830816
0.9608617135186103
0.9454915904278695
0.9395493767976989
0.9777657050180958
0.9492175330121984
0.9851992076424166
0.9798886608148367
0.999952080122036
0.966536219151825
0.9999440970475255
0.9464824722510581
0.9526429255828809
0.955008543187008
0.9733493013972055
0.9839223418777491
0.931668143464968
0.934756584197925
0.9601624783535101
0.9803790145621385
0.9999521267683175
0.9691619059777231
0.9579268146753568
0.9978621399341092
0.9318858036262693
0.9761824998005902
0.9999601196410768
0.9780739535477284
0.9585264114977549
0.9974482065676783
0.9542283003070053
0.9915245453313241
0.9999282468309016
0.9972576967841712
0.9435888851690659
0.9603124003825311
0.9449110671936759
0.9924698195147217
0.9348685258964143
0.9416512621111678
0.9417004629223868
0.9328977770695562
0.9998167768660878
0.9998167812447722
0.9906800385543705
0.94272036449953
0.9307117596457132
0.999984070091597
0.9999203517267745
0.9469706020565021
0.9645687163028502
0.9927379862244695
0.9502018521025265
0.9817271250676773
0.9645072171843029
0.9950402038054295
0.9458605317624582
0.9388073482122958
0.99558296856347
0.9991964228884221
0.9954026279787471
0.9969621058491391
0.9503701759826959
0.9617054436157185
0.9819276150494546
0.9999761478831246
0.9306385955985244
0.9657494494311452
0.9370473714753603
0.9771462639109698
0.9502253451715723
0.9920602120455883
0.9298702950152594
0.9509564719813712
0.9541614679773986
0.9778775477770273
0.9999284885661163
0.9282899858597734
0.9756293242459627
0.936663012915217
0.9462992376111817
0.9568466443779134
0.9999682355650495
0.9418743151174425
0.9408369064633952
0.457776225108775
0.9355627346546757
0.9751966410299149
0.9999682527084408
0.9869760871118025
0.9999444470898211
0.9278690866380439
0.950022219400711
0.9610632810950208
0.9275495711372599
0.9350311396723392
0.9320442251867832
0.9439597741260072
0.9999206966010563
0.9684692186298067
0.9462461938594265
0.9839358066587905
0.999968284928205
0.9374826582950825
0.9858259477113821
0.9392334826205858
0.9571485179901728
0.9740645652070555
0.9986292035117745
0.9248157832184455
0.9361877446242097
0.9910869909681509
0.9551907719609583
0.9726134833240909
0.9907473422374321
0.9971878292418229
0.9249792070973107
0.9474884759777599
0.9999762396939672
0.9904653299122557
0.9528914365340765
0.9485880313190249
0.9350643182267959
0.9718675542820052
0.4684803774122564
0.9246867554753481
0.9748569529191101
0.9980770143867812
0.9881931200392507
0.9865789869350869
0.9557968204730516
0.9241985505870439
0.9705784627068763
0.9294664894626923
0.972186844915556
0.9408312107453053
0.9581715063161975
0.926770812734823
0.9518856582402633
0.9274008573643165
0.9999604552392853
0.9725809640555182
0.9999525507904248
0.9537611109353746
0.9395925920068323
0.9532609039440807
0.923721643696974
0.9462206659974549
0.9457564692306476
0.9473272428399823
0.940397822015347
0.9394217168324812
0.9386827861404132
0.9857851735962958
0.933320691208192
0.9980089282187019
0.9718509038048287
0.9663848949281088
0.9390705353545726
0.934736758955725
0.002527386603271386
0.9541469886749538
0.9868835629960122
0.9247927358863008
0.9305351587790358
0.9463549808156885
0.966345356796059
0.9812674655425567
0.9999684248748836
0.9976951250315736
0.9391031206099159
0.9879964012879601
0.9531268494772145
0.9516388656556252
0.4733308084394578
0.9445408783197362
0.9447429252167602
0.9805793077335689
0.9286063608253928
0.9905351579445518
0.9619918779324212
0.01600643411341702
0.9225407638691772
0.9731067922891946
0.9374822683857138
0.9198732850534678
0.9884483247707
0.9637226087573181
0.9936259563035273
0.9334294129691758
0.9337643519758083
0.9765500732318062
0.9368046424100218
0.9442607463391592
0.9485554593403133
0.999968512366768
0.9438768281355772
0.9277983738301574
0.9782092229267295
0.9209421201635735
0.97233841799025
0.9403719482479446
0.9886107290233838
0.9932718683927154
0.9999214065091129
0.9805168267341517
0.9759446120960644
0.9336293269419669
0.9225588961008345
0.9195426685525695
0.9420417400050289
0.9495713803047089
0.9502494598310745
0.944831595735487
0.9999528631696376
0.9887273270017832
0.9936923137347315
0.9999764351022716
0.9804098689016487
0.9656908563932984
0.936819617021945
0.987992398064962
0.9509438999874356
0.9651127181927399
0.9514239959807831
0.9468193663851299
0.963228945922612
0.9881810048500259
0.922409260349225
0.999984304739184
0.9169916740561707
0.9417303557696834
0.9565292433216962
0.9918964502843695
0.9999686222828859
0.9210196078431373
0.9176254676360556
0.992416043166596
0.7923316419759864
0.9643518082870676
0.9573163560524686
0.9885698158470331
0.9243233073865907
0.9844092932840033
0.9169932591315253
0.9545949758984207
0.9231643377195389
0.9572920829709037
0.999514178923201
0.9653786489916796
0.9628338412603903
0.9862430960868033
0.9480423868860676
0.9841903732763279
0.9308376528806552
0.9266274135204121
0.7917717059422219
0.9998825785745039
0.9429745596868885
0.9927439239168722
0.9764571446461137
0.943495308232311
0.9283092694760731
0.991509574226667
0.9999374017011088
0.9779507843981065
0.9384882601926252
0.9999765287600927
0.9999530586219576
0.968739977000884
0.9424327051700265
0.9354270963704631
0.9933046538912789
0.9186252962386491
0.9627793115854183
0.9365194813320195
0.9621881598498475
0.9999765392225098
0.945786382865588
0.9351375443754594
0.9134347730897945
0.9999687285008443
0.9204224746507391
0.9858815803874357
0.9840151953350946
0.9299619409342055
0.9957724466671877
0.9293941146134492
0.9887884493683249
0.933451045345167
0.9476891347145402
0.9896804130959542
0.9683252616778628
0.9136417593402474
0.9904413831880798
0.9302703293614231
0.9368418587586939
0.9174485224097289
0.9999765839037754
0.9998985326256634
0.9244073961333427
0.9970030203935096
0.9999453705437972
0.9552432162451127
0.9670351962673699
0.9410649502633118
0.9327872688977299
0.9320805641361665
0.0016223383511426565
0.9396248488866358
0.9999766023491241
0.9999220120881264
0.9998128538232405
0.9507746769904949
0.9999532174685972
0.9999532196571
0.9999142393812761
0.9999610194201249
0.9997895130735769
0.9997895229186156
0.9999532295028296
0.9997505670701764
0.9997505767911704
0.9454022540568346
0.999789567209895
0.9992285153205948
0.9994856808883694
0.9220920899860517
0.9914288831055494
0.9330097314311983
0.9572676207764282
0.9100193188545789
0.9116254070138813
0.9420924308871527
0.9185256729810568
0.9742227898573298
0.9596221536928013
0.9585458339497474
0.9885787691229709
0.7746594005449591
0.9481136114202984
0.9508024470353824
0.9999688682035397
0.9921237167962518
0.9999766518795237
0.9127328757529066
0.9999766546048792
0.9989417165979301
0.9087606006379834
0.9806431033275501
0.90801951007009
0.9334754266689484
0.99989110820733
0.9141472672261587
0.9141235028775859
0.9999766687664777
0.999836690255852
0.9999144574659191
0.914560554924802
0.9253409850853046
0.9372837471133885
0.9511425217114112
0.9893719581409091
0.9643004299186031
0.9615336774675042
0.9775362994745515
0.9919400595363008
0.9235605919293665
0.9325034191222181
0.914128112496601
0.9620879590425656
0.9340283712185952
0.9300396178047076
0.9914867835421505
0.9779181035821916
0.999891272269769
0.932404624905848
0.9712315684036432
0.9988819094501945
0.9895416818714722
0.9307081356800696
0.978557065997966
0.9150217723719855
0.9120429656879865
0.9962671219587909
0.9076340439401818
0.9527700820276426
0.9683770234824851
0.95370348814651
0.9855526760913084
0.9256216937372985
0.988699469487792
0.9999612213716776
0.972242473126619
0.9214632481814092
0.9115005816207833
0.9698135152948475
0.9921071198740861
0.9142480620155039
0.9218880793675399
0.9999302482387681
0.9855553144663836
0.9693003866508597
0.9168338924744512
0.9883786694351259
0.9230608323778239
0.9616251423083774
0.9999690222652469
0.9738401133749971
0.9181824517387971
0.9999225712538037
0.9754862487611496
0.9628585807750377
0.9999535463491301
0.9751383567475521
0.9784144821874976
0.9726433419234014
0.9251489592199954
0.9999613107904205
0.9255547989724225
0.9232566596259932
0.9138537951522935
0.918137793387279
0.9763595575152781
0.9653654876907489
0.9054409353830926
0.9591648946452735
0.9999304127298313
0.9578613677658793
0.9788079572602655
0.999335101242433
0.938692519405016
0.9023477662592669
0.9725653592245018
0.9085694850269778
0.9999458912104137
0.9714254797845124
0.9142927801907352
0.9491649858190558
0.9999459066812976
0.9314320153918667
0.972946665842655
0.9587485515643105
0.9123714923494017
0.942349425038807
0.9520448508062025
0.9156138996138996
0.9938845004517131
0.9986414092291541
0.9095722919931147
0.9361468937891219
0.9999691279415284
0.9442377747591998
0.9238966049382716
0.9314878252013702
0.9902958306013037
0.9419609113486664
0.9982184448797643
0.9057810065861521
0.9105820840273922
0.9310281008050835
0.9168523558756178
0.9470994102455383
0.9124807277212458
0.952999653219281
0.9266884993257561
0.9999460633986224
0.9889819473444952
0.9459065904433178
0.913835344150141
0.9266201349727281
0.9816078497820361
0.9419832279626364
0.9158940397350993
0.9188181937182853
0.9902763128517427
0.9573183875835309
0.9328144487043282
0.9352526846541703
0.9954509067397396
0.9999615150745453
0.9690814488693216
0.9972522609197614
0.899826065540967
0.9517546559950747
0.9998999638330781
0.9157958725126579
0.9245240916575614
0.9002800775599397
0.9725254856703213
0.9077403620529154
0.9874137387196787
0.9796850841903648
0.9458794209498023
0.9811397672468829
0.9999615426031043
0.9247038917089678
0.9594079200307574
0.9212523354426
0.9155114750317149
0.9309228734854542
0.9999308123400036
0.9867391337771559
0.9375509262818049
0.9641448961239595
0.9821162329577768
0.9999308367978974
0.9195484446083856
0.9225407851966834
0.9999308447695594
0.961639520590043
0.9683478661698613
0.9969503764019051
0.9520023964237984
0.9612049432782629
0.9276881720430108
0.9252259654889071
0.9149651767271498
0.9749621860675813
0.954344104347559
0.9430064938055542
0.9216480918608578
0.9138613861386139
0.9350919473183311
0.9011489136357705
0.9954034102245346
0.963689101358973
0.9593914471160485
0.895641700358269
0.9707484350067509
0.9070636247871247
0.971410380325555
0.9565003950325615
0.9374108334483869
0.9955132187478429
0.9611128578330254
0.9980982761793755
0.9882224846263553
0.9418858724402567
0.964067219675248
0.9736809834758883
0.926540774504922
0.9855757445765413
0.9285922203667673
0.9478304162996438
0.9653960157165506
0.9844149677577466
0.9097139794003906
0.9969676085458304
0.994724106773665
0.9938819421579362
0.9637144629143282
0.9680106580095861
0.947900240366214
0.9252143294549908
0.9999693824438933
0.9996785181216273
0.9133443037005855
0.9578840222557266
0.9913917115572968
0.9858837031369548
0.9849122431179324
0.9186443271364089
0.9060628083999541
0.9330252981540839
0.9278632844772192
0.9010609896960842
0.9695711040227643
0.9648085542518854
0.9565736137667304
0.895048793172015
0.9432025878880111
0.9957487479451007
0.9388692687550643
0.8952731108495253
0.930680280947395
0.917384426085428
0.9999541470199385
0.9991823135178095
0.99342080127152
0.999977076488118
0.8980675627144287
0.9093055417599462
0.9541217816487126
0.9618043619418662
0.9999236145590651
0.9388462831128357
0.999961809029873
0.8975878767510426
0.9050040854352325
0.9033880966195377
0.903323539512344
0.9403536351773136
0.893285216183842
0.9999618536094115
0.8991493419797826
0.9306627811174514
0.8970615159282315
0.929979937600598
0.9305775919936535
0.9035815613655084
0.9138336002440326
0.9375381283552953
0.9388277997224298
0.9639237755358818
0.935665156852877
0.9624648322239758
0.9859944191152925
0.9029754598888491
0.9452583118645101
0.9531982349309901
0.9079651277986923
0.46091541515227713
0.9375861885061675
0.955130988565639
0.9239758063287475
0.8916413385436901
0.9181818874305868
0.9845376922315233
0.9776424002436795
0.44133346531939355
0.952516922889493
0.9177694193607334
0.9128064565250494
0.9522018516262638
0.9585677632530625
0.9999390963419741
0.906618962432916
0.9999695514162398
0.964687523787775
0.9146863154048747
0.8992860513616782
0.8955636230792063
0.8938796633129881
0.9734172494882078
0.9999771696447597
0.8929036185837678
0.9711746263659331
0.9999239092389403
0.9982879709031144
0.9516389201692181
0.9793730502929316
0.9721835459892112
0.9649484536082474
0.9107631915282088
0.9164587390457644
0.9784495546139861
0.9640656615599945
0.8876965899066103
0.9955893871529494
0.9206506117545074
0.9930424600036498
0.8947056274093843
0.9985098116736487
0.9984871176931206
0.9365216928562198
0.9946715517110324
0.957001261762515
0.9999163962211092
0.9269764543146822
0.8932409222865655
0.999977201741787
0.9999772022615356
0.9514373599665819
0.4436630949035928
0.9838917819241806
0.9206910686362325
0.9551016380501283
0.959550340053437
0.9384762511954097
0.9945584116937228
0.9858764779988768
0.949123472717614
0.9242280519362256
0.982736640815893
0.934835039817975
0.948856397500455
0.9062464452819887
0.9692201528755157
0.9192341232227488
0.9999241717661154
0.9761749495746068
0.8940660940236386
0.9667720439400487
0.8868186262990729
0.9673981428842146
0.9999469423642483
0.9228547823516482
0.9255494921934212
0.8941258486905916
0.887838216685988
0.9919005947645566
0.9197079186171583
0.9020730608133185
0.999962130392632
0.9911688744480547
0.999969705461348
0.9746285160332632
0.8983876220264918
0.90600530102234
0.9557309020415581
0.9025675583587616
0.9491357314293934
0.8980330400811617
0.9259438711777666
0.8906400211952613
0.9288304177674158
0.9317676087252691
0.8897751610046996
0.9999091947847538
0.986765240026636
0.9517711398379765
0.8990469707283867
0.9452096238645217
0.9530132325141777
0.9614087616628105
0.9953729605491963
0.9929165942198804
0.9579387334003492
0.8924133865409033
0.8866107932861256
0.8879430159833217
0.9481332658594983
0.9479380664652568
0.9999622370756391
0.9117007460207195
0.9745570126761945
0.9981882143342442
0.9130136107315674
0.993281801986775
0.9867302727917755
0.9214320219800127
0.9813193448562155
0.9080870976263256
0.9533056603773585
0.9054623117094817
0.9999169930349611
0.8878534995321885
0.9450048664921269
0.9735936745533559
0.9001456021365039
0.8846835700868305
0.9999321092889579
0.9404590401339559
0.8881908410763847
0.9897660598199068
0.9901290984224655
0.9076562311497165
0.8935340862825519
0.9736744894343634
0.9138002517771395
0.9940901107350425
0.9998869306960546
0.9999547726193437
0.9996457402145156
0.9400494437577256
0.9418472321664092
0.910286459314638
0.8919505413775176
0.9462189811815401
0.9076301893046276
0.999977401470411
0.999977401981093
0.9546087965229706
0.9882960776043863
0.9556343809071944
0.9006092372109136
0.883091358173439
0.9497658449908898
0.9999623559172733
0.892722700716738
0.9808411812973795
0.999977416440831
0.8933119580924855
0.8876346149504436
0.9370663576298481
0.9999398016464249
0.9999548532731377
0.9998946639780901
0.9999699048994823
0.9997742935387763
0.9999623836715041
0.9997517434381277
0.9998946814112691
0.9998269831120472
0.9999247763978426
0.9999623896135157
0.9998796503843665
0.9998194823656836
0.9998570955804928
0.9996389891696751
0.9735351848927194
0.9303852198302115
0.9999473696082043
0.9035893657333613
0.9102541933252637
0.9747070451965936
0.9004072983046771
0.9474953603870977
0.8894106509587065
0.9370384560486203
0.9612015864907906
0.8768947645158868
0.9400003004491715
0.8774720776343166
0.9725343227085649
0.8900178735036574
0.8771298764690422
0.9224139872529221
0.9180966536053686
0.9112827557216955
0.9368666776755288
0.9999774823799623
0.8806394716103126
0.9466593614434321
0.9773503343414861
0.9999324608272798
0.9487033257293793
0.8929720728221977
0.9796268931011979
0.9954704303091206
0.9350970731817057
0.8787706104208687
0.940408273421745
0.9152004917651821
0.9761488932696705
0.9477416163221252
0.9164787244404816
0.8905230349663972
0.9484709090636659
0.94692128467722
0.9369452371856812
0.9999625490607305
0.970721074983709
0.919842125760163
0.9706800871733806
0.8980111423950159
0.975781887306446
0.9752737178479752
0.897231367853936
0.9264618953196903
0.9679470872551513
0.8853350690937385
0.8994875247821045
0.9268690435224943
0.8854238353131265
0.9463601819161032
0.9912335816653203
0.9261539151963021
0.9628128225456613
0.8925427607715263
0.8849406644682235
0.9227059280971466
0.8886488183795989
0.9848171100927718
0.9999476737232389
0.9072086348143276
0.9775540407211409
0.9409206071612745
0.8750448403682889
0.8832277156692773
0.9999775816588078
0.9998804399808704
0.9893891275920045
0.9771647188929073
0.966749108950841
0.9667202151903463
0.9009705691166252
0.926735055251302
0.9040991505860732
0.9453014694347122
0.8955697620576857
0.8843807632288267
0.9014902640066897
0.9863604804813773
0.9999477440353549
0.9172495651589689
0.9585333263662354
0.8924162125849071
0.9999626796044038
0.9957308972579225
0.9999850732901454
0.8982379150527282
0.9999477596346159
0.8731165623110965
0.9869934108903133
0.9795319891951587
0.4299976868606222
0.8803472346518704
0.9980685767125536
0.9857197187194726
0.9796978915033849
0.9999627224537572
0.924014016252889
0.9958329606106688
0.8837152099700363
0.8375961366481846
0.9670052085273801
0.9999701952953274
0.9078825808374311
0.8696682111410736
0.8841446608812247
0.9387574206907853
0.9023276600499051
0.9002234470430508
0.9317315140320562
0.9656630947150506
0.8810635335462783
0.9206888079869564
0.9154457745220654
0.9557216448798499
0.9974320230448019
0.9148996345611384
0.9357767441860465
0.9018997938727369
0.9201437457218535
0.9979168216650547
0.9329618497797881
0.914865126244216
0.8938398708611981
0.9212246992925844
0.9900027522185113
0.9905985957396168
0.9999107541276216
0.8796230877354771
0.8769735325395822
0.912891856522515
0.8737230293387263
0.9445592696127996
0.97768262039639
0.929913246455891
0.890582726326743
0.9074287413133153
0.9375859326808024
0.9999479785969084
0.9269206188784685
0.8791326382747884
0.9318722139673106
0.8823446380149326
0.9620241880367277
0.9890071527782935
0.9475005384369731
0.9447212671632148
0.9999702971032249
0.9043870852763835
0.873719148177849
0.886976536976537
0.8919157654079974
0.898526628316942
0.9756488566614961
0.9759992875484245
0.9395095165658739
0.934932624955479
0.999933223027668
0.8735401920194691
0.9574649621984969
0.9358636704230995
0.958473350395015
0.9999629107632965
0.9395386783356819
0.9999629176400786
0.9533062386899641
0.9302956815805282
0.9273490331000118
0.8843858205247977
0.8745088153738935
0.9592699128165589
0.9048822796821255
0.9349735728211477
0.9999629399033473
0.9279589098967559
0.8672960495601977
0.9999555400769157
0.9804229589341553
0.9926515252529742
0.8735037923678597
0.9171061207560586
0.9269981632894893
0.9381841072354291
0.9130972481412364
0.8732265039542667
0.8884940552865752
0.9155050523744309
0.9099085095043524
0.9523108124111795
0.9228554511139072
0.9090095023829964
0.9132896216920253
0.9893368260592875
0.952595168510229
0.9999260163503866
0.8685172306645162
0.9893175513223599
0.9292123776622109
0.9934237293150766
0.9574401988195091
0.9525630311143324
0.8927707724734681
0.9610660435261668
0.9989869935892222
0.9999482432272566
0.9692208733198279
0.8875376119116092
0.9582748066772138
0.8867524210837584
0.9999852149742741
0.9999630382554057
0.9068577807018192
0.9610040208136235
0.8684727826305444
0.9728511468432254
0.9833465093426526
0.9856599312917883
0.9999482868160932
0.9704144197384945
0.9999630655586335
0.9336149846372016
0.8932298398115256
0.9613978597856832
0.9989366494118342
0.9112784730682615
0.9138718893260791
0.9999483272802433
0.9323850508957504
0.9101981162715167
0.9033458072230465
0.9304196371902168
0.8697625337603495
0.8828746403010403
0.9709293746126376
0.905726215769594
0.8766964654511122
0.9079156003628506
0.9569721996902883
0.9531990827108696
0.8817652263677923
0.9119913289043894
0.9062354840850273
0.9331829341118705
0.9003774642072514
0.9897379188322459
0.9054379796103408
0.9765525375004607
0.9902483968452863
0.019032671647729784
0.9508642411918129
0.9585420841683366
0.8698970758338184
0.9224008369187245
0.8841543822426533
0.9693172442244224
0.9021501336927938
0.9999705388445335
0.8943383441479529
0.8854388381119319
0.9558048076356567
0.8623871452346937
0.9285093661639963
0.9954277383871182
0.9618694919122682
0.8751251619743197
0.9106509224222972
0.9999411097860813
0.9366272350511973
0.8641954407943646
0.9195892982004196
0.9527880575931253
0.925149149973885
0.8866215987583032
0.9312178652602776
0.9191938509065499
0.8751140074730059
0.8912375152611682
0.9661862038535078
0.982924838403671
0.9945735693119904
0.9438987088615041
0.938685938200719
0.9577170748919404
0.9003337155626121
0.8917089305402426
0.9834855912334727
0.973093939705731
0.9920631421138498
0.4405404809663412
0.949651017559327
0.9899423281783786
0.8841887186117927
0.9838254737769943
0.9189614014469867
0.9185866316090984
0.8691542800070501
0.9342674392133536
0.9999485955571874
0.00034513904697562733
0.8955441982053428
0.8967038937962126
0.8724852418573232
0.8918706588936696
0.9999339241008172
0.9204745683072947
0.8723460488062725
0.9196978483809636
0.9079544286700043
0.8812376128606034
0.9248267661048799
0.9999779792270709
0.999251332188312
0.9074937069300827
0.90394070595142
0.7280238932143565
0.9807452413448979
0.9415955565664644
0.8987440208938581
0.9508062031426517
0.9986209122518742
0.9262864478268843
0.9999706592141071
0.9091322526223135
0.8935984509542181
0.8807476005073946
0.8662595039262121
0.9581479227910182
0.9641964357713088
0.9682317506613806
0.903568549864439
0.9601462549643155
0.9303199712780533
0.8721666251520169
0.8830617985759076
0.9999121007910928
0.9541938886121935
0.948080007616983
0.9585991226207129
0.8548338667272075
0.956193795951844
0.9451616446380844
0.9227327973758584
0.8714325460163126
0.9003572788239084
0.9512375458451988
0.4196825954556102
0.9514060693006983
0.9985874362333584
0.8722085638188896
0.974722163285314
0.8929245490058377
0.8702747381356428
0.9887504845776312
0.9647754949788989
0.9045104478266911
0.9999561188593828
0.9289845640871899
0.9999634406715218
0.961013417175447
0.9255611610733347
0.9547611214679972
0.9441500054826565
0.9311688216763027
0.9999415294435796
0.9221055400872559
0.8556575236369481
0.9412787342678286
0.9999269598498295
0.9459141638424682
0.8676487773525373
0.9413706232429078
0.9255421686746987
0.8998999802880859
0.9568058049727709
0.9999270051680341
0.9540354898282444
0.9700623275773986
0.9250085748272263
0.9641548812703417
0.9286459511319612
0.9346611220544248
0.8852938601610832
0.9999708186818799
0.86336545546064
0.9301100760830713
0.9293758935605287
0.9482844138413958
0.9389017336824524
0.9676922964724072
0.9889452805973632
0.8740584645224327
0.9100354346209371
0.9747007101299232
0.8695721909538946
0.9705179050507406
0.9358935106212366
0.9121525575699259
0.9091823569288635
0.9171447106588625
0.8781915320082508
0.9999781344295273
0.99997813490762
0.9762477406565215
0.9822180763456689
0.9031999475298971
0.9151970500787034
0.8981490927639729
0.9511093300302379
0.9187484063672459
0.8550942077012156
0.9129168274867642
0.9558115656017652
0.8895369581522016
0.9913134019717776
0.9460897799909725
0.9129042121048877
0.9087004629764436
0.9085714285714286
0.8816019332673383
0.9951024982352984
0.8699897412018073
0.8775118224809021
0.9224272141308618
0.002313349774121036
0.9176390141705706
0.8797707286203711
0.9187139096158601
0.9653556010988532
0.9594425714950011
0.8821482283364454
0.9351806108511813
0.9606096710449843
0.9999782057522285
0.9999782062272073
0.9998547261224223
0.9883058775676226
0.9999491585744065
0.8747539888305482
0.9534346654659801
0.9537057208836216
0.8701818340256194
0.9376334248246416
0.9999564346083472
0.9455222688526495
0.95767295643146
0.9117209336092054
0.88826616913617
0.002308513186837119
0.9422815868752495
0.9190238732951534
0.8697980926944683
0.8876075881388159
0.9376895725999564
0.8489921198136618
0.947625439901317
0.977928532559405
0.8901334881021474
0.8845347512894357
0.9255106185447372
0.8677138174592814
0.9504869364698375
0.9999129898850742
0.8861698425128339
0.8840788805916044
0.8841319318593693
0.9943749365730605
0.8543451474958325
0.9642329100713167
0.8471628378868034
0.9999710132324594
0.8747853183086344
0.9772580726959218
0.8989705807778962
0.9999203187250996
0.9239437435726597
0.9211023656256562
0.8769549351251158
0.978706921517521
0.8749891408218226
0.8933426962225086
0.9998262858466394
0.88244830605997
0.92025214766995
0.8506089838689834
0.9999855264395765
0.9999059238996715
0.9100060063537091
0.9807116294549191
0.9805914437419523
0.9347371619128912
0.9885079916106169
0.8718174915940562
0.9559445565172122
0.9747988462122362
0.9644052481295406
0.9679632213154452
0.954672275710527
0.9749624147103042
0.9880164214056492
0.9988509069885091
0.9483071364046973
0.9077507840388479
0.9012421507489757
0.982861024003237
0.9145532579008974
0.8440152878022701
0.9491958905891023
0.9495369099394587
0.9463083369455281
0.9903198075519949
0.975866278523805
0.9643677496713425
0.9276613264377447
0.959090810599987
0.8740682960651759
0.8955590382851489
0.9999638900524317
0.993673902682092
0.9091860977318188
0.9999205730294891
0.9055278413479934
0.9387814034074502
0.9698183760683761
0.9712961826882132
0.9186261349037949
0.9999061852768617
0.9347794711927029
0.9821061365850139
0.883811530109443
0.8753994762622729
0.9999350780506102
0.8439370987520739
0.9073009599503797
0.9749242752055387
0.8760004614741214
0.9680382416346425
0.9345510112877882
0.9305983916063759
0.8789595042513331
0.9999351533622982
0.8434181136969522
0.8839600279544947
0.9338755456942384
0.8954826068477658
0.873313694278985
0.9628647979026822
0.8953971580637959
0.9999495880624532
0.8910715700182184
0.8634216589861751
0.9775165224402816
0.8443335781031777
0.9362699223980304
0.8646568913267253
0.8468502831974322
0.9665541731728202
0.9165509550703262
0.9242063463516751
0.8599369856707142
0.9999424559788238
0.9797607831009012
0.8903088928044878
0.8457201213986738
0.862043176228624
0.9727459694237103
0.9999496638262683
0.8706082004228208
0.9345087436723424
0.9293715846994536
0.9048064133443577
0.9999281066896726
0.8941091045033646
0.9999496775770472
0.8866771621845054
0.9854509905402685
0.9109342878912035
0.9652480791208159
0.9042081431703022
0.8908776064494806
0.9294423647585449
0.9867296058398356
0.9363028953229399
0.8645623814723292
0.8787556653713826
0.992731451554981
0.9777362826773915
0.8533203110973867
0.8465344401677486
0.9402632467094161
0.969463072791763
0.8784086503252487
0.9116703162580321
0.8398750987007394
0.934118626669825
0.9998779857602205
0.8706211648186026
0.9428524267803446
0.9434214114506336
0.9606113881812637
0.8435694860037745
0.9549068002123721
0.9287415698091548
0.9922802083482802
0.9958891431769104
0.9999784776526293
0.9155827851152514
0.9688676606639558
0.9941197561850126
0.8452293880594874
0.9254335964666996
0.8731278543723427
0.8429927446875627
0.8697244944045767
0.8973785509989033
0.9464829721806074
0.9504415390790756
0.8553294580588745
0.9239038513910588
0.9166821914274659
0.8909570276118013
0.9389433270299696
0.9795437452995738
0.8662512534020914
0.8406421860678277
0.9972861306237604
0.9112746747621128
0.9368730803101575
0.8529487564967141
0.8850268719093726
0.9993488092512022
0.964257091335833
0.9203629104386837
0.8652697395248349
0.9390687926064222
0.9395135908440629
0.9426482790191983
0.8727764307018862
0.8448147618366472
0.9522678834518173
0.9701583260630158
0.8643631475072223
0.9259656498920302
0.8473852797757789
0.8570233575702979
0.8977938863629865
0.9330974336979055
0.986084607302901
0.8432622491567091
0.9159299940685052
0.9637566723594606
0.9119866243676584
0.849258007587828
0.963726645947201
0.8625500996635017
0.862383748339262
0.8994129326229485
0.8918534812138006
0.8705842876317217
0.9854156850987279
0.8858511374911663
0.9999857235653967
0.9999214807306575
0.963988464887861
0.8383106593767398
0.9468331120722882
0.9999857252976275
0.999942902005567
0.9840275200548118
0.8978454335895405
0.999942909747447
0.9734117328043272
0.9838091636280603
0.849241175589186
0.8456225965483045
0.9999215261032717
0.863870797457609
0.9999500677651758
0.8581750486801093
0.8648174432786745
0.8869726471951785
0.8737002752777738
0.861811264836214
0.8896677994115426
0.9199777755616657
0.9807074641959307
0.9617299160393953
0.9999572737824808
0.9765226122065327
0.9681774486417204
0.850746587486382
0.942503364354222
0.8596022812226328
0.9302400091133689
0.8744322146121972
0.9030740097388729
0.8739784731911501
0.9602072922450491
0.8759288785126556
0.9585492227979274
0.9315483815868135
0.8327676379549578
0.984647125782584
0.9875997780338925
0.8511222566072636
0.8756953237256547
0.8663186418497472
0.9663184245898259
0.8988479590385436
0.8600766566875493
0.9176734098908522
0.8588422676820466
0.929082350933576
0.002260449246516918
0.9999218144728519
0.9998933947379642
0.9998507589971004
0.999964467690471
0.9999360459332319
0.9998578859108092
0.9998934212489609
0.999857900046893
0.9997939623874786
0.8391790223005279
0.8022363672529909
0.8478046216248855
0.8556308514114421
0.9349337689548635
0.9999431830287707
0.8748331013323485
0.9417997684774194
0.8667750777577368
0.8304929487452601
0.9762577566988058
0.9333262335818246
0.8907756307412719
0.850861004244687
0.9313152104478671
0.8386405410584136
0.9999148459065718
0.9189716588848048
0.958128445835196
0.9781175719303224
0.9820782427312588
0.8567850960583444
0.8681416117522717
0.8440581067086579
0.9925880216756036
0.9999858149992198
0.9999787229515522
0.9529007092198581
0.9973476870270692
0.888352302946495
0.9209675360592264
0.8733283224369974
0.9726314893858393
0.8682042483196732
0.9519947251625345
0.986232613534858
0.8963072713223357
0.9999574670192178
0.983851759435166
0.4254344929262
0.9233102314440806
0.8420422335600907
0.8741089775384397
0.9928865460780354
0.9814657371195374
0.8599686851296875
0.8306649286614999
0.9999716637622023
0.9361659925051182
0.9473881786308744
0.9983575570076387
0.8569213779042603
0.8423295555099354
0.8304397369929718
0.9430381090548813
0.9008434638626682
0.9748473506583556
0.9250481095766357
0.8326270437003446
0.8499876198224329
0.9939515701158045
0.9109729530922877
0.8256549168269774
0.8823375484455006
0.8757125277585256
0.8254775358372878
0.8517481330617787
0.9486390733394149
0.8999787865931269
0.955816222637027
0.8291539706890823
0.9674619163750751
0.8521670294874332
0.9119781765242158
0.9733857232708847
0.8848838523709942
0.9402543270929
0.8766831032680108
0.9999858713159456
0.8894948396075135
0.9927171778534394
0.8508231106591241
0.9067913309370299
0.9524777923710263
0.9202242589428197
0.8008048857980019
0.8905294956310611
0.9620690871881726
0.9685409433482937
0.9689735954501193
0.9999506085729406
0.8943524829600779
0.9579238480912637
0.9522714446952596
0.957438103971221
0.9146541022457961
0.9223173604547827
0.8591909846123468
0.9081082224525627
0.9999647475217508
0.8930517855254345
0.8870989347226824
0.932009134994925
0.9999859029843382
0.9628128590257758
0.9999154250595549
0.9999013306269734
0.8667498290941639
0.9417033722118467
0.8611293152654166
0.9405302950232876
0.9999506792176315
0.9688083478358898
0.975953442821613
0.8246910622948048
0.950236699729486
0.9862779214009482
0.9194460684525277
0.8928714809936681
0.8466836626899729
0.871981577853989
0.8597794552573021
0.8294171906575881
0.8984601085739634
0.949575098744658
0.8477573692473406
0.9039061235120619
0.9058643822020118
0.9106930456141833
0.8221255691855105
0.9622078497885188
0.9273891625615763
0.826951901762781
0.8910365111419143
0.9061530343007915
0.8608859619497917
0.9847254664677905
0.9997115540203038
0.8797675825489948
0.8670741829743532
0.9337882038476418
0.9999577964098812
0.8531395733247051
0.890295625751725
0.8439739757341305
0.9665850810932467
0.9359432356788231
0.8338197135162123
0.9581472861130839
0.8787326944305773
0.8371955678047134
0.8987874740800619
0.9396318449222292
0.9052234295272769
0.9033362148334001
0.8355529006641133
0.8873616527880257
0.8258685142503794
0.8811518030298772
0.8414007771165183
0.8630829006442909
0.8631135966052397
0.9841595425584972
0.9229407798629059
0.9219214157800485
0.9284751190325706
0.9682171849105362
0.972913770588483
0.9999648984864228
0.8839989610170801
0.9127984108154398
0.9939286315907687
0.9822215671411325
0.990433946505899
0.9581932640414348
0.9998736788917428
0.9910595863830624
0.9903442662063352
0.9160661535115109
0.9676414458913336
0.8581411011954875
0.9999228324692908
0.8268442910458231
0.9217548683989001
0.883459595959596
0.8350623934681509
0.8978017199051668
0.921168548783054
0.9282678225738574
0.9972296837631415
0.8335706020547705
0.9535831247063443
0.9717613564646649
0.8674136975927186
0.9999368943611606
0.8790789639747023
0.9284437371620059
0.8542277118061884
0.9410507132092665
0.9254077620225838
0.9540979011177687
0.9459190537586187
0.8890118975882509
0.82174735514608
0.999957964353772
0.923923019259197
0.9999789842381787
0.9517621592843483
0.9949084644152788
0.9402487534315648
0.4200007003046325
0.940230673884271
0.8801988517014424
0.9811248100929058
0.9582341742027606
0.999937008755783
0.9562773835020087
0.9649361011184054
0.9747776245897165
0.9177844483161556
0.9146125590344586
0.9146079522000434
0.941034897713598
0.9868132021882389
0.9589479942643304
0.939581730432958
0.875006993789515
0.8409310195349098
0.9163229351640823
0.9999231032723053
0.8216078294302691
0.8617045073258025
0.9999231097224262
0.8739008262152074
0.8313157011854171
0.9724280123008108
0.8550941391890192
0.9520092249633098
0.9070883970564598
0.9816906132945715
0.8918998239092154
0.8353989967443095
0.8222501659156799
0.9001445964919633
0.9999580897298883
0.9327717592495582
0.8717470561119726
0.9994622229051138
0.8394868607582561
0.8753534549567475
0.9990993758465169
0.9620391894061555
0.9195622129465469
0.9599318821057922
0.9605473410973338
0.9606818403829247
0.9999860452135082
0.9999092964193017
0.9022571079713937
0.9704326956618806
0.8572514876903651
0.9999511684687827
0.8636423882637722
0.9009437581523824
0.9174815517457837
0.962657164175982
0.9999860532903775
0.8556476019134486
0.851580694194592
0.8492376125105452
0.9534914526339273
0.8651380687799335
0.8450904527867824
0.9708061761528005
0.8820257998870994
0.916695122546116
0.8599836955385698
0.9129835023966113
0.9107020941605941
0.9626458601832178
0.9999164042689553
0.8308813285407786
0.9847870606427885
0.8369472093169043
0.917557581540476
0.9999791060160744
0.9999512487289847
0.8987039397168307
0.9394851010786833
0.910477278108157
0.3335816686742374
0.023049040956747393
0.9999443458902918
0.6800370084382021
0.6800180863274321
0.7847369555993016
0.9999304439761005
0.6801922421527783
0.9999721799125059
0.9999513158626829
0.782482909222413
0.7846124958273061
0.7838709901740576
0.6786643116420733
0.7823632077767657
0.7861602859169228
0.7820364859979421
0.7821837242606676
0.9995898505387556
0.9994716975885776
0.7836528436183671
0.78415781023014
0.9991590798526653
0.9993398560191233
0.7857048560688702
0.9989647457721329
0.7816909726323396
0.9990203775367705
0.7852632017729733
0.9999305280562445
0.9999513706528838
0.6793834269955612
0.9986178251930877
0.6789993124092762
0.9984234578361785
0.7822385188580318
0.9987013888888889
0.9994583483792117
0.7821208102158863
0.9984654163165825
0.9999861125577196
0.9982154760582157
0.9988057380122481
0.7853780462403666
0.9999791714398784
0.9983198411486177
0.9999791720183009
0.9999236328545344
0.7818722057149204
0.9981048247136411
0.9986810684733715
0.998889413332593
0.9985840216561394
0.998028818123768
0.9999861186301864
0.9997362558041075
0.9999791785233408
0.9994517049200808
0.9984246613368866
0.9996946564885496
0.997807200155439
0.999757141766759
0.9976338833455918
0.9999791841577563
0.9974674585773362
0.9998404229485677
0.7832017428226511
0.9995212887738748
0.9991328778051403
0.9999722528596896
0.9973086394062359
0.8538219343384607
0.2627140974967062
0.9999930657162075
0.9999930657642915
0.9999791974371243
0.9999791975813721
0.9999722636341574
0.9999791978698619
0.9999930660047013
0.999972264403442
0.9999930661489391
0.9999445295761367
0.9999237286960381
0.9999237292248809
0.9999861326824939
0.9999306648547082
0.9999583992012646
0.9998890653058677
0.9998751993343965
0.9998752001996797
0.9999861334516612
0.9998544022519118
0.9999306682196986
0.9999029361805387
0.9998336060345545
0.9998405402219958
0.9998474743132878
0.9998058777445767
0.9999792013311148
0.9998682760102884
0.043294995251069376
0.9999098824312334
0.6627001178182826
0.9993003456708023
0.9999653648467048
0.7629670672161235
0.7629617829983516
0.998727260150792
0.998377127861607
0.9894295670306755
0.989650134774587
0.9841287163152976
0.6665962118009627
0.7677793607405539
0.6663781234238041
0.399227209845919
0.9098987365924796
0.8130574919421333
0.9999386732990359
0.8241346415917143
0.9997342962256438
0.999516388306133
0.9470088613716395
0.8914572932771221
0.7995137664035739
0.895153657058419
0.8514786090248603
0.9664279197701494
0.8640813714410207
0.9999659627768928
0.9999727709629549
0.9613874122827915
0.961374325326872
0.7987831022724953
0.9988912017196577
0.9988708174329463
0.3958248306260713
0.9418462291870715
0.7953600990280829
0.9211430048078558
0.8899783097959489
0.9982117967023627
0.8986320183848027
0.8727819099030499
0.8934926525563123
0.999966016679014
0.9972747414062606
0.9998436958457074
0.9999728174077321
0.928900999585488
0.9656318160507165
0.8562760738697359
0.8583201978475922
0.9977239992390684
0.9970310886461221
0.8738204422704575
0.8535415959252971
0.9964551047849295
0.9971547310236177
0.8534082961574763
0.9993345826882859
0.8371024135238806
0.7904229826693187
0.003054699485452842
0.6641551442089043
0.7910919852302346
0.9999660632716364
0.9999592762023701
0.999972851538639
0.9999660646536219
0.9998981967246493
0.6573466437737949
0.05816770376000054
0.540719639163021
0.10078597052780057
0.9999593167933497
0.9999186368968113
0.06907230466897066
0.7027023369734368
0.5473091186662794
0.9949869106415135
0.9947781735751295
0.9999527764097929
0.9988612243522792
0.9933043683271024
0.3037718057520038
0.9922811362275147
0.9972416762535236
0.9972283515418976
0.9997919309479223
0.9947047335252783
0.03308160844830706
0.47720788179979373
0.9932888149143388
0.9999598949247027
0.9999598965330553
0.9905563909774436
0.9955824662001858
0.9969670855295242
0.9940739158869772
0.0609831777447101
0.6392470895731374
0.9999601098309322
0.9804100136937128
0.3605087753108407
0.47753081175791284
0.9884888936068575
0.9998805906781123
0.9829236962682416
0.9958421885448322
0.9998742113381928
0.9762267298678601
0.976108672770242
0.9997484543179802
0.999622728927425
0.9949865072226044
0.03857419942207972
0.9943265780029554
0.08046780694058746
0.018603272858977313
0.9695871984852769
0.9999211112791149
0.9999605587510271
0.48951651067409824
0.9996714719371329
0.4423588618281442
0.9992184575372874
0.4247178514181033
0.9736262443379763
0.9949599396493418
0.1139210206246927
0.9674822507015661
0.9999612052243632
0.16026831785345716
0.4294964817573799
0.9816325609292067
0.9599889358472118
0.9813597264895862
0.08967184004205371
0.9753008070668026
0.9756674465562001
0.9937258068650824
0.42656101872966257
0.9931656888114576
0.9931084395995722
0.9504708978110135
0.0894476346382576
0.9715718209107748
0.9644130610891045
0.9634130006314702
0.9944612765741218
0.9662608054978628
0.9999174341060654
0.9614106515480132
0.1470306604521386
0.4220356169592496
0.1944513095441785
0.020037225556484083
0.9560756713650086
0.6909800152998969
0.9582324646511893
0.9768991081981304
0.9768620635171433
0.999911522880815
0.9998104133620662
0.9998609768273649
0.9998609838551704
0.9997346156033388
0.9996335306791687
0.6052779443795574
0.9309998927492161
0.9999621496476763
0.999892764776383
0.9997792703307792
0.9997099072964621
0.9932474489314748
0.5012101970892402
0.9946501540202427
0.953168372046393
0.9531343003038751
0.9999248172118463
0.9999248200379659
0.9580864947459389
0.9303011331622112
0.03910377034114992
0.42076089537688566
0.9998688704752509
0.16141950857406634
0.9879496279478815
0.932353362703373
0.9323185055487361
0.9959656331714606
0.9827657006333761
0.05319795946231087
0.3059307868507398
0.9999133363046601
0.9999133395233674
0.9695831009053962
0.9999632215472695
0.9998406462407835
0.9646875
0.934515905989757
0.9407014517224292
0.7100660066006601
0.999963331010964
0.0944850132909652
0.9999633381808405
0.9999633395248803
0.9514332619296093
0.9999573326831647
0.9961113447554962
0.9477315695726973
0.9021416022808094
0.9602881283812534
0.40455752185508514
0.12730794217470234
0.9999636867620091
0.43430837578772
0.9830737941657841
0.34235155422962177
0.9029329231286917
0.9577097152709596
0.9999042214400307
0.9575148141497576
0.8888656266449729
0.9554617123853046
0.4300845811291431
0.8806389348695179
0.01808308541524786
0.8809273485382493
0.44333651779316935
0.9413527550593994
0.19640493650509747
0.9333456227774937
0.9047035737646429
0.9273867554393057
0.9880017827960185
0.9764691235059761
0.2243936785179663
0.8515175161683161
0.8856408286296876
0.984668304089434
0.9408133816297082
0.9999587815836115
0.9389425254896423
0.878317087375214
0.8883249328055802
0.30357300189722114
0.9969869080272764
0.8760970512436672
0.9966891499216315
0.9999589332019195
0.9999530703709787
0.8824143594556546
0.9193562514963766
0.3886690479525611
0.9111668757841908
0.9737490462405862
0.8665790147301794
0.3852513074466608
0.9213378951248733
0.6682945348496091
0.3821075090721922
0.9100816028431604
0.8627454360530262
0.9199409480480687
0.919914526477836
0.939677545302129
0.912329710041013
0.8544060203853368
0.33338107569264613
0.6682954773293616
0.9999942715076247
0.9501754546389749
0.9946823988543194
0.8930955015800942
0.9308427206616284
0.33667714101591684
0.3285258877806482
0.32945577300305645
0.33838162088805
0.3282948079050302
0.5243622267194937
0.014724408999960097
0.33952767216366736
0.3439639300717637
0.3380907868037664
0.9998917058045689
0.9998974095922031
0.33515894817229547
0.33202259037002846
0.3442512721450103
0.9994814992080043
0.3443032060668562
0.32935291637706093
0.3295657177364682
0.33329345615504247
0.9998974616050677
0.34294698346330654
0.3400720006379803
0.9998177240570068
0.3327372138056726
0.3422067088412985
0.34430747330960854
0.9996583707702031
0.3382582356893155
0.3338912800892715
0.9999886134611662
0.3374359558237504
0.9993339633167488
0.33193679129286396
0.998252504553734
0.9990551647200783
0.32851459565289154
0.33673086116233014
0.32850192061459665
0.33354767852773304
0.9982645704954225
0.9997496500790878
0.3416742053128965
0.9988109731814717
0.3432858743693153
0.9979296890552216
0.32714150025878297
0.3371154600829224
0.9991639747031257
0.3323267135285152
0.998777325356566
0.9978391042518467
0.33936085522574777
0.3259982031774192
0.3335512961204519
0.3317223498373854
0.99811803502388
0.9991926818313615
0.33605839748035793
0.3357455105648815
0.32696297727931606
0.9988120545204452
0.3344208438247782
0.9969990280943261
0.9972436604189636
0.9999090733437141
0.33841371589636926
0.3314580563037722
0.999096498505529
0.3265703831644016
0.33652229241467074
0.340542045138238
0.34046988786766796
0.9983073855923299
0.9983131804783297
0.335326654854391
0.8574922957304442
0.9999659491393645
0.9674655104901454
0.9077408250387834
0.8896988190088716
0.8867441847331952
0.09363712299078923
0.37496903083402777
0.8899954450623914
0.5986516096409911
0.21853177300741022
0.9952927166305288
0.9371200161230728
0.9401944505012216
0.9998882107004717
0.9485826001955034
0.973842518893376
0.8588088110450829
0.8315636688438565
0.9151219675459784
0.9151303862780644
0.9999051794339769
0.9999051826071437
0.8318717197267692
0.9687722856124086
0.9687736774078531
0.9686913310641048
0.9686481608369404
0.9999721473294859
0.9686387664952847
0.9948658680239149
0.8496542915058451
0.6060083504760215
0.8403370194839389
0.5300726666038479
0.999922402851141
0.3745381423767872
0.9999556857900946
0.5298747625140553
0.8724707444601212
0.8237560813799204
0.8152416644556469
0.9221468365602074
0.6204707749272679
0.7400038568555608
0.0002423321161652044
0.0004681183843857736
0.0005452172332703672
0.0005892687010204812
0.0008205252462952459
0.0010958089437833492
0.0011453555282677048
0.0013325477542165225
0.0014536484373279298
0.0015472290284392809
0.0015692363600323758
0.0015912519684172274
0.001618773366222697
0.0016462944609624492
0.001750869929084262
0.0017618719889883
0.0017893815346837199
0.001855389714424141
0.0019764586705425078
0.0020425128964594607
0.002086544813917639
0.0020920386917050665
0.0022019883955211555
0.002290004899289328
0.0023175034817599816
0.9996366879149189
0.0024000352298749338
0.00242754520683676
0.002477046040029064
0.004000374175301129
0.004209356326139828
0.004264263272863329
0.44152828672983174
0.9999284759321512
0.004445398077695435
0.004582890907390393
0.004643383728351049
0.004698374274475284
0.0047313578997172185
0.004769842710723069
0.004841309574239832
0.005061229878860563
0.005182173762357174
0.005478969777650644
0.010931655247577894
0.011516346311812059
0.011554616096511164
0.012593492996922808
0.012637227256549949
0.012746595706236962
0.01294882885645142
0.013025338910667747
0.013063593309425388
0.01316740396828873
0.013395667621023588
0.013772641927731947
0.014198683036569546
0.016327245269804447
0.016436497340832988
0.01667131734593941
0.01672046834819719
0.016769618812612505
0.016846033057399068
0.01731533049577101
0.017364473403469614
0.017402674136157734
0.018121649710097363
0.01843658220440487
0.24355034503876902
0.019367852535368334
0.019627670040884147
0.02011805213969503
0.020363437628091268
0.2214021938641727
0.022796535188805995
0.023936271860138792
0.024594236050072882
0.02463231681352157
0.024692234202265594
0.024741232475870203
0.02480114861581967
0.02486652327244538
0.024915519792115908
0.02494813844306147
0.025062369324664407
0.025105904445803125
0.026477923240216757
0.02698219557044563
0.027025699787199216
0.027052834327307648
0.027090881313021082
0.02717788666150136
0.027215932342108853
0.027906443851580275
0.05074519388133633
0.028715442187261343
0.02880240892874677
0.030965610124484042
0.03112851074966876
0.031171961047316822
0.031215410871141692
0.03135120988408231
0.031389205428364236
0.03142720055831807
0.03146519527395057
0.0319263774247364
0.031958914639930655
0.03230572137269332
0.032661782661782664
0.03274721201748553
0.03283915626532948
0.03312059559300418
0.03450868847367303
0.0345357454228422
0.03456280207714649
0.14063632351258426
0.9999727556068961
0.03469826999046451
0.03475256911827207
0.03480667800008718
0.03485007818927799
0.03487713180406473
0.03490418512403899
0.03502893196900847
0.03506688097638053
0.03517527705434297
0.036259240495296
0.036297175978384034
0.03636759819142561
0.037569169099385645
0.03765045476825881
0.03768837379024133
0.03772629239918959
0.03776421059511037
0.03780212837801039
0.03782915339160744
0.037856178110840015
0.03796992685942087
0.03808911786169413
0.03818652144315861
0.0384954691992681
0.038630979933019303
0.0387283677670199
0.038923981703332604
0.03909525520816318
0.040335969777961646
0.040417181520774705
0.04069890863565849
0.04086675847353839
0.041294290535024224
0.041407912568781874
0.04157573052787408
0.043041872256162246
0.04307427837799611
0.0439923850965461
0.04492750470430838
0.04510055580330437
0.04858231384207351
0.04937996543891491
0.04940686761980839
0.05175335679833138
0.05179652915455854
0.05183426938828718
0.051920611814804354
0.05235516790041656
0.053059429167209696
0.0530917226436713
0.05312944600714619
0.05315630854443268
0.053242613639448946
0.05357637361742332
0.053684096215453114
0.05430380159186909
0.05439550893652138
0.054470926760410446
0.05450320591125517
0.05513845686149971
0.055192443406981165
0.05537551230898678
0.05541321057888566
0.05549946259323193
0.05553715957637377
0.05557485615025513
0.055633661377786706
0.05567678478374153
0.05828002842928216
0.059211525526698346
0.06135019221072151
0.06194699861207495
0.062016806722689076
0.062183525431814976
0.06290112749349523
0.0629871749005323
0.06314266045846048
0.0632500406526099
0.06421998460888133
0.0642843207387657
0.06432190760059613
0.06495744092931022
0.9934779664689473
0.06652510468183763
0.06706494716374095
0.06714004842142891
0.06718301467800465
0.0672205642606063
0.06725269725724685
0.06818624902521445
0.06861858528317621
0.06865611834909083
0.06958362432530465
0.0696103164892753
0.06964242210973662
0.06973873688541453
0.06977625474369177
0.06981377219575574
0.06984046210230564
0.069877978800576
0.06991008158161138
0.07291407425040848
0.07481356097191652
0.07486182766042593
0.0749475437495944
0.07768444040823387
0.08024874788612922
0.0802969398340249
0.08034513126117705
0.08037171105948457
0.0804090960662593
0.08054198902191295
0.08057396932419218
0.08065953894942707
0.08075591163743037
0.08079869477369234
0.08095361576610159
0.08126840072387435
0.08130037381965903
0.081926305214376
0.08322533964016501
0.08342737428659364
0.08353401077718864
0.36936849380156367
0.08400997689334226
0.08469589907746787
0.0847867510917502
0.0848348753603161
0.08500037785142882
0.08506963186872503
0.08512315058215167
0.08529265712373427
0.08632701409013151
0.08650862603946878
0.08666864527965897
0.08680167710812167
0.08698326705265941
0.08822307696457375
0.08851008738806776
0.08854737001095042
0.08871759464037197
0.08935428891957196
0.0897157249257088
0.09016636557284223
0.09029433018043767
0.09033159152066178
0.09068310254087399
0.09089291491426722
0.09114289873670249
0.09214165188655342
0.09218967320402377
0.0922269122744597
0.0923332362993391
0.09237586454127426
0.0938815325001482
0.09392952994815526
0.0939793707763443
0.09403275437452509
0.09423448959686155
0.09431430557576345
0.09434074106007372
0.09437795368938369
0.09521705631017743
0.0959261294458631
0.09600590440891264
0.09610132146724346
0.09631908119784736
0.09638807336978479
0.09643603611368484
0.09647322462655612
0.09742449049937524
0.0983000102311706
0.09938249339154873
0.09943579473264853
0.09947832828171349
0.09952624495289368
0.09957954465924813
0.09962746026960678
0.10012165319151227
0.10036118183433004
0.10132556900439704
0.10197118825574325
0.10200830875863702
0.10205081015342062
0.10338983962685402
0.10342156229825694
0.10346942398631383
0.10363934690803454
0.10430427953611464
0.10442462644018202
0.10455203128277672
0.10697869457929456
0.10708986516998903
0.10719085660219123
0.10722791172754885
0.10729126907755743
0.10736000086012719
0.10842959037232527
0.10857775556164707
0.10860942102207985
0.1086464609546742
0.10873128913493321
0.10876295308939245
0.10883165464532565
0.10890035472428249
0.11167998108940093
0.11173310411518213
0.11262582315468325
0.11273680422393743
0.11276842591498458
0.11281078961644439
0.1128794023020609
0.11291639363633434
0.11302736525498831
0.11311208623588113
0.11395905829789062
0.11398529672371481
0.11401153486773566
0.11404314275127672
0.11411709742725042
0.1141433342999216
0.1142119168313429
0.11424889246878776
0.11427512807019428
0.11431747276173702
0.11494228187919463
0.11498461753225486
0.115058549392493
0.1156743059917433
0.11571126405188056
0.11604013119400501
0.11607708411616297
0.11611403664159836
0.11621477994342246
0.11633100012882724
0.11696480804632865
0.11710183818596538
0.11713877827034337
0.117170351049499
0.11720192348976
0.11754446221382649
0.11758139734569789
0.1179327294582296
0.11796965973179933
0.11809654639507179
0.2307184738934279
0.11983692736830812
0.11986846975394402
0.12295297264555001
0.12752418395877746
0.1275924497578952
0.12766607033819324
0.127875525561715
0.12791233275845446
0.12851519614406212
0.12856806229448497
0.12865237136369478
0.1287259679751513
0.12876276568968195
0.12881027354711566
0.1288470704160486
0.12889457731318346
0.12902102957635606
0.12905782433141622
0.12976506617552577
0.1298018492640957
0.129838631958796
0.12988076818057703
0.1299282578434522
0.1299650392705896
0.13000717413883564
0.13005466236220642
0.1302071343294769
0.13024926654817226
0.13030210558437597
0.13040708381515267
0.13048063642301144
0.01842388308887664
0.1330016583747927
0.13311721311913893
0.13317998234680503
0.1334456658375458
0.13352447485116103
0.26262307531861867
0.13547214201689659
0.1356196831405763
0.13566173325348618
0.13574048528012148
0.13578253407262053
0.1375747630832055
0.1376167874628525
0.1377275594086395
0.13776423741949276
0.13787426909961625
0.13794762159273116
0.1379789525443477
0.13801028316105654
0.22051090209491236
0.1412561201552664
0.14213734427874505
0.14216861039203652
0.14331222086452625
0.22269219075862878
0.1442331795514547
0.1443375396004224
0.14441517161934425
0.1444623991381747
0.14457959823594974
0.14478904483597116
0.1448362653242965
0.14484082546792512
0.14498704234965393
0.14504948383243751
0.14568904386399867
0.14575147020404247
0.14578801450202603
0.1462652670636592
0.14630713623132777
0.1463596671269172
0.14644873414684856
0.14673788467586743
0.1468634725687115
0.14704612448760934
0.14707732326947473
0.14721277571079816
0.14724397277287093
0.147317026368671
0.14735355258248495
0.14742127369251434
0.1475567115811018
0.14760389516941427
0.14765107825475168
0.14769293088653068
0.14813867348842166
0.14821703608563344
0.14831138515980152
0.14834790023449157
0.1483897442456606
0.14850994436272943
0.14854645740627248
0.14861948232585653
0.14865599420190995
0.14886814170610052
0.242802257237708
0.15614725927031103
0.14982951518380394
0.15004768069384733
0.1501837941505514
0.1502202854387862
0.9999840180702353
0.15033508422387248
0.15038222837812643
0.15092952644755767
0.1513355170301723
0.15137199343829225
0.1514031434247458
0.151470768378613
0.15149659139326802
0.15161053237042244
0.1516523313716614
0.1517572310363376
0.15199203293338232
0.1521272573318351
0.1521530743750599
0.15218421655243664
0.15221535839812547
0.15247486795024706
0.15258957143085336
0.15350709083940206
0.15355418447795835
0.15359063082246474
0.15439313619041536
0.15451840734058236
0.15459659692690897
0.15468010708336216
0.15472186149490133
0.15475829328394353
0.1548258335772639
0.1549040165622655
0.1553836166068901
0.1556803064971
0.15627028465017292
0.986954046533405
0.15635907040095343
0.15639016137012976
0.15687609724956111
0.15690718249091615
0.15694358734279573
0.1569746718943678
0.15704215986168374
0.15708388304889986
0.15710964639290978
0.15782082788114768
0.15839772805837274
0.1584394311667039
0.16175149740379147
0.1617984693877551
0.16184544087244435
0.16188178271914627
0.16191812417956772
0.16225422467849931
0.1622958747163635
0.1623632315352609
0.1624048803298899
0.16354189356468518
0.1635729009499118
0.16626500907710764
0.43085978758751003
0.1667604318150456
0.16721062658876099
0.32227380036605746
0.1674146455322851
0.167487135960957
0.16819069037213052
0.1689273026141365
0.16936005514023647
0.9999734906925821
0.01859784544914751
0.16951174256480941
0.1695903642561403
0.17022438259007375
0.17163570073449141
0.17166658717667446
0.17183691205460289
0.17191987706003922
0.17195076068697637
0.17226487778254673
0.1723169529784551
0.9942461747128386
0.17369447063684618
0.17374122632763872
0.17378798152307498
0.17383473622316278
0.17388149042791004
0.1739282441373246
0.17396440300879332
0.1741408170183914
0.17418756786820988
0.1759709830293082
0.17602300165205237
0.17775589926001206
0.1781910952088582
0.17903354695992252
0.17906964436917866
0.1791057413963728
0.17914713011081593
0.179388262687199
0.1794763245348517
0.17955380105199656
0.17971308981421216
0.18024433991714242
0.18053637657466046
0.18057774720914238
0.18060853601113164
0.18071677230258076
0.18155320803423597
0.18159456628685688
0.18162534449834164
0.1817854819171952
0.18215574056638703
0.18219180255898954
0.18222786417010473
0.18253892696962004
0.18267354224514082
0.18272546489242422
0.18522316968085387
0.18525390934754338
0.1854859172798782
0.18556324998678436
0.186555963089412
0.18722455320812945
0.18726055411410966
0.18736855454920154
0.1900795893254184
0.19011027314785475
0.19025412987451942
0.19028481196495434
0.19032077484499932
0.1904656284161663
0.19049630857951605
0.19053755036729175
0.1905893536121673
0.1906253135545334
0.19070779402523197
0.19074375277243827
0.19146430966297592
0.19290336884112289
0.1932425798755351
0.19327850854042186
0.1934370332054239
0.1935141640143778
0.19357120236461522
0.19414816417650504
0.1941788051509394
0.19429183620694204
0.19498810082898438
0.1950503931190966
0.1950968545361483
0.19517394585068043
0.19522040588030437
0.19574553397136255
0.19576032879082847
0.19584795167374502
0.1960833966404997
0.1961192911745
0.1961551853297741
0.19622697250416762
0.1965457576333059
0.19658164745601772
0.19713792903372138
0.19721496953872933
0.19735849653724635
0.19755606185262536
0.19760248506167827
0.1976436339088886
0.19808470134102546
0.1985267753569696
0.19871875988611198
0.19895290718518674
0.1989887646373419
0.19912796828208698
0.19921022385777704
0.19924607881903256
0.1999240894689953
0.19995466478297083
0.19999578279274008
0.20024459286358148
0.20016973811833172
0.2002003110091985
0.20024142620686747
0.20064093779319214
0.200717884927579
0.20074845170641717
0.200784288921919
0.2008201257596441
0.2008559622195986
0.2008970689773308
0.20093290465398198
0.20096873995288067
0.20100457487403284
0.20106149167514348
0.2013449700649296
0.20138607077920367
0.20142190085693507
0.20145773055700486
0.20149355987941903
0.20156521739130434
0.20160104558078745
0.2016474134659977
0.20168324084467704
0.2020709825310252
0.20308416926578438
0.20316105579263474
0.2032390114376933
0.20323686997202509
0.20325160420200827
0.20326633827674315
0.9638597378513929
0.20333268358471582
0.20552381453884838
0.20601491091360938
0.20605068209699415
0.20733504568613415
0.20744756440958972
0.20747805216951937
0.20751380284951867
0.2075495531531911
0.20759582945173397
0.2076263157894737
0.2095672940359589
0.20963873166831484
0.21034058397845842
0.21143956841341452
0.2135083007940804
0.2136413074890053
0.21371899957965532
0.21481535940847793
0.21511914889147946
0.21525115785715035
0.2153276622558286
0.2155875387903196
0.21574166447886584
0.21589465172692618
0.21598689461082876
0.2162017420889316
0.21623210929214226
0.21639146299845116
0.21643232912960844
0.21658528902189322
0.2166921295931707
0.21676860480378002
0.21684507840841677
0.21700738127487113
0.21716031624371346
0.21719067442922615
0.21729224631214236
0.2173173535757595
0.21734771014005838
0.21738856545909824
0.217857892527288
0.218375303692587
0.21891364347105183
0.21879541841344463
0.21884673907340363
0.2188928123573516
0.21938858488932725
0.2194439926761066
0.21948481191962646
0.2196400186758017
0.2197963605079971
0.21994104132352787
0.2201754017875876
0.22020571836201605
0.22040859143479058
0.2204546408190668
0.2204901996779557
0.22052051317017907
0.22062309870974509
0.22064646740128077
0.22077411234069336
0.22091224242551383
0.2209163283929639
0.2209612116889383
0.22110170647032293
0.9999003644563308
0.22121072282585896
0.2217020451173544
0.22243880967726723
0.22281082327297116
0.22303247471016885
0.22335360392212322
0.22358332460458782
0.22368455507664592
0.22373982036712142
0.22377007111958355
0.22380032155519594
0.22383580870184552
0.22393703096605935
0.2239975281875645
0.22415851538445428
0.22433185321715818
0.22435685972656394
0.22439233838452596
0.22447782763730423
0.22463544257402412
0.22526937454842458
0.2257949697715198
0.22591788134927904
0.2260294764167731
0.22607016313478376
0.22638872897411474
0.2264334610312127
0.22652529333570584
0.22666708533509175
0.22677342543894077
0.22757855745184008
0.22761399011170116
0.2400477144665868
0.2278151238523711
0.2280129100429463
0.22807329563584436
0.22809825706693448
0.9971185926599939
0.22861161069053496
0.22863744961600996
0.22880398983720712
0.22889046882188113
0.22911689520155157
0.22919814107154993
0.22923353581398268
0.22934494529448973
0.229798375717287
0.2298442097341479
0.2299254242248457
0.23003679083573728
0.2301377021765828
0.23027079000449402
0.23026597690338088
0.23051761435483703
0.23059237855377493
0.23148322259830345
0.23210762050928682
0.2323097881402377
0.23235934181205217
0.25027915470910517
0.9943237842829343
0.9997808985247167
0.9999530629061363
0.9995984438395027
0.9998748722654376
0.9993274980320195
0.9996038324002544
0.23223835784952515
0.23227363471933363
0.23230891122138358
0.23236823729272843
0.23297571345946425
0.23253124397651556
0.23369168906389984
0.23376217511328715
0.23395921768796063
0.23399966665972208
0.23415625
0.23427758941266544
0.2343937168630147
0.23442374496763138
0.23451903546690275
0.2346351549113862
0.23467559657108336
0.23487779855118504
0.23501872171562782
0.23511521937247754
0.23517127888931708
0.23548187219153047
0.9999895863164198
0.2356968800766443
0.23577773380957837
0.2358839791949768
0.23611335273567863
0.23626982928721293
0.21750831585139221
0.23684950187901438
0.2368794990709077
0.23694990240728692
0.2370802950101234
0.23711549471711862
0.2374178975528006
0.23749869886541064
0.23753909889091865
0.23813612685328295
0.23858699893348595
0.23869772862062866
0.23875938343729028
0.23881187088719535
0.23909323096289592
0.23916356732294727
0.2392339022195405
0.23933024359034377
0.23679091202263672
0.23968648581176666
0.23976075932908594
0.23994405274432729
0.24001871734213742
0.24014890375846812
0.24034022376575304
0.24044045397120828
0.24048079522532076
0.24062733926640606
0.2407132089203098
0.24136981175223227
0.24184436602516463
0.23563006345065554
0.2425355684191929
0.24261099102095113
0.24273711230391112
0.24277222372331803
0.24284764151433588
0.24294777534722042
0.24301279753090269
0.24357435665632746
0.2200776212767505
0.24366587181605182
0.2441298217003132
0.24454241442339647
0.24470880239272214
0.24482441701672492
0.2448543003717781
0.24502967397568967
0.24510501311041305
0.2451348937672641
0.24521023063583214
0.2452660709557163
0.24550764518055088
0.2455777827389451
0.24584401964550864
0.2458842769254731
0.24592453378743198
0.2462063201175353
0.24696997223015235
0.24705045754890817
0.24712056016069844
0.24717118239385447
0.2472464730979643
0.247502192880017
0.24775270402125849
0.24778774840795736
0.24862096343153076
0.9950454212948312
0.24940340319568374
0.9998132741343181
0.9995281331183141
0.03824076906723635
0.2486392900463419
0.9876589921942218
0.999533550664172
0.9885876578785068
0.23135562039105131
0.9970266000155404
0.9995079300949954
0.24959989226872736
0.24967499676291596
0.2497047794650811
0.2497811844524432
0.2500388419907815
0.25013465084001407
0.2501747862428985
0.2502744521314056
0.2503663658065485
0.25047769463791003
0.25050744599324787
0.9996013729337399
0.2507144188358079
0.2508295930464313
0.25116859318463
0.25129152819620876
0.2512902274009618
0.25155800327128924
0.25159293363768587
0.2518232496027412
0.25251364847732155
0.252699772841346
0.2529025248344371
0.25304950597485903
0.25346692391647313
0.25359732696107334
0.2536270488623609
0.2536722871625116
0.2538066865276399
0.2539707989180187
0.2541905653448909
0.2542254540940875
0.25463769839833267
0.2548922262215051
0.25496198996742
0.2550214095112012
0.2550511188221727
0.25509117047793395
0.25512605042016806
0.25515575872910806
0.25523585930147175
0.2553338918018884
0.2554088154383933
0.25543444538666776
0.25551970547782293
0.25557526150600574
0.25567987921531315
0.25580625814323826
0.25588116682349776
0.2559160354677765
0.25599094185102655
0.2563730077080953
0.2579601540091475
0.2583124037497545
0.2583472432521821
0.25854460142418634
0.26066588157514153
0.2612600515423985
0.26227899867812293
0.262313789275295
0.2623692336290314
0.26241435040559313
0.2624543032405973
0.26249941911199004
0.26391993103911054
0.2640101169122771
0.2643382125234841
0.26438330004283894
0.26441806451612904
0.26451066816685076
0.2646149558467565
0.2646497176890761
0.26468447917258037
0.264719240297275
0.2647488400658543
0.26478360049958194
0.2648531202906629
0.2657894736842105
0.2661149263973665
0.2661445111757786
0.26621399898872117
0.26631306851308195
0.2669703566896068
0.2674641740691448
0.2674937453251141
0.26990117079357223
0.27014125167543046
0.2702556409582283
0.27029548828769384
0.9999896899776273
0.2704098728265296
0.2705036342079489
0.27176680375604273
0.27300972274462726
0.2731122961588994
0.27636369253901966
0.2764778578784758
0.27650733003434586
0.2765522497193644
0.27791134059892203
0.279265694317211
0.2793746043672707
0.2794143379136432
0.28009138952210894
0.2801656932616358
0.2804676003581094
0.28110997360880324
0.28157052765861135
0.2819411583170456
0.9467998128274876
0.2853236145309119
0.2853581305451891
0.28597347861842104
0.2860079872122368
0.2876263975665899
0.2876660244059088
0.28780911374974955
0.2878436006782099
0.2878832251799559
0.2879125734719882
0.2890259813640987
0.2921059385104963
0.2927709235727629
0.29280534556819754
0.29283976721032157
0.29288445254163353
0.29340045259317415
0.29343486694239473
0.29346928093842845
0.2935586332171941
0.293713793121142
0.2937635975534666
0.2942136209249587
0.29432558616797494
0.2943497288506036
0.2944668188697637
0.29448582979334686
0.29457877374704367
0.29475590486548603
0.2948298328596493
0.2949894576999831
0.2950238547170779
0.29503773129979327
0.29507212771633184
0.29510652377996544
0.2951357895492833
0.2951599251032395
0.29518919029835433
0.29533551177022793
0.29535451570210625
0.2954284307288247
0.2955074738645574
0.2955659970864025
0.29560038779373066
0.2956779104600107
0.29574004257392733
0.29577291402719574
0.2958021727756748
0.29586581862946243
0.29596897872929734
0.2960033647237439
0.2961532543468226
0.2962066347988429
0.2962600141557336
0.29637550710589344
0.29648738607981207
0.2965115086366061
0.29654436728790784
0.2965633606342987
0.29659261082733296
0.2966408533770963
0.2966752311645153
0.29694150709238043
0.2972119235522463
0.2973581383900643
0.2973925082685947
0.2975109989847091
0.2975643523741155
0.2976125770425901
0.29764181660624645
0.2977002948339956
0.2978531397894672
0.29786186740501464
0.2979100865498995
0.29799266798266977
0.2980167763899998
0.2980547380510465
0.29808397294899996
0.2981475689726775
0.298161421642518
0.2982250158938496
0.2984091340213585
0.29842298463999345
0.29845221555167056
0.2984916997344325
0.29852605675322347
0.2985655401525716
0.9994258088661263
0.2987080898185174
0.2988285955963397
0.29887679617772356
0.9995232480647972
0.2989885733912268
0.29900754593175854
0.29903677084988695
0.299060869208608
0.2990747148532616
0.29909881277040745
0.2991126580786049
0.2991521340181876
0.29919007586631124
0.29923826903558504
0.2992777433195102
0.29931209120173874
0.29934643873183486
0.2994151327356513
0.2994633218684805
0.29949254190373675
0.29952688745252215
0.29960429331501737
0.2996371017345307
0.29966631983064834
0.29975909789851357
0.2998313711219202
0.2999051792624484
0.3000461278253293
0.3000753417285545
0.3001148058550986
0.30014401910687655
0.3002900808741377
0.3003192923292965
0.30036746429138844
0.30047405509288916
0.3005083894509189
0.30055143290557995
0.3006288083390133
0.30071130607684976
0.3007594703181371
0.3008281318861524
0.3008829603513393
0.30094649509841603
0.30100490409597064
0.30106843629096314
0.30113091913441387
0.3012134006989352
0.3012871753878948
0.30138860422217667
0.30141780376202215
0.30150897958137984
0.3015315089128797
0.3016257704860915
0.3016549674642619
0.3017543500092226
0.30190651370835103
0.3019305850164469
0.30198385047341886
0.30205093785704407
0.30207500768521367
0.3022004764710403
0.30229829702645655
0.30232236447750643
0.30235667810850964
0.30250262557954866
0.30257482146333464
0.3026229508196721
0.30272945226532244
0.30288407356180524
0.3029183806240427
0.3029956867847593
0.3030438078845996
0.30309192799844276
0.30323783570583385
0.3032618940294226
0.3033304990114022
0.3033888581555924
0.30340267070978183
0.30344053966839285
0.3034645959678741
0.3035091403604923
0.3036857578954917
0.30373029978641564
0.9997797593743117
0.30380758238493766
0.30389354967579363
0.30396058366496115
0.3041115674966966
0.30414073903357147
0.3041990812109169
0.3043843431679325
0.3045301841571584
0.30484813413154027
0.30487729935679464
0.3049596722570734
0.3049683524857125
0.3050164381036266
0.30505584317822193
0.30510036870135193
0.30514845198226154
0.30517249325338097
0.30520677577272076
0.30529937988703804
0.30533366105444265
0.30535770063854084
0.3055050616253527
0.3055582580199186
0.3055874160249058
0.3056216941376468
0.30593656401198066
0.30600866279605565
0.3060275754022906
0.3060669670284661
0.306152853719973
0.30617688467938053
0.3062627669214505
0.3064514477618053
0.30648571443198164
0.3065629159414354
0.30659206208630035
0.3067618135932469
0.3067909576755329
0.3068201014594393
0.3068543639621193
0.3068732691411869
0.30692131679574924
0.30697960123877044
0.3070276468209483
0.30714775647259956
0.3071717776651669
0.3071961999723597
0.30740331265483284
0.30746670488396616
0.3075745865685316
0.30759860373225234
0.30763285716479255
0.30769112656809006
0.30772026082238896
0.30775805593088484
0.30783837039690864
0.30793088623661635
0.3080422944644612
0.30811590939332834
0.3081450395353003
0.30819306335307095
0.30822061525391636
0.3082446264073695
0.3083217760218625
0.3084312069803741
0.30847056896922304
0.999897650045034
0.30862997154729493
0.30875000639657757
0.30885784464230887
0.30896838270284654
0.30903173977782666
0.3091190978120715
0.3091962197923649
0.3091997544003275
0.309223755506777
0.309340223592315
0.30943622121371817
0.3095747293453124
0.3098812045308039
0.3099291941227029
0.3099583045558028
0.3116404200146279
0.3116746284229585
0.3117190656662524
0.3117635024549918
0.31190544383298213
0.31290429802357395
0.3136452879581152
0.3103120447749751
0.9641048182241009
0.9999233363998773
0.9638980868285504
0.31631980797221726
0.31639318308334224
0.3164324235986272
0.31646655669555535
0.3165006894438486
0.3166270031764838
0.3166611342338432
0.31675841853149356
0.3167874414638008
0.3173734330720723
0.3174228730737416
0.3175507661514738
0.3187340479836651
0.3188124674582189
0.3188414674609373
0.3189147801230188
0.3193495204601949
0.31962251439304235
0.31966171419238604
0.3197111213188384
0.3197452164282324
0.31977420737806994
0.31986281094654323
0.32002306840394207
0.32076145576627735
0.3208449195132529
0.3209471525219645
0.32182008314841737
0.3220652822623839
0.32209934605849766
0.32401548102860117
0.3241618438161283
0.32422992397395434
0.32429290379820414
0.3243660801240051
0.32438992055965166
0.3259390275604398
0.32597304626174894
0.9656861495802517
0.3260461797237372
0.3276030733486865
0.3276710653691344
0.3290631160191727
0.329131074810389
0.32915996006601334
0.32918884502737805
0.32930605924778944
0.33055477760521423
0.3305887385047814
0.3306226990584917
0.3307602220072305
0.3308094566451619
0.33083832335329344
0.33132389030885
0.33276832707245313
0.33321627068954984
0.9856982171122614
0.33339101490729384
0.3336285167542038
0.3337319965392641
0.3340186563936061
0.3340915914769749
0.3341407808492448
0.3341696140047327
0.33424763494430226
0.3344358897375746
0.33446472007083466
0.33449355011067855
0.3349819114347209
0.3351158554579776
0.33514467866428543
0.33519385366846444
0.33523794017533237
0.33527693826255967
0.33533966948876587
0.33541766304071313
0.336192380283768
0.33605840158722083
0.33610247696760964
0.3361516390940724
0.33618553921443944
0.33622961327540773
0.33627877400483275
0.3363414845073432
0.3363855568781858
0.3364296288006349
0.33869040658508187
0.3387242739770601
0.3388411264368985
0.33888007646472657
0.33915771064859535
0.34041168996188054
0.3404506203272156
0.3404844677563633
0.34051831484145095
0.34057584305354377
0.34060460672101484
0.3406722979497657
0.34175973821404254
0.3420995137615145
0.3421908342648105
0.3422246609863785
0.3423024748123949
0.3423701257462213
0.34240395069757046
0.34247668014713356
0.34251050404157923
0.34254432759233855
0.3427455204052084
0.342759020107906
0.3450545098178605
0.3458654251349252
0.3459093632274246
0.34597692979427713
0.34641256174516066
0.34650042389875163
0.34695472958567264
0.34698342597527854
0.3470222745639505
0.34709489436440977
0.34716751269035534
0.34722490127003786
0.3472535951229169
0.3478927280847781
0.348399112901998
0.35045202268737885
0.3504908302260102
0.35052456421599465
0.3505582978637053
0.35375115338207114
0.9971508816044288
0.35400486667342596
0.3540874572903043
0.3541211479091365
0.3553994607634454
0.35543820349995187
0.3563610936581609
0.3583677727806815
0.36173518708782726
0.36184103976030446
0.3619519502801298
0.36268824386689336
0.36273195119853047
0.37017464976583697
0.37384970292931385
0.3747369271067281
0.3757751595731261
0.3785292501021144
0.3786224667315479
0.3786791587036654
0.37940787947846605
0.3799248821557309
0.38033281074350583
0.38126127760808864
0.38129967792825714
0.38138151760288297
0.38145135276803355
0.3820183948595187
0.3828343092101948
0.38309600830385665
0.38326581615172217
0.38348910442121176
0.38356081561087685
0.3836871857397648
0.38403175914637216
0.3853332997557229
0.3871563790152049
0.38892160267347115
0.38907593898308496
0.39280919216553944
0.3931536260741456
0.3931868463395012
0.39582904093067667
0.3962424376419512
0.39627059538824094
0.3996304460255374
0.39969672777300774
0.3997298681475382
0.39976300818927213
0.39979614789821455
0.3998855232041453
0.4002439991766283
0.4015447697148851
0.4015829042327883
0.41228664488575056
0.4024955365202913
0.4024894808900747
0.4024652601912633
0.40238887997432604
0.402437006393381
0.9997543219285228
0.4026381626114902
0.4053286732895369
0.4053855127903425
0.40516011473596214
0.4016896082589732
0.0035907899737942345
0.17511110666739987
0.4018671515199952
0.41569980870946316
0.4019605395228988
0.4099218664245158
0.20374008876477334
0.4118312526475792
0.4118998494951609
0.41194058113286525
0.40086597773769544
0.9999501922578846
0.999248041671439
0.9999253077321436
0.9919983269681776
0.999915359721185
0.9996067754090282
0.9996416519843522
0.9994326184657805
0.41394865367590744
0.41523119217709903
0.4152688984559094
0.41531157565061766
0.4173041649890395
0.2198910460966469
0.4162616896733351
0.4162451429536804
0.5514418419810735
0.41656278092608134
0.9292393566040453
0.4722200158856235
0.9972849555765126
0.9999602934315409
0.9966399650596072
0.4172957145338594
0.9999553358742258
0.9998560844040157
0.42061315866459736
0.4212480726612891
0.4246831868578279
0.42510179616988814
0.4257821980297079
0.43020580245141943
0.4308480899298907
0.431231694767672
0.4312691400046505
0.43160175515837484
0.43217161624755157
0.43327910277268167
0.438491896884709
0.4395691766750948
0.4396663687228085
0.44016828133795516
0.44025616843519005
0.4402984337658747
0.4488584002326074
0.4506108374384237
0.4521458646246276
0.4548107682464688
0.45483805877228817
0.45757735229167384
0.4576367883929669
0.4577833297267523
0.45781550461558135
0.4604146799453385
0.4606052860534504
0.46076108647995045
0.4625509752861986
0.46257818219337593
0.4642908012160921
0.4678823408110059
0.9789622006961867
0.46552011858134307
0.4598602469232732
0.4669941166945539
0.46703860175957684
0.46745951143884645
0.3439247659975275
0.46795453542047866
0.4679865784981261
0.46812977660920835
0.4683569760825632
0.4683841094035876
0.46897177468795215
0.4691939873960913
0.4700376092851294
0.4703704793284694
0.4709328548456681
0.4709697661991303
0.4718458974610332
0.4718778949225815
0.4719049906382645
0.4719689840410932
0.47199607891189804
0.4722646983865592
0.4726468123477724
0.4730611104849735
0.473122758188126
0.4742673880578745
0.47449511639861935
0.474689617357929
0.47471666707463345
0.47479291910627214
0.4749255894101982
0.4749575323219417
0.47498457953533
0.4750165218455513
0.4750435685053555
0.47521611857885515
0.475248057879356
0.4753807069327577
0.4756189487904923
0.4756828193832599
0.4776044263272628
0.4776314181675994
0.47764863438190386
0.4776560751135158
0.4776684034057029
0.4776758439679568
0.477683284457478
0.47775214560810153
0.4777644730089685
0.4777719128471306
0.47777446519425043
0.4777916796997185
0.4778040066663734
0.47782122085919554
0.4778530968520754
0.47789751484495274
0.47791472807600577
0.4779419311012174
0.4780913288866085
0.4781134251341341
0.47813063470268313
0.47815761698135334
0.47816993975049965
0.4781822623992182
0.47821179367902583
0.47822900226236603
0.4782683051965503
0.4782757407552185
0.4783175917013178
0.4783299130264829
0.4783373481024719
0.4783619901985215
0.4783791971230896
0.4784012899127843
0.4784554573482061
0.4785147184560889
0.4785319236256327
0.4785491286270563
0.47856633346036215
0.4785835381255527
0.47860074262263047
0.4786179469515979
0.47863515111245736
0.4786523551052115
0.4786744445095855
0.9999804577765835
0.4787309404114575
0.4787481435159853
0.4787923200938004
0.4788095226463303
0.47882672503077794
0.47884392724714575
0.4788611292954361
0.47906367846186915
0.47921184768380126
0.4793358564277866
0.47961525316146675
0.47973029055772826
0.47984532458401685
0.47992363952386996
0.4799554728809339
0.4800509710870903
0.4801146350037105
0.48021012854750594
0.48024195910715334
0.4802786714771834
0.4803423309948201
0.4803741602874551
0.48040598926930717
0.4804329359383696
0.48049171044152394
0.4805186562974463
0.48055048379695176
0.4806703736068463
0.4808000234324657
0.48087343663044435
0.4809150243840525
0.48102514034659505
0.4810985491964931
0.4811573120368653
0.4812160737298395
0.4813800576976584
0.481509684473602
0.48161490137503843
0.4817199367397544
0.4817566347275576
0.4818300296284003
0.48186184544496075
0.48188877987826606
0.48191571404863476
0.48200627693689385
0.48206014281600357
0.4826790176479775
0.48270594493818847
0.48273287196556336
0.4827916056612982
0.4828185318763696
0.48284545782862054
0.48288702459212407
0.48292371061570294
0.48296039628120346
0.48303864680074377
0.4830753313682238
0.4831486994290176
0.48360351743590246
0.48367199547149187
0.4837086739050872
0.483745351980715
0.4837917892713015
0.48382358682073706
0.4838823012736056
0.4852992820352739
0.48574590267824935
0.4860951359781655
0.48611713560222436
0.4892951307831393
0.48640271360898296
0.48680048928590575
0.48694694470299854
0.4871203851701688
0.4871326306351086
0.48722296941699317
0.48724745875037767
0.48726457617620544
0.4872816934352097
0.48735253558393715
0.48740138679764744
0.48744049156283653
0.4875259470047655
0.49173602042606274
0.48780178881116154
0.4878603649684818
0.48792381137957913
0.48795066275008403
0.4879823852066913
0.48805557179322306
0.4881092719425582
0.48813125039578736
0.48815809984022446
0.9996103054717983
0.48820941979921184
0.4885997769150962
0.48863149281066126
0.48864859599133
0.48870228487094935
0.4887242581876985
0.4887462312903964
0.4887682041790463
0.48879504751328473
0.4888463524162989
0.48888304426813173
0.4889172458467068
0.4889757988710361
0.48899289895870873
0.4892515535815168
0.48940283824718267
0.4894248048349315
0.4895296627090415
0.489619907959775
0.4896564822299923
0.4897808121782916
0.4898076454833212
0.48996615616858613
0.48997837901010927
0.49019054065240575
0.49023197834089716
0.490253938110194
0.49036125218509125
0.490434384601526
0.49046121184971664
0.4905611685940353
0.49064651520610775
0.49066847146008113
0.49068555847696954
0.4907123833265979
0.4907294699632879
0.49088306465355647
0.4909660111689412
0.4910147862877508
0.49103187045385943
0.4910489544536138
0.4910709069310016
0.4911025964351962
0.49112454843766734
0.49115136879926385
0.49125130232422276
0.49139265649494174
0.99979065951988
0.49151461453079665
0.4915414311655056
0.49158045907066183
0.49176816504561344
0.49181445115688116
0.4918169249941584
0.4919802756156568
0.4920022197126056
0.49202903136302345
0.49204610726559384
0.49206318300192275
0.4920851262680348
0.49212414451075265
0.4921851042391733
0.4922460621872627
0.49226313611915595
0.49236550190071504
0.4924752012615963
0.4926956504812793
0.49270298547409913
0.49280284966277044
0.4928929786229751
0.49295870599799513
0.4929563072071941
0.49301963455876985
0.4930512977723278
0.4930829606777385
0.49310975728438794
0.49313655363025466
0.4931633497153423
0.4934142982955513
0.4934410914646607
0.4941036244222817
0.5046701692936368
0.49428418543561803
0.49434988398169
0.49630403615775276
0.9248304079926916
0.497031155857029
0.4972474746247771
0.4974638033232922
0.49751734457896885
0.49781869413136415
0.49784542438095425
0.4980082390890366
0.4980932810625161
0.4982900834555859
0.4983629651219275
0.4992909110336186
0.4993953463524087
0.9994220691865745
0.5007816596430583
0.500847140838985
0.5009636343335389
0.5012742409164826
0.5015266175107155
0.5017788585212904
0.5019389721263656
0.5019656568205865
0.502404557740929
0.5029936052322591
0.5032530383523761
0.5032795156407669
0.5034901939859034
0.503685813497837
0.5037173188746684
0.5040564852846329
0.5041146376354775
0.5041776381190688
0.5042091379026079
0.5085324232081911
0.9996413790429667
0.9999224663455482
0.9983287150967892
0.5072671532422497
0.5078701081141275
0.5080973522021409
0.5083625801766912
0.5087152876940428
0.508746708488228
0.5089853978210471
0.509043389879728
0.509130331673273
0.5094943140575853
0.5095474517546407
0.5095788592471437
0.5096682409414679
0.5101100984888063
0.5101842401845788
0.5103796856106408
0.5104593403723283
0.5104979323353728
0.5105799505704709
0.5107175330328297
0.5107605404934856
0.5110378371060851
0.5111005821036957
0.9948706544387451
0.5117838120003481
3.866153756934913e-05
0.5120224599654016
0.5120489787240211
0.5131209698843191
0.5132607866150822
0.5132921174652241
0.5133234480127125
0.5133716184560695
0.11663842667014236
0.5145244439295644
0.5146518643658743
0.3049448560465285
0.9939239797691208
0.9998214475297025
0.9999613955508372
0.3048683391479321
0.9996815809025734
0.9996044189300014
0.9999565844504797
0.9998794105588115
0.9247094004726764
0.9998312089777533
0.9991561506970196
0.9991176087679793
0.5161525183463679
0.5348469434493532
0.5299942151947551
0.9243157519257281
0.9988769460644913
0.999585510208016
0.9985157770967058
0.5138144707424254
0.5138409054770956
0.5139539365905368
0.9941894079555966
0.5144387809178768
0.9996724785666121
0.5157766990291263
0.5159183830717592
0.5163638814924669
0.5168970481321528
0.5171899147364822
0.5172691033739023
0.5173267088400396
0.21795717194276115
0.5176750297190765
0.5177014149581288
0.5177589974107478
0.5179294181060413
0.5179606137024275
0.5184327916500248
0.5188430483779388
0.5189006082069444
0.5189317935763262
0.5189581669281034
0.5190109128702581
0.5200078867766648
0.5201059880354704
0.5201371490124983
0.9999951911517192
0.5202833318907066
0.5203935410034719
0.5204606655125986
0.52052752789811
0.5209712387572528
0.5213006801413156
0.5213713417828597
0.18787759359034129
0.5215416776797943
0.5215728112415059
0.5216398831263697
0.5216710157672919
0.5220865587445283
0.5223925054047562
0.5224236251567371
0.5228346456692914
0.5229686389737089
0.5231436142634944
0.38525345622119817
0.5238554610072039
0.9901201986516638
0.5246235109552435
0.5248409660055842
0.5251584244383788
0.5252516046089934
0.9231938835221549
0.5260462127243255
0.526910021861696
0.5271113071240586
0.5271387689166064
0.5271841774761042
0.5273819281670765
0.5277508842898362
0.5277771121005737
0.5279203631013146
0.5279728155898183
0.527996510920149
0.5280393763808812
0.528651249269223
0.5287394877446869
0.5294551656733294
0.5294813750149718
0.5295337929448514
0.5295600015330957
0.5296124179562114
0.5296792058716441
0.529705413135441
0.5298601130593082
0.5298911090777566
0.5300460847153957
0.5304701047125435
0.53050588466347
0.5305726534620266
0.5306298409231344
0.5306608292458614
0.530682237305347
0.9883701993543257
0.5311712816190486
0.5315031891053267
0.5311210272811713
0.9874103646686005
0.9926582145198883
0.9926118745932703
0.9920475424896646
0.999760804462432
0.999387761935055
0.531299162709741
0.5317002744074425
0.5332317335346219
0.5332935218803746
0.5335709133294798
0.5336492528757596
0.5337798137966284
0.533822482719747
0.534062522389129
0.5341430679804555
0.5190513033594101
0.5346078918216891
0.5347714609026972
0.534892381734497
0.5349184750173076
0.534949342551302
0.5353337152678316
0.5356505217731695
0.5357074661065495
0.5360156951100759
0.5366482276070428
0.5367216807781522
0.5367900079703332
0.5368344691980222
0.5368366796638239
0.5369141929941778
0.5369259476665664
0.536986928946728
0.537124696989941
0.9998902525146489
0.5371489920076346
0.5371912262201842
0.5372617315170456
0.5372826688550871
0.5373392114202832
0.5373461899968033
0.5373579396356766
0.5373836457582886
0.5374001660321186
0.5374519327105658
0.5374728656282054
0.5374846139900575
0.5376410256410257
0.5376527720797992
0.537666723910928
0.537678470059009
0.5377159130480411
0.5377371991184636
0.5377889504765357
0.5378006954812797
0.5378520832836462
0.5378708018717177
0.5378825459818363
0.5378942899799188
0.5379060338659671
0.5379677103951541
0.5379746835443038
0.5379864260947121
0.5380190870458957
0.5380330323885288
0.5380400049600809
0.538051746750924
0.5380730269558748
0.5380847684772293
0.5380869714514637
0.5381034819891358
0.5381313697343132
0.5381831014798247
0.5382487732065449
0.5382649168319853
0.5382931644555503
0.5383214115402957
0.5383588295883722
0.5383988135827608
0.5384105518149045
0.5384288929579614
0.5384406307668099
0.5384424650479697
0.53850298487536
0.5385099535105495
0.5385612999508895
0.5386364828332626
0.5386900221222061
0.538746126340882
0.5387626280685194
0.5387648270338304
0.5387930623492282
0.5388069947939511
0.5388539282990084
0.5388891272531381
0.5389147907668544
0.5389265232376875
0.5389642892896472
0.5389760213567241
0.5389877533119449
0.5390368774311647
0.5390533757275583
0.5390859992086986
0.5390999270674935
0.5391351186447141
0.5391798426037591
0.5391963391963392
0.5392102654057352
0.5392124618075913
0.5397158286583128
0.539746620655469
0.5397821786897357
0.5398268893464501
0.5398858973075769
0.5399639680860191
0.8657007363629864
0.5409368150195368
0.5413408806110246
0.5413668893357093
0.5414379645511721
0.5414449140227081
0.5415441789551421
0.541645029894476
0.5463136917303604
0.5473183345771558
0.5524541551016535
0.5533336811599702
0.5534737041779295
0.553534845783224
0.5535606739601561
0.5536239306511884
0.5536402737140608
0.5537620386659902
0.5538679665790996
0.5538890495857971
0.5539053905390539
0.553916989506328
0.5539428137891792
0.5539544124690006
0.5539707528023823
0.5540598209544041
0.5540714187494369
0.5540803891910345
0.5540962153037904
0.5541641971503758
0.5542558840821591
0.5543096377144862
0.5543423117588769
0.5543792107795957
0.5544239941588675
0.5544355890175849
0.5544614071685947
0.5544940783796853
0.554505672686241
0.5546468683478171
0.5546679435636805
0.5547006115773006
0.5547027226913066
0.5547448715942978
0.5547754273848692
0.5547917604949392
0.5548244262504919
0.5549092391639289
0.5549208305679341
0.5549324218620373
0.5549534943254544
0.5550330416315076
0.5550588536457025
0.5551415514724007
0.5551694714387295
0.555223724940863
0.5552727134825601
0.5554070260764042
0.5554702313234736
0.5556729958005896
0.555741457842575
0.5557530428847686
0.5557788468374529
0.5558725810350302
0.5558936442485426
0.5559147072623951
0.591557105889267
0.5560500286731217
0.5560758293838862
0.5560921512220321
0.5562474822871496
0.5562732813284931
0.5563227760216486
0.5563485744616318
0.5563859532723567
0.5564022728672913
0.5564470267093815
0.5565033599666372
0.5565881260188801
0.5566091831463815
0.5566723533314378
0.5567239434750879
0.5567497381801984
0.5568592143297162
0.556885007415972
0.5569344933469805
0.5569929158670363
0.5570255452835284
0.5570513367260872
0.6216706706279822
0.6609063598714948
0.5571565984183318
0.5571960615221326
0.5572218510568736
0.5572381638300292
0.557249738212453
0.5572613124851931
0.5572871012219796
0.5574007391263148
0.5574454778476364
0.5574570505349139
0.557473361034383
0.557503885077512
0.5575344088314026
0.5575980972776288
0.5576001933035482
0.5576422875931567
0.6015587245937367
0.5576938565695904
0.5577454245687511
0.5578153943821449
0.5579422117575717
0.5579179753935656
0.5579342820867522
0.6758613175683678
0.5581682875184152
0.5581893284826436
0.5582103692475309
0.5582266728562902
0.5582287655075389
0.5582734903461736
0.5583134778716208
0.5583949903843421
0.5585123011775405
0.5585449033724896
0.5585612042383278
0.5585869781453378
0.5586222249589102
0.5586669445444383
0.5587937175552271
0.5588941567637461
0.5589351090987453
0.5590145067560848
0.5590328920883753
0.5590581014264876
0.5591259335736037
0.5591801166931879
0.5592011479827423
0.5592615920855099
0.9992185983074365
0.5593824734212582
0.5595044727209013
0.5595654706375401
0.5596007046388726
0.5596406737603765
0.5596569653461126
0.5596732567775542
0.5596753418949123
0.5597079241208838
0.5598761281524344
0.570789336616317
0.5600801162917332
0.5602308668396432
0.5603117261885034
0.5603232770865292
0.5603348278751782
0.5603369094851667
0.5603742140746913
0.5604414333802037
0.5605355477386459
0.5605470969208044
0.5605586459936087
0.5606169636601208
0.5606521831756056
0.560654263125503
0.5607335940236894
0.56076881198665
0.5608413258978024
0.5609185716787934
0.5610351862985037
0.5610677446993831
0.5610792899408285
0.5612009675144252
0.5612240550966795
0.5612403320931906
0.5612424088949055
0.5612539523259557
0.5614244334639632
0.5614407080483707
0.9989445585604346
0.561571808535812
0.6189570229863842
0.5616158939143686
0.5616531710387453
0.5616741755953508
0.5616951799531483
0.5617067191655704
0.5618268375324159
0.561991605426661
0.5620806480613992
0.5621226459733132
0.562162571389366
0.5621646430903464
0.56218564135079
0.5622066394125218
0.5622181740755636
0.5622249770518486
0.5622717035410791
0.5623799384906553
0.5623962034719495
0.56241246829933
0.5624680633622893
0.5625289792674041
0.5626061572380903
0.5627137889432972
0.5627300511908254
0.5627936243595263
0.5628823253899542
0.5629080483696989
0.5629385020792628
0.5629689555006765
0.5630230632761679
0.563048785103323
0.5630792375707858
0.563170593244394
0.5631963137651917
0.563273473867464
0.5632897320055822
0.5633107206721354
0.563331709140108
0.5634067997861762
0.5634325180945172
0.5634345833077095
0.5634860189315635
0.5635259278882088
0.5635699655151208
0.5635909516646326
0.5636024768329084
0.5636586392684992
0.9999952696757836
0.5638394989901283
0.5638557522207611
0.5638720052976374
0.5639045109901285
0.5639254935719759
0.5639653957307527
0.5640995322306779
0.5641299720947831
0.5641462226447399
0.5641813916531083
0.5641976418061514
0.5642369322158951
0.5642579113400209
0.5643093279858493
0.5643601348826871
0.5644372558478288
0.5648730061900912
0.5649692401537756
0.564980754499286
0.5649969973377972
0.5650132400226971
0.5650362678620403
0.5650477816183807
0.5650938355549041
0.5651337191708277
0.5651696974855078
0.5652245862884161
0.565255010614607
0.5652712503900672
0.5652733058159931
0.5652895453513882
0.5653172959632351
0.5653429910121178
0.5653592299109254
0.5653896524497776
0.5654126735725329
0.5654776257003049
0.5654938633483991
0.5655263381839843
0.5655662139098615
0.5655939599377839
0.5656027949679231
0.5656798691413821
0.5657170681895541
0.5657637214579492
0.5658023494929917
0.5659145594902122
0.565935520468942
0.5659612084654985
0.5659916234128447
0.5660173109013298
0.5660382709979956
0.5663219488216888
0.5663564565146495
0.5663679588615074
0.56638418746662
0.5664119178943289
0.5664281460615742
0.5665382706713614
0.5665497717240271
0.5665659988562625
0.5666079049477998
0.5666498102471277
0.5667079406788472
0.5667566175323847
0.5667917466138621
0.5668268753633051
0.5669188637426928
0.5669681675551019
0.5669702139322996
0.5669911629885166
0.5670357401080284
0.567037786136892
0.5670729113995832
0.5670796828187171
0.5670911797367861
0.5671378008383069
0.5672289953690578
0.5672688438292987
0.5672897902864541
0.567296560392774
0.5673458586927759
0.5673918385090819
0.5674033331915759
0.567505374819855
0.5675215936797142
0.5675661628165207
0.5675682060877536
0.5676080495560837
0.5676708781810794
0.5676870957225139
0.5676985881952713
0.5677100805594273
0.5677283401134908
0.5678560291796989
0.5679378637841107
0.5679918739517634
0.568091841073369
0.5681080544807744
0.5681452051040993
0.5681850392584824
0.5682404406693184
0.5682783380967003
0.5683310501204591
0.5683614324652442
0.5683972847985564
0.568442582296897
0.5684587915202358
0.5685992026753831
0.6575409758632091
0.5687159915356711
0.998252392333198
0.5688577784705199
0.5688834309465332
0.5689111192979474
0.5689293608660332
0.5689408430747431
0.5689664944314822
0.5690036272953979
0.5690198319549991
0.5690360364615312
0.5690569637889586
0.569063722063741
0.5690752032040353
0.5690866842358808
0.5691028880440173
0.5691049231117996
0.5692520579387081
0.5692682604301461
0.5692959422699109
0.5693499256180784
0.5693938077337212
0.5694572347449103
0.5694687131050767
0.9964392307982923
0.5695922174210762
0.5696036948185648
0.5696172045448106
0.5696327463508389
0.5696867237748038
0.5699208567866723
0.5699370540541817
0.5699390848562119
0.5699552818846774
0.569980922879323
0.5700254517809163
0.5700983123518468
0.5701401480809912
0.57026767965323
0.5703135697658497
0.5704060434372049
0.5704431497341858
0.5705976498137508
0.5706138404449187
0.5706367790912867
0.5706597173044784
0.5709490718885133
0.5709605389252652
0.5709767266204031
0.5709929141627051
0.5710300094886066
0.5710556379051521
0.5711972888012008
0.5712181928888008
0.571229656760941
0.5713321502067324
0.5714366625289679
0.57146700397406
0.5714993675546074
0.5715391477130599
0.571541169918538
0.5715526314547454
0.5716267940325557
0.5716429744577222
0.5716867953201471
0.5717238742926721
0.571735334371608
0.5718175726056877
0.5718748672741774
0.57194901536995
0.572023840422068
0.5720447359728187
0.5720514744397412
0.5720629317830043
0.5720811272497334
0.5721370731799392
0.5721647052161685
0.5723332169383075
0.5723493910524106
0.5723608463411411
0.572407349735285
0.5724329604061776
0.5724444150843683
0.5724909168121549
0.5725165266053575
0.572556291640715
0.5725583085220329
0.5725697622844848
0.5725764975110293
0.5725832326740148
0.5726593721837682
0.5727334921795749
0.5727779717475205
0.9949704881834781
0.5728426515687662
0.5728844266626406
0.5728958778597142
0.5730575619329789
0.573073729501236
0.5731370745170193
0.5731505375836805
0.5731714221014492
0.5742912401528374
0.5743208502167524
0.5743322924233705
0.5743861883534989
0.5744117813543652
0.574453532580496
0.5744932759116789
0.5746192270864091
0.5746825531593743
0.574757913504488
0.5747599192498538
0.5747713583601005
0.5750116730416409
0.575037259229913
0.5750789982549639
0.5751065876848778
0.5751630596258236
0.5751832184189924
0.5751946539145362
0.5752175245820462
0.5752336757118739
0.5752592585606021
0.5752989889081718
0.5753097132293646
0.6053090751325146
0.5754416244612323
0.5754954988941757
0.5756018201966379
0.5756226835041921
0.5756435466149848
0.5756691249976422
0.5756664104607463
0.5756778422219079
0.5756798430714242
0.5757404290032206
0.5757660062053811
0.5758171598860786
0.5758427363646222
0.5758683126019672
0.5758797429259851
0.5758911731422105
0.5759470393527032
0.5759584690899318
0.5759907584223307
0.5759974727233292
0.5761327738224339
0.5761556305754106
0.5761717737030454
0.5762229189749877
0.5762343467109233
0.5764782975593888
0.5765548322011607
0.5765871089091175
0.5766032470348651
0.5766846583543498
0.5767196515442924
0.5767310747300094
0.5767727763400412
0.5768911682630666
0.5769812725961471
0.5771197745066153
0.5771359081439305
0.5771803223054407
0.5771823152337858
0.5772240080693055
0.5772905305726149
0.5773019493985898
0.5773672055427251
0.5773900420413627
0.5774155995343423
0.5778457506975341
0.5778760186071064
0.5778968601834309
0.5779129885615447
0.5779385427467245
0.5779546707763654
0.5780313312973645
0.5781605674293658
0.5781928204838185
0.5782183723867513
0.5782392112691986
0.5782647627126631
0.5782761757096201
0.5784173272132631
0.5785396197073585
0.5785557430044391
0.5786842216871103
0.5787097686254182
0.578765574048593
0.578844196479059
0.5788972712151127
0.5789342242285165
0.5789503444506224
0.5789711765454263
0.5789731604342582
0.5790073836034058
0.5790537579689863
0.5790840126278094
0.5790954196135343
0.5791303856157413
0.5791559276832537
0.5791720459492824
0.5791928758216128
0.5792278407056296
0.9997314335792836
0.9985111124722601
0.5793555439335473
0.5793830656370292
0.5794038936318576
0.5794616649469722
0.5795005889281508
0.5795119928763587
0.5795489345262493
0.5795556267490837
0.5795642997135535
0.5795871062574791
0.5796456216226402
0.5796711580137567
0.5797435317617352
0.5798020436333143
0.5798617817621647
0.579877893665734
0.5799034271581675
0.5799329181544955
0.5799725832512872
0.9959204823817599
0.5800013189877711
0.580021386142345
0.5800327856496834
0.5801254875360353
0.5801510176972392
0.5802303398572741
0.5802464483551268
0.5802531359369185
0.580386707802454
0.5804028148050455
0.5805539986152389
0.5805814999552548
0.5806023154384544
0.5806090007771472
0.5806538213365612
0.5806557963847364
0.5807021344737289
0.6062498528199693
0.5807155035181749
0.5807806789495498
0.5807967823519161
0.5808148598179258
0.5808611944445753
0.5808886900416794
0.5809746724561784
0.5809907741865602
0.5810088489740559
0.5810598889532501
0.5812055568636685
0.581226365781183
0.581557645308181
0.5815737427010736
0.5819591852109957
0.5821825252958044
0.5821939092604101
0.582214709801355
0.5822402184660295
0.582256310295634
0.5822771102489736
0.5991270939857058
0.5823112596812543
0.5823273507975668
0.5823387335979322
0.5823501162911139
0.582424670433145
0.582482356652213
0.5825219864032692
0.5827260230118826
0.5827468186975373
0.5827911531255002
0.5827931172468988
0.5828347072032841
0.5828931634795544
0.5829206289426607
0.5829367152965103
0.5829669243298716
0.5829830103143256
0.582999096147328
0.5831273802294435
0.5831575875120041
0.5831830870549689
0.5832548768547111
0.5833549085602655
0.583391782034203
0.5834239475802465
0.5834353229147053
0.5834721947637472
0.5834976911453896
0.5835553505361363
0.5835828061455038
0.5836035942743906
0.9952035773123088
0.5837255714124336
0.5837887195997308
0.5837953854408872
0.5838161715907539
0.5839777471324958
0.584032644455008
0.5840440152114161
0.5840647988214973
0.5840761693195403
0.5840875397105542
0.5841102801715009
0.5841404757198392
0.5842337593885888
0.5842847327453952
0.5843215872298773
0.5843847207254691
0.5844913670994489
0.5845983718413251
0.5846614998753006
0.5846654087044086
0.999731783638802
0.9938453430703644
0.5847508269693162
0.5847621915642469
0.5848876383347136
0.584903707258774
0.5849056603773585
0.5849417034450959
0.5849832498964881
0.5849852025764926
0.5850596831640311
0.9993977604215677
0.5850729976804475
0.5851353131586872
0.5851701992519232
0.5851862655613373
0.5853756075069748
0.5853822629969418
0.5854406707096179
0.5854614400240882
0.5855010279789041
0.5855398106851841
0.5855699882854952
0.5855974106012919
0.5856322920587128
0.5856436505285542
0.5856550088915234
0.5856663671476221
0.5856777252968518
0.5856843788958671
0.585695736853495
0.5857023903051743
0.5857325655790148
0.585767444923766
0.5857740979442067
0.5857948638337308
0.5858156295278776
0.585850507825547
0.5858571603300498
0.5858638127719629
0.5858986903507452
0.585905342534705
0.5859214029673814
0.5859327591154347
0.5859629316022203
0.5859695833588138
0.5859809391199631
0.5859922947742764
0.5859989462988748
0.5860103017616483
0.5860263610962152
0.5860330123667016
0.5860396635746138
0.5860651303689278
0.5860717813631874
0.5860878400308573
0.5861180100850455
0.5861293645604512
0.586145422730651
0.5861849996472165
0.5861916498899321
0.5862030038053218
0.5862378761794561
0.5862445260796146
0.5862558795860772
0.5862766402792084
0.5862832899031994
0.5863012925438844
0.5863616266709312
0.5864012003367716
0.5864078491872367
0.5864192014449059
0.5864540708339213
0.586456015916392
0.5865049950143925
0.5865958047220393
0.5866212650678908
0.5866721850411292
0.5867363975412342
0.5867430441898527
0.5867449877486138
0.5867516342943141
0.5868166597689906
0.5868186029449803
0.5868601123991817
0.5868902725784909
0.5869779909706546
0.5870100920796456
0.5870214396899969
0.5872098491403634
0.5872353032461944
0.6412875314476499
0.5874530346990694
0.5875078176064252
0.5875614825403692
0.5876358951209419
0.58765664307714
0.5877067179513704
0.5877509756900362
0.5877623183226675
0.5877736608486308
0.5878076877865287
0.5878284338618368
0.5878491797420502
0.5880422414684835
0.5880535820916576
0.5880649226081887
0.5880856665961398
0.5881177504972095
0.5881384939441812
0.5881564718604542
0.5882092969679303
0.5882253378092471
0.5883243456715829
0.5883497884344147
0.5883658280873151
0.5883970757622059
0.5884178161405884
0.5884479589294194
0.588508243656827
0.5885704614690286
0.5886006026900096
0.5886260424795735
0.5886279764003479
0.5886581169258542
0.5887109285019204
0.5887524033828347
0.5887778415020544
0.588793877483864
0.5888815242070823
0.5890040050392042
0.5890435428447867
0.5891132159729241
0.5891386507220217
0.5891405820332147
0.5892226771268619
0.5892453406660556
0.5892613727167608
0.5892915058731732
0.5893122379528832
0.5893141683392167
0.5893349001175088
0.5894225255459357
0.589433855843576
0.589503518098112
0.5895430489100293
0.5895911374735031
0.5896364533640401
0.5897503383967514
0.5897851660721252
0.5898152935094233
0.589836020886305
0.589852048201831
0.5898633755222702
0.5898747027362365
0.5899631537391435
0.5899744803244712
0.589987733751921
0.5900084594416769
0.5900338846043585
0.5900405109454747
0.5900471372243083
0.5900490638393864
0.5901093117028376
0.5901911300972333
0.5902372773028681
0.5902673997838245
0.5902975219816627
0.5903389679171778
0.5904086092248408
0.5904688505946982
0.5906252202720801
0.5907721802709421
0.5908597527453164
0.5908851694875433
0.5909340801338226
0.590975514634364
0.5909868340679065
0.5909887559145394
0.591000075179491
0.5910603027825547
0.591087638844513
0.5911177518101387
0.5911544840742186
0.5911798977597353
0.5911865171284528
0.5911978349323886
0.5912204702212032
0.5912740735868294
0.5913135812213984
0.5914256853578895
0.5914530155463784
0.5914897415538716
0.5915819838104232
0.5915932986930008
0.5916065321156087
0.5916338591925133
0.591659267402365
0.5916912915000869
0.5918028936490042
0.5918349132383198
0.5918509228073636
0.5918641520069521
0.5918942532623094
0.5918961702687341
0.5919328852124817
0.5919695994663936
0.59199500216072
0.5920524202071443
0.5892089676325394
0.5922067430085204
0.5922321432765156
0.5922763311163717
0.5922782461661305
0.5923337419624531
0.5923638379018168
0.5923798430315299
0.5924297717847196
0.5924504729609138
0.5924711739426531
0.5925106614815232
0.5926085955955909
0.5926819989949608
0.5927046104570068
0.592730005166017
0.5927460069224303
0.5927714011985047
0.5927846187081444
0.5928072284630124
0.5928232294058806
0.592834533995811
0.5928665351742275
0.5929220163236938
0.5929333201842747
0.9958017328418136
0.5929926225774489
0.5931101844547128
0.5931468767902928
0.5931948703259343
0.5932202593938711
0.5932315610047004
0.5932522539444027
0.5933706794137948
0.5933651069424554
0.5933670163312453
0.5933736212652665
0.59338022613726
0.5934836810299897
0.5935156708533865
0.5935316655397791
0.5935617461040394
0.5935730451032502
0.5935843439963564
0.5936003380599117
0.5936116367187684
0.5936370209689081
0.5936577097702633
0.59367473132163
0.5937001145604447
0.593702022170159
0.5937274050424902
0.5937715678127244
0.5937828650841346
0.5939653715423184
0.5939860566653365
0.5940434162097198
0.5940547113032782
0.5940894793671658
0.5941242471046096
0.5941355416596248
0.5941468361085943
0.5941628249786399
0.5942088857175047
0.5942220845186792
0.5942869214158295
0.5943630499992959
0.5943997183429175
0.5944495819817959
0.5944608740552974
0.5945144133952336
0.5945303991888543
0.594583937699793
0.5945952289305932
0.5946318932011491
0.594647878068129
0.5946704593994527
0.5947465757925667
0.5947719474472289
0.5948245918721778
0.5948452688843306
0.5948584597909401
0.5948744426191035
0.5948904252972294
0.594936471206695
0.5950172724541904
0.5950332540118372
0.5950699102126641
0.595185574558357
0.5952326198063574
0.9966068126566358
0.5955162169899427
0.5955462737000188
0.5955857162299782
0.5955970002158794
0.5956383398096525
0.5958443216052105
0.595873473199161
0.5959082164140584
0.595947651693249
0.5960218287950524
0.5960659553103034
0.5960819275977759
0.5961138717230442
0.5961345357970702
0.5964564897101191
0.5966059707514815
0.5966942071211077
0.5968716572522379
0.9974524982406756
0.5968867141134688
0.5969308287043987
0.5969327196896126
0.5969740329806948
0.5969853065360581
0.5970012713633612
0.5970125446851631
0.5970350910114468
0.5970810932530188
0.5971158221642593
0.59714116830234
0.5971796760286536
0.5972050213915785
0.597216293175837
0.5972181826711076
0.597234145357483
0.5972547989416996
0.5973280294216985
0.5973627548938206
0.5974021709557271
0.5975439287758108
0.5975786516063363
0.5976359116281251
0.5976865923674435
0.5976978606239417
0.5977044382112067
0.5977269742396668
0.5977635812718693
0.5978630494228451
0.5979071490886577
0.5979231061476621
0.5979907510763833
0.5980020167436625
0.5980132823052678
0.5980339278762951
0.5980892884780437
0.5981699824595961
0.5982300303905752
0.5982806974759176
0.5983079145328005
0.5983238677665796
0.5983445106223327
0.5983923689110034
0.5984496051323416
0.5984843155737513
0.598564997186269
0.5985856378463804
0.5985922097898163
0.5987441851740696
0.5988576841374718
0.5988877009359819
0.5989036496555734
0.5990218329144315
0.5990396608802483
0.5990602975724354
0.5991137578542624
0.599155029963144
0.5991869232500563
0.5992122476730828
0.5992469498185364
0.5992694637732806
0.5993041651623068
0.5993154217658367
0.5993632723487654
0.5993670292573143
0.5993970395862736
0.5994383049750801
0.5994495602107988
0.5995048901475015
0.5995320880687146
0.5995705397789874
0.6197747688614669
0.5996071132198432
0.5996840116456242
0.5996858884200656
0.5997065180191373
0.5997759056365827
0.5999306167607403
0.5999624958979889
0.6000300031409538
0.6000731316275537
0.600093758057333
0.6001396981956431
0.6002597025140516
0.6002756396433561
0.6004687243666362
0.600498720388477
0.6005099673302179
0.600521214166526
0.6005230865858289
0.6005577689243028
0.6005877638258081
0.6006777309604938
0.6007049085821683
0.6007395881178467
0.6007986277101319
0.6008239324731566
0.6008839147205076
0.6009045320335568
0.6009157758083339
0.600945766079898
0.6010432386326356
0.6010685413005272
0.6010938437312537
0.6011144593840948
0.6011350748437047
0.6011556901100858
0.6011809916580748
0.6012062929689148
0.6012269076117011
0.6012475220612701
0.6012728227046077
0.6012934367457882
0.6013646503083585
0.6013665184240987
0.6013918177983973
0.6014218031688309
0.6014583421199383
0.6014995665315495
0.6015642206778914
0.6015820130366122
0.6016119962511715
0.6017160021180583
0.6017319262994133
0.6018153191569122
0.6018752811515969
0.6019895601975503
0.6020260898901676
0.6020420116485565
0.602043876336579
0.6020551122439896
0.6021028759921657
0.6021141114125469
0.6021318964507438
0.6022058547921586
0.6022170892036377
0.6022423793772314
0.6023641415111578
0.6023660044977511
0.6024147188215947
0.6024259517808116
0.6024559250010542
0.9999859447911396
0.6024690201222798
0.6025373742673894
0.6101119226426674
0.6025804396304556
0.6026075875832733
0.6026188189548148
0.6027068683622463
0.6027462076848842
0.6027574381965624
0.6028585750223692
0.6029455163788137
0.602961429280769
0.6029726577321423
0.603004482834538
0.6030503599818252
0.6030803245208072
0.6031430779680071
0.6032236003897175
0.6032488793333615
0.6032647899199026
0.6032900684337982
0.6033153467108838
0.6033312567625168
0.6034988290398127
0.6035306460829407
0.6035371868310984
0.6035437275179856
0.6035549518746633
0.6035661761261979
0.6036344901878132
0.6038105229633653
0.6038488738601611
0.603869462996094
0.6038713182433414
0.6039059572873735
0.6039218624865939
0.6039836271332497
0.6040341691409945
0.6041305671334238
0.6042214011080358
0.6042607197047749
0.6043083263088883
0.6043635444081258
0.6044018825071998
0.6044271491856555
0.6044383671978534
0.6046207804005488
0.6046366794969048
0.6046497471436598
0.6047031059041679
0.6047470992030417
0.6047489499585602
0.6047601655709763
0.6047854283239295
0.6049021443955427
0.6049526645503834
0.6050031837590831
0.605019079055177
0.6050461872679517
0.6050667640504148
0.6050686130840072
0.6051153122278715
0.6051471001329612
0.6051864024307457
0.605202295901647
0.6053014733077092
0.6053893112617506
0.6054286102177343
0.6054679088057675
0.6054697557710043
0.605495009643653
0.605501537827754
0.6055614072045502
0.6055819788779867
0.6055978690834531
0.6056090778866949
0.6056595824361015
0.6057119317676467
0.6057325019660712
0.9999953188999415
0.6058147808339731
0.6059335124558825
0.6059400379151356
0.606013939532946
0.6060990451226362
0.6061354977017628
0.6061513833825588
0.6061784736361722
0.6062363387019017
0.6063326390676558
0.6063532032800389
0.606403691881418
0.6064195751173599
0.606421417204905
0.6065569934242857
0.6066046389726117
0.6067009247819087
0.6067813267813268
0.606815926917389
0.6068318068860944
0.6068570465841125
0.6068729262117475
0.6069626828651922
0.6070327160753812
0.6070840274788013
0.6072326028666489
0.6072737142081693
0.6073036284171416
0.6073213416688503
0.6073512552350202
0.6073642884884445
0.6075372463876619
0.6076298230345227
0.6076623978214384
0.6077417604012652
0.6077529535618201
0.607756624104582
0.6077967164332736
0.6078424950756317
0.6078630447191369
0.6078648794067419
0.6078760714152038
0.6079377184322936
0.6079956957050622
0.6080133993319048
0.6080292687947676
0.6080357811213414
0.6080843996350792
0.6081161373025118
0.6081869429954855
0.6081981324500833
0.6082093217999879
0.6082298674201667
0.608252245508982
0.9897365368062573
0.6084371447684183
0.6084670440192731
0.6085062987963755
0.6085081301573639
0.6085398598519932
0.6086051483073641
0.6086509091079189
0.6086901610051361
0.6086919914118522
0.6087125322755679
0.6087517833337232
0.6088274365259042
0.6088479762756737
0.6089152907058328
0.6089722301478533
0.6089834139405221
0.6089945976285694
0.6091188452705578
0.6091700810087743
0.6092241637356881
0.6093166830363407
0.6093418954123034
0.6093671075524293
0.6093736115203472
0.6093941463140861
0.6094651033360303
0.6095061711073384
0.5459885420320355
0.6096171653587497
0.6096423744428907
0.6096582299792357
0.6096852639947622
0.6097057956984722
0.6097421819831363
0.6098128983684139
0.6098334284191131
0.6098744879444828
0.6099360757925059
0.6099566046911825
0.6101057711191539
0.6103474073035021
0.6103837809530934
0.6103902783427548
0.6104237969664665
0.610458347554903
0.6105069245083646
0.6105497917066032
0.6105703144724661
0.6105973331338482
0.6106225307992613
0.6106337020655863
0.610744624648773
0.6107698205653268
0.6107856658640922
0.6107874855069754
0.6108285257459163
0.6108630708885969
0.6109628105934878
0.6110131973240708
0.6110196907081549
0.6110542333422156
0.6110747510635314
0.611099943434419
0.6111111111111112
0.61112227868339
0.6111381209271015
0.6111866863006334
0.6112183697415353
0.611273425922896
0.6113648368805599
0.6114962300928805
0.6115307667857076
0.6116045135415595
0.6116203519760675
0.611645538852741
0.6116585178883602
0.6116995419276433
0.6117107052879065
0.6117125202157594
0.6117470541218922
0.6117927504732524
0.611854282348982
0.6118981626462381
0.6118999766300538
0.6119204864665274
0.6119223003290458
0.6121849996261123
0.6124004561259206
0.6125263457970568
0.6125468497350245
0.6125486604076025
0.6125878570360401
0.6126036871743347
0.6126148439617545
0.6126353470070611
0.6127173572720348
0.6127770534550195
0.6128022280998533
0.6128087104838899
0.6128105198228004
0.6128216750702112
0.6128831775700935
0.6129036780201962
0.6129241782787077
0.61294935117732
0.6130461193402178
0.6131133446411633
0.613149668478083
0.6132859225478469
0.6133671624216768
0.613378313973591
0.6133894654212944
0.6133959443042706
0.6134275915560082
0.6135422799099175
0.6135674470977961
0.6135972863363672
0.6136400801753017
0.6136465575241086
0.6136623791658296
0.613673528504817
0.6137080384049338
0.613746157224418
0.6137619779572882
0.6137796029732622
0.6138112435351775
0.613850423277457
0.613880258824079
0.6138914065200938
0.6139025541119474
0.6139043579010316
0.61392845630247
0.6139723057948536
0.6139741092159419
0.6139945994935857
0.6140010744902011
0.6140122211010203
0.6140186959548157
0.6140736899639819
0.614108193964309
0.614119339814352
0.6141304855602583
0.6142811097149103
0.6143033983417027
0.6143238849754293
0.6143443714177609
0.6143853437282498
0.614426315273191
0.6144392595395244
0.6144457315819959
0.6145071863307907
0.6145229998878966
0.6145715099794945
0.6145733102900649
0.614623619752256
0.6146347615288683
0.6146459032013976
0.6149524067517959
0.5672453168565144
0.6152287013945321
0.6152445089971652
0.6152603164521492
0.615266783420899
0.6152872607716952
0.6153077379312277
0.615341147900808
0.6153522843493002
0.6153680907104029
0.6153950330167092
0.615415508907932
0.6157524363649948
0.6157635698008891
0.6157840422501669
0.6157951754345004
0.6158016389997899
0.6158034330114496
0.6159057905034063
0.6159215920658193
0.6159783344617468
0.6159941353903047
0.6160239439316048
0.6160257368047514
0.6160555449201331
0.6161776516071195
0.6162203805299404
0.616245517705065
0.6164301055187226
0.6164272274384749
0.6164523629436648
0.6164681604048874
0.6164699510701079
0.6164810794406704
0.616520220742719
0.6165453552269745
0.6166096298129222
0.6166347635277091
0.6166552282775654
0.6166850302532307
0.6167539706994594
0.6167604285814328
0.6168246987586194
0.6168983048473615
0.6169514472455649
0.6169532355124393
0.5540995392307441
0.61715387416322
0.6171779083826213
0.617189031734028
0.6173358166804371
0.617370278394981
0.6174047397877972
0.6175788269890541
0.9892968502025803
0.6176448622559957
0.6178347219305002
0.6179165363665642
0.6179527750162193
0.6179638929858298
0.6181146094894939
0.6181881825819099
0.6182344293281684
0.6182455452568303
0.6182753293787657
0.6182975605430557
0.6183040089606571
0.6183291252666017
0.6183495743727598
0.6183700232880485
0.6184529226461323
0.6185020463974538
0.6185318275154004
0.6185522748167126
0.6186042821675907
0.618643395477985
0.6187018465716859
0.6187474042306956
0.6188262963377757
0.6188765177463159
0.6190102890739834
0.6190167330826015
0.6190278432342388
0.6190296209194244
0.6190611730670524
0.6190816150360924
0.6191207211915338
0.6191364966194305
0.6192555886840522
0.619352009107706
0.6193817800069987
0.6193928874704889
0.6194039948303294
0.6194104363405621
0.6194875240281432
0.6195172931839708
0.6195423964466673
0.6195721650687008
0.6196690258798061
0.6196894624378319
0.619691236779121
0.6197461055047798
0.6197572104393912
0.619848937946993
0.619907349092385
0.6199371133732051
0.6199715425345805
0.6199966411017186
0.620046837533472
0.6200626052556693
0.6200830378802016
0.6201081353417832
0.6201192375514317
0.6201396696258216
0.6201461066223807
0.6201665383807992
0.6201823050297155
0.6202027364286481
0.9999813404985819
0.6202389338010627
0.6202751304980618
0.6203626389517337
0.6203923983318873
0.6204221574344023
0.6204239280516476
0.6204443573704269
0.6205820478493896
0.6207652516243989
0.6208014403724071
0.6208125378982229
0.6208860405239002
0.6209315559204083
0.6209566454441569
0.6209724062016082
0.6209835025676665
0.6210290159935448
0.9961801085800638
0.6211095823325016
0.621317836688245
0.6213289306152145
0.6213493521878236
0.6213604458643285
0.6213826329069057
0.6213937262729808
0.6214328021304082
0.621471877623356
0.6217080871345493
0.6217145148954427
0.6218568124160573
0.6218865566400694
0.6220347598196257
0.6220569376763273
0.622113519361337
0.6221246077155874
0.622131032874796
0.6222834575913985
0.6223178567099042
0.6223475929595524
0.6223586788265354
0.6224525478018827
0.9999953375606118
0.6224747180402926
0.6225388492328063
0.6225499337945954
0.6226175823356085
0.6229294968321826
0.6229452406038172
0.6230186849662477
0.6230390899979021
0.623078142336345
0.9846252103660953
0.6231236131053387
0.6231755014894341
0.6232134033209954
0.6232291448150479
0.6232495478192769
0.6232699506332832
0.6232996764840246
0.6233964797136038
0.6234856500925274
0.6235357730512322
0.6235654954459433
0.6235969720699557
0.6236127101618835
0.6236739069637364
0.6236943055173603
0.623728687156827
0.6237397631244086
0.6237601610858379
0.6237619147498193
0.6237729904076516
0.6237840659622367
0.6238155386415225
0.623831274761128
0.6238907118087923
0.6239064473579955
0.6240614469679668
0.6242094617582223
0.6242613202095334
0.6242910338206578
0.6242927847735513
0.6243149280441429
0.6243417312119602
0.6243621230409313
0.624404656494953
0.6244110670463178
0.6244128173582373
0.6244425286017196
0.6244442787507106
0.6244646693415724
0.6244943799280481
0.6245147700953917
0.6245258399739038
0.6267032004324405
0.6248800082013812
0.6248910759136809
0.6249924278078853
0.6250128144192505
0.6250145617722026
0.6253139313288323
0.6253296554809009
0.9842047879527728
0.9845128826352327
0.6255031868500504
0.6255095907898599
0.6255299719522536
0.625545693852354
0.6256382780469624
0.6257227116654165
0.625775703024543
0.625811801757312
0.6258275214654758
0.6258915718219046
0.6259445609131143
0.6260447045011973
0.6261337855276091
0.626158820076587
0.6261838543923153
0.6262088884747974
0.6262385808321027
0.6262542974536713
0.6262700139288093
0.6263125040760996
0.6263654870101133
0.6263672275327482
0.6263893417804072
0.6264842479887829
0.6265500246885976
0.6265907693454322
0.6266111413891567
0.6266972857402379
0.6267176568133332
0.6267520017886837
0.6267816884350953
0.6268037971735465
0.6268148513883002
0.6268445371888508
0.6269417260926067
0.6050136006260014
0.6269800977182008
0.6270633057604889
0.6271290642596655
0.6271855060313912
0.6272012146559794
0.6272029509296173
0.627237288846041
0.627252997009976
0.6274200233793935
0.627445044709389
0.6274950866702061
0.6275340787898828
0.6276167190592619
0.6276277674804169
0.6276667582558318
0.6276684922320331
0.6276888543233564
0.6277202639581616
0.6277796146842823
0.6277999757839933
0.6278726465835588
0.9999953432491082
0.6278947392930154
0.6279150989084678
0.6280075809433339
0.6280372526193247
0.6280669240189801
0.6281076399398379
0.6281419670879238
0.6281530115713254
0.6282263209115418
0.6283618923449432
0.628386904512458
0.6283886348609158
0.6285514736695069
0.6286137327665281
0.6286451276463988
0.6286765219415668
0.628701530897307
0.988588163537064
0.6287608600508432
0.628907450345001
0.6289371132724657
0.6289667759237187
0.628982470842936
0.6290167888037396
0.6290417948944769
0.629104046781012
0.6291197407688476
0.629160439683227
0.6292337273561056
0.6292773541160368
0.6292790800530739
0.6293308131360628
0.6293465053375481
0.6294104776048529
0.6294651378239596
0.629480829034841
0.6295372124744538
0.6295872146883976
0.6296168707229645
0.6296389400964565
0.6296779058995499
0.6296889401994283
0.6297046295649745
0.6297110084909876
0.6297220424826713
0.6297284212682364
0.6298051410004561
0.6298987548004189
0.6299423719661493
0.6300190848577946
0.6300533908048652
0.6300830416325315
0.6301114809039495
0.6301318214824331
0.9932415449493116
0.630241618298013
0.6302573029733202
0.6303670916123267
0.6304734333693265
0.6305030787919407
0.6305204808735031
0.6305315088895095
0.6305611534899307
0.630619226025644
0.9825101109058162
0.9999953459798574
0.6307534788476753
0.630759851259593
0.6307725959054884
0.6308382508981925
0.6309264533422684
0.6309967564347774
0.631064120879888
0.6310937587253131
0.6311047823800682
0.631115805932227
0.6311314828171898
0.6311814497177718
0.6311924727079824
0.6312034955956054
0.631275999739421
0.6312963281791659
0.6315275199262971
0.6315338873430797
0.6315449076163578
0.6315652335752838
0.6315855593450617
0.6315965792240906
0.6316575549610329
0.6317092235539343
0.6317109371001587
0.6317329747686466
0.631753298717734
0.6317939460485544
0.6318532028138608
0.6318985009630684
0.6319141709973527
0.6319158835023727
0.6319751374789478
0.6320094164499426
0.6320111284799762
0.6320488306419723
0.6320831084727468
0.6323107984889931
0.6323886526670326
0.6324136230630027
0.63244201300695
0.632457678763322
0.6324593885487803
0.6325000232594922
0.6325504370356931
0.6325800569376477
0.6326334102411432
0.6326444224265851
0.6327146711321984
0.6327785582048729
0.6328128270607444
0.6328377925799129
0.6328923743871694
0.6329033848558285
0.6329317642681055
0.6330396844592457
0.633075656517735
0.6330959678882228
0.633106976744186
0.6331975219065692
0.6332178321434385
0.6333071331234216
0.6333274421892732
0.6333337984214908
0.633360463223496
0.6333993749302378
0.6334196830948251
0.6334260387502442
0.6334649496091043
0.6334666542647196
0.6334823110300855
0.633527576119764
0.6335385817397128
0.6335542378793163
0.633560592672514
0.6335715979853693
0.6335982588395054
0.6336718844461806
0.633710791266538
0.6337421001967103
0.6337966601407187
0.6338609772883689
0.6339045316096631
0.6339201845186612
0.6339311871358354
0.633946839775306
0.6339485419602044
0.6340013950244129
0.6341655080698785
0.634199758207012
0.6342746079055904
0.6342809582263884
0.6345287414040814
0.6345710353549443
0.6346441756014097
0.6346847684582481
0.6347376104816325
0.6347875006392881
0.634807796023879
0.634832740544436
0.6348872781711586
0.6349202659351899
0.6349748014802968
0.6349904459931286
0.6350153886207891
0.6350669697857246
0.6351557415155742
0.6351916765069595
0.6353223377154651
0.6353739093246064
0.6354440735954482
0.9982800537366995
0.6355032446403005
0.6355235328297502
0.6355484692691725
0.6355641086428017
0.6355890446617828
0.635698083037391
0.6357183695667331
0.6357200628445527
0.6358041619990983
0.6358290957431973
0.6358447329400992
0.6359254438969973
0.6359596729586643
0.6360344699364147
0.6360737724729024
0.6361236346734837
0.6362901164276916
0.9999953522095596
0.636335327226165
0.6363509606893538
0.63649419277478
0.636589253928344
0.6366437544441811
0.6366872705302784
0.6366889590139935
0.6369394488591478
0.6369690182210223
0.6369753522435778
0.6369816862072651
0.6370082948023885
0.6370332162307849
0.6370534905226374
0.6370691177427299
0.9958689975000232
0.6371937194184096
0.6372093455511979
0.6372313039599268
0.9904650384744061
0.6373030992983597
0.6373187244146442
0.6373436425478133
0.6373592673305051
0.6374027711951825
0.637413749041656
0.6374357044285535
0.6374513284204852
0.6374855379868878
0.6374965151937553
0.637507492298614
0.6375184693014655
0.6375619706072306
0.637572947254953
0.6375839238006737
0.9988988370418209
0.6376726076532793
0.637692875960024
0.6377241196667767
0.637753679750223
0.6377739473036198
0.6379183779665112
0.637980458750122
0.6379960787593268
0.6380395746124076
0.99890355462017
0.638153157129384
0.63818735946182
0.6382093047025265
0.6382202771699489
0.6382561591459194
0.6383768466041067
0.6385351871896239
0.6385182845250483
0.6385292546396302
0.6385465491691713
0.6385638433773557
0.6385811372641925
0.6386292690178007
0.6387301764263218
0.6390840900118436
0.6391855993758243
0.6392353919173718
0.6392509996424044
0.639261963144598
0.6392729265449615
0.6393459371850778
0.639366188025932
0.6393927572979651
0.6394488638738349
0.6394551820858372
0.6394847194423676
0.6394910374291818
0.6395315358824567
0.6395564285813795
0.6396078868425696
0.6396420660608227
0.6396483830822668
0.639663987295042
0.6397416311045688
0.6398057170452646
0.6398398937578068
0.6399082462307124
0.6399238484398216
0.639925520405273
0.6399689824574437
0.6400356607216653
0.6400807930722262
0.6401693844953753
0.6402722705619063
0.6402895401530347
0.6403422835307391
0.6403439534214265
0.9844553811867397
0.6404839728113509
0.6404995705364812
0.6405649339796089
0.9953200952694892
0.6406193416593157
0.6406488664800294
0.6406644629326994
0.6406661312113207
0.6407879221177147
0.6408406568153647
0.6408701788267628
0.6408827980650492
0.6410134997121795
0.6411408623314888
0.6411750233268498
0.6412310834648594
0.6413395165745215
0.6413816473559121
0.6413972380178716
0.6414313963959782
0.6414377027949143
0.6414486510574299
0.6414503154171444
0.6415882579573042
0.6416741707591047
0.641796864121202
0.6418980073985714
0.6419291804556995
0.6420449271326464
0.6420638346258987
0.6420903627039194
0.6421059471099849
0.6421215313713933
0.642171604663251
0.6421918291386856
0.642239899013338
0.6422508411648683
0.6422866477628703
0.6423022303901095
0.642338036012623
0.6423645594527617
0.6423708598822181
0.6424003638321175
0.6424408082195595
0.642461030131748
0.6424766112266113
0.6425061140011787
0.6425170541556453
0.6425372753386452
0.6425574963339706
0.6425886567607451
0.6426181581939256
0.6426662211827597
0.6427404760799963
0.6427514140809518
0.6427825699609768
0.6428525028304163
0.6428866400330369
0.6429068569678634
0.6429641934121818
0.6429814264039235
0.6430546662583633
0.6431169674755255
0.6431511012336972
0.6431620362637567
0.6431868901745904
0.6431931852979113
0.6432909430863378
0.6433204353756646
0.6434682156013102
0.6436100131752306
0.9893494637621999
0.643720602287803
0.6437547256458189
0.6437934873364877
0.6437951396458872
0.6438246235771076
0.6438975063084459
0.6439177122712619
0.6440015214204873
0.6440187392736212
0.6440389441117672
0.6440684255445471
0.6441290382430019
0.644167795320878
0.644263861445839
0.6442794261568932
0.987504638218924
0.6443430225277248
0.6444609355070615
0.6445569949027629
0.6446824101213223
0.644711884057971
0.644745995380891
0.6447973139049015
0.6448254433479261
0.644827090473165
0.6448953092030515
0.6449062308705411
0.6449078775905804
0.6449327113032026
0.6449638286032277
0.6449840243738436
0.6450274065349051
0.6450290526471993
0.6450710887287499
0.6451098322721855
0.6451346638967206
0.6451502209609133
0.6451611407373058
0.6451859717784754
0.6453129564286012
0.6453238744377985
0.6453440657297458
0.6454496559654296
0.6455132187798477
0.6455426814849846
0.6455830601675623
0.6456452697220484
0.645665458119674
0.6457197433329624
0.6457352947994566
0.6457647549724141
0.6458239643941677
0.6458597013403061
0.6458613431742529
0.6459371624346891
0.9928419432455111
0.6459884470241352
0.6460086322397
0.6460443661482117
0.6460599148841478
0.6460910119235262
0.6461390113532584
0.6461452876547216
0.6461515638979931
0.6461717475152055
0.6461826593668439
0.6461842995818537
0.6463615883110984
0.6464469475733556
0.6465074884231897
0.646529306788421
0.6465494864093151
0.6465636718442191
0.6466225705823186
0.6466381140436261
0.6466784707801839
0.6468690614136733
0.6469372242204012
0.6470312883805216
0.6470547342077212
0.647074908120183
0.647159685985189
0.6471752237159791
0.6471768587687916
0.647232739085504
0.647248276117743
0.6473057888005338
0.6475151178146938
0.6475445539048961
0.6476050581764431
0.6477072637295423
0.647763130458958
0.6477740297290284
0.6477895624533748
0.6478097285675893
0.6478546937262534
0.6478609588501583
0.6479320921870801
0.6479568906001677
0.647997219969883
0.6480252793891432
0.6480547099787332
0.648118203594479
0.6481430001111976
0.6482530798704578
0.6482841377137588
0.648295033358043
0.6483059289013672
0.6483555176679345
0.6484097384697353
0.6484298990947249
0.6484454266216347
0.6484672155071369
0.648589298123697
0.6486699343074486
0.6486900928864284
0.6487274041267871
0.6488624940356794
0.6489183304766758
0.6489477512032649
0.6489540097835754
0.648960268305902
0.6489618944384224
0.6489929403917063
0.6490084631526286
0.6490147212777587
0.6490209793449108
0.6490397531985066
0.6490599074498686
0.6490939578662616
0.6491250011580186
0.6491405225882059
0.6491838360631439
0.6492364131567611
0.6492843577747928
0.6493200303855632
0.6493494462534681
0.6493883657484819
0.649394621534243
0.6494008772620531
0.6494675849802921
0.6501104621811765
0.6501120827003594
0.6501850248011968
0.6502984805049855
0.6503232559001149
0.650348031065767
0.650360531836559
0.6503667821351166
0.6503822945080187
0.6503978067372438
0.6504318429156922
0.6504380927682276
0.6504582355038738
0.6505015328473914
0.6505325553394461
0.9944984972747185
0.6505976114067138
0.6506501685622198
0.6506656787607956
0.6507756425098402
0.6508763399782362
0.980074644835059
0.6508934649027353
0.6509540986187449
0.6510422936943778
0.6510763218454672
0.6511119651431455
0.6511413622262351
0.6511753892883767
0.6511816346563444
0.6512017705916944
0.6513686705930288
0.651413569900638
0.6514769886100565
0.6515017524689671
0.6515218860830995
0.6515575227794651
0.6515822858068847
0.6516179214489761
0.6516380539659611
0.6516581862965244
0.6516891907533184
0.65174797331395
0.6518407748291635
0.6518747945573318
0.6518764062630209
0.6518872772559132
0.6519506854134934
0.6519661854982824
0.6520467024064146
0.6520622016879083
0.6521272163325772
0.6521922291713924
0.652223225238988
0.6523021229712339
0.6523546539887695
0.6523562633089529
0.6523717601529481
0.6523918860116099
0.6524073825472287
0.6524522624696216
0.6524925125100103
0.652574618575026
0.6525947424699005
0.6526412264622563
0.6526520920027588
0.6526629574426721
0.6527015955452488
0.9855120092945321
0.65276517746385
0.6528116567228427
0.6528364067244317
0.6528472707580225
0.6528951631566767
0.6529060268177421
0.6529307759243145
0.6529323823321129
0.6530034158127135
0.6530142787716091
0.6531271550826394
0.6531519022493751
0.653192139293351
0.6532370038507109
0.6532478652257423
0.6532587265002361
0.6533066132264529
0.6533221023011274
0.6533237067788531
0.6534164537746677
0.6536298887917031
0.653694859406527
0.6537149732744059
0.6537350869561194
0.6538719603896254
0.65393852176448
0.6540282167199567
0.6540483263462802
0.6540730629525947
0.6540885450406263
0.654164353137146
0.6541890885198569
0.6542200506193232
0.6542355314541652
0.6542417582417582
0.65428197309915
0.6542928264732011
0.6543284134548651
0.6543809078753163
0.9963309628793382
0.654450479794942
0.6545942444711761
0.6546606150614646
0.6546760925687742
0.6548082216496037
0.6548484245684969
0.6548546473973464
0.6548654962644276
0.6548918197504707
0.6549867473390599
0.6550269445151143
0.6550717665724581
0.6550872388846745
0.6553344619284175
0.6554317510094773
0.6554425953506443
0.6554827847773399
0.6555121296917278
0.6555137230234128
0.6555893194947434
0.655655817696602
0.6556990361312045
0.6557237538908391
0.6557484714218321
0.6558349058349059
0.6559013967255573
0.6559415785627735
0.6559616692026288
0.6559632603226284
0.6559849416813889
0.656119206951889
0.6561254220043472
0.6561362616831075
0.6561748492360058
0.6561810639449113
0.6561919032159604
0.6562073669849932
0.6562630065020949
0.6563124306326305
0.6563417668249777
0.6563433560547904
0.6563588185513519
0.6563789053106676
0.6564345401323487
0.6564731234508527
0.6564978335159931
0.65654725296068
0.6565765865749219
0.6566075078380053
0.6566430526783071
0.6566785968611566
0.6567079289185652
0.656723388513826
0.6567635553171616
0.6568746676531108
0.6568808781777996
0.9805242545163662
0.656995158851626
0.6570399448844747
0.6570569876314877
0.6571218524306679
0.6571373087539706
0.657148141298317
0.6571635973571419
0.6571960940245233
0.6572625388371061
0.6572779937953387
0.6572888251884045
0.6572996564813145
0.6573012409150593
0.6573166954085431
0.6573229030856149
0.657352227282184
0.6573769279135999
0.6574386144976583
0.6574586912500346
0.657483391046653
0.6574988441978733
0.6575144241437976
0.657540832790129
0.65756553095095
0.6576751496659964
0.6577215026026498
0.6577415760982623
0.6577909680521078
0.657792549994915
0.6578326954013425
0.6578589721069127
0.6578744215932362
0.6578944935468363
0.6579191879036098
0.6579562894070226
0.6580426562630007
0.6581492095775169
0.6581970130488441
0.6582078375904817
0.6582294863735533
0.6583559820289534
0.6583961174023573
0.6584069405734201
0.6584717638684748
0.6585042314323086
0.6585196757226449
0.6585489857135594
0.65859373916741
0.65861380464222
0.6586370253968987
0.6586756882917608
0.6587234829227712
0.6587574120376576
0.6588052058491857
0.6588067827316717
0.6588222244816845
0.658853107553518
0.6588747469705792
0.6588901880496721
0.6588963859876144
0.6589411318871256
0.9767449383731625
0.6590089840283939
0.6590382882362456
0.6590491066889724
0.6590876531399761
0.6591000466752007
0.6591586526241849
0.6591849089388289
0.6591957263140383
0.6592296494835833
0.6592622030397272
0.6592776406872395
0.659379505378729
0.6594489189551362
0.659473596658226
0.659522951380225
0.6595476283991405
0.6595492015377791
0.6596047481967849
0.6597542775028532
0.6597836683962722
0.6597991017798067
0.6598099145678259
0.6598808869257461
0.6599318043209078
0.6599426160961388
0.6600813158381076
0.6601198479031237
0.6601214182090352
0.6601368489625444
0.66016613997154
0.6602772002772003
0.6603111096737829
0.6603265389093194
0.660337348061704
0.660395925250052
0.6604745493352059
0.6604945971292485
0.6605501196514861
0.6607537983249953
0.6608015595118211
0.6608031264002513
0.6608277900960828
0.6608478342210171
0.6608494008739757
0.6608925412157075
0.6609264426008389
0.6609511051574012
0.6609665290134235
0.660977333511943
0.6609881379106464
0.6610344078968641
0.6611453435199128
0.6611869910437558
0.6612393647978272
0.6612640243142001
0.6612825747568152
0.6613210902389344
0.6613365111037209
0.6613935743713858
0.6615291531185339
0.6615491910416464
0.661624722308179
0.6616786517580443
0.6616848328099021
0.6617326485747539
0.6618559176830817
0.6618851891192906
0.6618913689032979
0.6619067851403025
0.6619083465337847
0.6619468536119039
0.6619853603343571
0.6620146303616951
0.6620161912282889
0.6620685514782625
0.6622287490244432
0.662234926850894
0.6622426643761603
0.6622950214041293
0.6623489371920442
0.6623689679057955
0.6623951752927704
0.6624013520939447
0.6624322352441379
0.6625647608581218
0.6626910467747149
0.6627634227878026
0.6627880668412036
0.6627988585887503
0.6628096502366386
0.9747571291371159
0.6628404678243766
0.6628651109530977
0.6628851366014249
0.662934421763682
0.6629452124368599
0.6629575591918148
0.6629683496086987
0.6629991643081071
0.6630145714444013
0.6630345954780714
0.8439780811293666
0.663587513503033
0.663612148518828
0.6636275505493491
0.6636398888386221
0.6636737972357889
0.6637015358054554
0.6637169367123668
0.6637277213325886
0.6637508424347055
0.6638356404658269
0.6638972739944797
0.663928108225368
0.6639404415192397
0.6639635564745412
0.6639928369671572
0.6640036184225708
0.6640698914061814
0.6641253784242782
0.6641762116163807
0.6641869909319551
0.6641977701480415
0.6642100988472436
0.6642347218953479
0.6642439848270897
0.6643502817037888
0.6643672220709766
0.6643872277593208
0.6644226554389203
0.664433432075524
0.6644488227124447
0.6644749895030199
0.66448115166336
0.6644873137668353
0.6644888618201281
0.664507347682654
0.6645350607646098
0.6645458362362103
0.6645473839623512
0.6645581592776632
0.6645704820916939
0.6645812571512937
0.6646028069722163
0.6646135817335419
0.6646243563954454
0.664667454048867
0.6646736146673864
0.6646951627413439
0.6647013231467641
0.6647028700341857
0.6647136437870805
0.664715190603389
0.664759830968242
0.6647752174013333
0.6648029229406555
0.6648352408763165
0.6648367870389165
0.6648475594285266
0.6648583317187485
0.6648844890578293
0.6648952610286146
0.6649060329000175
0.6649675946213991
0.6649829786056295
0.6650014530257532
0.6651014760147601
0.665163004372613
0.6651645487880815
0.6651660931893029
0.6651676375762775
0.6651691819490055
0.6651707263074872
0.6651722706517227
0.6651738149817121
0.6651753592974559
0.6651784478862066
0.6651799921592141
0.6651815364179765
0.6651830806624942
0.6651846248927672
0.6651923254312333
0.665193869597502
0.9999538792188984
0.665196957887309
0.6651985020108475
0.6652000461201429
0.6652015902151956
0.6652031342960055
0.6652062224148984
0.6652077664529816
0.665209310476823
0.6652108544864227
0.6652123984817809
0.6652139424628979
0.66540616569439
0.9621457359193574
0.6658058923079051
0.6674856297334298
0.6714763369747435
0.9985494566218457
0.999410920069217
0.6749284419206096
0.6751058347137862
0.675234440425904
0.6752696385187367
0.6752895379815855
0.6755114059868779
0.6755480917435414
0.675655282517978
0.6756889809063722
0.6757609775847473
0.6758405565063766
0.6758558500531384
0.6759152765381891
0.6759213680089434
0.6762472111691239
0.6762579006927769
0.6762685901180844
0.6763051248200264
0.6763250135698318
0.6764137664559932
0.6764964282592997
0.6765224030947135
0.6765560891243951
0.6767151767151767
0.6767350618408283
0.6768054016015307
0.6768206864197076
0.6768512556342563
0.6768941362609867
0.6769201050486839
0.6769598712199609
0.6769751547652995
0.9717330414345965
0.6771983075791023
0.6772135889735607
0.6772472659375833
0.6772916245102187
0.6773023063303364
0.6773834543589933
0.6774414583448302
0.6774521390829282
0.6775102894851809
0.6775071738650578
0.6775270513250896
0.6775285342456934
0.6775438128566764
0.6775452956865631
0.67756057407995
0.6779306412602654
0.6779902612182214
0.6780377226621054
0.6781203301377107
0.6781448001250655
0.6808459814045791
0.6808948504754467
0.6809238783413186
0.6816198489831162
0.6818025250414487
0.6818651517169482
0.6823700669526005
0.6825533126389067
0.6825823219591042
0.6839346128598381
0.6839834192514793
0.6863659094975707
0.686390288215377
0.6864146667094874
0.6864634230266328
0.6864878008496738
0.6873385961130045
0.6874010944401888
0.6895535251752387
0.6896371513053843
0.6907797647964655
0.6908527614953459
0.69197956518751
0.6920327870354673
0.6920571067269012
0.6920768444829308
0.692105745441217
0.6921346461346736
0.6922121834109152
0.6926389474262887
0.6941771804089483
0.696234282810991
0.6962585594492658
0.6963071120591009
0.6966469554392003
0.6997068414336872
0.7027691576440908
0.7062181205448675
0.7062422941686834
0.7077836712708948
0.7109910156428147
0.7113900846344666
0.7115087344906362
0.711848332588614
0.7118828764749868
0.7121083634241528
0.7135955517068502
0.7143814080656186
0.7144054937093018
0.7169001129284908
0.7169241697744628
0.7169527799280543
0.7189262258148204
0.7190924813398871
0.7197508168075792
0.721117803333576
0.7211612821049376
0.7213008115288038
0.7232122151844055
0.7252974486225107
0.7253453917469551
0.7253693629823533
0.7253933339998727
0.7256574432987817
0.7258013213737198
0.7269365653335271
0.7274217944466903
0.728687344766679
0.7287112798205545
0.7292357144802913
0.7296407770075495
0.6829028100493756
0.7324660248765469
0.7325228652661077
0.7325467505849491
0.7375109632268506
0.7375347544022243
0.7376151683107443
0.7377604990732788
0.7386154096463953
0.7387433395550213
0.7395270865622274
0.7402519956811067
0.741006901785069
0.7410351727471058
0.7410634434537521
0.7426769364130533
0.7427006722560081
0.7427289226796211
0.7434626582707021
0.7454803037344173
0.74913565777908
0.7500022533281657
0.7522890329089296
0.7523509277607638
0.75241843958855
0.7527941136738204
0.7528177417539119
0.7536590746401703
0.7539525335830303
0.7565060528221761
0.7567081262229819
0.758396805841569
0.7596819432208418
0.759709992493606
0.7603722878354815
0.7610865990312986
0.7625307654995239
0.76255428851172
0.7626881155436994
0.7632319857745208
0.7634581449335232
0.764320601914202
0.7646718198712597
0.7650778974204755
0.7651338674566306
0.7651808597063695
0.7680718703606525
0.7684942258100684
0.7697470476941977
0.7705189926754704
0.7788366037634553
0.778855488795136
0.7797816334107144
0.7798049827794427
0.7806253409771847
0.7806263219794028
0.7831097051503737
0.7832559635773869
0.7833303547493522
0.7834200826538591
0.7834344535487388
0.7855853601872866
0.7834909685518856
0.7835098065496136
0.7835430144036599
0.7836764416805161
0.7837284834188859
0.7837884927247466
0.7838028609465605
0.7838760257847784
0.783945929526124
0.7840059323321034
0.7840247655890539
0.7840812643503587
0.7841000969342857
0.7841323303434228
0.7841511625309897
0.7841888264013901
0.784203191166223
0.7842596852651751
0.784458152613312
0.7844814493867086
0.7844958123953099
0.7845325090675195
0.7845558051966035
0.7845612342436505
0.7846365496109557
0.7846598446510007
0.7846920726804952
0.784735156574522
0.7847772780261647
0.784828331643523
0.7848615186718656
0.784875878764058
0.7849546889864536
0.7849735147254553
0.785001272895368
0.7850523222317006
0.7851553777031433
0.785243112157171
0.7852574695190032
0.7852762928127693
0.7852906498981743
0.7853228709364798
0.7853560502869392
0.7853838046410261
0.7854259148438267
0.7854447367128292
0.7854590925330475
0.7855012013111708
0.7855289541494175
0.7855854166108447
0.7856087028361921
0.7856651632206493
0.7856750516900295
0.7856983369951592
0.7857547949181682
0.7857870105744499
0.7858058293180671
0.7858157168501996
0.7858479318028571
0.786014423184264
0.7860654529866442
0.786084269562577
0.7861496488071051
0.78619621081209
0.7862580763271521
0.7866432133433933
0.7866664880888603
0.7866897626265107
0.7894807280513919
0.7898981608282741
0.7964404349491045
0.7966053395550965
0.7970375712892842
0.7970607353059026
0.7971222252891575
0.797426937031184
0.7979604645262376
0.797983619691979
0.7980254782740295
0.7980486328411888
0.8005373330842386
0.8008619501065206
0.8038503757493878
0.8039747224715805
0.8053718108760067
0.8061117526872168
0.9592434996579936
