0.38095238095238093
0.6363636363636364
0.825
0.9523809523809523
0.7021276595744681
0.8103448275862069
0.746031746031746
0.7014925373134329
0.47474747474747475
0.3142857142857143
0.9252336448598131
0.41228070175438597
0.8114754098360656
0.3643410852713178
0.7394366197183099
0.3032258064516129
0.7672955974842768
0.5892857142857143
0.5722543352601156
0.601123595505618
0.5815217391304348
0.7395833333333334
0.7832512315270936
0.22596153846153846
0.726027397260274
0.7336244541484717
0.4418604651162791
0.6742424242424242
0.8481481481481481
0.6153846153846154
0.9395017793594306
0.9929328621908127
0.7923875432525952
0.862876254180602
0.1853035143769968
0.14779874213836477
0.99375
0.92
0.8678678678678678
0.9436201780415431
0.30701754385964913
0.09565217391304348
0.5085714285714286
0.8050139275766016
0.7358490566037735
0.978891820580475
0.12368421052631579
0.4804177545691906
0.8937823834196891
0.95
0.09900990099009901
0.9950738916256158
0.9950980392156863
0.8588516746411483
0.6055045871559633
0.23648648648648649
0.7080610021786492
0.9935064935064936
0.9935483870967742
0.9545454545454546
0.9352226720647774
0.9295774647887324
0.968
0.9920634920634921
0.9053254437869822
0.9005847953216374
0.8884615384615384
0.9636711281070746
0.9885931558935361
0.9097744360902256
0.9029850746268657
0.9745454545454545
0.9423423423423424
0.8279569892473119
0.9376114081996435
0.9415929203539823
0.9876760563380281
0.796875
0.9948186528497409
0.8721311475409836
0.8743882544861338
0.9903069466882067
0.9186602870813397
0.9085173501577287
0.9089481946624803
0.9890795631825273
0.8738461538461538
0.02924791086350975
0.5749656121045392
0.0107095046854083
0.9764705882352941
0.9638709677419355
0.9626288659793815
0.9591584158415841
0.9699879951980792
0.9754098360655737
0.9930232558139535
0.9088863892013498
0.9194260485651214
0.9923329682365827
0.9847826086956522
0.8650963597430407
0.9617834394904459
0.9556962025316456
0.178714859437751
0.2147783251231527
0.4157740993184031
0.9951550387596899
0.9971014492753624
0.976875884851345
0.9920411985018727
0.9864990689013036
0.9911832946635731
0.4094887148779364
0.021549747822099955
0.9837618403247632
0.9521276595744681
0.9969067609368095
0.997355663287792
0.9973626373626374
0.921304347826087
0.9965337954939342
0.9879725085910653
0.9910600255427842
0.9970288624787776
0.987389659520807
0.9945652173913043
0.1422037422037422
0.9435918705931149
0.8659583163056804
0.003256003256003256
0.9694410936871733
0.9963942307692307
0.9948186528497409
0.8422098569157392
0.9691089108910891
0.9968416896960126
0.018195896244676733
0.3492675404780262
0.13328255902513328
0.99885888170407
0.9977203647416414
0.09988901220865705
0.8678905687544997
0.7641906096706377
0.7754459601259182
0.9989517819706499
0.9989528795811519
0.9954735376044568
0.7988923502942195
0.937879810938555
0.9309651474530831
0.9472286757384667
0.9463753723932473
0.9857945160224645
0.9793239251723006
0.9941272430668842
0.9973966807679792
0.9870424360220279
0.9641357027463651
0.9310344827586207
0.967876646321876
0.8777251184834123
0.874160048869884
0.9981707317073171
0.9990862016448371
0.9963547995139733
0.7386054935104135
0.0062649164677804296
0.9827944230198754
0.9781517567168586
0.9944216089254257
0.9892535579436538
0.9763620639953877
0.9814709236031927
0.9613322043465989
0.8813700918964077
0.996116504854369
0.8337022689540675
0.8342999171499585
0.9983457402812241
0.9972459377581934
0.9991744634012107
0.8106492800869329
0.8203252032520325
0.8322998112698841
0.9975793437331899
0.8285024154589372
0.7641231593038822
0.9674058242051831
0.9989324793167867
0.8380905511811023
0.9931573802541545
0.6703667953667953
0.7783363802559415
0.7219434306569343
0.7000678579506899
0.6738934056007226
0.7354051054384018
0.9716312056737588
0.9692681848330754
0.9980141218005296
0.9929747530186608
0.987308533916849
0.9864776444929116
0.9969558599695586
0.9926151172893136
0.7820818004760874
0.7853901015776962
0.7819045562513496
0.9984894259818731
0.7094827586206897
0.7562251517053777
0.7827449341967829
0.6992073425114727
0.750465549348231
0.6959124690338563
0.9299258037922506
0.9509542376359532
0.6140243902439024
0.9985792571544551
0.9973646868031624
0.6044156370265343
0.05834847567131032
0.6198063735377168
0.9985901309164149
0.6164521319388576
0.995382453322626
0.9939855653568564
0.9914017196560688
0.9493069306930693
0.6466313101551758
0.8570869990224829
0.7048499716927722
0.705826890439374
0.999434602336977
0.9992467043314501
0.9988713318284425
0.9975559315660838
0.6703378756766847
0.6701279436306323
0.6717853839037928
0.6706730769230769
0.9992609016999261
0.9977847517075872
0.9977859778597786
0.9979734708916728
0.9952126680169397
0.9946632315053368
0.9939315924972416
0.6650137741046832
0.9921071953010279
0.9937660432709937
0.9689157067105504
0.9687614176105225
0.9682307832755158
0.6614298323036187
0.7949033391915642
0.9294860550780565
0.9928145811426569
0.5543878087230688
0.998600664684275
0.7956331877729258
0.7970003487966516
0.9970393591083246
0.9956521739130435
0.8027681660899654
0.8227913372292884
0.6141611082606465
0.6156079234972678
0.9989764585465711
0.9979550102249489
0.786821045462285
0.6181323354311958
0.9989804587935429
0.9994904891304348
0.9988119484046164
0.7859565807327001
0.6136248093543467
0.9994918699186992
0.5114903683676918
0.7602092473844076
0.5912883845126836
0.9973368841544608
0.9971784232365145
0.8248391885205344
0.99868225992423
0.999012670725687
0.6608527131782945
0.47429943955164133
0.9984012789768185
0.6991946944576031
0.9992111076049227
0.9992117294655526
0.4784861809045226
0.9929444967074318
0.9457182966775854
0.9961155997513984
0.9969021065675341
0.4741023682200153
0.9659312621942068
0.9680611785874944
0.9603055721989215
0.6625722543352601
0.6360235937275213
0.9979899497487437
0.4427710843373494
0.9948475740661228
0.9928581631195543
0.9984312606959498
0.812223963527568
0.8123576309794989
0.998578333807222
0.47432109188124383
0.9992969628796401
0.49214365881032546
0.46943866943866946
0.0028929604628736743
0.9786707031787533
0.9712997129971299
0.671593220338983
0.980701754385965
0.9588782526628017
0.9989225589225589
0.9955663039097138
0.9910391868396415
0.9990646712987707
0.9975983989326217
0.446754631480741
0.9845867658782886
0.9794222398100515
0.977593251614604
0.9756418696510862
0.9982912723449001
0.9963230466185161
0.4437206878582595
0.9989588755856325
0.9987002859370938
0.997662944689691
0.9958581413409268
0.9567462879276953
0.45452212957023735
0.998590827568537
0.9973169796857033
0.9763659466327828
0.9978445543299099
0.613160518444666
0.7186264822134387
0.7179170779861797
0.7173859432799014
0.40345040049291436
0.4566609209554297
0.45609936055091
0.9841038708894552
0.7760561675341968
0.4485427500302334
0.9979483466087377
0.9971059930061498
0.970557060416912
0.9963623562544004
0.997074997074997
0.9892811371315391
0.978752727690364
0.5140845070422535
0.5662570574559946
0.4129809818664308
0.9981215469613259
0.9992271171469581
0.9953719008264463
0.9965862790441581
0.9952679652250468
0.999450065992081
0.9974736379613357
0.9916566033593149
0.995396251233147
0.9943100995732574
0.9995625068358307
0.9921285667431945
0.534259963079596
0.5339120998372219
0.9996745497938815
0.9995662546085448
0.9995664426620421
0.9990250243743907
0.29993521917512417
0.6457592412975536
0.6458826058912062
0.9949511225695563
0.5160982842618089
0.5039544447959506
0.6214820280383683
0.5706911083017278
0.9994735179530378
0.999052731291443
0.999263468013468
0.5034707614640302
0.9984230445752733
0.8527742749054225
0.735936188077246
0.31291946308724833
0.730587865451116
0.6041601337932476
0.861128526645768
0.9996866186148543
0.9995823326720268
0.9991650140903873
0.9988522537562604
0.5644555694618273
0.7178423236514523
0.5908996683250415
0.4775136358958526
0.5842800122812404
0.5819781118952644
0.9992845461978741
0.5225252834814588
0.9991834234969889
0.9395414891458713
0.9984807049529019
0.9970668554667745
0.9992925005053568
0.5723113724708462
0.3684885556432518
0.3116077581963178
0.5375932469572046
0.4426567252035711
0.9348103127144397
0.999314263322884
0.9977519304075848
0.9963860128931432
0.4322530261616556
0.9953166162552444
0.7858527131782945
0.893156222928097
0.0007694527267481004
0.9922122872800693
0.9997116493656286
0.9994234649754973
0.3575873623743418
0.5236774131828184
0.9964701392863957
0.5402441350371925
0.9996186844613918
0.2839018889202143
0.8998592210229939
0.509241016980955
0.99943741209564
0.999062705033274
0.9996252225241263
0.9992507258593237
0.9979402677651905
0.9985970819304153
0.5066841170421613
0.7690374231986594
0.28344186046511627
0.9397366957166697
0.5447049013249329
0.9995369512872754
0.9991668209590816
0.9988894030541416
0.9985197520584698
0.9989827060020345
0.9992604234075991
0.9979667282809612
0.9975057736720554
0.26429033151722225
0.9995384899390807
0.9989852398523985
0.505025357307515
0.9997234513274337
0.9994470555709152
0.9991708126036484
0.9994473611494888
0.9996317097873124
0.9996318453750576
0.9987118145012882
0.9990801214239721
0.6849578600219861
0.4229203539823009
0.5705700397702165
0.9548635409377186
0.9063072494111489
0.999389712292938
0.6332345765074939
0.714174991388219
0.6998278829604131
0.998709899372151
0.9994842259090518
0.9986257837327149
0.999484934329127
0.9975975975975976
0.9957979590086613
0.48402255639097747
0.49468354430379746
0.9994939271255061
0.3037324121661471
0.25414963716740346
0.9992498749791632
0.7860576923076923
0.8837074463679284
0.9996687919185228
0.9994205298013245
0.9994207216153591
0.9997517994539588
0.9990902324042676
0.9991731437076237
0.9994213919656142
0.8928276317963972
0.7977344959660989
0.9991857340607443
0.869248807309776
0.9992727860374919
0.9989506820566632
0.9987907126733312
0.9971799210377891
0.5199323508093743
0.5950115916540091
0.4815344293543007
0.8488629185091598
0.548532196969697
0.9462891395220443
0.798361688720857
0.8559168569403984
0.7467138921684376
0.9994491658797607
0.999213712847932
0.9989780677619684
0.9997642250864508
0.999764280663157
0.999057344854674
0.9974085126433171
0.37283507567483226
0.5815056773992845
0.9995335820895522
0.7659673659673659
0.9986027014438752
0.9980603615486073
0.9970533498759305
0.9985272459499264
0.9979857452742485
0.9961282329255072
0.8236067094380459
0.41940967392984085
0.3577443028196215
0.9992279184681903
0.9992280972597453
0.9997684827905541
0.9997685363783658
0.7281352819649552
0.731987150068839
0.7482800794985476
0.6159860330954912
0.9996964638033086
0.9996207236592581
0.24965872895495222
0.28259060301127337
0.33486954582620976
0.324701343028864
0.8947563598605651
0.7903752039151712
0.9997775965601601
0.8948265638897124
0.9997036158861885
0.9997037037037036
0.9287452976322195
0.9993365767359575
0.999484270242393
0.8586260216478905
0.9993377483443708
0.6932439326579696
0.7340140488087479
0.8742579991313161
0.2204935234097981
0.3197367469443842
0.777070984530866
0.9988447653429603
0.998196118046035
0.22163721601153985
0.7802997550079263
0.269917879268117
0.34551043751787247
0.3500284575981787
0.6527591796462048
0.49528235459794395
0.49443896944952836
0.49496868622897755
0.4901194050694784
0.6799109317375269
0.8738385298368779
0.8739420628913507
0.332187779228813
0.652182852443287
0.22547945205479453
0.6515576857240671
0.7120071193866374
0.8048962430489625
0.9991868816912861
0.9983764037342714
0.8026645026036383
0.7617635162464609
0.9093482509941363
0.9997978436657682
0.9995957690493835
0.20812319279133884
0.24271323035594358
0.7165972874983215
0.21230211966729273
0.34259879437374413
0.308001070377308
0.3804493179994651
0.7927994121969141
0.42328995662328994
0.6512230789683595
0.6569435215946844
0.30070997279543493
0.7453334212782798
0.7151335311572701
0.9139282186368126
0.9984199091447759
0.8518396630026986
0.9994735803119037
0.9995394736842105
0.9992107859256824
0.9990136770120989
0.999605548616133
0.9994743412839214
0.9998029168309026
0.9998029556650246
0.9973734322673846
0.9991465336134454
0.9757536041939712
0.970684465384112
0.9710192332853591
0.9998037804957813
0.9994115724092841
0.999803895934109
0.9988238369053842
0.9994120337100673
0.9992161985630307
0.9998040880297786
0.9986288848263254
0.9978458123898427
0.9877548361883671
0.6360499934904309
0.9929078014184397
0.9860849209961636
0.9992203235657202
0.9862987012987013
0.9909863173594449
0.9620121872163879
0.9942398550255647
0.9962478975287877
0.2398784115897038
0.8185637644625429
0.9916085721662794
0.8900456268877321
0.9551059730250482
0.9975
0.9846242552373631
0.5179119754350051
0.9513769088237173
0.9722115753162132
0.9740218293227804
0.9717330270546197
0.9554932092074221
0.8817080943275972
0.9526721447225938
0.9516775959763163
0.9990459229105711
0.9985378258105531
0.9487195780644342
0.5251158950911284
0.9450368113734451
0.9478757133798351
0.8280952984412622
0.9739708676377454
0.9996834441278886
0.9994936067856691
0.8108938197317287
0.9520140324500407
0.9616275430359937
0.8874226030395898
0.9733074951553417
0.9797891585053958
0.934285179874057
0.9645725670879771
0.9266289128134918
0.9281362675618551
0.19208092844287222
0.5021969181261217
0.9584261321455085
0.9547053378586856
0.9902631416774511
0.9310937787876927
0.9113962912931353
0.9998158266314691
0.9996931385786179
0.9996319018404908
0.9991412623443539
0.9989574389795167
0.9985897357287388
0.999816086316822
0.9990806006742262
0.9437431057727663
0.505414499847048
0.6237617708205944
0.9247895571550567
0.9948161249008965
0.9996951591269357
0.9998171289241085
0.9745354858361255
0.8627105247157536
0.971340093509017
0.21763636363636363
0.917513919147906
0.9855396902226524
0.13192596177111057
0.9443034916032379
0.21675620208848917
0.9993364700205091
0.9783552393584951
0.9695618106202157
0.9422741226750135
0.9287430906032204
0.42114114114114115
0.8294043548677343
0.8486244019138756
0.8258611426183512
0.9546239504555469
0.9724683356127728
0.9335587589725337
0.8184081076275707
0.9238422361719768
0.21953240603728913
0.9994675816374823
0.3852946370754106
0.4064674580433893
0.9995908346972177
0.9995910020449897
0.9996495531803049
0.9979575163398693
0.2544925850537947
0.17119408160906255
0.709931113662457
0.4000229502553216
0.5850191988079546
0.87883295194508
0.8784811574312347
0.32725505887732936
0.9991429550908467
0.9984577597532416
0.999314833847208
0.9992579908675799
0.7604756829528244
0.38791412074667864
0.8793035884229973
0.6524731423455685
0.3870246085011186
0.9772460446134064
0.2858659811099313
0.9994972628756563
0.9996091350717516
0.998437587188215
0.7288494785566896
0.22579032168453803
0.9338092866234988
0.7029434546862897
0.6679017807764628
0.8439798046317638
0.291358024691358
0.999670836076366
0.9995063353628435
0.17951529773001426
0.8002631001973252
0.6823650552785606
0.24550379198266523
0.5299945858148348
0.998539514253259
0.998540303833054
0.23689614179185128
0.8073850140358454
0.2661594906658034
0.2660303079329127
0.4363244408515225
0.16273432449903039
0.27397481433645465
0.9074103928206781
0.1975951473509045
0.9996243829147886
0.9980691874497184
0.9995711145660215
0.82481243301179
0.9763703584632696
0.8245473052609021
0.43467780813112644
0.8246318607764391
0.2663921275002674
0.3078234009692709
0.16322303075370478
0.6365953379705835
0.733605687606112
0.8933918840273002
0.9841345391083611
0.5028233679877566
0.7294260392487867
0.5376587782638487
0.1630663856691254
0.7101174487807447
0.6367035281727225
0.7105775812141315
0.9998420720151611
0.9998420969524712
0.9992107340173638
0.9993686868686869
0.9992109831150386
0.9992111076049227
0.5496660882368407
0.7458081471747701
0.39286464901219
0.7623170155831891
0.6335309237790484
0.999685353191043
0.9995281040268457
0.7193184796854522
0.9814621953759634
0.1605805243445693
0.9995320542817033
0.8559326438334806
0.9987531172069826
0.2963405138852842
0.1642023346303502
0.19320297951582868
0.5405978485726107
0.9997414818261724
0.5018333935857047
0.49729172040237296
0.6791771923493324
0.6796556878511417
0.9997938675599073
0.9996393239901071
0.5231791490676831
0.35626029654036245
0.8995471387402223
0.7948863051754296
0.24689669149313473
0.9451389240346172
0.999848193502682
0.9996458565212992
0.9994436014162873
0.9995954283402447
0.5400718005764271
0.6544489383215369
0.9996967092958601
0.1521486643437863
0.5475337002069975
0.4756675062972292
0.5385312783318223
0.813440724893028
0.7351416637310654
0.8045971230258525
0.18646624101352371
0.9361776973717272
0.9461441848781713
0.14985185557173705
0.9992469879518072
0.9986960228697528
0.9986964804973428
0.9349406044809784
0.9993987373484317
0.9958427247683446
0.5742019413589513
0.7691275167785235
0.9995527728085868
0.9988082824370624
0.9988583908274185
0.999305590000496
0.8634201922124245
0.996533623848668
0.9957427850106431
0.9990105867220738
0.9986153693996638
0.9955017301038063
0.9982704091717731
0.21840727200869478
0.997629512568522
0.9983707726487288
0.9993584048958641
0.6973267760627161
0.23507952721435868
0.9004053271569196
0.7504329420819704
0.3347752944003845
0.3345501705173159
0.923719110771873
0.7978566325315551
0.9637670808932057
0.9158455899852445
0.7927623757667982
0.9596386974090801
0.9983368180954191
0.9131240203296442
0.7794396961063628
0.8564724842394653
0.6950414781297134
0.6952793743522095
0.9992934859403703
0.6962847859867213
0.5586726288538479
0.9997176603453956
0.998588633797516
0.5582521988617657
0.9984954628802483
0.9992949802594473
0.9994361167238381
0.6926581802808962
0.27136150234741785
0.6718112304733311
0.9055026158445441
0.9996264475158759
0.9992998179526676
0.906392907139524
0.3777757130911456
0.5415408907258626
0.9990253863646912
0.3772849587083604
0.9986087279135556
0.6769095291064146
0.44348672320311416
0.9998609952738393
0.9995831017231795
0.9995831596498541
0.9993053626007224
0.9997221836366162
0.4437037037037037
0.9997222607971115
0.9998611496806442
0.8260728819829819
0.7155658198614319
0.689384494620677
0.37344684767602393
0.7435873904464736
0.8826551676682417
0.9991289198606271
0.9990833677070443
0.9987629432786584
0.9988094147815734
0.6163450105186133
0.6345098756400878
0.4961601755348327
0.9395822860015539
0.42455499771793703
0.4774093641829113
0.4775045537340619
0.9998634066384374
0.9997268505872713
0.1524121311326331
0.49142312579415504
0.480341263034352
0.1869614256711031
0.9994588988591784
0.18680971915430736
0.8679882856499211
0.2645138044408413
0.4803692030616839
0.26541820473575223
0.26558350960889326
0.12862734512079904
0.9998200710719266
0.9910947197985068
0.9837215576940372
0.4873881570073288
0.1530511368742698
0.43833960236432024
0.7983084220889645
0.1937998228520815
0.8825789357474056
0.9671581177716959
0.996117875419093
0.19431258790436007
0.27826354409244697
0.9996925239392076
0.1355493106173707
0.13097484966861256
0.9453207150368034
0.2526223776223776
0.4189643871531571
0.47361062565536527
0.9998252664686353
0.11280953836747172
0.4529363037886384
0.9017872635779975
0.497421004724546
0.15980660619544754
0.5169625668449198
0.674354046551356
0.6064109078590786
0.4101842911716553
0.813332216732267
0.2400267905730671
0.21298581767978914
0.1369416095030952
0.9997909087107432
0.9998745609633718
0.999540114553284
0.9116911274182788
0.44797266324957286
0.64856083642271
0.6483447845096815
0.8753694376222787
0.12788181439866833
0.2897616175063444
0.9984201554899597
0.5756442227763924
0.9963462736142827
0.28842323651452284
0.13951659630825264
0.2485623267552025
0.9644699376882763
0.13058546849857655
0.8894159379640323
0.2625005152726823
0.9996291412559749
0.34063851699279096
0.9996705514145698
0.99930018112959
0.9996707818930041
0.9362761230870495
0.6414209942025411
0.49278638661679475
0.7902821702879205
0.12253110499733093
0.7729530063615843
0.8611566858080394
0.99762168368393
0.5085641698082282
0.12528101369303085
0.9996322628095121
0.5254347737547347
0.9496674237508111
0.2197891321978913
0.9493593902043465
0.6364625740658632
0.9997179239200515
0.9995568090249799
0.9991944903137461
0.9995167525773195
0.6352950648095966
0.1273744365743722
0.39373340841444776
0.9996381327650677
0.9988750502209722
0.9986749116607774
0.3872210627709103
0.22898190136040772
0.999879624428216
0.3189696295118461
0.641790451981889
0.1896654363614716
0.6201451977625263
0.8563608235154112
0.4093126561694364
0.42175980975029725
0.42167624331285913
0.37564274978245393
0.5163403852226082
0.9995660235925357
0.6899353210285534
0.8525469168900804
0.54587734510484
0.999330207635633
0.9979910978059637
0.9981098641464855
0.8641406987724268
0.8639206892482002
0.6099138770897471
0.2300140252454418
0.18035596058729603
0.9998831775700935
0.42047176776901257
0.7472318271883135
0.9996892841884492
0.9991850357031977
0.7312512124151309
0.11909467891330465
0.998643936458737
0.9970954999612733
0.23179012345679012
0.1069819386143952
0.4401154956689124
0.9995382306537884
0.9990384615384615
0.13472099542993202
0.9942462600690449
0.9996548947428966
0.12976721149083706
0.9999238066212046
0.985749924402782
0.9776431179193797
0.9773251917491995
0.9976968796433878
0.9668557446335224
0.2370668934659616
0.2836344825037875
0.9994091362310278
0.9993726011219368
0.9994098554145766
0.9982316534040672
0.996722156747201
0.999374102573543
0.9999631838598041
0.0007726837883582309
0.5542846634792203
0.9997793793204883
0.9997794279832365
0.9995589532490444
0.9995223222487599
0.19811909922486315
0.8600550964187328
0.999889819303658
0.3492821209561929
0.5846294602012809
0.9241640562395279
0.9996722863489058
0.9997087838083798
0.28618600094343044
0.9997097979468205
0.9997461376659171
0.999238578680203
0.9990939402725427
0.9989132009853644
0.9981533782315881
0.9979365768896612
0.9997466613586189
0.47240195192481477
0.5841916946763526
0.20656140477652926
0.16370466695564226
0.6665944462499549
0.1635510645976182
0.9985208167977487
0.9983051458656378
0.8006776239907728
0.5549749540523983
0.4758424539170507
0.3841834347215723
0.9998560374302682
0.1305192702148332
0.6635514018691588
0.6643070178590679
0.6639491452377532
0.9986359394069926
0.9986363799476082
0.9994259883762646
0.9978121301244575
0.9992471769134254
0.5233078935110538
0.7516905792693835
0.2786615665105638
0.009642512767401164
0.0035338211672318403
0.7527921498661909
0.4537605251890966
0.6775712603902821
0.999785974174217
0.4173888235084341
0.3738990907470137
0.9998573924204072
0.657577588965125
0.9671403197158082
0.5882123202556364
0.9997160401803145
0.9993967780853027
0.9988297042343428
0.9983340422515242
0.998334514528703
0.9996811789294697
0.8139543095229688
0.245869810787913
0.4542246064798475
0.4896792632581772
0.6290453216889108
0.9671184650589685
0.37805307242908426
0.9995426882893024
0.9992966167264542
0.9990857946554149
0.9998242221831605
0.873116769095698
0.5527784603503353
0.5901737146867871
0.9995087891652924
0.5523325149070502
0.9991584557663312
0.2895853051495075
0.9983878316335472
0.9984232655921513
0.9990898270671428
0.9981799726995905
0.9987052524757672
0.9977609068327328
0.40054476882246126
0.999476458064291
0.9992323260520622
0.9989883132740276
0.3293223117435736
0.16135444273957317
0.22388680815647108
0.15198474605650894
0.9997573825038125
0.15634095634095635
0.9674802361307695
0.6584170377273826
0.6682639271924986
0.4132681179388261
0.1522435345569751
0.10652211323352263
0.7836080239479751
0.9988992466719411
0.998968540484786
0.9990375030078031
0.9979380734733152
0.9985226413797842
0.9974924429788403
0.9978021223256293
0.9970472103004292
0.440463140586462
0.9997260273972602
0.1653834308592547
0.39215216721973245
0.8362101377448132
0.169901585565883
0.7023195436067365
0.4599030849030849
0.12653089073107496
0.8307193999318104
0.6445004942227069
0.6443028485757122
0.9994551151069336
0.9986040652344149
0.9943334125072105
0.548190114326424
0.5647705301719752
0.6339594493795349
0.9997627199077997
0.20595113024028197
0.22621306587150988
0.22565023028989434
0.9363048702067892
0.9728563239707321
0.9726595421906078
0.999561846983485
0.5062308958382319
0.9310703733548213
0.15212137486573576
0.18349270256668343
0.12556610419671912
0.40510532671407484
0.9997987590139191
0.07184504397667754
0.4572313164915517
0.1680630852636767
0.9239587439232689
0.9992450848458988
0.4936667322963838
0.09113575224722788
0.24481844078451917
0.9997708524289642
0.9995745237939386
0.9995419147961521
0.1764320999770995
0.19312420267573843
0.9998364730507587
0.118729971878883
0.9998692212123194
0.4588066327196762
0.30959762425349996
0.30956731710500557
0.353029462625208
0.9144618797507585
0.7134798487022304
0.9997718011409943
0.2614958448753463
0.3165352791712815
0.42105777054515864
0.42126330176706045
0.8351934402759249
0.999902394586153
0.9999024041120401
0.999349572343816
0.7016129032258065
0.930740993405451
0.3508504778875749
0.5113448778119437
0.3787947439963752
0.9999029157632439
0.999805850375356
0.6392222833295591
0.9999029565892475
0.6392832885927747
0.14986094043076126
0.9994503362648732
0.7181791729979632
0.999482786487797
0.11187435500515996
0.4335208098987627
0.38805346700083543
0.9996465976996723
0.34758585242057244
0.43282676712853585
0.13930981790398575
0.42045490695085097
0.8166984732824427
0.30203860954743506
0.9998091967181836
0.11873728382502544
0.11897647806738716
0.1835270210198768
0.6856625817512223
0.6858829878416558
0.6857224479431183
0.5130125682366383
0.9993336506425512
0.589993976094607
0.9301765395708536
0.32345765074939004
0.6302536977797485
0.9987650411652945
0.36327951883507437
0.32856826591606314
0.11807289855530617
0.3411619673789354
0.9997471874604981
0.9999052042847664
0.9997788589119858
0.9239830722587166
0.6015908588744042
0.40108572149981064
0.16786063685423044
0.9999053329125908
0.1283764705882353
0.7717360873487418
0.58049766718507
0.999875598681346
0.3756569331716267
0.9995646901526694
0.9997823653774406
0.9035445226627146
0.15326912391183553
0.1531981856891604
0.4811992967087202
0.7518961583523464
0.09197669759270105
0.7018398101636414
0.7401485041747543
0.08545063057520763
0.9996924969249692
0.11473244455366469
0.1682280308382222
0.46575552825552824
0.9389133357780223
0.7581571550776
0.9998778103616813
0.9997556505803299
0.9942890300513071
0.999511420544766
0.9994504488001466
0.9992368043471624
0.9991452991452991
0.9990538107010958
0.9991760002441481
0.10991523873406915
0.9997256683024964
0.998690661063914
0.10931506849315069
0.86813521161043
0.5141901140684411
0.9997263106678019
0.3970722225596793
0.9991503307640954
0.5968534313873233
0.3206569233087238
0.9998493522145224
0.7600542250338906
0.4080859128237524
0.8366395438617331
0.5539886589674317
0.7466785290628707
0.47231926105749306
0.4921667159326042
0.20644722845999292
0.206398440269408
0.34254697778695536
0.7149935118556093
0.7162401226559736
0.5452724004832199
0.5496803841281999
0.2240150756728108
0.9085958198410362
0.796812282089596
0.2866098368339339
0.459666793546687
0.9992095555945898
0.6488058698003449
0.13963069011862328
0.8955010224948875
0.7260886072252563
0.9178102189781022
0.837059956798412
0.1942672376125142
0.999825251201398
0.28705375342146644
0.08849840255591054
0.08847784424182589
0.5573161529978524
0.4235911714376867
0.00023189750130442343
0.8411902761278359
0.3670922725035467
0.999710556021882
0.9987556430142378
0.18678393704432358
0.6333766046444541
0.5340748638446244
0.7061923583662714
0.7110862903456769
0.999914089347079
0.5671620422071414
0.9999141041058237
0.9998282229665894
0.9999141188594984
0.9998282524688707
0.7115901423752072
0.07930798218568003
0.36841053743185775
0.6328510686870417
0.6217156876729524
0.8081113456163368
0.4559167379526661
0.30645115311154825
0.9247891016871865
0.9997720537953043
0.547792651666192
0.9994019990318079
0.9996014121398474
0.08494164531739254
0.1508848802139646
0.30899883353722724
0.9999146563495676
0.17748536349684535
0.7145044661846023
0.26913916298060564
0.9285856037195589
0.9998866116733283
0.9997732490575664
0.7742109140363801
0.08527438938103189
0.0852574985851726
0.17690480230782285
0.2600604331987236
0.7497530829359145
0.1369474187111823
0.9845428787836283
0.8151399562461434
0.4855613780800535
0.535962101156472
0.9031620002785903
0.9995543299629537
0.12330827067669173
0.9988587652396593
0.9997495477946292
0.43711311589174184
0.6744192500902001
0.9998057605860481
0.2294013205348721
0.6739516307965387
0.9990574406742071
0.22918514412416852
0.999722914934885
0.6712734725530383
0.9993631102373106
0.9389811738648948
0.15999114235890055
0.8718793246609465
0.7156069683332873
0.508852242016436
0.9444231611208407
0.7779206214611997
0.3780554492262263
0.7992842312315593
0.3391696257853046
0.6654013163284813
0.8951920977952412
0.9998090301459556
0.9994819217974587
0.25100850414304404
0.25153273931169784
0.15522217381834022
0.1912229119024284
0.7561817292538449
0.22033668205267445
0.536281794023537
0.9999186573032185
0.9233578617032788
0.5796121494063236
0.08065518825850744
0.25695307015175245
0.11815119256164937
0.777367641115452
0.7506869241958947
0.99555998062537
0.41882985877605916
0.942780317289594
0.42175151873555183
0.9976375838926175
0.12265822105319663
0.40134174158057156
0.6502420886499211
0.9385211926728172
0.6511149136409817
0.21429906791656653
0.7525434591043819
0.7535972663445367
0.8753603074623679
0.6641610022657604
0.37830638501904584
0.18707718531934162
0.26243910230812234
0.6535093556200261
0.5904181740795914
0.28331737928100403
0.28438879140745466
0.8130682120261576
0.5257562064749349
0.9996810715994259
0.5255786760211539
0.821867942075196
0.6439160467587672
0.37685586040211416
0.4418555278382251
0.09516364118192659
0.8690053521276032
0.8688524590163934
0.7461674918584024
0.9995765515416171
0.7457133784928027
0.8015684410646388
0.14288354410328166
0.34171000184779454
0.6180383255028242
0.09714964370546318
0.30878007598142676
0.5790847949360411
0.07324983520105471
0.9902981729983391
0.9997891351907009
0.7839934774604177
0.8454174884944116
0.9998948171132557
0.4998685317627261
0.9998422630001578
0.9997634131594858
0.9999211439385974
0.1393765769554247
0.08051804760153418
0.9996061027809143
0.546616955916717
0.9996325555759691
0.6390521675238795
0.9985048395981428
0.9978504770892315
0.9976674092517364
0.9837014909729319
0.4419329491880566
0.31628430756337733
0.9998952550539436
0.6737252643702231
0.6284674971213231
0.6301839399251681
0.9996338241832972
0.5499215481171548
0.9992679164378906
0.9181784911381816
0.9992162395172035
0.7399435795632641
0.07993011005059197
0.992516882642818
0.8377068403908795
0.709372312983663
0.28202589688143187
0.6468856644176414
0.9999218546496483
0.12692417888677623
0.5454851926767283
0.7297094123441429
0.9999222395023328
0.9999222455485577
0.3071820914084361
0.9997927675888509
0.9995856210504507
0.0005422433381532741
0.5847400753703991
0.29555990522303494
0.16054810015939122
0.509150092269838
0.09202972834443875
0.7218293620292083
0.4879291364788408
0.9737354085603113
0.325210535746282
0.9999232147427694
0.4880352161339032
0.9996929061316409
0.9996929297064919
0.9998464766388618
0.13585427007112522
0.3441545152212842
0.11192960916717823
0.9991821713351053
0.9998211319790469
0.26020329979057055
0.4386591494680987
0.335549272815262
0.9997962769614709
0.9998981488554478
0.9997963184560938
0.9995162932790224
0.9994399613064175
0.9994910034866261
0.9997201302666395
0.9991095960109901
0.9761650386650387
0.9999236932468524
0.9999236990691286
0.9999237048905165
0.8970173163475474
0.9996948893974066
0.9996441371597061
0.9998221002338111
0.9625968746029729
0.9684199837530463
0.07833832411307923
0.718200948203737
0.12129427861957127
0.8248752185259317
0.9998480050664977
0.9997720249252748
0.34183531318862237
0.9997720595684327
0.9996201570017726
0.4725647583115995
0.9999240429410573
0.9997721461302818
0.9991645992607969
0.34137450955575244
0.9996203588873984
0.9990889305056436
0.9995444998355139
0.9996204453441295
0.4212736887382031
0.1256039869462926
0.45693404814889743
0.457228108326801
0.27329962073324904
0.7367066246056783
0.20415573935848294
0.2043368633383762
0.9999243627562212
0.9999495777133492
0.6941555661873946
0.40611726859182185
0.4993466351711313
0.5749855531268059
0.41792168674698793
0.17569704118252316
0.5476489185527175
0.14251787410629468
0.07528171301501636
0.6304336964125112
0.26580571028901157
0.9999000924145166
0.9998002047900901
0.9144507519171398
0.8253071986468334
0.8254576203740549
0.9360389933353228
0.999776236294473
0.9890626165204206
0.9890393935628184
0.3841880765797044
0.11368426272594283
0.14823953218682917
0.9997286630488407
0.964938235076559
0.9991131475870224
0.08160098522167487
0.6379993600315061
0.9964105716041795
0.18290615093505025
0.467318175121544
0.9942838918600657
0.09968113809173412
0.9991665849593098
0.9976992363422753
0.9979482169027846
0.9941414831811747
0.16258357327607242
0.9935109289617486
0.18260445852113533
0.182309809748849
0.9996833747381753
0.5332457165109035
0.743261652233142
0.18097600116711648
0.5966127229430918
0.2780914532192793
0.9998304017056743
0.9992735549797807
0.9998305248886307
0.9989349083779139
0.9996853595372365
0.9995402076325532
0.2776675538349867
0.17936688350946772
0.9986701806136512
0.9983563762931451
0.0005074179674285991
0.9993960915042153
0.9976088689225419
0.9985511096085581
0.08218913636253951
0.108596085237682
0.6741294131823111
0.6283339356704012
0.9997591232084788
0.6467287919285318
0.9997592623799321
0.9997833830749976
0.9984359961501443
0.6892064179355801
0.9981722421298189
0.9974273280276983
0.9984376502259398
0.9992069976450233
0.9968281430219147
0.9993754503963488
0.9973342939481268
0.9964946820004321
0.9972631022975535
0.9988238965028923
0.9954169166166766
0.9986566233267764
0.6253956834532374
0.999544572017546
0.9945830636849549
0.9943222653442576
0.839788268544466
0.9369164472109169
0.988823473099751
0.8986987513754007
0.30762608508501327
0.98809409964617
0.17989291519265704
0.9998327079798294
0.47619728377412435
0.47612921669525443
0.9998570816064027
0.986257978470039
0.9995476298183377
0.9835324353909857
0.9997858723323262
0.9983824159094153
0.931756596149275
0.17681434849744626
0.999809989786951
0.11383117654042503
0.11758700916385736
0.9999762600004748
0.998528434444128
0.9614308742651242
0.14225168698946372
0.9840958038482475
0.17439523280285654
0.18639221061587183
0.9645175759578838
0.1814323107034216
0.9565770562872559
0.4481703009466397
0.9895252218534473
0.9998117248358476
0.9994824138336666
0.990355891139181
0.9990593325964772
0.9733875135058956
0.9792818974407049
0.9829500210782707
0.9695117667720408
0.9998595209664958
0.9997425214175366
0.9996021344317544
0.9828473814761081
0.9993918697665716
0.9812264746452202
0.21729583255466267
0.9992063862564773
0.998926587949783
0.7121646504906417
0.999813567616695
0.999673849737915
0.07920930232558139
0.9998139880952381
0.9993957142193093
0.5257124292212012
0.08139399986078563
0.9398855182962156
0.9996756631530175
0.18265823664281247
0.9998147590710167
0.9994213498750115
0.9567276591812217
0.9556720796470398
0.9548781895854982
0.9992382974794571
0.9536665282200378
0.9859037951320798
0.9947210696173352
0.9996773747522699
0.7024230999126396
0.9923845678871178
0.9645584670965381
0.5922405520266874
0.9865652203715127
0.9986981545770144
0.9994977856914578
0.998950083308607
0.997695537099571
0.9744092692272602
0.9540489384506625
0.9337405693706836
0.9509124377883326
0.9792356919166705
0.9994103238682754
0.9838124603246576
0.9994559796899084
0.9992294792186013
0.9994788244091455
0.9989578141284154
0.9381993263862203
0.5928310069115056
0.9147731118983685
0.9345345480786578
0.9696532443522569
0.9537593054899579
0.9997976254722072
0.9829754739017159
0.9689668335840838
0.9998428378985181
0.9526192934416663
0.999685873272303
0.9661583734617443
0.9997771140730174
0.99962115303189
0.9998440285204991
0.6802021416327166
0.9554388229795001
0.9996439935028815
0.9977312158014147
0.9975980784627703
0.9985994397759104
0.9997999599919984
0.9996889234529497
0.9323117921385743
0.9607351341753047
0.9615708897270911
0.9333495931354072
0.9866028920038088
0.9767205133879177
0.8972986128011682
0.89616362631288
0.9668818535550053
0.9982989815980736
0.07603294834706181
0.9654464364567694
0.9982121573301549
0.999426453719227
0.9997574046710628
0.9985005843311062
0.9998677161187909
0.8358310926962578
0.9199903045260235
0.9936548502941241
0.16461911052399825
0.16460099064391856
0.9995378622829604
0.9993839112832248
0.9876714135021097
0.8921116238189409
0.9891485809682805
0.9224704047791614
0.989219216581767
0.9998682766190999
0.988936936145927
0.9998244266432569
0.8500153582868928
0.9981144485858364
0.9996712328767123
0.9994959787872811
0.9319032505198643
0.8956470408185575
0.9015379909992572
0.9546317098174363
0.9462276493676407
0.9996294439479477
0.9403342849048791
0.8523133222967675
0.8992032045979014
0.9909231405498357
0.9993473152902271
0.999195144765178
0.9990430205750577
0.9986956805286842
0.966978571893793
0.9510299767739695
0.9505272750943887
0.9318048843911847
0.9996317476821766
0.9942900400129772
0.9935122510326334
0.9998486421034423
0.9810656003458338
0.9717643500615697
0.9994602064170661
0.9534472725705295
0.9116056617187668
0.9994832152623759
0.9981945190757657
0.9980014612971161
0.9525179856115108
0.9981338881619871
0.9728948551608967
0.99982874879589
0.059421188851575366
0.9713014841110303
0.9711353431686979
0.8757103183080538
0.9998718386876282
0.9436445468313389
0.9021597765601348
0.872503449007747
0.9682984276529378
0.8785615784448924
0.9993850199338367
0.8766771943955741
0.9181926076636148
0.9733635650865631
0.8845738257166466
0.9998517137651993
0.871685164788613
0.900395959938171
0.898435848657789
0.8732498468946002
0.9950600603770399
0.9758985290082941
0.8724023713580455
0.9689490781757584
0.9139374512326283
0.9687084870848709
0.8754631969007917
0.9220891130727197
0.8791284981931254
0.9432801343973121
0.8685210454497744
0.994102833158447
0.9652314406815226
0.9705210189747353
0.9586879060993503
0.91882661079099
0.9998742955312061
0.9998952572481984
0.9996858704529749
0.07416012558869702
0.9993933562045018
0.8850605933974091
0.1606766210713167
0.9994781882696723
0.9999791279664377
0.9707918108660301
0.9980002499687539
0.9965020404763888
0.9995005410804961
0.9598959958398335
0.8633849097412861
0.9973592830557462
0.8608791391416345
0.860414417407192
0.9321035048038016
0.9487057164191488
0.9187155354699614
0.9994612962042102
0.9987370338930412
0.9985716355807647
0.9703197764669357
0.9980757691750636
0.9988005872986331
0.9991730582373737
0.997622935571219
0.9988426643519954
0.9973137165764351
0.9989675607590494
0.9983483700476908
0.998183507069873
0.5417113844629736
0.9973174305111326
0.9498155437851652
0.8058656341393088
0.9573518217540683
0.9990750637178327
0.9812202722650484
0.8505994466646173
0.999569645674939
0.9991805965257292
0.8733063162634573
0.9995294695280375
0.8285258703518205
0.9984468876445824
0.9089424921431778
0.9363573294156056
0.9285219022758789
0.9282087878478948
0.8440634428769469
0.8661762308444734
0.9336523775582934
0.999430118250463
0.9168955345336182
0.8412679061261811
0.8479598675792595
0.9288854671069959
0.9258906882591094
0.9998380829015544
0.9995953710447519
0.4486648203925691
0.7133559705715903
0.09235308382507477
0.5120812962139885
0.5126128491507281
0.4029435483870968
0.9044776719321516
0.09720719637776977
0.389086975682064
0.5689227569102764
0.8038631501069765
0.21274766579363016
0.7553565717940518
0.9998401278976818
0.7484913879231108
0.9997003296373989
0.9993807802169267
0.2901617197123217
0.3212855386811531
0.2745292368681863
0.4005389660570274
0.9992669638434869
0.0607062924597437
0.9990890367553865
0.9994455774904462
0.5799786248664054
0.000158193431017777
0.41093561586968985
0.2452789190897598
0.1317151208721757
0.8987144295898418
0.16017606537315202
0.4288787573765962
0.999901326176192
0.6549580661075481
0.6140946217890542
0.23867111207559827
0.6344393592677345
0.7708633306376852
0.2383290929530797
0.5590620939481041
0.6679327717861923
0.9998229078530528
0.9998426095339275
0.9991345056847241
0.999527977185564
0.7864192191247592
0.3183887297413962
0.6851811885655987
0.5570223617104747
0.7262565450159826
0.05443216553021397
0.8892306486687694
0.21009192255036183
0.38764231452731074
0.7345544013121924
0.06179830127892219
0.16176011244729033
0.16187464621030237
0.531302447211272
0.6886634146341464
0.417702014784186
0.12502437692577714
0.6319391634980989
0.5663963507349214
0.9998635610564273
0.9992010756250121
0.9929864209316371
0.11115873139562067
0.99994156033895
0.4001673933354095
0.4078686227964354
0.3832873732862081
0.4083673073189672
0.5640343897374193
0.5491838238145089
0.08493490390576565
0.6270357046149085
0.11716168428375427
0.23305772351441156
0.7640002318079085
0.7059731142355686
0.2445087262559059
0.5906076495990129
0.7693623728878722
0.7695765272942887
0.3221452164117838
0.10894622342658677
0.5542203147353362
0.22186409322373316
0.36115346496912404
0.18185802763220582
0.28280027349388437
0.2978646742016233
0.49251976715523615
0.05695113883375862
0.17405356366591695
0.09584141267719648
0.40666229999064285
0.34641412352491563
0.3399821042427858
0.45345087879522117
0.4547724646863702
0.4531666325066612
0.45323968851298485
0.45362764273074413
0.9994599426421841
0.3056398607257899
0.5416007298047028
0.3495411306986355
0.2504918519618397
0.3354429205100128
0.9998515384329881
0.09870105771015031
0.28917806695584475
0.05695275867820672
0.05679817652836203
0.006020302311796088
0.35915049622278183
0.15024160850165702
0.9999629732481718
0.197099465398916
0.4749283270137797
0.5720759044166605
0.9999445173937971
0.9998150716597318
0.999759606494323
0.4747878182725911
0.06706110751594713
0.9996302322141695
0.19746353367473332
0.19774836395903428
0.9995933231047932
0.39880963383301604
0.3988984178618956
0.9999445543090543
0.999889114766217
0.24160602814612345
0.18171763534811702
0.6988855116514691
0.6987825318180981
0.9840881047533103
0.4001620536618603
0.4664641443431833
0.1645090106656859
0.9523013628182052
0.7249692451756238
0.4554951712995263
0.7048045677357763
0.9998347775003672
0.9998164329245907
0.9997613759430239
0.9997613890826328
0.9998715266306941
0.9277090775854172
0.8758669911974086
0.07434917034082801
0.9995062902282036
0.3830074913210305
0.9258413417619761
0.9323517053654615
0.4178611207478956
0.3890957543898076
0.7413686131386862
0.27196935145489376
0.9354521266902358
0.6539204255629235
0.33814823585129056
0.9229746466559814
0.9973966392980029
0.3623109266641184
0.9994905107629601
0.2396361982719418
0.9329020063972084
0.9977284704428574
0.26538140058872695
0.17421007685738685
0.6837381683411151
0.08812685035508655
0.6169296987087518
0.23906652633107103
0.6369854315208912
0.9998367435785808
0.9996916715031922
0.9980052226896852
0.7216732244202281
0.6960802088621365
0.4148614107282055
0.4030959976798144
0.9997099978249837
0.9998912610098227
0.3992969358725787
0.2512719306186743
0.9984253393665158
0.8294496508304086
0.5583191635613762
0.6236366596125672
0.9701770567702964
0.9999457465277778
0.9952500496667811
0.16625144425187752
0.5531427127333117
0.4898569524015422
0.5362887972186695
0.1713575711738966
0.4539774568763729
0.9999459858482923
0.172623012800893
0.7079695404057679
0.52785074304631
0.527765285747693
0.5035698228576567
0.18846077779176182
0.5964442367153232
0.9853142076502732
0.9997484095891888
0.6132933227916337
0.6132161914515173
0.9964836111160946
0.551610935706085
0.1699949806396099
0.5330469798657718
0.4103513668241019
0.33242823201557725
0.9998571096861771
0.9041428571428571
0.9147249450961487
0.9997143673236218
0.9994467348432118
0.9993397219694131
0.1922398274725079
0.37352768224665445
0.7732565374291149
0.9998578055846856
0.2889950976085467
0.3377513631024387
0.9998597647553772
0.943639798488665
0.6967836717561258
0.6549806787781294
0.648986013986014
0.32407633961340837
0.6883023877312187
0.9998952093193846
0.7012139817205051
0.9997907366071429
0.9995990726375791
0.9995119570522206
0.9998605664488017
0.9994947383092898
0.9994250871080139
0.9994077583654131
0.9990943764259217
0.998137154198367
0.9989731093899573
0.9992342898908864
0.9973736846682321
0.9982261486556989
0.9984350275609035
0.9998261232438448
0.9998261444044576
0.9998783158919445
0.9998957102134465
0.9995133566226949
0.9998957301496272
0.9992876131565688
0.9972202918693537
0.9986451982700224
0.9986973965298643
0.9994442997308327
0.9975692334404028
0.9983335647826691
0.9961818812912183
0.9977094070487792
0.9989938067067987
0.9951601151857892
0.9975716367168529
0.9997745247675871
0.9962891674903328
0.998387600124831
0.9976598252669533
0.9947489731903021
0.9972795009530411
0.9993416037147411
0.9987006462119505
0.9991684856044071
0.9988222457003308
0.9968653123430491
0.9963810777115945
0.9980781550288277
0.9990480476322349
0.99932502596054
0.9980101396362882
0.9926638521697003
0.9940483399366771
0.999705933229545
0.9966275811974681
0.9990316779637571
0.9944158224127796
0.9981330705803039
0.9941923774954627
0.9919634987297143
0.9975286879579705
0.0010017963244438304
0.0008111139874018466
0.9951174065319784
0.9939281032222452
0.9909793369898927
0.9976892169204504
0.9956031450444858
0.9895350240504801
0.9911051352329731
0.9917786970010342
0.993313918422912
0.9939180923829707
0.9940737678088446
0.993523271436938
0.9892189787307328
0.9910468319559229
0.9913065932174212
0.9982615281339828
0.9925475887232798
0.9941838455449633
0.999328962989728
0.9894550333723251
0.9927786661164698
0.9969230769230769
0.9976456840404874
0.9961509382088116
0.9915986599089426
0.9920133282951462
0.9974411375774958
0.991139653484898
0.9982835859322703
0.9854632204029794
0.9960196273547679
0.992366281263938
0.9921270647158711
0.9869138682125339
0.9898648648648649
0.9911871613743913
0.9868330818817721
0.9866115815819247
0.9977030802722021
0.9955092386274039
0.9975662844704954
0.9863410454155955
0.988193563864423
0.9902340403659665
0.9888982165190426
0.9878888584349733
0.9850661917076262
0.9845371416829344
0.988305595507157
0.9903615695405054
0.9983910170826059
0.9933601437494652
0.9842570885881005
0.9942344870062103
0.9931230327083619
0.9838213161855247
0.9985465861874391
0.9955383090020171
0.984121286705637
0.9869943431374224
0.9884311078453152
0.9972832123024349
0.9911496864802064
0.9881623449830891
0.9837227573956412
0.9838103695607624
0.9959021991531212
0.9847031105951446
0.9893825853916666
0.9997951729082033
0.9862623297723472
0.9955978705978706
0.9995222984269969
0.9887770765819547
0.9862714668212903
0.9978002114525425
0.9843126555945845
0.9905880748179849
0.988747954173486
0.9882377007261941
0.9838583214017863
0.9826202525175075
0.998074826223252
0.995129510737215
0.9989953513716008
0.993802461989001
0.9813922606785952
0.9947582498000306
0.9860834651831436
0.992582889610942
0.982140123488289
0.9919385013095684
0.9811933547586253
0.9969905124630191
0.9754501096584437
0.9781045473863154
0.9957845353640088
0.9935582561400527
0.9833098220507503
0.9928284956835022
0.576947252187208
0.9998471311614635
0.9914319647098745
0.9848842140978878
0.9830062920814748
0.9974568081246503
0.9890480630668814
0.9888154550076258
0.9767185726146703
0.9900713305433659
0.9924784008131459
0.9843824107324345
0.9750368350635934
0.9814250397913915
0.9982392875886705
0.9735407638136512
0.9769291964996022
0.9933658272407258
0.9871391342606695
0.9758033130848238
0.9924880722769261
0.9943666260657734
0.9974118681913526
0.9896166269257437
0.9981400067636118
0.9905319041017144
0.9773622546450489
0.9896708535492705
0.9992731452526242
0.9981914983520662
0.9938149556400507
0.9698382926952908
0.9897788515145883
0.985575298966286
0.985781350265122
0.9737970622995104
0.9735957996387149
0.9859544871362009
0.989314832632805
0.9959834613112818
0.9758410095488748
0.9791367998515795
0.9838448566610455
0.9814352679324183
0.9732249742872077
0.9981118079438938
0.9863126843657817
0.9872410712780839
0.9806716883204422
0.9994608074408573
0.9743736626623759
0.9743080007412773
0.9763990431589232
0.972077670556931
0.9695546013303022
0.9700826641076149
0.9739610509838246
0.9820421764814784
0.9673593000757129
0.9930695734086933
0.9790086286646594
0.9843424150689539
0.9754141091398302
0.9983365817595269
0.9946574375861026
0.9968922187877973
0.9850169650955757
0.9928620614366571
0.9963893460517919
0.9926953367701634
0.9756351485231642
0.9900263613009386
0.9786948273256888
0.9940742978966276
0.9801631255664082
0.9739239869116537
0.9923834448974114
0.9725567819639682
0.9965783868100166
0.9940631917890924
0.9784347592775812
0.9833378034061955
0.9857700752560213
0.9888728759593793
0.9680965147453083
0.9733610333908557
0.9971353425024709
0.9709035478575496
0.9742047871894943
0.9935361789775106
0.9689054101572311
0.9778492139233512
0.98324237452707
0.9829427519250084
0.966311878702681
0.9930553231366511
0.9777625326283381
0.9970887918486172
0.994345272949325
0.975584876001271
0.9779111765099324
0.9667937399678973
0.9765933257540292
0.9745390106491466
0.9636254220855204
0.9669931145130022
0.9879175788365447
0.9666393812331903
0.9957573327988241
0.9784707375734901
0.965900741433438
0.9714066333939809
0.9960445282640986
0.9960287664147103
0.9877704923503011
0.9867376217803283
0.989808853454315
0.9866740051369292
0.9958974701065657
0.985693800646947
0.9722449115671207
0.9772833333333333
0.9934528371039216
0.9919726871513032
0.9882603700064942
0.984148656298911
0.9702851625576401
0.9966043012184567
0.9709949578153861
0.9921794402475956
0.9706180850178854
0.9696757988588919
0.9814879497031086
0.9903873338987843
0.9543285616905249
0.9680996076866812
0.9651207231758587
0.9581318845636246
0.9845525214271477
0.9676299618003654
0.9718532049153106
0.9738139913322152
0.9602497260319464
0.9848084873238033
0.9928621227714883
0.9925639450927017
0.9758582355771623
0.9708346467143355
0.9716062691765487
0.9867555157723739
0.9538907764978868
0.9747307373653686
0.9950461421210465
0.9792118732504017
0.971296066252588
0.9742141697856977
0.9714020765371177
0.9693186522063084
0.9549179649343554
0.9855480325127882
0.9864598679092248
0.9784501307557351
0.9862966089072042
0.9560972380810538
0.988366705278835
0.9640274675270952
0.965573146723576
0.9588413373256794
0.9517769435578561
0.98086749458436
0.9549926420741084
0.9699594940894437
0.9772693458531021
0.9922989208573648
0.9637463234079117
0.7880303780749546
0.9997359125870663
0.6538886780309906
0.05841329508358888
0.9008820377545133
0.684189703773305
0.4325166010314884
0.9994069095042752
0.9990775971405511
0.9998847129352086
0.9993743517131238
0.9994073781421304
0.3261765236946209
0.6147773711247149
0.4624700515277823
0.6146159778167917
0.9995898681015815
0.4625504412584889
0.353006772823431
0.84005903090924
0.9997704654632499
0.9107847471224847
0.3107070971542653
0.5428678948918485
0.44679355112986036
0.31512605042016806
0.2221241541629891
0.8084490929890505
0.21562581571391282
0.6016085091110784
0.9093192829062199
0.5014027990735002
0.058538732394366196
0.2702068358515476
0.9997229510601197
0.5345945769782297
0.6252342082539062
0.8348185920724654
0.5336406881271992
0.9999511297180185
0.9998859767718395
0.9998208323153351
0.09615635179153094
0.6241850786063828
0.07845015095932215
0.4974880886785726
0.40850753524550315
0.9998379779650033
0.9999513957519888
0.9999513981142468
0.9896194331983805
0.838264108169379
0.9999514232973866
0.999951425656968
0.9998542840489606
0.9997571636716853
0.999757175465009
0.9997086247086248
0.8978948389600311
0.4156144033586307
0.6148344285322183
0.8711437565582372
0.049473786157024795
0.38771788250484185
0.9996449723239789
0.6144673572788589
0.9994191768445169
0.9992258064516129
0.9990001128904801
0.9988873480181895
0.9991455333967466
0.6216368706978543
0.5094852692722328
0.5891144861316687
0.8029147765659685
0.4005532859394602
0.05089815544441407
0.8769472654056569
0.43145174215469434
0.4512011531069827
0.26546461912920943
0.2654348661457666
0.44362972687393937
0.45189537042966
0.26531167480195245
0.3840054988091242
0.39403576622504916
0.6014094410176101
0.07399891342558564
0.3354837679446849
0.04941642317702096
0.9998403601475072
0.9997286425743839
0.3830082676285632
0.2659784932512205
0.22055445670899
0.999888355476164
0.2843692346841402
0.2549297118503912
0.9998727978121223
0.2636380976602238
0.8058332671064135
0.511149255391853
0.5440068656431772
0.21952769920223755
0.9997775270542993
0.2145172567215407
0.9998728887617776
0.848902233660598
0.23150350426537278
0.9999365784049469
0.5839265612861287
0.08547428480862192
0.1563544223612321
0.7720164609053498
0.9608907600265898
0.8752785020146955
0.48408397971596023
0.9697022352104889
0.5995429111829144
0.9999527171857269
0.48300370341186666
0.2531514092819036
0.9998898505114083
0.2530637929678282
0.9997640767536962
0.7871149340336201
0.9646742548107157
0.9643008724357462
0.9991354919836529
0.9782629166928244
0.5465817117272258
0.9609135307745288
0.4835882104340476
0.8463945918878317
0.3106653314139075
0.25993553636249844
0.615084952595513
0.5908337503127346
0.9997655040880454
0.952698794804058
0.7351997258054465
0.153317366014495
0.6612705077365679
0.07488727396687171
0.43382808626673275
0.9576069117146131
0.39029865766616606
0.25773195876288657
0.5555125665469852
0.9996905078765745
0.10787893792164387
0.3218694885361552
0.9997524905637027
0.3992142547794345
0.826348509216875
0.7835835897753104
0.9999381484745867
0.8562419821017326
0.8516892831751723
0.8290421290143108
0.5407537518104218
0.5869910181947033
0.6068149608725122
0.9997843599340758
0.5889419374711228
0.32045006772564955
0.0910543621892382
0.5820466731191716
0.4723421250710456
0.4698021626935365
0.9998310551374597
0.9999385692784962
0.4449000276421266
0.999738947497735
0.9682379400559967
0.8475048190190619
0.7759560338905427
0.9998626247824892
0.9566477957670182
0.5962295231994142
0.5263133816240946
0.493981227524837
0.5843376247428963
0.32035403622625414
0.9997715156130997
0.546721286510523
0.9842101256185763
0.9885508967449225
0.452990672692138
0.9999087133141631
0.3824874291704012
0.7941851103583418
0.5485943409121976
0.8660249305376312
0.3287889599052665
0.46200072842054146
0.4502002913328478
0.9456395040796863
0.5715172246776049
0.4970035412694089
0.9996065672996898
0.9993192545080479
0.9996067220281043
0.4960600148222091
0.999379971569428
0.5714372117638165
0.5677678342363008
0.16118371412187246
0.5676560684482941
0.99995473201352
0.9998189362504715
0.9999547361115302
0.5923327600253463
0.6069909181425942
0.9999396590737668
0.7991905635964253
0.7521353383458647
0.832661896458421
0.2891426854008566
0.7600324524106432
0.06969792558544756
0.14592500262806168
0.21005210757887466
0.15621152517942405
0.1562068344243589
0.9999549596889216
0.9699771826588207
0.9988144902307993
0.9998649601632481
0.9985597479558923
0.9998949926494854
0.30254342710690785
0.14557957661018472
0.7483034886849421
0.7481056360130924
0.8179277986970295
0.23935439560439561
0.9387913531589633
0.42414652714543744
0.9997164602298164
0.8355340703937454
0.08058051346236944
0.999955301269444
0.5644601379639148
0.1403931364677194
0.0809557085297135
0.08773286153937646
0.5593613415395594
0.9999405381299242
0.5154089498150926
0.761365998515219
0.18823581810353787
0.04493364605290503
0.999762516141481
0.9995399296537599
0.9996883995607918
0.469771375161343
0.18401103710187067
0.9994808354099917
0.9995698797146374
0.04117995849392232
0.42898821159883893
0.4580093888370578
0.45784898787223643
0.5005304414451582
0.3216281395212046
0.5611034442258567
0.2823316990105986
0.3777869105106339
0.5057090023188235
0.35214615892581996
0.5518172347512215
0.8935172292494173
0.8931795533149657
0.8930617627665031
0.9997362791924282
0.9454169901703705
0.2836843106551739
0.47428094917634667
0.2754893069248998
0.9997806279889436
0.9997806761024681
0.10251761747419515
0.9996052862405708
0.4164157286946353
0.11822602549686766
0.24636432659736013
0.5478358579225403
0.1353689493187057
0.9564254277303331
0.9927869903535104
0.28006176976195335
0.912310090166203
0.809828810993362
0.5721626355175359
0.999898688742872
0.5011565707676738
0.1374508897619598
0.801625101027595
0.9685393907032457
0.06677153082429
0.5465577697291525
0.9301479018573722
0.04403714424923333
0.897570339808607
0.9994843293416604
0.9401747350329418
0.8972016154441039
0.9542753218484628
0.9403502240804112
0.9994845951208338
0.9491919494486999
0.2281179591021875
0.9916427450259485
0.9134019454209197
0.13700774078930672
0.07463800777508592
0.07491338272161348
0.9995354402759203
0.9945712557838629
0.9894364226550257
0.7430789676155837
0.3821999048871234
0.35449853848197926
0.9997762769691122
0.9977528403539625
0.7146544987720473
0.9997488909349628
0.9272090794171169
0.9916813154871482
0.1439960139511709
0.9978729575558348
0.49866110865724383
0.13228068238281898
0.9999585949899938
0.31583814071600097
0.9726031165330289
0.9999037350789373
0.976252354825846
0.20063466769239224
0.9736957534884996
0.9800692174055784
0.5374651200962959
0.9999589665029887
0.9999589681866674
0.11096221951786471
0.14780792749508626
0.06332828344866179
0.06331359331932429
0.9859060951032191
0.9639289451866752
0.9928320278030437
0.9595757074928539
0.3774036511156187
0.9991757981921606
0.9549640792956301
0.9584728372394427
0.8934925598447272
0.9999595660084911
0.9848721610043916
0.06250252569473443
0.9999595905172414
0.9999595921501017
0.9999191875656601
0.1149207373643661
0.41187212159458625
0.9745628832302461
0.9715063593535214
0.9879032795849505
0.9421521736234163
0.9418259306119731
0.9520220514800858
0.1080501704303366
0.9397483089925716
0.9918599864554424
0.9966026568285271
0.99651008492569
0.20770801293949195
0.9694836614303706
0.9982514703544747
0.9366614127339435
0.18338298576630255
0.9925182747088604
0.9960480577327219
0.9998810593645927
0.9343842078141723
0.9916633637204386
0.995337225583177
0.9990887480190175
0.99914189153509
0.9908124876245792
0.9910641218552837
0.9981001385315654
0.9999076541516055
0.7535987345109412
0.9882856202698256
0.9897540444561357
0.9943505051699447
0.9988045348852485
0.9806995430912242
0.9934649099784788
0.9906445179236866
0.9952898883480497
0.9974025292543423
0.11124649529649136
0.9477066862139379
0.9663494708340384
0.25186987005216127
0.9196327555041159
0.9910017684385728
0.9193936320969357
0.9439417347163982
0.9998961511001493
0.9152053216684569
0.9999094156012216
0.9998188476120233
0.9373649549094956
0.9755807336127063
0.2568130106526011
0.832750590269266
0.9686932790958125
0.9189223927405465
0.9346227991260764
0.2787970542198045
0.009192517956137094
0.9685467765886631
0.9100951015654
0.9774309109518936
0.9624120731551349
0.974704911953144
0.9445151276113896
0.958891049841742
0.9877361365021329
0.9575015852885225
0.957343748018716
0.9223616981013057
0.9223646364232729
0.9999243102774028
0.922051772523061
0.9518155547179293
0.9709285525836401
0.9998241449045986
0.9996483207314929
0.9994851251397069
0.9996735185906048
0.9995856561699563
0.9998367859384808
0.008987470114784263
0.759846806593324
0.9997997872739786
0.998725270879938
0.9999125262421273
0.9968689968315745
0.9994763614602035
0.9995264561473469
0.9998753987240829
0.9993023024020732
0.9998006776958341
0.9986055776892431
0.9992779783393502
0.7547015027407307
0.9961602982292638
0.9959375349409265
0.9922506613017399
0.9998758273006096
0.041103708390714755
0.9976563081272786
0.9888051402446558
0.9999258673519819
0.9941825996739292
0.1660413221100442
0.9980905921628047
0.9969830930069328
0.9998030163127116
0.8070758549375877
0.9862093569697492
0.9824316548524137
0.9845997651433605
0.9931635847764406
0.9845933751513151
0.9997799537902959
0.9996821865564913
0.9994622801764699
0.999340151765094
0.9997067842787504
0.9994014024285959
0.9992792572685072
0.9996214387768809
0.9985592361509628
0.9987913268545197
0.9815341082340314
0.0583986064245776
0.9727883702242677
0.9888376282698933
0.9999026278314
0.9809196348579868
0.9701098794714168
0.9795888736978379
0.9996250015120907
0.999709706682794
0.493960900001209
0.9212135863652846
0.9698996655518395
0.9998068542594671
0.9999879285369386
0.9704239792533623
0.9845355862035766
0.9840382024634334
0.9999037813913211
0.9760065360262402
0.9999038912048439
0.9022798572694398
0.8579946123914995
0.999904229466199
0.9998922697565297
0.9560613131349391
0.9996889840544517
0.9622709177635118
0.9998924191350499
0.9984826399675022
0.99839913983633
0.9806615654582135
0.9972316026872546
0.9987957840518886
0.9756498730646834
0.9998927422238112
0.9997974212922138
0.9998808502525974
0.9741638078902229
0.997904237964253
0.9835072646572343
0.9852169879761664
0.9728107092755071
0.46462149216122095
0.9114087748855089
0.8670501037651942
0.9167941375262353
0.3987040934566179
0.921213124054463
0.8353846515896736
0.36269515201314706
0.8295185016416045
0.8299353904031966
0.8891208996313751
0.4397147418343685
0.8873820342537574
0.8826575135260922
0.8802266328501291
0.001244692607456523
0.5810570588713706
0.8600806358180596
0.34153942399036125
0.8373452902360949
0.7641633424796513
0.8443087557603687
0.9957309214765718
0.1057363308609089
0.8742600156027718
0.8741797824989676
0.867456760690912
0.894051938241791
0.8497224244630506
0.11835234964223554
0.9905037018503565
0.8435202545309926
0.8269476589631339
0.8470480580220972
0.9987813959786067
0.28626875775696714
0.81189871990075
0.9708456122196477
0.7944748401882913
0.8318766990945652
0.9999213704015726
0.8940268667445412
0.7873652291105121
0.8122440737292034
0.8020237374077315
0.8126619479747389
0.9367779995962405
0.8491549943367238
0.9479689741750359
0.967354394773117
0.8753526487842014
0.8276201117318436
0.829232058084334
0.9904416024241344
0.809458426991175
0.8070188995849157
0.5970094901787685
0.7119739672384314
0.8066643871124298
0.8136704842318757
0.6068269823110094
0.11917280827191729
0.9997250783526694
0.7977726574500767
0.7935593405991566
0.5926680467475
0.7352799702647747
0.7999475902430503
0.934491380157439
0.8382501988905721
0.82747917007025
0.6050335132311978
0.6275795333463805
0.6493406246942304
0.656299259677998
0.69992192244296
0.8516231092619079
0.9346601983800407
0.8227197472217113
0.8461138943290881
0.4045758748154455
0.5969029838683606
0.8351125014781609
0.8141794574143343
0.8114420214309512
0.9999355178454363
0.8473483423781635
0.806783266367289
0.8971414452835459
0.09100360113178428
0.7829640022706096
0.977535789620207
0.7757422615287429
0.999957173906061
0.9774634919275406
0.9999250599520384
0.9999250623588228
0.7942023400451738
0.8671955073454048
0.8821940621964108
0.8667328254049556
0.999903972344035
0.9998186299089948
0.9999039897589076
0.9995520286701651
0.7913042551377164
0.7913429049552863
0.9398462667049405
0.778538109253966
0.7525258427443773
0.769748863298347
0.9267497317909988
0.837640336063049
0.8249663946485463
0.9775946514899874
0.695860377597835
0.9874738377624152
0.784220873940342
0.999926011267427
0.9999365830972815
0.8929408535169036
0.7833018359956502
0.7832770270270271
0.9999366574116106
0.9999049891265334
0.9998627678665681
0.9998311042614506
0.9999683330518494
0.9997677830671635
0.8163627152988855
0.5761234000379563
0.8822382427960117
0.9858953307229169
0.8598237941040414
0.9999158992472983
0.8705473044703014
0.9997267903115641
0.8704135670155088
0.9998213948015381
0.9845940581582181
0.9990658227582371
0.8524476625216433
0.7413227385657228
0.8266561844863731
0.7989770142652006
0.913362394165479
0.9999266547218643
0.8980472678511565
0.7755516688834662
0.8066583585543885
0.8894587013856909
0.9331736752387028
0.7637315097624284
0.7452492885659784
0.8290425675886695
0.9998542774765022
0.9999271440466279
0.8793547850669328
0.41385328153242057
0.8191600968080355
0.8266600193188546
0.8024946513511829
0.8025817037583209
0.925560193549727
0.75456366296869
0.7973551833220972
0.9116902781522889
0.8054642542381668
8.287922425046102e-05
0.0017402293373662459
0.008369067594721688
0.0006003581446863129
0.02714787277984304
0.6121625109700067
0.6128512729450145
0.0828258221680877
0.007997523347608483
0.47401927402546484
0.005859777988693105
0.0030843184584596977
0.50065992988245
0.9999484456359231
0.9995671307986437
0.999866034624897
0.9992581678807299
0.9989699217140503
0.40309207205908104
0.9981166639222789
0.9999279650115771
0.9998559404004856
0.9998456631340673
0.9996296448705815
0.9879043399064684
0.9999590688155539
0.9999795348266088
0.9999488386370613
0.9999283755576475
0.9875186708407505
0.00427621483375959
0.9995703896157033
0.0010126116174169197
0.999754535970708
0.9996011821370502
0.9999284224303653
0.604445716856506
0.99956050245812
0.9989371921433973
0.9989065677468142
0.9989782051151052
0.998375561912546
0.9984675425512352
0.9998978466064643
0.999969354921089
0.9982430513703178
0.9984372286855356
0.9999080807255495
0.16792934449663058
0.9999183240086577
0.9999591636720027
0.9999183306790804
0.9999591670069417
0.9997550120452411
0.9998366813653438
0.9996733760666313
0.9997856639823632
0.999540746032556
0.9996530258189611
0.9998265199910199
0.9993877551020408
0.9995102240724868
0.9995510570565668
0.9994694743715312
0.9994286880228525
0.008490469880746102
0.008761563225885326
0.9993888153203626
0.9992564904311337
0.42828056601852793
0.008690785121864346
0.9999287691305764
0.9998473748473748
0.008220571777393427
0.9996744559854319
0.999755859375
0.9999287973878813
0.999450767399994
0.9993897787948132
0.9981294539835514
0.9987402854675674
0.9990453072790242
0.9997157042918499
0.9998375716968682
0.9980205859065716
0.9998274654677208
0.9974631394157103
0.9995941311362299
0.008451704545454545
0.9999289823165969
0.9949597898729299
0.9989656850815284
0.9999087452471482
0.9998377808419174
0.999716151007664
0.9971009497937214
0.999858108587471
0.9993209964124288
0.00818791674266837
0.9997669635348592
0.9996251418382234
0.994630899678867
0.9998683224277293
0.9999392294291618
0.9998784662439992
0.9953820914264881
0.9996759756171651
0.9997367461828196
0.9997165590265827
0.999929144777464
0.9998481904299247
0.9997166393426032
0.9996458242681211
0.9977536957775551
0.9992919494654219
0.9973399413371093
0.9925475008342349
0.9998786714524038
0.009442164216826058
0.9996866281185557
0.9999393510563024
0.9969579059073223
0.999919153537538
0.9965042736769787
0.9999191804901704
0.9998383740428712
0.9944551055448945
0.9998990103009493
0.9998182332269661
0.9999293179179078
0.999787966599691
0.9957816978161709
0.9945413084715664
0.9999192864925945
0.41331249054510616
0.008147789609551467
0.27268235626273013
0.0029130128011289184
0.002912689853962367
0.004201089469135058
0.0015979096527812672
0.026387716548092768
0.41249409660466846
0.5912930800679035
0.5913359648858488
0.9998091986342639
0.282978915571969
0.9980243298266024
0.9849198868991518
0.000470479889487277
0.04837644138372838
0.9997097881453461
0.9996697721427785
0.9996197566442523
0.9998199009455201
0.25155748442515574
0.40396000198995075
0.9996419371201798
0.9995624024107649
0.9993934331682676
0.5468838456572479
0.27956818384959925
0.41458716051834565
0.9979347254078421
0.9999205726710418
0.999940433051714
0.999791546723313
0.37146201847240545
0.5461190565925456
0.9986115381182374
0.9985719244310012
0.9618746531356537
0.9963334027013904
0.9962642937830714
0.9985734523443924
0.04873748130243984
0.5700687414568434
0.5743589235660589
0.5700066357000664
0.5817355306421582
0.9998514527916972
0.00314789150663235
0.9999010194991587
0.9887481584749701
0.4401272752425937
0.004128476611883691
0.7022310450060739
0.10258714328033969
0.036299269281213326
0.40410992673523116
0.9998619696924882
0.7870349392724515
0.4685653509808556
0.9542176261647299
0.6255989317414186
0.4521755346819391
0.8257157158139581
0.5944689637625138
0.008144628260784544
0.44150600289390324
0.06513769539842215
0.06513451161335732
0.9925226519661027
0.07842294046932573
0.40106899617936465
0.9490174629839434
0.4185165291273988
0.9998535199164087
0.9998828296636235
0.8845290385553929
0.9117156159409681
0.9981750934410711
0.9999414502766475
0.9989173477947058
0.9999317292969093
0.13119630196701806
0.4011658510907921
0.8062051017125925
0.3993724175567163
0.10123362956033677
0.7108378560084185
0.3412052275870128
0.9870158943362436
0.9965359877786535
0.40208191458313064
0.9996887250372071
0.032219164227294386
0.9972014925373134
0.5306171976624536
0.5305708434039001
0.09024234075166379
0.999922394893584
0.7179268422736483
0.9925849100496278
0.40522704808419097
0.9828197674418605
0.1251295964342813
0.9997771684896868
0.999719054861804
0.9996609479894216
0.12759816360924395
0.1276307251261489
0.9999612609558859
0.991507287076938
0.9986641627785414
0.9998644986449865
0.1301466604751954
0.9994002824476215
0.9970596769513492
0.4061705603185803
0.4187147841382443
0.4058969626100486
0.9922790742619704
0.9997681002579885
0.9965130543132842
0.9927685950413223
0.9917755060670123
0.991507512955868
0.9861939974740415
0.9999517970075582
0.9944862155388471
0.5851410187254373
0.3945698743561354
0.9916920973844066
0.020990933764508866
0.45919427450075034
0.9766663460613638
0.9999326774190446
0.9852490366227501
0.997590083818997
0.999366718160796
0.5313738092725651
0.9818094644483867
0.9996836595793631
0.7669017999194924
0.9999329148497772
0.9998754204559611
0.03361183504522459
0.9876313747281489
0.999377645008713
0.41160535661296654
0.2480762604800735
0.7751669504984596
0.43242286534321933
0.9564714209197337
0.9783103059489002
0.9992266490991895
0.2290030442126559
0.9782641854789506
0.9667127400981841
0.4860960326076605
0.9936199590534686
0.46437510111247515
0.9925972444241455
0.9999333986660704
0.9962144630339462
0.9998763670946267
0.7724139242552464
0.9996291929717807
0.999743353326426
0.03332573339413285
0.2568503234017495
0.9996771773910237
0.9996297210565293
0.9720767391551861
0.9797822706065319
0.9716833616057468
0.9998862914917609
0.9714513118373302
0.9985125955681032
0.024573702159909058
0.9770761696363447
0.99575749540711
0.9920945997121866
0.1272981898354482
0.9580345486538134
0.41480787785912937
0.9998675747256905
0.9827737639892336
0.9660567263388473
0.9922235539490945
0.5721096768114576
0.9671209395631822
0.954888704756883
0.4401212258113094
0.4270925483257731
0.9909770898997977
0.03298294439534403
0.9764894997085863
0.9945615419296664
0.03325979816944379
0.3302175422790322
0.9826067377782781
0.7619806958136742
0.9997186348161279
0.3841486857775152
0.999849986405018
0.026041227256109564
0.9999437586119625
0.9708308338332333
0.9780911774352247
0.9999063012415086
0.7668945495411126
0.9993819125125256
0.9988674229660414
0.9985496397492281
0.998484238891436
0.9998690168781108
0.9963802005387609
0.7655658481412587
0.9973457695866317
0.7652868622687348
0.9985144213250614
0.5666638638975308
0.996889245945744
0.7650795430130127
0.5111179596372771
0.9708403361344538
0.9707768866647372
0.9598159280140388
0.9724449832152182
0.9643645919727143
0.4189908214135955
0.9999068250640578
0.9997857116237469
0.9818893236444941
0.31868970911393346
0.41987227228718255
0.9710774959273912
0.9800338818973863
0.9999441538375621
0.9998324693093081
0.9998324895771292
0.5088606653402012
0.4348189881184805
0.9986706083593634
0.9997676299181127
0.42171104605232584
0.2143945729950748
0.22814744608294074
0.21022057663576552
0.3879918758752446
0.8986619933795099
0.9662191585364723
0.9584487278048961
0.9999073842534708
0.9997777716047668
0.4163867062775911
0.9825744956505645
0.9950338475196981
0.9756460635199482
0.9999352822617925
0.9640397504044372
0.9457770629396486
0.9577687401793141
0.9476685613937798
0.9815436086542638
0.41182775827019036
0.9999353211305866
0.11901880168152632
0.9751517222904754
0.9999353432350551
0.12979242077269706
0.37817436881736305
0.9610575238376274
0.05405056521658952
0.8785459440024339
0.9692189977506546
0.99986173076214
0.3993365583966828
0.006882255389718077
0.9997973228186868
0.945639061046699
0.579108214588166
0.7405467599410899
0.9718829668762022
0.36009385351490614
0.9996595822982796
0.9790423291614173
0.9579485200194819
0.9504951404582116
0.9930147598766339
0.7364750789106658
0.9998990779393551
0.16512238083006128
0.9999174410391422
0.9757569642545931
0.2216912776300101
0.006850634165130547
0.9413911018619533
0.9900170507672845
0.8905730231023707
0.032136902471646606
0.04386695337878025
0.9607751640086739
0.9356617647058824
0.9046382324968908
0.93990914159834
0.4405658308355874
0.9381143796820757
0.008119982097677265
0.9707279203580236
0.9996803507009453
0.927139257149118
0.9996621991746704
0.9531988683033678
0.9685473204104903
0.9999361500291886
0.9997172977310863
0.940558675516009
0.9417970137832397
0.7390473590828442
0.7303695885574946
0.9996634589147004
0.962871017023134
0.9999090727236356
0.9833763542499818
0.9962749622953501
0.930178686603501
0.9333399932795089
0.9807477501203266
0.980467473030402
0.9513386412949731
0.6105518286871034
0.9415951053902435
0.9999546143582017
0.9361935794222025
0.4901663596017534
0.4901850456942163
0.4938860667634253
0.9930708604286271
0.9709826893606217
0.9290008432850031
0.9894008631632394
0.37470874622616707
0.9983500444218809
0.999746192893401
0.9997552862697471
0.9998187420699656
0.49503542244206483
0.35898178658072927
0.9610352004343499
0.9265474876508586
0.4305537966095562
0.9998190929319608
0.9997557909208491
0.9998824242314615
0.9428171051442004
0.950092204223315
0.9500320886550786
0.9998734611977802
0.508482082335397
0.9998192515205466
0.33952357714760795
0.0677091802627062
0.5469482084661148
0.5470309989348066
0.9154037098885228
0.43076992508349127
0.9641065887277188
0.7322119155150499
0.9679501045497152
0.5868924557719518
0.39962150227549226
0.9641702027982738
0.9993063562986452
0.9998108414851645
0.9874293123941937
0.964050345721694
0.00018901720056525143
0.9622262822993637
0.9633896108571223
0.49189194053489793
0.3485058381159707
0.9221705537916333
0.9520320086315411
0.9247278047554507
0.9249475063261607
0.4611188371988695
0.4386191436897557
0.955474694605519
0.9999283057758659
0.9948310922788881
0.9999372962126912
0.9506946433686623
0.9692565178867101
0.9282780099698399
0.9282812192371713
0.9376504380038835
0.9541560090865187
0.6552112676056338
0.7718818185069929
0.9579641071955505
0.9446515244965273
0.4398830911138521
0.6021221106784324
0.9137894078771099
0.927349511615864
0.9772603497995661
0.9998839441146276
0.9873248237079354
0.422995931187094
0.9333547368702678
0.9150981248829724
0.9185687187753249
0.0020384546911162544
0.9997953062840971
0.8886852710144025
0.9997954355444083
0.8698670316777474
0.8681526625326487
0.9989877643799613
0.8687091075344229
0.9778182140955086
0.8674391986016344
0.9980926696415106
0.9999556454474487
0.9998846914609592
7.084285284168394e-05
0.8657393059847526
0.9965383832213398
0.8648196799617864
0.9968335677200804
0.9949680306339928
0.9967195430349974
0.007135665966052599
0.37194147409690154
0.023214128035320088
0.002410553456009607
0.36179529282977557
0.9999470338983051
0.9998940790170533
0.0004144145732852495
0.8622842129392887
0.02916193544411876
0.007111737006557233
0.9999471928604747
0.0002903983737691069
0.5108017493994139
0.3293957252176972
0.02509694949832482
0.49455002549181626
0.09514897505513527
0.05492334439702861
0.08410485024527656
0.9999648990408663
0.999938574938575
0.9999122522222125
0.9997982031304836
0.9998069819879101
0.9999736800547455
0.0432518215215733
0.1516854425108491
0.054692905248592175
0.1739179904599361
0.999973743632831
0.9999649927359927
0.482658731895156
0.2680106703983907
0.16327762180883162
0.999973762921761
0.16420351196306143
0.9941996069010701
0.18845643211515617
0.9953358779292696
0.9999737977535941
0.9999475968802676
0.997807975127941
0.9973221917903808
0.12737659166230594
0.02859559035073189
0.9999215426459307
0.9967136232086196
0.9972479141627911
0.9950359242325277
0.9999738739680217
0.5861852815963365
0.9915336825435498
0.9961889514395844
0.2722776150282083
0.9930430100055586
0.9860399379167425
0.04711615163181077
0.9999219705048509
0.9944053763813351
0.9916343355965083
0.5655827074175349
0.07973522540451675
0.7320360965227247
0.9885449291412157
0.9897287810276406
0.9870341896584489
0.9875966313971064
0.999982725411783
0.9999740887890828
0.9999568153944481
0.46725799765079806
0.9842210265401125
0.999974091026859
0.9999481833962329
0.9999740923693392
0.983327145410432
0.9883103540564108
0.09353120440634362
0.9999654687189758
0.9999741022099448
0.9999741028806229
0.9974541312114883
0.9859768726268554
0.19673318105417403
0.9846628144295273
0.9846119401699834
0.8607345435139997
0.9946724732978165
0.5664974182444062
0.566517215562421
0.9999741837770855
0.9999483688870914
0.5703886001445634
0.9999225573290883
0.9998795356961546
0.9999053519187747
0.9999483751064764
0.999802125005377
0.9999741908842203
0.9121487624591135
0.0030041113409494708
0.8538481338481339
0.04245634787975416
0.8571783684630089
0.9998371642584117
0.002476201900420697
0.9999143256140711
0.9999657314200043
0.5103271624504202
0.9998286805835139
0.9999229122055675
0.9995375880937497
0.5061864762345124
0.999845886452563
0.9994691917159662
0.9996918203997774
0.5174326533756773
0.9999229610354037
0.5174016502893142
0.0023363486208696693
0.9999743264984767
0.5058919173334474
0.5050997706814526
0.9995550840206715
0.9987168520102652
0.998468907706783
0.9998460459467319
0.5055760810071155
0.9980588003899502
0.9983666977364654
0.9999486947078591
0.9995040954872689
0.9983502863492606
0.49269626907132785
0.9984957264957265
0.516473936565729
0.9984615910567161
0.99977781765666
0.9977785182716872
0.9995643073768741
0.9994618282463289
0.9972237882903661
0.997719546984165
0.9975659333151135
0.999846293101976
0.5001750535834749
0.999684098185699
0.5153483687023032
0.9990612412098041
0.996246918634902
0.9954712926005527
0.9983881284380197
0.9999488320925116
0.9976038406767231
0.9999062089664228
0.9952081716872863
0.9999573698929132
0.9999573717101617
0.9994289075085877
0.9950138929137616
0.996633599236381
0.8511664366170782
0.9950586571474821
0.9959961835962791
0.9945142000442952
0.9978534557658563
0.9972318515931758
0.9955968897178432
0.9968752394656404
0.9994380778858106
0.49687992167879796
0.9963738817340676
0.9967655995982534
0.9943145065195929
0.996638869979578
0.9969795202967727
0.9941380659871701
0.9999659696108625
0.9998808966778681
0.9993875103144965
0.9989368397775018
0.9999149544155668
0.9970916883514465
0.9954591836734694
0.9993792728138499
0.9976106864387324
0.9993282884108494
0.992424500068018
0.9920955335514853
0.9996430331979126
0.9994220733966787
0.9919774961969593
0.9999405146334002
0.999881043419152
0.9998130698184228
0.49246781936360934
0.9996432151412699
0.995081758335103
0.9961693308644911
0.9988279060286399
0.9983013707937695
0.992221797647858
0.9999830173138485
0.48935845084173085
0.9969873383346346
0.9950271976646499
0.9999660571089143
0.9980483003241518
0.9988290795547108
0.9971662495227591
0.9904643941836198
0.9639812356319402
0.512744607398234
0.5009287768136593
0.49016215482732883
0.5119874485858458
0.9926645183175034
0.9995759981004715
0.994276265581277
0.9964557648934186
0.9943619222030047
0.9998134834508953
0.992625681276859
0.9985001652360334
0.9922808385161586
0.9958063996882334
0.9894301781963548
0.9914377905942733
0.9929205338391708
0.9968922534972733
0.5004656202908857
0.9936509011487636
0.9937113838341092
0.9904122804048336
0.9887291527402882
0.9999661547573719
0.9998561625870428
0.9999238514256705
0.9933078393881453
0.017170794424143997
0.992718077098733
0.9868611287254281
0.9922557954718385
0.9886122500739739
0.9967118609683527
0.989428139234195
0.9964086530336319
0.987156087338606
0.9931979686853067
0.9999493029150823
0.9863963971576074
0.9872842332941862
0.9999239607975667
0.9955143313312552
0.9932093447524452
0.9927112102093733
0.9958448402543768
0.9881277073640302
0.9969686990737222
0.9952548211692391
0.9916667370251855
0.9888472384039985
0.9954160968444512
0.9875584516433985
0.9924465562204087
0.9907680103965367
0.83712335355615
0.9996962666104198
0.9945009994349187
0.9944674498823489
0.995302551127978
0.9988197008784798
0.9865199797673242
0.9976396007553278
0.9940322662216153
0.9941854095915461
0.9953821521867363
0.9898638401132419
0.9855976956313011
0.9904164385868879
0.9999747364166134
0.9900248326949788
0.9872389498228099
0.9999242475254192
0.9924335516016631
0.9937131266884925
0.99645688508862
0.9884703426917121
0.9904568750052597
0.9982244288298902
0.9894665107396159
0.9963319115283983
0.9966937838087947
0.9951882634005181
0.9999663526244953
0.9931948755478167
0.9991589217376677
0.9839462464154466
0.9945097445728026
0.9894822686687629
0.9998823094253337
0.9821027766335735
0.9835657663564757
0.9945871891205863
0.9848129564727734
0.9906210605933272
0.9958318276931352
0.9892109000159652
0.9868419947065495
0.9902034917914335
0.9937921591357745
0.9980260228981344
0.9904003628209328
0.9886958201409243
0.9808609627464813
0.9884129036591714
0.9999496238581408
0.9979681793375593
0.8329275459659139
0.9798853228338524
0.9974648691301647
0.9813072345283161
0.9895502845344211
0.4914012337907592
0.99545969535479
0.9971802145051109
0.9849129431508287
0.49545717665416655
0.9892368480659044
0.9799515145414434
0.9883995000796852
0.9820841441320539
0.9999245175412848
0.5072960869492293
0.9813192249322947
0.9882623203715813
0.9814550881134828
0.9859497342521335
0.9999664682706011
0.49916590522336135
0.9987258370077288
0.4946940486169321
0.9915764946483501
0.998114472471298
0.9997988821197824
0.002211907435025219
0.9999497319034852
0.9999581116742764
0.9796099587843046
0.9946170396229417
0.48245702137632035
0.9944593701090549
0.981254445792711
0.9999748949773218
0.9846540038490503
0.9999246981651453
0.9962608222844954
0.9971728966099852
0.9999665442744707
0.5059341100507682
0.9770016893304565
0.9963789325795714
0.48807124639377847
0.9989214678070681
0.9813819337039669
0.9956445046355512
0.9767696525896947
0.9879210900275851
0.9998662598737827
0.9999331304958373
0.9829151273006904
0.98951159991977
0.9854252500856601
0.9873396565411775
0.9803379236579985
0.9842658511313881
0.9821322663369892
0.9754017573752966
0.9804311331234183
0.9938197883695098
0.9821115398105927
0.9755732968115846
0.9770436496338174
0.9754028554729899
0.9750039643128385
0.9751894381947458
0.9853209937328404
0.9823350745147778
0.5039548116875532
0.9821479219847506
0.9932347887018469
0.5035910611356261
0.9965801414653677
0.9829783330275382
0.9784341850690507
0.9739738821528044
0.9816633868116473
0.9918209104552276
0.9866278730481614
0.9999583180499516
0.9774508169389796
0.9999749922892892
0.990788903337668
0.9999083142321317
0.0014002800560112022
0.9901484401696935
0.9999166604161979
0.9822833333333333
0.9822669622172964
0.9764259822507395
0.9859768697506999
0.9856202616012664
0.9977756858302024
0.9936024523932493
0.9731530766091078
0.9988754966556438
0.9999083821961621
0.9898647523235284
0.9999750164475054
0.9802982738090281
0.9746136681542663
0.9801012422153396
0.9999167485306115
0.9717946369849899
0.9738070863192589
0.9828381190178943
0.9787945871269496
0.9802523176272823
0.9790399480783152
0.9912887202655817
0.9974544970552025
0.9957496007452755
0.997380086997746
0.9999085193440005
0.9946693500099794
0.9940462826685292
0.9999251683711649
0.5029223721514147
0.9881008766463085
0.9910264719078717
0.9776596186599095
0.9992273950752667
0.989848559110129
0.9758147569848178
0.4909232838944344
0.9890571551924546
0.00264007770794763
0.9999750942268418
0.9902793342464616
0.9819552117399027
0.9755243304256891
0.9999834009743628
0.9861322046557949
0.9999668047037735
0.9898589211618257
0.9796482203600764
0.9945824414687972
0.9884185899882195
0.9782148812437262
0.9705089385706582
0.9981504213389955
0.9685543457529294
0.9700929465122257
0.9798282123136618
0.9999751278841291
0.9998922235118554
0.9951095380585695
0.4854770408797474
0.9878035644745673
0.9999668586105472
0.9886823092728839
0.9736157593028265
0.9763277341549879
0.9904175846018783
0.9917512112302787
0.9928115346710946
0.9823608327674446
0.9760429950810713
0.9908088996348401
0.49984682767699684
0.994717887154862
0.9961015097338101
0.9756085448721663
0.9931311292258038
0.979942242927241
0.984734403441999
0.9931827583354017
0.9999586349534644
0.9798967536980046
0.97350511457136
0.9807429946338357
0.996560448464604
0.9749813972715998
0.9791077599748664
0.9790679794647951
0.9999504005158346
0.8198428242060639
0.9992893442961617
0.9818129234837217
0.9727489815985392
0.9960428593851974
0.9672508920311881
0.9987611394213696
0.9718301716947318
0.9999256788002907
0.9737978645218296
0.9640792733278283
0.9812063911481772
0.9926930761736489
0.9976304882680272
0.9897970976209738
0.9780758595072021
0.9859710508508145
0.49693848921456985
0.9652640264026403
0.9988614800759014
0.9683212750686785
0.9639256900562604
0.986850788622715
0.9999175101256321
0.9966098059918174
0.9756021115143517
0.9840323312301538
0.9818474226804124
0.9816117355058422
0.9777123633305299
0.9768231850599827
0.9962486602357985
0.986495622207199
0.9837191281696178
0.9681405278863116
0.9728067789345269
0.9693557958591587
0.9815715298267592
0.9999258300849657
0.9978820543248945
0.9752775099508022
0.9989699132254901
0.0017140361430890557
0.9747023196407235
0.9999588002636783
0.9632022147883262
0.9793441542391036
0.9683136014236635
0.9687927369791237
0.9995551454839029
0.9999176263200382
0.8170946647119867
0.9707636052180788
0.9758035302641112
0.9852552545135715
0.9872150554453326
0.9998847594353212
0.9944604038225683
0.9629693647422918
0.9657130162178174
0.818495854717726
0.07589036140616265
0.9670710571923743
0.9594996386096327
0.9957541862737852
0.9714726797943799
0.9740604189418884
0.9719603914871255
0.0018800233155729965
0.9654821418310472
0.9652727048877581
0.9662366226774342
0.9661811169012351
0.0013786425294807934
0.9951015384615385
0.9683974763924554
0.9929047181573594
0.9854499524293823
0.9951707853008216
0.9664179716323686
0.9714442658970911
0.9937285829056746
0.9999262240657097
0.9791513005851404
0.9753169380546928
0.9999016707773745
0.9747020030311719
0.9819701003481466
0.9869594777238063
0.9999262802660464
0.9889175574394888
0.9756491113113277
0.9642503214604542
0.9762686603830752
0.9652072091252262
0.964848643647291
0.9766318409589624
0.9925410406517379
0.9874414644529587
0.999975440233809
0.9999099534213607
0.9729700968394168
0.9966935926080516
0.9753628880488324
0.9691450452882987
0.9574384558763392
0.9991906210144217
0.9897567954220314
0.9548779989373442
0.9787400995561658
0.9714839152608866
0.986833502239367
0.9648074911753171
0.9536964408275321
0.9999509779891171
0.9925409715527524
0.9835179195661407
0.9991751331220803
0.9999183366815294
0.9542689151116737
0.953913363001674
0.962354574029473
0.9588979591836735
0.9960816966253612
0.9772909082004146
0.9616937292545079
0.9897167834163765
0.9853544372956268
0.9820619027428982
0.9932490277132304
0.977982832967875
0.9514226797401603
0.9627208710960422
0.9995436208793448
0.9511102057445509
0.980495197125608
0.814222519124392
0.9999592681297554
0.9999266850225648
0.999926688008602
0.9709535794866783
0.9916838392806235
0.9676063907753946
0.9744072047423621
0.955919590298076
0.9890426571149463
0.9596968512910683
0.9834192083221411
0.9888655564779997
0.9701870330278515
0.9999593069153828
0.9634172146624129
0.9783774546105581
0.9591673990170231
0.9611306845458466
0.9552895803160242
0.9677162151167521
0.9567834944189528
0.9839407744874715
0.9982102908277405
0.9587010810766841
0.9789255358086949
0.9988451810707286
0.9583313003171505
0.9995202276885545
0.9534388264567646
0.9536443765042607
0.9796729788842905
0.9732289481813895
0.9499069188934323
0.9999837415557705
0.9999268381904646
0.9999593548806659
0.9689567719594869
0.9530214979477385
0.9999512357669395
0.9624455497041805
0.9870795784204581
0.9998943724913467
0.9581474710542353
0.4904821871064711
0.9625068040198556
0.4904224207961007
0.9666144086038975
0.0016894635953084896
0.9591656110948715
0.9995534336889625
0.980052446558905
0.9890810196460464
0.9698991768545127
0.9604362963504005
0.9615818475446954
0.9736177948014639
0.9879926657904557
0.9841962648667066
0.9811868738084615
0.9774235418187718
0.9999837757154909
0.9924241195269536
0.9605888555438398
0.9999432265180823
0.9961070875337589
0.9547076473927499
0.9740036488951956
0.9577563000681089
0.9617954206395537
0.9518740423047923
0.9699504713731022
0.999967576418329
0.9539537673453508
0.9844955585813395
0.9757239859335246
0.9566760385353957
0.9538987555094633
0.9459927914793667
0.9682183661406165
0.9999676121227824
0.9480889579740769
0.9562443838189222
0.9930902235563502
0.9518401682439538
0.955285440473591
0.9624684608915055
0.9878620756578416
0.9693691071110896
0.9530528579861083
0.9717425050936257
0.978655800528754
0.9903396092190039
0.9748304653211661
0.9999272609714701
0.9787765394282758
0.9675135764158262
0.9698923688548434
0.9685866412429607
0.9966392800303757
0.9538184403121315
0.9457045006623372
0.9526317064700324
0.9564448392828299
0.964901796097687
0.9775414284329877
0.956411146730836
0.943153831867768
0.9901654434028535
0.9450319684835959
0.9850499277520807
0.9576462041409372
0.9762448643543817
0.992421429839712
0.9746194941653082
0.952700630981006
0.9880343397505205
0.9693815805397555
0.02083904800322711
0.9719102936431107
0.962441011575848
0.9986287447367996
0.993482872375606
0.9999596728662914
0.9681129032258065
0.9999435515737015
0.9966132582874376
0.9934051936115836
0.9487572133208678
0.9484648239181239
0.9747769817797942
0.976824767522442
0.9999758261416105
0.9999113646618965
0.9716300056401579
0.4720223659933772
0.9562972687806568
0.988233493871108
0.9492188758254148
0.9929380692020904
0.9606277023164438
0.9862726943359769
0.9489758963421995
0.9705567581051395
0.9502321427134546
0.9890494504610334
0.9709263505088291
0.9999678221206831
0.9808060493926474
0.9565074002574002
0.9560345867685501
0.9999597844446232
0.9887558211548206
0.48596680284363236
0.9895704337477284
0.9576334558202738
0.9533361741129933
0.48534814731443
0.003078976139944691
0.9611319632537916
0.9533124904559447
0.0003777042013565206
0.9999598203164551
0.9999276817999196
0.9998312670239521
0.9999758958701591
0.9998634176127006
0.9997348737436631
0.9999598309687163
0.9998955672306036
0.9997750733020042
0.9997750787224472
0.999951803744849
0.9999277073593908
0.9999357409073384
0.9999357424557627
0.9994779158400334
0.9994618819674238
0.9994699476372514
0.9993013338901248
0.9993013619426956
0.999309436628766
0.9995744270824969
0.9993576361008512
0.9993496483283554
0.9990526197472582
0.9996066058109941
0.999221283838027
0.9993497579654649
0.9993497736248916
0.9992855652062228
0.9993497997222601
0.999735112095745
0.9999277590040375
0.9999357868122165
0.9999197373807097
0.999004759496922
0.9999678964983105
0.9999117203300054
0.9991493254793069
0.9986357544679041
0.9991654630075429
0.9996870536502384
0.9986760280842527
0.998796485738356
0.9995105826473467
0.9995828085010791
0.9987885595090056
0.9982992105769848
0.9987886081026875
0.9941045775749361
0.9404626317393606
0.9999358388271338
0.9770144441681972
0.9436879500874111
0.9680398980099103
0.9485415564214814
0.9927522288499776
0.9567151973831896
0.9365400032066699
0.9964010323987239
0.9840813087632956
0.9731267682394146
0.954542540232096
0.9934685045680397
0.9505317060270702
0.9658966161045538
0.9644433761967712
0.9656713906892159
0.9992149323079388
0.9964192447570374
0.9580976946122174
0.9655244228705083
0.9596537170955161
0.9954754754754754
0.9872357463164638
0.9555430996516795
0.9821114134784696
0.9569914847301364
0.9641002664277085
0.9942078609886638
0.999976
0.9999760005759861
0.9817607295708172
0.9974483470248047
0.9569355793380365
0.48381188514756457
0.9796868252267238
0.47272378332560333
0.9531207522428158
0.9855283356786491
0.95242130847398
0.9467949025439312
0.9579965623376104
0.9999600287792789
0.9648655778593184
0.9522732359241616
0.9584851972632521
0.9537255340744707
0.4758730919843363
0.9601313770617568
0.9649677965830816
0.9608617135186103
0.9454915904278695
0.9777657050180958
0.9492175330121984
0.9695655299671692
0.9689833933749231
0.9851992076424166
0.966536219151825
0.9999440970475255
0.9828322753223939
0.9526429255828809
0.9733493013972055
0.931668143464968
0.9621420133456786
0.934756584197925
0.4675136058221747
0.9691619059777231
0.9579640193067135
0.9579268146753568
0.9978621399341092
0.9318858036262693
0.9780739535477284
0.9585264114977549
0.9974482065676783
0.9542283003070053
0.9915245453313241
0.9999282468309016
0.9753437761568815
0.9603124003825311
0.9348685258964143
0.9417004629223868
0.9328977770695562
0.9998406717279947
0.9998167812447722
0.9999442382143483
0.9906800385543705
0.94272036449953
0.9307117596457132
0.999984070091597
0.9999203517267745
0.9469706020565021
0.9496965545803533
0.9645687163028502
0.9927379862244695
0.9502018521025265
0.9645072171843029
0.9950402038054295
0.9901604107789674
0.9458605317624582
0.9388073482122958
0.9554404227549104
0.999856767724994
0.9545798035238436
0.9954026279787471
0.47356826442074457
0.9969621058491391
0.9503701759826959
0.9617054436157185
0.9435627504611666
0.9819276150494546
0.9999761478831246
0.9370473714753603
0.9771462639109698
0.9502253451715723
0.9580091087566468
0.9920602120455883
0.9298702950152594
0.9509564719813712
0.9778775477770273
0.9999284885661163
0.940912413398589
0.9282899858597734
0.9756293242459627
0.936663012915217
0.9529486517612485
0.9999205813445579
0.9686775310524477
0.9568466443779134
0.9999205882820069
0.9999682355650495
0.9418743151174425
0.9408369064633952
0.95706096263478
0.9355627346546757
0.9751966410299149
0.9999682527084408
0.9869760871118025
0.9999444470898211
0.9278690866380439
0.9610632810950208
0.9275495711372599
0.9350311396723392
0.9749345601649877
0.9439597741260072
0.9999206966010563
0.9684692186298067
0.9682328218548035
0.9462461938594265
0.9839358066587905
0.999968284928205
0.9826127633258541
0.9598909070728052
0.9972807128813345
0.9858259477113821
0.9392334826205858
0.9740645652070555
0.9986292035117745
0.9248157832184455
0.9726134833240909
0.9907473422374321
0.9474884759777599
0.9999762396939672
0.9904653299122557
0.9957162765654198
0.9999129078485863
0.9528914365340765
0.9467325384383957
0.9485880313190249
0.9350643182267959
0.9246867554753481
0.9405269781467909
0.995766132223295
0.9980770143867812
0.9881931200392507
0.9865789869350869
0.9557968204730516
0.9315529179030663
0.9241985505870439
0.9294664894626923
0.972186844915556
0.9408312107453053
0.9518856582402633
0.9274008573643165
0.9999604552392853
0.9450578130684425
0.9999841827212046
0.9725809640555182
0.9999525507904248
0.9395925920068323
0.923721643696974
0.9465545049176181
0.939270583027697
0.9462206659974549
0.9457564692306476
0.940397822015347
0.9394217168324812
0.9386827861404132
0.9857851735962958
0.9718509038048287
0.9663848949281088
0.9390705353545726
0.002527386603271386
0.9541469886749538
0.9247927358863008
0.9812674655425567
0.9999684248748836
0.9976951250315736
0.9391031206099159
0.9879964012879601
0.9305536924667208
0.4733308084394578
0.9445408783197362
0.9447429252167602
0.9784489898950058
0.9805793077335689
0.9344926850427856
0.01600643411341702
0.9225407638691772
0.9937244266443815
0.9459926056143726
0.9229890130676713
0.9374822683857138
0.9198732850534678
0.9404024645834318
0.9936259563035273
0.975747885127365
0.9277376976876063
0.9334294129691758
0.9337643519758083
0.9368046424100218
0.9442607463391592
0.9485554593403133
0.999968512366768
0.9277983738301574
0.9782092229267295
0.9816049829340799
0.9209421201635735
0.9479416506114103
0.97233841799025
0.4653965907661341
0.4745886625736005
0.918290506921136
0.9403719482479446
0.9999606992391372
0.9932718683927154
0.9999214065091129
0.9805168267341517
0.9927145551713298
0.9759446120960644
0.9195426685525695
0.9495713803047089
0.9502494598310745
0.944831595735487
0.9999528631696376
0.9887273270017832
0.9804098689016487
0.9656908563932984
0.936819617021945
0.9195017748876951
0.987992398064962
0.9509438999874356
0.9651127181927399
0.9899581524256675
0.9899978017146626
0.9514239959807831
0.963228945922612
0.7575538777880676
0.9881810048500259
0.922409260349225
0.999984304739184
0.9324722002056047
0.9169916740561707
0.9787815060108603
0.9158493526873284
0.9384586416023977
0.9565292433216962
0.9918964502843695
0.9999686222828859
0.9176254676360556
0.992416043166596
0.9643518082870676
0.9573163560524686
0.9885698158470331
0.9243233073865907
0.9169932591315253
0.9545949758984207
0.9726336577796586
0.9572920829709037
0.999514178923201
0.9630633736601266
0.9653786489916796
0.9628338412603903
0.9862430960868033
0.9480423868860676
0.9784884768087455
0.9308376528806552
0.9266274135204121
0.47361456914235606
0.7790146071109859
0.9429745596868885
0.9927439239168722
0.9764571446461137
0.9336286302345419
0.9283092694760731
0.991509574226667
0.9999374017011088
0.9384882601926252
0.9999530586219576
0.9354270963704631
0.9597396807021111
0.9186252962386491
0.9627793115854183
0.9365194813320195
0.9621881598498475
0.9999765392225098
0.9473247939442281
0.945786382865588
0.9134347730897945
0.9172139350157926
0.9999687285008443
0.9204224746507391
0.9858815803874357
0.9477448604705698
0.9840151953350946
0.9859392707804134
0.9190334026290699
0.9299619409342055
0.9957724466671877
0.9293941146134492
0.9887884493683249
0.933451045345167
0.4725896296064813
0.9683252616778628
0.9226335069946183
0.461027803811309
0.9136417593402474
0.9904413831880798
0.9368418587586939
0.9174485224097289
0.9999765839037754
0.9998985326256634
0.9244073961333427
0.9552432162451127
0.9197296748919168
0.9999453760856503
0.9327872688977299
0.9395567966428243
0.0016223383511426565
0.9220920899860517
0.9914288831055494
0.9330097314311983
0.9572676207764282
0.9100193188545789
0.9420924308871527
0.9185256729810568
0.9596221536928013
0.966829146745986
0.9585458339497474
0.9885787691229709
0.7746594005449591
0.9481136114202984
0.9508024470353824
0.9999688682035397
0.9921237167962518
0.9999766518795237
0.9127328757529066
0.9999766546048792
0.9519010785488615
0.9087606006379834
0.9806431033275501
0.9999533215599935
0.9322177620114513
0.9334754266689484
0.99989110820733
0.9141472672261587
0.9141235028775859
0.9999766687664777
0.999836690255852
0.9253409850853046
0.9372837471133885
0.9934305661374838
0.9643004299186031
0.9615336774675042
0.9991993594875901
0.9919400595363008
0.9235605919293665
0.943590062401405
0.9325034191222181
0.914128112496601
0.9620879590425656
0.9300396178047076
0.9641203703703703
0.9914867835421505
0.9779181035821916
0.999891272269769
0.932404624905848
0.9712315684036432
0.9988819094501945
0.9895416818714722
0.9307081356800696
0.9203275380316672
0.9527700820276426
0.9683770234824851
0.95370348814651
0.9855526760913084
0.9653572869155109
0.9256216937372985
0.988699469487792
0.9999612213716776
0.9214632481814092
0.9115005816207833
0.9999844903529995
0.9698135152948475
0.9692564162208266
0.9921071198740861
0.9142480620155039
0.9855553144663836
0.9207981402557148
0.9709521706453438
0.9168338924744512
0.9230608323778239
0.9378156467854376
0.9812104032095668
0.999953531598513
0.9738401133749971
0.9181824517387971
0.9999225712538037
0.9628585807750377
0.9999535463491301
0.9480729626360694
0.9751383567475521
0.9154740988986324
0.9784144821874976
0.9952640009905357
0.9251489592199954
0.9999613107904205
0.9255547989724225
0.9232566596259932
0.9138537951522935
0.918137793387279
0.9054409353830926
0.9578613677658793
0.999335101242433
0.938692519405016
0.9023477662592669
0.9725653592245018
0.9085694850269778
0.9999458912104137
0.91446239468192
0.9142927801907352
0.9491649858190558
0.9827867269285742
0.9351302493742468
0.972946665842655
0.9587485515643105
0.9123714923494017
0.942349425038807
0.9874508653111027
0.9476687618724036
0.9938845004517131
0.966754939277194
0.9357640229121956
0.9986414092291541
0.9095722919931147
0.9361468937891219
0.9999691279415284
0.9442377747591998
0.9169965659605664
0.9238966049382716
0.9314878252013702
0.901266760272176
0.9902958306013037
0.9419609113486664
0.9057810065861521
0.9105820840273922
0.9310281008050835
0.9334556640941227
0.9658926203472415
0.9470994102455383
0.9899559851690832
0.9057637620511872
0.999961468512068
0.952999653219281
0.9266884993257561
0.9999460633986224
0.9774238536634228
0.9889819473444952
0.4508998736478782
0.913835344150141
0.9266201349727281
0.9480636514880769
0.9999614901761439
0.9816078497820361
0.9058114997766585
0.9419832279626364
0.9158940397350993
0.9090853095164767
0.9902763128517427
0.9573183875835309
0.9352526846541703
0.8990608883072897
0.9690814488693216
0.9972522609197614
0.899826065540967
0.9517546559950747
0.9998999638330781
0.9002800775599397
0.9874137387196787
0.9458794209498023
0.9811397672468829
0.9999615426031043
0.9044648694381417
0.9602814518609658
0.9240481994417231
0.9594079200307574
0.9155114750317149
0.9309228734854542
0.9999308123400036
0.9375509262818049
0.44306346607635605
0.9195484446083856
0.9225407851966834
0.9999308447695594
0.9040440131240252
0.961639520590043
0.9969503764019051
0.9520023964237984
0.9276881720430108
0.4540259899849467
0.9504388625665205
0.9149651767271498
0.9430064938055542
0.9216480918608578
0.9138613861386139
0.9350919473183311
0.9954034102245346
0.9201528498204475
0.9707484350067509
0.9565003950325615
0.9374108334483869
0.9955132187478429
0.9611128578330254
0.9750561677133415
0.9882224846263553
0.964067219675248
0.9201185925182523
0.926540774504922
0.9855757445765413
0.9285922203667673
0.9249394858596072
0.9478304162996438
0.9844149677577466
0.9863455353040281
0.9097139794003906
0.9969676085458304
0.9938819421579362
0.9637144629143282
0.9680106580095861
0.9252143294549908
0.9999693824438933
0.9996785181216273
0.924193832329371
0.9133443037005855
0.9338323078335935
0.9186443271364089
0.9060628083999541
0.9330252981540839
0.9278632844772192
0.9010609896960842
0.9695711040227643
0.9565736137667304
0.9275204943105347
0.9537165184545155
0.9957487479451007
0.9504621948328988
0.8952731108495253
0.8953515033858664
0.917384426085428
0.9999541470199385
0.9991823135178095
0.9242255200134493
0.99342080127152
0.999977076488118
0.8980675627144287
0.9093055417599462
0.46125224433663137
0.9541217816487126
0.9863559969442323
0.9618043619418662
0.9999236145590651
0.9388462831128357
0.999961809029873
0.9627267519572275
0.9999389000481163
0.9907363565548105
0.9050040854352325
0.9033880966195377
0.9413480109624178
0.9403536351773136
0.9157471422248676
0.893285216183842
0.9999618536094115
0.8991493419797826
0.929979937600598
0.9387990145604039
0.9035815613655084
0.9138336002440326
0.9375381283552953
0.9388277997224298
0.9639237755358818
0.935665156852877
0.9624648322239758
0.9383076536018968
0.9029754598888491
0.9531982349309901
0.9079651277986923
0.46091541515227713
0.9375861885061675
0.955130988565639
0.9239758063287475
0.9181818874305868
0.9515395687836531
0.9371506465418767
0.9703199476144792
0.9177694193607334
0.9128064565250494
0.9522018516262638
0.9585677632530625
0.9999390963419741
0.964687523787775
0.9146863154048747
0.9502199759472667
0.8992860513616782
0.8938796633129881
0.9734172494882078
0.9999771696447597
0.9711746263659331
0.9999239092389403
0.9649484536082474
0.8935736402851426
0.9784495546139861
0.9640656615599945
0.9672964010830215
0.8876965899066103
0.9206506117545074
0.9930424600036498
0.8947056274093843
0.9733598923447704
0.9984871176931206
0.4437163122724059
0.9276206259550109
0.9946715517110324
0.957001261762515
0.9999163962211092
0.9269764543146822
0.9782336087065565
0.8932409222865655
0.999977201741787
0.9999772022615356
0.9367454088184118
0.9957077958582129
0.9999240375558324
0.891784526106309
0.9514373599665819
0.4436630949035928
0.9206910686362325
0.9551016380501283
0.9578324225865209
0.9945584116937228
0.9858764779988768
0.949123472717614
0.982736640815893
0.9166476988209588
0.999969652367874
0.934835039817975
0.976732722074337
0.9692201528755157
0.9192341232227488
0.9761749495746068
0.904833035091444
0.8940660940236386
0.9667720439400487
0.8868186262990729
0.9673981428842146
0.9999469423642483
0.9255494921934212
0.001659707012451592
0.887838216685988
0.9919005947645566
0.9961286412364104
0.9374332401536328
0.9197079186171583
0.9020730608133185
0.9746285160332632
0.8983876220264918
0.90600530102234
0.9557309020415581
0.8969809863474251
0.9491357314293934
0.8980330400811617
0.8906400211952613
0.9288304177674158
0.9317676087252691
0.9238867193412648
0.8897751610046996
0.9999091947847538
0.986765240026636
0.9110911030574492
0.9313057951278559
0.9920112568653261
0.9708694533956641
0.9517711398379765
0.9999470519269317
0.8990469707283867
0.9303087138686794
0.9999848746105212
0.9001066315765592
0.997209703275763
0.9998790142687547
0.9998336458774424
0.9614087616628105
0.9953729605491963
0.9929165942198804
0.9305665797331519
0.9579387334003492
0.8866107932861256
0.9156220484340172
0.9059440348120391
0.9604809958305638
0.9479380664652568
0.9999622370756391
0.9117007460207195
0.9981882143342442
0.993281801986775
0.9999849031537312
0.9867302727917755
0.9214320219800127
0.9813193448562155
0.9533056603773585
0.9054623117094817
0.9999169930349611
0.9003093872623
0.9735936745533559
0.8846835700868305
0.9999321092889579
0.9593941176914315
0.9404590401339559
0.8881908410763847
0.9897660598199068
0.9901290984224655
0.9076562311497165
0.8935340862825519
0.9609466295735041
0.9445202536130818
0.9736744894343634
0.9138002517771395
0.9998869306960546
0.9999547726193437
0.9996457402145156
0.9400494437577256
0.910286459314638
0.8919505413775176
0.9462189811815401
0.9076301893046276
0.999977401470411
0.999977401981093
0.9546087965229706
0.8988152176369127
0.9882960776043863
0.9556343809071944
0.883091358173439
0.9497658449908898
0.9999623559172733
0.9631336058600778
0.9808411812973795
0.999977416440831
0.9831870794888391
0.9999698971989344
0.8876346149504436
0.9370663576298481
0.9999398016464249
0.9998946639780901
0.9999699048994823
0.9997742935387763
0.9999623836715041
0.9997517434381277
0.9998946814112691
0.9999247763978426
0.9999623896135157
0.9998796503843665
0.9998194823656836
0.9998570955804928
0.9996389891696751
0.9735351848927194
0.9303852198302115
0.9405170080303167
0.9999473696082043
0.9035893657333613
0.9102541933252637
0.8822919172480154
0.8938407649057398
0.9747070451965936
0.9004072983046771
0.9474953603870977
0.8894106509587065
0.9370384560486203
0.9612015864907906
0.8768947645158868
0.9400003004491715
0.8774720776343166
0.9725343227085649
0.8900178735036574
0.9805960846743611
0.9650783877943296
0.9999399363325124
0.9368666776755288
0.9999774823799623
0.9466593614434321
0.9773503343414861
0.9999324608272798
0.4429786052515065
0.9487033257293793
0.9190602677231526
0.8929720728221977
0.9796268931011979
0.9765910369398088
0.9954704303091206
0.9350970731817057
0.44963076807737
0.9761488932696705
0.9477416163221252
0.9999850092942376
0.94692128467722
0.9366034174076543
0.970721074983709
0.919842125760163
0.9706800871733806
0.9338813893069189
0.9781344272357754
0.8866616766467066
0.937347972846547
0.8783959764695316
0.975781887306446
0.9260334660400514
0.897231367853936
0.9264618953196903
0.9679470872551513
0.9268690435224943
0.9463601819161032
0.9912335816653203
0.9628128225456613
0.8849406644682235
0.8886488183795989
0.9049566387559809
0.9848171100927718
0.9999476737232389
0.9072086348143276
0.9409206071612745
0.8750448403682889
0.8832277156692773
0.9999775816588078
0.9998804399808704
0.9893891275920045
0.926735055251302
0.9648116188896609
0.9040991505860732
0.9020811856632752
0.8836108061275554
0.9505724720485761
0.8843807632288267
0.971352416789858
0.9720697919233096
0.9863604804813773
0.9999477440353549
0.9172495651589689
0.9752774937111378
0.8924162125849071
0.9999626796044038
0.9121896971234942
0.9957308972579225
0.9999850732901454
0.8982379150527282
0.9999477596346159
0.8731165623110965
0.8716063939344189
0.9869934108903133
0.9795319891951587
0.4299976868606222
0.9857197187194726
0.924014016252889
0.9958329606106688
0.8936661871147124
0.9670052085273801
0.9999701952953274
0.8967721745350501
0.9393417827152767
0.9999403959201008
0.9808529026105615
0.9387574206907853
0.9023276600499051
0.8968347359797423
0.9678870386368376
0.9656630947150506
0.9120660640088165
0.9076033143988743
0.9154457745220654
0.9557216448798499
0.9974320230448019
0.9148996345611384
0.9357767441860465
0.9201437457218535
0.9329618497797881
0.914865126244216
0.9212246992925844
0.9905985957396168
0.9999107541276216
0.8796230877354771
0.9357602350053917
0.912891856522515
0.9174145481853805
0.9445592696127996
0.97768262039639
0.929913246455891
0.9455730734637141
0.890582726326743
0.9074287413133153
0.9375859326808024
0.9999479785969084
0.9269206188784685
0.8791326382747884
0.8857671501605041
0.9318722139673106
0.914167743468639
0.9447212671632148
0.9999702971032249
0.9043870852763835
0.873719148177849
0.8919157654079974
0.9759992875484245
0.9395095165658739
0.934932624955479
0.999933223027668
0.8735401920194691
0.9574649621984969
0.9358636704230995
0.958473350395015
0.9999629107632965
0.9193463441410568
0.9395386783356819
0.9273490331000118
0.8843858205247977
0.8745088153738935
0.9870332065567937
0.9592699128165589
0.9048822796821255
0.9349735728211477
0.8969987621468969
0.9999629399033473
0.9997628628383836
0.8672960495601977
0.9999555400769157
0.9738713644377935
0.9277353878065042
0.9926515252529742
0.8735037923678597
0.9171061207560586
0.9727671991764244
0.8732265039542667
0.9269576807730756
0.904960421772838
0.8398083772036992
0.8884940552865752
0.9155050523744309
0.9619592573949605
0.9099085095043524
0.9523108124111795
0.9228554511139072
0.9915644285270309
0.8685172306645162
0.865539690759784
0.9893175513223599
0.9292123776622109
0.9934237293150766
0.9122481285321182
0.9574401988195091
0.8704633704374838
0.9525630311143324
0.8927707724734681
0.9610660435261668
0.9989869935892222
0.9999482432272566
0.9692208733198279
0.8875376119116092
0.9582748066772138
0.8867524210837584
0.9999852149742741
0.9999630382554057
0.9068577807018192
0.9325266293621519
0.9999408682026151
0.8684727826305444
0.9728511468432254
0.9833465093426526
0.9856599312917883
0.9999482868160932
0.9289017255643541
0.9927686637170102
0.9613978597856832
0.9989366494118342
0.9112784730682615
0.921304431286269
0.9102727843195157
0.9138718893260791
0.9999483272802433
0.9323850508957504
0.9101981162715167
0.9033458072230465
0.9304196371902168
0.8828746403010403
0.9709293746126376
0.905726215769594
0.8821880417542695
0.8813791882441464
0.8766964654511122
0.9079156003628506
0.9569721996902883
0.8817652263677923
0.9062354840850273
0.9331829341118705
0.9003774642072514
0.9897379188322459
0.8686063054230766
0.9765525375004607
0.9902483968452863
0.9223659480375899
0.880440068972632
0.9999631570027485
0.019032671647729784
0.9585420841683366
0.8698970758338184
0.8841543822426533
0.9693172442244224
0.9530733252310979
0.9330475517058512
0.9999705388445335
0.8854388381119319
0.9558048076356567
0.8623871452346937
0.8702106821211072
0.9285093661639963
0.9618694919122682
0.9106509224222972
0.9999411097860813
0.9366272350511973
0.8641954407943646
0.9195892982004196
0.9013958074271377
0.9146224818635313
0.9527880575931253
0.925149149973885
0.8866215987583032
0.8751140074730059
0.9054133568696675
0.8912375152611682
0.9661862038535078
0.9945735693119904
0.9513285397091475
0.938685938200719
0.9952729625218708
0.9577170748919404
0.9003337155626121
0.8917089305402426
0.9834855912334727
0.973093939705731
0.9173954582200338
0.9920631421138498
0.9899423281783786
0.8841887186117927
0.9838254737769943
0.9189614014469867
0.8593158965545101
0.9185866316090984
0.9286212645324285
0.9999559364603758
0.8691542800070501
0.9342674392133536
0.9999485955571874
0.00034513904697562733
0.8967038937962126
0.8724852418573232
0.8918706588936696
0.9999339241008172
0.8723460488062725
0.9196978483809636
0.9079544286700043
0.8812376128606034
0.9248267661048799
0.9999779792270709
0.9074937069300827
0.7280238932143565
0.9807452413448979
0.9415955565664644
0.9215700660308144
0.8987440208938581
0.9508062031426517
0.9262864478268843
0.9999706592141071
0.8935984509542181
0.9944335249941328
0.9989879804342884
0.9910386905634918
0.999948669438517
0.7275707068114656
0.8807476005073946
0.8662595039262121
0.9245370166717987
0.903568549864439
0.9654593814342344
0.42911040944754986
0.8830617985759076
0.9999121007910928
0.9541938886121935
0.948080007616983
0.9585991226207129
0.8548338667272075
0.956193795951844
0.9451616446380844
0.8995343183914947
0.9227327973758584
0.8714325460163126
0.9003572788239084
0.9512375458451988
0.4196825954556102
0.43273235683802913
0.9514060693006983
0.43265634720240054
0.8263946315011452
0.8811309571720217
0.8722085638188896
0.887035289124979
0.8613436155579619
0.974722163285314
0.8564655960785749
0.8654912575901675
0.8702747381356428
0.9647754949788989
0.9414793254252658
0.8815377639969578
0.9289845640871899
0.9999634406715218
0.9255611610733347
0.998757137321704
0.9547611214679972
0.9012727445519076
0.9441500054826565
0.9645323220587912
0.8556575236369481
0.9412787342678286
0.9999269598498295
0.9459141638424682
0.8676487773525373
0.4317336975176554
0.9413706232429078
0.9255421686746987
0.9568058049727709
0.9999270051680341
0.9675220412214632
0.9700623275773986
0.8546459014479215
0.9250085748272263
0.9641548812703417
0.9286459511319612
0.9346611220544248
0.8852938601610832
0.9999708186818799
0.86336545546064
0.9301100760830713
0.9293758935605287
0.9482844138413958
0.9389017336824524
0.8668917834794405
0.9391435613960882
0.999970830598702
0.8725889842559305
0.9889452805973632
0.9100354346209371
0.9747007101299232
0.8695721909538946
0.9705179050507406
0.9358935106212366
0.9121525575699259
0.9091823569288635
0.9171447106588625
0.8781915320082508
0.9999781344295273
0.99997813490762
0.9762477406565215
0.9822180763456689
0.9031999475298971
0.9737237127825465
0.9511093300302379
0.916735883424408
0.8730601658239469
0.9187484063672459
0.9961681357907773
0.8550942077012156
0.9129168274867642
0.9558115656017652
0.9870171478501475
0.9460897799909725
0.8981939156578267
0.9087004629764436
0.9085714285714286
0.9751635985121452
0.8816019332673383
0.9951024982352984
0.9506952579840066
0.9212238067520373
0.8775118224809021
0.8775363215062604
0.8580907067091537
0.9224272141308618
0.002313349774121036
0.8797707286203711
0.9187139096158601
0.8953239764380773
0.9736893775770665
0.9957313437177305
0.9360752176031297
0.8906936164025011
0.9653556010988532
0.9594425714950011
0.8821482283364454
0.9606096710449843
0.9999782057522285
0.9999782062272073
0.9720391988783716
0.9998547261224223
0.9883058775676226
0.9998184221612121
0.9999491585744065
0.8611986694362535
0.8747539888305482
0.8701818340256194
0.9207191768387879
0.9376334248246416
0.9999564346083472
0.9455222688526495
0.95767295643146
0.9117209336092054
0.88826616913617
0.002308513186837119
0.9422815868752495
0.9190238732951534
0.42518616364982365
0.9376895725999564
0.8489921198136618
0.947625439901317
0.8901334881021474
0.9069674658155308
0.9264347472871816
0.9255106185447372
0.9353921582848606
0.8677138174592814
0.8861698425128339
0.8841319318593693
0.9943749365730605
0.8489841184699802
0.9999275199501337
0.8543451474958325
0.9371879144532298
0.8471628378868034
0.9999710132324594
0.8747853183086344
0.9772580726959218
0.8989705807778962
0.8781275806615186
0.9999855122855819
0.9999203187250996
0.9999782689006237
0.8497743718265379
0.9239437435726597
0.9211023656256562
0.8769549351251158
0.978706921517521
0.9847822309741688
0.9897581771726779
0.92025214766995
0.8506089838689834
0.9999855264395765
0.9999059238996715
0.9100060063537091
0.9390497138433265
0.9807116294549191
0.9805914437419523
0.9228476773288197
0.966083673292249
0.9077018750316362
0.8718174915940562
0.890678891387501
0.9644052481295406
0.954672275710527
0.9749624147103042
0.9708165300724166
0.9988509069885091
0.9483071364046973
0.9077507840388479
0.9012421507489757
0.982861024003237
0.9145532579008974
0.9961923340919765
0.9491958905891023
0.9463083369455281
0.9903198075519949
0.975866278523805
0.9643677496713425
0.8740682960651759
0.8955590382851489
0.9999638900524317
0.8743743996764572
0.993673902682092
0.9091860977318188
0.9999205730294891
0.900828116990477
0.9387814034074502
0.9856630306880446
0.9698183760683761
0.9712961826882132
0.8535717636191754
0.9347794711927029
0.8585252159355765
0.9002215214991305
0.9821061365850139
0.9938386061108907
0.8753994762622729
0.9999350780506102
0.8439370987520739
0.8804775128935695
0.9073009599503797
0.9749242752055387
0.8760004614741214
0.9595261955056342
0.9551063952482556
0.9345510112877882
0.8789595042513331
0.9999351533622982
0.8839600279544947
0.8595315798194616
0.9338755456942384
0.873313694278985
0.9628647979026822
0.8953971580637959
0.9999495880624532
0.8910715700182184
0.8634216589861751
0.8490398945936022
0.9775165224402816
0.8443335781031777
0.8646568913267253
0.42166367961535417
0.8468502831974322
0.9665541731728202
0.9257718903127856
0.8599369856707142
0.9999424559788238
0.9406471844813821
0.9797607831009012
0.8457201213986738
0.862043176228624
0.9727459694237103
0.9999496638262683
0.8706082004228208
0.9345087436723424
0.9048064133443577
0.9999281066896726
0.8941091045033646
0.8866771621845054
0.9854509905402685
0.9109342878912035
0.891371849977718
0.9652480791208159
0.9042081431703022
0.9294423647585449
0.9867296058398356
0.9363028953229399
0.8645623814723292
0.8787556653713826
0.992731451554981
0.8533203110973867
0.9402632467094161
0.969463072791763
0.8784086503252487
0.9230045802403549
0.8398750987007394
0.9428524267803446
0.9606113881812637
0.9549068002123721
0.9287415698091548
0.9155827851152514
0.9688676606639558
0.9941197561850126
0.8452293880594874
0.8482093565155046
0.8429927446875627
0.9107072445065778
0.9999784927735719
0.8697244944045767
0.8973785509989033
0.9464829721806074
0.9504415390790756
0.8553294580588745
0.9153681856624761
0.9999354982047001
0.9239038513910588
0.8831963542301106
0.9166821914274659
0.8909570276118013
0.9795437452995738
0.8662512534020914
0.8406421860678277
0.986838713373242
0.9972861306237604
0.9301717779989546
0.8529487564967141
0.9525486574899249
0.8441326987080843
0.8850268719093726
0.9993488092512022
0.9203629104386837
0.8618047307642774
0.8962108260070246
0.9390687926064222
0.9395135908440629
0.8727764307018862
0.8716938217918091
0.9522678834518173
0.9701583260630158
0.8643631475072223
0.9330974336979055
0.9099284545175147
0.986084607302901
0.4202108272288726
0.9637566723594606
0.9119866243676584
0.849258007587828
0.8625500996635017
0.862383748339262
0.8994129326229485
0.8918534812138006
0.8396523527605391
0.9999642938756855
0.9066291516999564
0.43105208668023276
0.9386685704087097
0.9854156850987279
0.8858511374911663
0.9999857235653967
0.9999214807306575
0.963988464887861
0.8383106593767398
0.9468331120722882
0.9999857252976275
0.999942902005567
0.9215122295893969
0.9999714520215537
0.9840275200548118
0.8978454335895405
0.999942909747447
0.9838091636280603
0.849241175589186
0.8456225965483045
0.9999215261032717
0.9045478865703585
0.863870797457609
0.9999500677651758
0.8648174432786745
0.8869726471951785
0.9362523090529139
0.861811264836214
0.8896677994115426
0.859817345092396
0.8808180535966149
0.8614917803926038
0.8919973789920516
0.9807074641959307
0.9617299160393953
0.9999572737824808
0.9669871110161646
0.9765226122065327
0.9681774486417204
0.942503364354222
0.8596022812226328
0.8744322146121972
0.9030740097388729
0.8372059912295688
0.8739784731911501
0.8759288785126556
0.9315483815868135
0.9506895913690773
0.9858100510952021
0.8511222566072636
0.8756953237256547
0.8663186418497472
0.8988479590385436
0.8600766566875493
0.8588422676820466
0.929082350933576
0.8391790223005279
0.8022363672529909
0.8556308514114421
0.8619474809463942
0.9349337689548635
0.9999431830287707
0.8748331013323485
0.9417997684774194
0.9719139024407565
0.9535488085432702
0.9762577566988058
0.9333262335818246
0.8907756307412719
0.8384642139708545
0.9313152104478671
0.9457894176514425
0.8386405410584136
0.9999148459065718
0.9916407658137125
0.8567850960583444
0.8681416117522717
0.8440581067086579
0.9925880216756036
0.908661484339537
0.9999858149992198
0.9999787229515522
0.9529007092198581
0.8432290226278356
0.8733283224369974
0.896814311138212
0.9519947251625345
0.8963072713223357
0.9999574670192178
0.8658558194589154
0.9233102314440806
0.8420422335600907
0.6926200177147919
0.8741089775384397
0.9814657371195374
0.8599686851296875
0.9473881786308744
0.9013856142512231
0.9983575570076387
0.8569213779042603
0.9430381090548813
0.8889219141437731
0.9008434638626682
0.8920383788067474
0.9999504722821665
0.9748473506583556
0.9250481095766357
0.8326270437003446
0.8499876198224329
0.843323807368004
0.999936340423124
0.9178585069812842
0.9109729530922877
0.8256549168269774
0.8823375484455006
0.8757125277585256
0.8254775358372878
0.9486390733394149
0.8999787865931269
0.955816222637027
0.8423266731712835
0.8291539706890823
0.9737229063865285
0.9674619163750751
0.8432287249081142
0.9119781765242158
0.9733857232708847
0.8339892463241788
0.8848838523709942
0.9402543270929
0.8766831032680108
0.9999858713159456
0.8894948396075135
0.8740287078635811
0.8361899112306943
0.9524777923710263
0.9202242589428197
0.8008048857980019
0.8006974741270985
0.9647298804330947
0.9685409433482937
0.9689735954501193
0.9999506085729406
0.8943524829600779
0.9579238480912637
0.9591805059754772
0.8822935993396872
0.9557120081267548
0.9522714446952596
0.9146541022457961
0.9223173604547827
0.8591909846123468
0.9081082224525627
0.9906150624369813
0.838629617356112
0.9999647475217508
0.8870989347226824
0.932009134994925
0.9999859029843382
0.9628128590257758
0.9999154250595549
0.9999013306269734
0.8667498290941639
0.8720384490704852
0.9405302950232876
0.9999506792176315
0.975953442821613
0.8246910622948048
0.9828809344332744
0.9194460684525277
0.8928714809936681
0.8466836626899729
0.9193715360183666
0.871981577853989
0.9614387921807223
0.8597794552573021
0.8984601085739634
0.949575098744658
0.8477573692473406
0.9660698450234365
0.9622078497885188
0.9273891625615763
0.8915223464669992
0.9061530343007915
0.8608859619497917
0.9847254664677905
0.9997115540203038
0.8670741829743532
0.9337882038476418
0.9999577964098812
0.8531395733247051
0.890295625751725
0.9665850810932467
0.97112273890905
0.9359432356788231
0.8338197135162123
0.9581472861130839
0.9605110500151177
0.966720094482875
0.8987874740800619
0.8449448942869996
0.9999718856307459
0.9396318449222292
0.9052234295272769
0.9033362148334001
0.9999508060775577
0.8873616527880257
0.9233353008966467
0.8811518030298772
0.8414007771165183
0.8630829006442909
0.9140735328213812
0.9999789228153498
0.8631135966052397
0.9841595425584972
0.9565654082528534
0.9229407798629059
0.9682171849105362
0.972913770588483
0.8519366184822977
0.9999648984864228
0.8839989610170801
0.9127984108154398
0.8750886157690445
0.9822215671411325
0.990433946505899
0.9903442662063352
0.9160661535115109
0.9217548683989001
0.8932068801032577
0.883459595959596
0.8350623934681509
0.8978017199051668
0.9282678225738574
0.9972296837631415
0.9535831247063443
0.8674136975927186
0.9999368943611606
0.9289379960178356
0.9284437371620059
0.9463567152251027
0.8542277118061884
0.9410507132092665
0.9254077620225838
0.8210688628000701
0.9540979011177687
0.838500133140863
0.9459190537586187
0.8890118975882509
0.9676791031704326
0.82174735514608
0.999957964353772
0.8684876039426398
0.9999789842381787
0.9517621592843483
0.887831221500767
0.4200007003046325
0.8540916793882438
0.8195062869304657
0.9582341742027606
0.999937008755783
0.9649361011184054
0.9250019244630748
0.9559768232774909
0.9177844483161556
0.9146079522000434
0.941034897713598
0.9277588884691265
0.9868132021882389
0.0019097185788336027
0.0019097052198609342
0.9589479942643304
0.939581730432958
0.875006993789515
0.9553684446091767
0.9439926153329744
0.9163229351640823
0.9999231032723053
0.8216078294302691
0.8617045073258025
0.9999231097224262
0.8739008262152074
0.8313157011854171
0.9724280123008108
0.8550941391890192
0.9520092249633098
0.9070883970564598
0.9816906132945715
0.8918998239092154
0.8790745774318196
0.8353989967443095
0.8581987885731851
0.9001445964919633
0.9999580897298883
0.8717470561119726
0.916848831930719
0.8394868607582561
0.9714966029145806
0.9304421899329
0.8156562659275136
0.8753534549567475
0.9347393553521687
0.9620391894061555
0.9195622129465469
0.8789331881508781
0.9599318821057922
0.8350244242847173
0.960504647333017
0.9605473410973338
0.9606818403829247
0.9999860452135082
0.9999092964193017
0.9022571079713937
0.9704326956618806
0.8572514876903651
0.9999511684687827
0.8636423882637722
0.9009437581523824
0.9174815517457837
0.962657164175982
0.9999860532903775
0.8556476019134486
0.851580694194592
0.837793365034653
0.8492376125105452
0.8651380687799335
0.8450904527867824
0.8722899965144649
0.916695122546116
0.9097846008041756
0.8599836955385698
0.87818489643208
0.9129835023966113
0.9107020941605941
0.9626458601832178
0.9999164042689553
0.8308813285407786
0.9847870606427885
0.8369472093169043
0.9177549783730697
0.917557581540476
0.9999791060160744
0.9999024967789114
0.9999512487289847
0.9355836124710126
0.9394851010786833
0.910477278108157
0.3335816686742374
0.7635462493735033
0.6801922421527783
0.9999721799125059
0.9999513158626829
0.7838709901740576
0.9994716975885776
0.7836528436183671
0.9989647457721329
0.6793834269955612
0.9986178251930877
0.9994583483792117
0.9981048247136411
0.9986810684733715
0.9985840216561394
0.9994517049200808
0.9996946564885496
0.9976338833455918
0.9999791841577563
0.9973086394062359
0.743807958273511
0.9999722570935144
0.8538219343384607
0.9614411040604737
0.5136683263755011
0.07520491519076876
0.2627140974967062
0.9999930657162075
0.9999930657642915
0.9999791974371243
0.9999791975813721
0.9999722636341574
0.9999791978698619
0.9999930660047013
0.999965330263906
0.999972264403442
0.9999930661489391
0.9999445295761367
0.9999237286960381
0.9999237292248809
0.9999861326824939
0.9999306648547082
0.9999583992012646
0.9998751993343965
0.9998752001996797
0.9998544022519118
0.9999306682196986
0.9999029361805387
0.9998336060345545
0.9998405402219958
0.9998474743132878
0.9998058777445767
0.9999792013311148
0.9998682760102884
0.043294995251069376
0.9999098824312334
0.9993003456708023
0.9999653648467048
0.7629617829983516
0.998727260150792
0.998377127861607
0.9924733402132783
0.6665962118009627
0.9996864605485577
0.6663781234238041
0.33427389398927215
0.399227209845919
0.9098987365924796
0.9999386732990359
0.8241346415917143
0.7996320899335718
0.9997342962256438
0.39486735792241767
0.9999795625012774
0.9999795629189602
0.9999591266732518
0.9999182550170983
0.999516388306133
0.8914572932771221
0.95933735965193
0.9664279197701494
0.8640813714410207
0.9999251155603058
0.9999659627768928
0.5890365267586075
0.9999931929724247
0.9999183223408817
0.9999115164715492
0.3958248306260713
0.7953600990280829
0.9988234494015233
0.9211430048078558
0.8899783097959489
0.9982117967023627
0.8986320183848027
0.9282956013325175
0.829314375815572
0.9972747414062606
0.8562760738697359
0.9970310886461221
0.9971822761776727
0.8371024135238806
0.7910919852302346
0.9999660632716364
0.9999592762023701
0.999972851538639
0.9999660646536219
0.6573466437737949
0.06907230466897066
0.2660013414906807
0.022302465330235017
0.99994580496562
0.999431206451744
0.9999661443874166
0.9994788776242234
0.7537107445844101
0.9999323519861457
0.7214902347843135
0.6967859677582886
0.9999594460328082
0.9997634463834332
0.5473091186662794
0.1253240440699935
0.9998110100164691
0.05458067380060399
0.49881741093626114
0.9919706755105603
0.03301637081264366
0.03308160844830706
0.9956805336047788
0.04690653443643994
0.046938693682254985
0.032868805365899284
0.9969670855295242
0.0609831777447101
0.06038566757856809
0.06144808087274279
5.332586771185367e-05
0.7619529336598871
0.3605087753108407
0.20360391487212878
0.9785977125808055
0.1264274872909721
0.42741433434441106
0.0319163689434513
0.03857419942207972
0.9950405265483516
0.6591198201939111
0.08678410034123397
0.9999736505803459
0.9999670643102279
0.0867766689721042
0.9727502667667866
0.48951651067409824
0.9996714719371329
0.9992184575372874
0.3637211195661451
0.9824701927622249
0.4247178514181033
0.13422341189527975
0.6823385065197812
0.42103718008102764
0.1064393247580035
0.10574711145577416
0.23881996068271472
0.3584269955250286
0.9874274787314307
0.1049101780856603
0.9782445319788535
0.9630591649285538
0.9614461882683117
0.08454256227205711
0.1328512717121588
0.6457718510865003
0.9999612555775825
0.9529580392941769
0.9998967068864227
0.16026831785345716
0.4294964817573799
0.3572225482545804
0.11966197618878797
0.9999484353346869
0.9999677731227844
0.9998904314423089
0.999896881303936
0.9998259905648217
0.9999613319842492
0.9998517783377263
0.99983244831675
0.9999613349744488
0.9999613357219265
0.9999613364693752
0.9997551357063691
0.9998389092221248
0.9998389216772764
0.9997551719916759
0.9995554667920808
0.9997358689910195
0.9999355790477295
0.9995619459905174
0.9599889358472118
0.9936707234009742
0.9639147811471571
0.7330083074061007
0.9918416039714456
0.08967184004205371
0.9753008070668026
0.6402871242709736
0.966757440809919
0.42656101872966257
0.996440050710069
0.9889681900157323
0.0894476346382576
0.9676573259220024
0.9783223253884687
0.131183838590088
0.9519571592502869
0.6441277059171937
0.39634627123817273
0.7356387575618931
0.9889178369447799
0.39049961334161587
0.4220356169592496
0.1944513095441785
0.9428616680921157
0.9875577292222314
0.3518653430723521
0.9926771020074623
0.9341210122961453
0.9802493355271484
0.9999746873892573
0.9999810159023458
0.9999557048933437
0.9999303951656279
0.9999493795835205
0.9998354878102795
0.9741084359446247
0.6909800152998969
0.9309998927492161
0.9648019836250243
0.9553589407974225
0.4052329852629993
0.9519949772406215
0.9970886457183014
0.40478057163644576
0.34725696338229484
0.9248849224988257
0.9591281335827478
0.03910377034114992
0.9373921740217527
0.128470464728268
0.09851620192637815
0.9334813881385643
0.934681259504874
0.9183025027203482
0.9813860376631208
0.6592588001983143
0.6386672283901665
0.9999132708057142
0.63837640661675
0.9999628425452857
0.6898347378654002
0.6333510796354992
0.9999133395233674
0.9157367003992202
0.9146449365483019
0.9998700816629548
0.9991402505025514
0.9980583965075871
0.6346869398603128
0.9972813998319411
0.9976772487753047
0.9984869071146245
0.6860113351525553
0.9962801658194739
0.9999938311588168
0.6664076520323399
0.11099394432727766
0.998399142925751
0.6833702337023371
0.992770951025652
0.992722131726957
0.9963307150495999
0.11057934508816121
0.9920013269687978
0.9998955735469366
0.9924652739397959
0.9999201763488662
0.9997973956126941
0.681522212744021
0.9977786232373191
0.992281261504479
0.9981289147091843
0.9368011102755514
0.7100660066006601
0.999963331010964
0.0944850132909652
0.9393322152767191
0.3169866736538075
0.9453692420180356
0.902537106090517
0.999951257555079
0.9456416442762882
0.9999268898961836
0.9999207998001718
0.9998964330317707
0.9998476993463256
0.9494501077861814
0.40455752185508514
0.9024351791214922
0.6928510793111812
0.8918042488435851
0.9287462916958105
0.9608485518833332
0.9999699445175795
0.22056808346956439
0.9153295111720092
0.9533499712036859
0.028934921870322698
0.12307756778275993
0.01808308541524786
0.8784666841240746
0.8788793077797417
0.9998571964084897
0.999982149869694
0.9997917583921367
0.9047035737646429
0.6011983665123136
0.9999643356019853
0.9168121622424135
0.9445567204603778
0.9311016074325321
0.9816320881942441
0.9370330278035981
0.37945530874069544
0.933974351439352
0.892259770790479
0.8739100053435428
0.8760970512436672
0.862451382318932
0.9813241297149564
0.20954132726051794
0.3886690479525611
0.8761180627631164
0.9197676180265013
0.9329237399178872
0.8592299099350694
0.89268636051612
0.9269279981388857
0.899712984266425
0.9103410213210945
0.9144484158937789
0.6705591371690386
0.9154218193402647
0.9999304980394655
0.3179049163240489
0.9993169675675363
0.3852513074466608
0.9941529937712901
0.9983350483876562
0.9488617312783989
0.894179099303156
0.1991497767586394
0.9963651050080775
0.9980095426563663
0.9999711536242587
0.9999480777218812
0.9999365420005423
0.9998846278093129
0.9794655268880468
0.9912657461589461
0.9213378951248733
0.9898504919316304
0.6682945348496091
0.9117778695861737
0.8904470366821398
0.9999827867159349
0.9999426246908906
0.33338107569264613
0.6682954773293616
0.9999942715076247
0.11739748633817373
0.33667714101591684
0.3285258877806482
0.32945577300305645
0.33838162088805
0.3388965548700521
0.3380766687190714
0.3321418391197765
0.5243622267194937
0.014724408999960097
0.329059950862752
0.33952767216366736
0.3380907868037664
0.9998917058045689
0.3374197115028411
0.33515894817229547
0.33202259037002846
0.33688361570330355
0.3442512721450103
0.3443032060668562
0.3315405345351163
0.3295657177364682
0.33329345615504247
0.34294698346330654
0.3400720006379803
0.3267849514424857
0.9989121086296556
0.3403598503186709
0.3327372138056726
0.3422067088412985
0.34430747330960854
0.9996583707702031
0.3382582356893155
0.3338912800892715
0.9999886134611662
0.33146787058281
0.33975690985169793
0.3374359558237504
0.9993339633167488
0.33193679129286396
0.32797336141389416
0.9993169748817513
0.3365604617013284
0.32851459565289154
0.9979682431278811
0.32850192061459665
0.33354767852773304
0.33637372329227005
0.9982645704954225
0.9997496500790878
0.3416742053128965
0.3297604214670558
0.9988109731814717
0.33371827764914697
0.3366174989902897
0.3432858743693153
0.3323075872974341
0.32714150025878297
0.3371154600829224
0.9991639747031257
0.3323267135285152
0.32824557712102
0.3259982031774192
0.3335512961204519
0.3317223498373854
0.99811803502388
0.9991926818313615
0.33605839748035793
0.34161607203765604
0.32696297727931606
0.32852636066505614
0.33673625992599204
0.9988120545204452
0.3344208438247782
0.9969990280943261
0.998743961352657
0.7766973186173659
0.9999090733437141
0.33841371589636926
0.3314580563037722
0.999096498505529
0.9970510023182872
0.9968806286470792
0.9970284428586039
0.33652229241467074
0.33344316309719935
0.34046988786766796
0.9977278665803256
0.9983073855923299
0.33131893721672556
0.9983131804783297
0.9981144612868234
0.9970070592511401
0.335326654854391
0.34655190022809546
0.8538746348422745
0.8588836967221462
0.9701790388322621
0.36446961953114854
0.35743486657105106
0.627380569247534
0.8448491965808105
0.36893976597293954
0.09363712299078923
0.8636778475093799
0.37496903083402777
0.9974551125774868
0.8410692806636915
0.8560845787642553
0.5986516096409911
0.21853177300741022
0.9952927166305288
0.968960304574212
0.9918428360281274
0.9371200161230728
0.027536337331325943
0.8997102130325815
0.7876553424381845
0.9636242869422521
0.8341481089216534
0.8462636149789853
0.8419062531232302
0.9629006650456872
0.6060083504760215
0.6059814700843328
0.11398552934327613
0.8410703594474134
0.9999667394702706
0.8611729030401629
0.95103610457878
0.8898731795847904
0.9999834007447532
0.9112740574560846
0.9999723723325487
0.8268381763831563
0.9181343032336757
0.35594248619790086
0.6249111575142837
0.548125382111403
0.0001817520901490367
0.0002203043504601607
0.00023131829397250617
0.0002588533348020047
0.00034696788619453334
0.0005452172332703672
0.0005782575173477255
0.0005892687010204812
0.0007819899993391634
0.0009251406984812274
0.000980197801713694
0.0010572745444633505
0.0011453555282677048
0.0012609715538032884
0.0014206187951170358
0.0014536484373279298
0.0015031880802140803
0.0015472290284392809
0.0015582327548233636
0.0015912519684172274
0.0016462944609624492
0.001750869929084262
0.0017618719889883
0.0017893815346837199
0.0018333874724028388
0.001855389714424141
0.0018829073851811884
0.0018994136592617062
0.0019269201759553394
0.0019764586705425078
0.0020425128964594607
0.002086544813917639
0.0020920386917050665
0.0021250474832501115
0.0022019883955211555
0.002223996036442707
0.002234993614303959
0.0022459910710845164
0.002301001871628317
0.9996366879149189
0.0024000352298749338
0.0024440456662226284
0.002526545238370461
0.0025430446078647233
0.002559543795720883
0.0026641126413245704
0.0027191413237924868
0.002735639269909069
0.002752137034407217
0.0027741388610618787
0.9999889915730492
0.0027906208718626157
0.0028236304291588002
0.0028621279921621726
0.0028786244248255213
0.002895120675895093
0.0029281126332649007
0.002950112280392761
0.003027150790636747
0.003054653530739171
0.0030711482682136155
0.003087642824119939
0.0031096409878201142
0.00312613515030766
0.0031700954330812665
0.003186588808964276
0.9999724825677067
0.003357071313000121
0.0033735629337339782
0.003406564378013076
0.0034505530790820537
0.003489037597957207
0.0035055279479178705
0.003527521269687531
0.0035770102797772346
0.004000374175301129
0.004209356326139828
0.004264263272863329
0.004269742054758341
0.44152828672983174
0.9999284759321512
0.004445398077695435
0.004582890907390393
0.004698374274475284
0.0047313578997172185
0.0049842660035649055
0.005022748152916
0.005061229878860563
0.005182173762357174
0.005215152548713266
0.005478969777650644
0.18686601975928005
0.9945125357342358
0.01124838448226764
0.011303085895785986
0.011335881624919225
0.011603837644842617
0.011696803092862541
0.011762386647391248
0.011800653827409278
0.011942832110393166
0.012139696863500964
0.01235297982784677
0.012391241259602802
0.01242402672069211
0.012456811822746413
0.012593492996922808
0.012637227256549949
0.012746595706236962
0.012861366622864651
0.012899622757212237
0.013025338910667747
0.013096372217294658
0.013200109499041884
0.013395667621023588
0.013395594289217832
0.01366338584832328
0.013734398948981826
0.013772641927731947
0.014198683036569546
0.01437328954570334
0.014389631145970739
0.01440597256735011
0.015202924565474367
0.015617817664441282
0.015645093328809628
0.01566142430311587
0.015677755098690512
0.015715888259596706
0.196300085904542
0.016327245269804447
0.01648565097256039
0.016529332589212437
0.01667131734593941
0.016769618812612505
0.016813297441621255
0.016889710790375
0.016933388045411023
0.01703159023514865
0.01731533049577101
0.017909108811237775
0.017941831270205072
0.017958143249422912
0.018007176614738316
0.018121649710097363
0.01843658220440487
0.018523886351828053
0.018627595749451727
0.9999945309765488
0.24355034503876902
0.019367852535368334
0.2645319281520919
0.019627670040884147
0.019704083473165827
0.019753167393609463
0.019791319366634055
0.019824005247048537
0.019845759478796028
0.01986204785693204
0.02011805213969503
0.020270750329283556
0.020363437628091268
0.020412401558665843
0.020456011105160182
0.02047775974292132
0.0222010991292187
0.2214021938641727
0.022633924670103993
0.023893636189904175
0.023936271860138792
0.024137629805959883
0.024175716181023047
0.024594236050072882
0.02463231681352157
0.024692234202265594
0.024741232475870203
0.02486652327244538
0.02494813844306147
0.02502975183151183
0.025105904445803125
0.025133062204874854
0.025225589152068652
0.025258204685896457
0.025279902177532492
0.025296140619029423
0.025328755233608637
0.026080834761348627
0.026124351257101382
0.026477923240216757
0.026592087312414733
0.026847395475231642
0.026918039943250028
0.19972935809852238
0.027025699787199216
0.027052834327307648
0.027090881313021082
0.027128927883539856
0.02717788666150136
0.027215932342108853
0.027286715118182415
0.027906443851580275
0.05074519388133633
0.028905580920898316
0.02892724277500791
0.02894344953988316
0.028965110951102966
0.06930315014318833
0.028997523537305128
0.02901372956520316
0.029414010515522393
0.029479138260158168
0.029495339540007964
0.029516994633273702
0.02954410345072074
0.02956030411117292
0.02960361264425489
0.02961981271508587
0.02963601260921258
0.029657666108562984
0.9999509162303665
0.02969551867627249
0.029711717804125175
0.02974411552976593
0.029825432057022257
0.02985253697482658
0.029868734627990553
0.03088960985850214
0.031025420124537892
0.03108522947235263
0.031112322791712103
0.03112851074966876
0.031171961047316822
0.031215410871141692
0.03126431266493643
0.031307761511409175
0.03135120988408231
0.031514094106101086
0.03172024250883238
0.0319263774247364
0.031958914639930655
0.03199145150034892
0.03201853618645223
0.032051072367058106
0.03208360819290508
0.03209978847286129
0.032121420277055425
0.03214305184539061
0.03217013481908729
0.03218631427449954
0.03230572137269332
0.032661782661782664
0.03274721201748553
0.03283915626532948
0.03304465361158498
0.03308807499454981
0.03312059559300418
0.03450868847367303
0.0345357454228422
0.03456280207714649
0.14063632351258426
0.9999727556068961
0.03469826999046451
0.03475256911827207
0.03493123814920559
0.03506688097638053
0.03517527705434297
0.036297175978384034
0.036329663505275944
0.03636759819142561
0.03768837379024133
0.037856178110840015
0.03793201102288447
0.03796992685942087
0.03805120329374091
0.038127032016686366
0.03818652144315861
0.03822443444828075
0.038251455395992964
0.03830570501230749
0.03870135103492216
0.0387283677670199
0.039284975334589294
0.03956681766704417
0.040335969777961646
0.04037385415986239
0.040417181520774705
0.04051472149190849
0.04069890863565849
0.040736789392322934
0.04079644235427315
0.040964065272531325
0.04126185849811407
0.041294290535024224
0.041337607698210974
0.041407912568781874
0.04144578575549435
0.041776195840884725
0.04181950778809417
0.041873704032262454
0.04191701497735981
0.042046944984135796
0.042149889251097965
0.042420614405050204
0.04248024554300268
0.04259383213883402
0.042918011198842025
0.9998694090760692
0.9992926632859599
0.9998476580140045
0.0428145536841189
0.043648073805716024
0.044035659311072554
0.04407893305484847
0.04411132807188352
0.044138283638104146
0.044230267165607864
0.04481995333634272
0.04481970957741883
0.04497076818490823
0.04506273215247149
0.04510055580330437
0.04862009369667061
0.04935084696944171
0.04908918983544552
0.04914843435825535
0.04918077330652392
0.04921854621337275
0.04931529181610694
0.049347628803234414
0.04937996543891491
0.04940686761980839
0.04947127036397031
0.04949817146396996
0.04957343911318807
0.04965957192460048
0.04968103719964789
0.04970250224142147
0.050034772781605195
0.05006710023743161
0.05008312777771741
0.0501045883024096
0.0501260485939062
0.05015294175173995
0.05032000086927231
0.05057425054056697
0.051290408443741886
0.05151172770432497
0.05153317580596974
0.05156005562315314
0.05158693514831855
0.05160838249193364
0.05162439774251897
0.05164584464964693
0.051667291323784226
0.051688737764934656
0.05175335679833138
0.05179652915455854
0.05183426938828718
0.051963782324601186
0.05197979468795828
0.05199580687737289
0.0520172503693404
0.052038693628369534
0.05205470523697275
0.05207614805963664
0.05235516790041656
0.052398331595411886
0.052769345230013955
0.053059429167209696
0.0530917226436713
0.05312944600714619
0.05315630854443268
0.05319946132626686
0.05352779557573059
0.053608661656748186
0.053684096215453114
0.05372181288042091
0.054470926760410446
0.055025352051507555
0.05513845686149971
0.05530554303985061
0.05537551230898678
0.05541321057888566
0.05553715957637377
0.05557485615025513
0.0556068222036456
0.055633661377786706
0.05601541509485168
0.0563853459972863
0.05644986214532271
0.056465837733985336
0.05648181314923963
0.056685588998274195
0.056728389701732294
0.05690500998523921
0.05692640810102403
0.05773895113812095
0.05781428889238566
0.05783567917177614
0.05786792114987059
0.05788931090613131
0.05791070043027439
0.05793208972230361
0.057953478782222755
0.05801221881002246
0.05828002842928216
0.05832311548519407
0.05851589032475071
0.05855354885610898
0.05858035675534916
0.058601739281393596
0.0586176965225411
0.058639078614015
0.05866046047349348
0.05868184210098029
0.05869779856130719
0.05872460465999403
0.058745985591528514
0.05877279113797013
0.05880470220626129
0.05883150699793859
0.05884746204045763
0.05886341690987404
0.05887937160619063
0.05889532612941023
0.058916705090997855
0.05893808382064162
0.05895403776573527
0.058969991537743835
0.059211525526698346
0.061269858482893236
0.06135019221072151
0.06197919208019561
0.0621459125088776
0.062183525431814976
0.062215716570437236
0.06294415143022859
0.0629871749005323
0.0630247773507586
0.06305695886906182
0.06311047992801622
0.06314266045846048
0.06320702047276532
0.06343768970600988
0.06421998460888133
0.06425215284815443
0.06432190760059613
0.06495744092931022
0.06500585150188548
0.0653627350056889
0.06541078820189411
0.06543210545421053
0.06544800459436324
0.06546932141405933
0.06548522018030513
0.06550653656739464
0.06552243495974601
0.06554375091424268
0.06556506663777224
0.9934779664689473
0.06647129562419422
0.06652510468183763
0.0669844278943805
0.06703281227996057
0.06710249799597028
0.06718301467800465
0.0672205642606063
0.06725269725724685
0.06818624902521445
0.06857563680471322
0.06861858528317621
0.06865611834909083
0.06874705567017009
0.06877375756722512
0.0687950443742927
0.06881091617933723
0.06886431812520982
0.06888018929733651
0.06889606029758939
0.06891193112597124
0.06894908683339922
0.06939677108485919
0.0696103164892753
0.06964242210973662
0.0696745273825765
0.06973873688541453
0.06977625474369177
0.06981377219575574
0.06984046210230564
0.069877978800576
0.06991008158161138
0.07003345495490619
0.07006014280532895
0.07007600363778095
0.07011313809343366
0.0701289983814303
0.07014485849771561
0.0701607184422924
0.07073845337778957
0.07076513380098727
0.07080766857551123
0.07130061103985019
0.07132187391756148
0.07134854872841223
0.07136439898251881
0.07152985236177858
0.07291407425040848
0.07294614115292017
0.07296197710402735
0.07297781288378409
0.07299364849219317
0.07301489404292384
0.07303613936377408
0.07333975288338779
0.07338804347238076
0.07342551418957664
0.07346839414676368
0.07351668325615614
0.07421691178459192
0.2756496579324518
0.07467997771876977
0.07470661402844628
0.0747761097170546
0.0748992780466701
0.0749475437495944
0.07497958543562788
0.0750490755411829
0.07507030067056024
0.07600056232630065
0.07671222508163751
0.07678209390965858
0.07680330439107728
0.07682992101293744
0.07741750637893006
0.07768444040823387
0.07852707019279101
0.07854826505242676
0.07885663020450516
0.0789044175665013
0.07893101305158484
0.0789467995417108
0.07974366178918019
0.07987161753263594
0.0798982023309721
0.08014825860969732
0.08016403451424496
0.08017981024831969
0.08019558581192425
0.08034513126117705
0.08044648066907267
0.08046765679955482
0.08054198902191295
0.08065953894942707
0.08075591163743037
0.08095361576610159
0.08126840072387435
0.08130037381965903
0.08141249682636574
0.08188938100896619
0.08191054385576399
0.08201724063431708
0.08203840233330632
0.08205956380370086
0.08208072504550439
0.08209648497418282
0.0821230468433532
0.08213880637321092
0.08215456573283428
0.0821968858187553
0.08221264460935221
0.08222840322972645
0.08224956253105489
0.082265320781823
0.08241476336809588
0.08255295248587753
0.08256870824714987
0.08260021925916325
0.08261597450990982
0.08264748450089647
0.08266323924114206
0.0826789938112262
0.08269474821115161
0.08271050244092107
0.08272625650053732
0.082907178304704
0.08295488295488296
0.08299223483416673
0.08304533771086679
0.08310789284692185
0.08326808749601776
0.08329463601118803
0.08342737428659364
0.08346471998444958
0.08353401077718864
0.08364197864138474
0.08400997689334226
0.08405811185073611
0.08421734553405134
0.08426547755295946
0.08438782120492334
0.08448902252716702
0.08450476128781499
0.08457402588989776
0.08460056033296086
0.08465856950067477
0.08469589907746787
0.08474402435601235
0.0847867510917502
0.08486680521443415
0.08490953059550028
0.08494685760861938
0.08500037785142882
0.08504849966803232
0.08512315058215167
0.08518700442074241
0.08522926618627372
0.08525579437133635
0.08527152703935402
0.08609821910415542
0.08614585919202167
0.08620968786426629
0.08632701409013151
0.08650862603946878
0.08655132964945605
0.08666864527965897
0.08671134710440545
0.08680167710812167
0.08694596432155924
0.08719135802469136
0.08721786660479472
0.08743626406237354
0.08755355080987169
0.08784764371071727
0.08786335484149421
0.08787906580274821
0.08790556652531857
0.08798601632507728
0.08793698748381527
0.08795269770879527
0.08796840776426668
0.08798411765023224
0.08799982736669472
0.08801553691365684
0.08803124629112134
0.08822307696457375
0.08845218123068126
0.08847867600254615
0.08849438178002902
0.08854737001095042
0.08871759464037197
0.0888348283878763
0.08912813652937496
0.08914923110945701
0.08928561797146786
0.08935428891957196
0.08941313528469491
0.08945580065800118
0.08959900763152927
0.08976377952755905
0.08979516993668497
0.0899064856061178
0.9990185081323611
0.09016636557284223
0.09033159152066178
0.09055515112297446
0.09068310254087399
0.09089291491426722
0.09097820577800304
0.09104682824252554
0.0910948637486116
0.09114289873670249
0.09218967320402377
0.0922269122744597
0.09226415094339623
0.09229599840432127
0.09237586454127426
0.09268792280947633
0.0938815325001482
0.09392952994815526
0.09392598660278831
0.09403275437452509
0.09419727539230902
0.09423448959686155
0.09427170340033411
0.09431430557576345
0.09434074106007372
0.09437795368938369
0.09440977723172427
0.09610132146724346
0.09622853941421422
0.09627650405102568
0.09631908119784736
0.09635627094174559
0.09638807336978479
0.09643603611368484
0.09647322462655612
0.0965368268521162
0.09731939439965098
0.09734580003016137
0.9999946140712774
0.09738783863844455
0.0981275949530687
0.09814322179021853
0.09815884845906547
0.09817447495961228
0.0982111124274375
0.09824236419247835
0.09933995886856245
0.09938249339154873
0.09943579473264853
0.09952624495289368
0.09957954465924813
0.09962746026960678
0.09972328994261227
0.09977658744044575
0.0998245009582463
0.0998874886277381
0.09993486253842303
0.10002637656038886
0.1001695599515543
0.1002761375197145
0.1003132771372283
0.10036118183433004
0.1004037033049844
0.10044084163611995
0.10045644895630362
0.10047205610847064
0.10048766309262369
0.10051941760637295
0.10064104979304479
0.10106082379345421
0.10132556900439704
0.1013573150779299
0.10143695172488025
0.10171671510063503
0.10175921989441451
0.10197118825574325
0.10200830875863702
0.10209869235322606
0.10213581157072824
0.10217293038873822
0.10218852410497598
0.10220411765338959
0.10221971103398175
0.1022353042467552
0.10226649016885675
0.10228208287819027
0.10229767541971588
0.10231326779343633
0.10232885999935429
0.10237080562191946
0.1024079205789771
0.1025504439063761
0.10257141473546012
0.1026025945236289
0.10261818416606584
0.10263377364074144
0.10331563345653308
0.10342156229825694
0.10346942398631383
0.10351190540235203
0.10354900663320475
0.10363934690803454
0.10399363084735551
0.10401458872386321
0.10404092566891521
0.10415646869604041
0.10427256639072224
0.10433599234033855
0.10435694690979506
0.10437790125382576
0.10439347648349757
0.10442462644018202
0.10447785278218541
0.10452032100518514
0.10455203128277672
0.1061374403760009
0.10625289037545305
0.10626845125105532
0.10628938934417415
0.10631032721210981
0.10633126485486594
0.1063468249743234
0.10636238492643896
0.10637794471121531
0.10648319917407366
0.10673018501691015
0.10675111837577426
0.10684080070112427
0.10689362251207002
0.10694143516900628
0.999994623655914
0.10697869457929456
0.10701037578624806
0.10705280870486154
0.10708986516998903
0.10719085660219123
0.10722791172754885
0.10725421469120935
0.10729126907755743
0.1073283230655098
0.10743948263905688
0.10812249044555174
0.1081702859600086
0.10824975005643887
0.10829216901469015
0.10836625547582573
0.10849829883525308
0.10854071486159635
0.10857775556164707
0.1086464609546742
0.10868887527277027
0.10873128913493321
0.10876295308939245
0.10879461670348334
0.10883165464532565
0.10886331754980946
0.10890035472428249
0.11035464803868887
0.11134273188343506
0.9916455791413482
0.11167998108940093
0.11177010975550793
0.11184411984334625
0.11259420001826258
0.11276842591498458
0.11281078961644439
0.11284241057041573
0.11294801351358609
0.11297963305117519
0.11302736525498831
0.11307509694606468
0.11311208623588113
0.11330655123151122
0.11398529672371481
0.11401153486773566
0.11404314275127672
0.1140854902803136
0.11411709742725042
0.1141433342999216
0.1141695708908137
0.1142119168313429
0.11424889246878776
0.11427512807019428
0.11431747276173702
0.11437531211572849
0.1144647536406203
0.11494228187919463
0.11498461753225486
0.1150215836608466
0.115058549392493
0.11556342943039674
0.11560038868100778
0.1156743059917433
0.11571126405188056
0.1157589585290565
0.11582750420073332
0.11584298736297362
0.11585847035897766
0.11588943585228767
0.115904918349599
0.11592040068068477
0.11593588284554766
0.11595136484419036
0.11596684667661553
0.11598232834282586
0.11607708411616297
0.11621477994342246
0.11625173113465812
0.11663544579645424
0.11696480804632865
0.11699638260645549
0.11710183818596538
0.11713877827034337
0.11720192348976
0.11738124755142675
0.11740208442903603
0.11758139734569789
0.11782320080280337
0.11784403374331895
0.1178595001851365
0.11787496646096056
0.11824425842455462
0.11886187062711936
0.11892498041614354
0.11898808885073506
0.1190196425601322
0.11908274896315652
0.11912503219160443
0.11916194972771414
0.11918277123818312
0.1192089577062778
0.1192505995525487
0.11927142014056548
0.11928687543926478
0.11930769560925361
0.1193231505474991
0.3253917587163297
0.2307184738934279
0.9999624483665039
0.11979465612410752
0.11986846975394402
0.12109316343823069
0.5544056454034576
0.12146591244202569
0.12153967411410832
0.12198155693759383
0.12201843224087368
0.12205530714875457
0.12209754293036247
0.1221451394994746
0.12236101431405136
0.12265400099709983
0.12268014709824061
0.12269557153042462
0.12271635646281842
0.12295297264555001
0.12355353075170843
0.12365337821179345
0.12523643923846473
0.12525184327846364
0.12546079986283168
0.12651880424300868
0.12791233275845446
0.1279491395609163
0.12802275198303242
0.12804884580365272
0.12807493934476277
0.1280903209220618
0.1281057023345991
0.12844626293352757
0.12851519614406212
0.12856806229448497
0.12861021705484477
0.12865237136369478
0.1287259679751513
0.12881027354711566
0.1288470704160486
0.12897887927341273
0.12905782433141622
0.1297443447998929
0.12976506617552577
0.1298018492640957
0.12988076818057703
0.1299282578434522
0.1299650392705896
0.13000717413883564
0.13005466236220642
0.1300967962994689
0.13013892978558236
0.1302071343294769
0.13024926654817226
0.1303442368435141
0.13037566049756144
0.13043850679629324
0.13051741213629914
0.13055418745583416
0.13064379704279488
0.13096404310330984
0.131011519849257
0.13139572842135683
0.01842388308887664
0.1319271661021665
0.13194786293688332
0.1319685595501169
0.13272594011309713
0.2090841001497967
0.13276196896014894
0.13278265800708317
0.13282938520468213
0.1328447238197138
0.1328967992852825
0.1330016583747927
0.1330490929808325
0.13314859790086342
0.1332220653057731
0.13328483240432656
0.13330016743429676
0.13331550230020328
0.13454205107634712
0.26262307531861867
0.1346525122336016
0.1347512420516715
0.1348032793022124
0.13481325404295372
0.13483392426454466
0.9945239763204757
0.1349212291040546
0.1349472457071963
0.13519207734428473
0.13547214201689659
0.13553023457258812
0.13557763257798547
0.1356196831405763
0.13566173325348618
0.1357091297954819
0.13574048528012148
0.13578253407262053
0.1358919109666312
0.13590722443218273
0.13717031762831822
0.9792275825203796
0.13720626910988049
0.9901966024866633
0.13725217688783883
0.1372674791533034
0.13754416347299947
0.1375747630832055
0.1376167874628525
0.1377275594086395
0.13776423741949276
0.13794762159273116
0.13801028316105654
0.13874447656245825
0.138786479872621
0.1388491130583458
0.13891708787040105
0.1412561201552664
0.14182386915628437
0.14331222086452625
0.143610097518298
0.14113103271683639
0.14388823096373587
0.22269219075862878
0.1442331795514547
0.1443375396004224
0.14441517161934425
0.14450429310436777
0.14457959823594974
0.14474715640947702
0.14478904483597116
0.1448362653242965
0.14484082546792512
0.14498704234965393
0.14501826325752526
0.14504948383243751
0.145080704074396
0.1451172562360695
0.14514847578370366
0.1451690306068039
0.14518425304333452
0.1452101395953973
0.14568904386399867
0.1463596671269172
0.14640686640366776
0.14644873414684856
0.14690533430705183
0.14694719559910022
0.1469837259260444
0.14701492537313432
0.14707732326947473
0.14713971983539798
0.14721277571079816
0.14724397277287093
0.14728049976546842
0.14745779876661
0.14747833317343056
0.1475201876182608
0.1475567115811018
0.14760389516941427
0.14769293088653068
0.14773478307216714
0.14780249650893817
0.1478702085021106
0.1478960692871419
0.1480360283536748
0.14806188742798365
0.14808241664534835
0.14810294564388993
0.14826421087412997
0.14831138515980152
0.1483897442456606
0.1484627723922555
0.14850994436272943
0.14854645740627248
0.1485829700606461
0.14865599420190995
0.1487282242034415
0.14893583007385777
0.242802257237708
0.15614725927031103
0.1493241119144923
0.1493393009377664
0.14935448979918053
0.14936967849873722
0.14940458747369262
0.14942510363053185
0.1494456195687501
0.14986068268149877
0.1499701657929506
0.15004768069384733
0.15008950071387475
0.15013664768338225
0.1502202854387862
0.9999840180702353
0.15029326684885969
0.15033508422387248
0.15038222837812643
0.15089836945810184
0.15092952644755767
0.15096600987583297
0.1513355170301723
0.1514031434247458
0.15143961908414022
0.151470768378613
0.15149659139326802
0.1516523313716614
0.15171543303899535
0.1517572310363376
0.1517883771462656
0.15183550000266285
0.15188262235713906
0.1519555631297531
0.15199203293338232
0.1521272573318351
0.1521530743750599
0.15218421655243664
0.15221535839812547
0.24062192167407684
0.15247486795024706
0.15255311218784942
0.15258957143085336
0.15262603028560476
0.1526571643070501
0.15350709083940206
0.15355418447795835
0.15359063082246474
0.15418312273119217
0.15420359281437127
0.15439313619041536
0.15451840734058236
0.15455484118198076
0.15463835222736708
0.15468010708336216
0.15472186149490133
0.15479472468519484
0.1548258335772639
0.15486758632434963
0.1549040165622655
0.15493512437599122
0.154971553866705
0.15500266098988824
0.15534187238254374
0.1553836166068901
0.1556803064971
0.1557167258195827
0.15592044354109247
0.15605629306446034
0.15610334883423962
0.15615040410328443
0.15623387195462599
0.15627028465017292
0.986954046533405
0.1567889937541896
0.1568192458290773
0.15683969165128292
0.15690718249091615
0.15694358734279573
0.1569746718943678
0.15700043623054252
0.15708388304889986
0.15718245123125454
0.15775335645439265
0.15778443273030954
0.15782082788114768
0.15833027532694077
0.15839772805837274
0.1584394311667039
0.15850603870514846
0.15852646805432943
0.15854157914049746
0.15855669006594342
0.16137279289047635
0.16175149740379147
0.1617984693877551
0.16191812417956772
0.16195446525371485
0.1622958747163635
0.16233221030704317
0.1623632315352609
0.1624048803298899
0.16243058692244333
0.16245097935021735
0.16247668542460425
0.16250684152633788
0.1625272331154684
0.16278600197664161
0.16282233168082721
0.16283740701381508
0.16285248218659837
0.16287287063899428
0.163105042240051
0.1632441622612438
0.1632645471160794
0.16328493175430486
0.1633000031877929
0.16331507446113305
0.16336646814117448
0.16338153882117926
0.16354189356468518
0.1639627292237734
0.1641168658698539
0.16413193024207043
0.1641469944542422
0.16416205850637175
0.16419749807442033
0.164212561618222
0.1642382487769379
0.16425331194424672
0.1642843104446534
0.16429937320726654
0.1643197475844705
0.9913365876460059
0.16522759616814292
0.16526301256385476
0.16528337554893557
0.16529842820730672
0.16626500907710764
0.43085978758751003
0.16683827275815216
0.1668639241682014
0.16687896060885904
0.16689399688991025
0.16694529802941285
0.16696564095487787
0.167139877619687
0.16716021864883512
0.16717525247968754
0.16719028615097223
0.16721062658876099
0.1672468875043782
0.32224981164910493
0.9999946943691339
0.32227380036605746
0.9736290669114019
0.16732093408167378
0.16737309489833269
0.1674146455322851
0.167487135960957
0.16752338059847965
0.16757553895773214
0.1677258163763288
0.16779830042754537
0.16781332385595085
0.16785397913229827
0.1678690020262887
0.16790435170057924
0.16795561354932476
0.17190641128326448
0.16804311273066744
0.16805813398398134
0.16807315507794474
0.01859784544914751
0.17039828684709898
0.17041328534551758
0.17043358422559102
0.17044858237791594
0.17046888085571021
0.1704838786619528
0.17163570073449141
0.17166658717667446
0.17174425690893194
0.17179542889240992
0.17187309561282185
0.17191987706003922
0.17195076068697637
0.1719922421467633
0.17226487778254673
0.1723169529784551
0.17249254213758497
0.17250752405578398
0.17252250581521653
0.9942461747128386
0.17336575597196396
0.17340630115650116
0.17342657342657342
0.1734468454818527
0.1734671173223424
0.17348738894804597
0.17351825559958467
0.17353322914735253
0.17354820253647374
0.1735631757669508
0.17358344634683845
0.17374122632763872
0.17378798152307498
0.17396440300879332
0.17409936276041804
0.1741408170183914
0.17418756786820988
0.17440542401610254
0.1745491141184883
0.17569528287899006
0.17572612459953932
0.1757516706734588
0.17577721647683045
0.17602300165205237
0.17823249511731673
0.178279187441117
0.17846935535090505
0.17876781565395952
0.17903354695992252
0.1791057413963728
0.17914713011081593
0.179388262687199
0.17943493975266045
0.1794763245348517
0.17959518454822065
0.17963656760646854
0.17971308981421216
0.17975447137263204
0.18060853601113164
0.1806912752032929
0.18071677230258076
0.18106503867192872
0.18108524179085528
0.18114151796814246
0.18118817118975825
0.18122953378017362
0.18159456628685688
0.18162534449834164
0.18166141215801612
0.1821143887822191
0.18215574056638703
0.1822586361015757
0.18236585301351388
0.18253892696962004
0.18267354224514082
0.18272546489242422
0.18276152043876304
0.1828028644263214
0.18332346159541388
0.18351762833224924
0.18459830279958758
0.18461318839353694
0.18462807383008084
0.18464295910922185
0.1846578442309624
0.18467272919530506
0.18468761400225228
0.18470249865180657
0.1849220195611948
0.9870531513338056
0.18522316968085387
0.18525390934754338
0.18530481486963693
0.18535141278777786
0.1854393208117695
0.1854859172798782
0.18552722697693597
0.1855992726157815
0.18563529486393335
0.185671316731246
0.18570205207903834
0.18578368406307322
0.18579856008626797
0.18581343595219343
0.18638513781348273
0.18640000845639146
0.18642544937555164
0.18644560483700479
0.1864657600854082
0.18712711707665072
0.18726055411410966
0.1880042479671575
0.18833244398421362
0.18836843161909994
0.9653913805944527
0.18949425590915092
0.1895407920729324
0.18959260961194124
0.18962329924786614
0.18966983399267942
0.18975233849712936
0.189798871823041
0.19025412987451942
0.19028481196495434
0.19032077484499932
0.1903620184309894
0.190413823697163
0.19049630857951605
0.19053755036729175
0.1905893536121673
0.19070779402523197
0.19074375277243827
0.19077971113986217
0.19079454601142762
0.19146430966297592
0.19290336884112289
0.19298051139122907
0.19305765231253233
0.1932119292689364
0.1932425798755351
0.19327850854042186
0.1934370332054239
0.193472959706109
0.19357120236461522
0.19364203037004588
0.19369804449370595
0.19384599144983375
0.1938660797694634
0.1942252785239681
0.19436792164064892
0.1946130220481915
0.19462782659173064
0.1950503931190966
0.1950968545361483
0.19522040588030437
0.1954073933369213
0.19576032879082847
0.19581205419322162
0.19584795167374502
0.1960527773527969
0.1961192911745
0.19625759006525742
0.19650459214087138
0.1965457576333059
0.19658164745601772
0.971445301372609
0.19718436154949784
0.19724557720506788
0.19728145917177867
0.19747376193238753
0.19755606185262536
0.19760248506167827
0.19784201116964892
0.1979728625143044
0.19799818592191026
0.19808470134102546
0.19823344846679147
0.19831154655375155
0.19836113981987302
0.198381185899971
0.19840123176866373
0.1984160044714654
0.19844554940969897
0.1984708673872924
0.1985267753569696
0.1986828993087594
0.19895290718518674
0.1989887646373419
0.19907629526917664
0.19912796828208698
0.19921022385777704
0.19924607881903256
0.1996805280249673
0.19971110607362577
0.1997258685223259
0.19981760001686935
0.19987348111442052
0.1999240894689953
0.19995466478297083
0.19999578279274008
0.200420639815298
0.20043539681200978
0.20045542477321007
0.20047018143099612
0.20049969427987097
0.20051445047096464
0.2005292065064991
0.20064093779319214
0.200717884927579
0.20074845170641717
0.2008201257596441
0.2008559622195986
0.20093290465398198
0.20106149167514348
0.2010973257297058
0.20113842991540834
0.20122378635915653
0.20124380731527353
0.20126382806035595
0.2013449700649296
0.20138607077920367
0.20142190085693507
0.20149355987941903
0.20152938882418353
0.20156521739130434
0.20160104558078745
0.20171906784573712
0.20175489446918396
0.2020709825310252
0.20210680522327498
0.20221847499604784
0.2022384874401252
0.20225849967329215
0.20227851169555205
0.20229325408117024
0.2023079963114214
0.20316105579263474
0.2032390114376933
0.20323686997202509
0.20325160420200827
0.20326633827674315
0.9638597378513929
0.20333268358471582
0.203373758020841
0.20341483202419147
0.20408034260971256
0.20451828012494008
0.20545225720499413
0.20552381453884838
0.2056816386709494
0.20569635250196144
0.2057110661780193
0.2057257796991254
0.2057404930652822
0.2057552062764921
0.20576991933275765
0.2057846322340812
0.20580461041080889
0.20601491091360938
0.20605068209699415
0.20614746330265568
0.20668035375868604
0.2067202914267064
0.20674025994535777
0.2067602282537744
0.2067749322243571
0.2067896360401335
0.2068400993851596
0.20689473656505467
0.20691470321942182
0.20693466966358376
0.20694937201932895
0.20696407422029214
0.20697877626647576
0.2070081798945141
0.2070228814763737
0.20707751260645746
0.2071121778676099
0.2071468423989136
0.20733504568613415
0.20740654968051622
0.20759582945173397
0.2077125098024768
0.207727205743037
0.20775659716008968
0.20777129263658708
0.20778598795840175
0.20780068312553615
0.972790905741803
0.20783007299577394
0.2078447676988822
0.2078594622473199
0.2078741566410896
0.20788885088019368
0.20790354496463456
0.20794762629000257
0.20796231975581517
0.2079770130669768
0.20799170622348992
0.20802218678791515
0.20809783924305095
0.2081125313771201
0.20812722335655798
0.20850215211054166
0.20865978079568115
0.20867972975817145
0.2086944168205711
0.20870384206593914
0.99999473836521
0.20893881201662545
0.20930893175589305
0.20933413292091446
0.2093687532877433
0.2095672940359589
0.20960301304002482
0.20963873166831484
0.9647623205634662
0.21037629177732783
0.21048341292046197
0.21050860114962477
0.21053378911385748
0.21055371783477342
0.21057364634608103
0.21120050481148447
0.21138921022189505
0.21141964759886633
0.21143956841341452
0.21148577948607394
0.2115267320068986
0.21155605565078398
0.21200841219768665
0.21204410071450727
0.2130492606435266
0.21310484400872606
0.2131729162067552
0.21334195257315844
0.21337762057675025
0.2135083007940804
0.21371899957965532
0.21381133027185506
0.21396223639554066
0.21458546705533232
0.21511914889147946
0.2152009073914596
0.21525115785715035
0.21552154165244558
0.2155519149785241
0.2155875387903196
0.21574166447886584
0.2158432789192084
0.21607913555744573
0.21665651644336176
0.2166921295931707
0.2168094668094668
0.21684507840841677
0.21688068963344848
0.21691105056200422
0.21694141117177657
0.2169770213302114
0.21708384956216795
0.21712470798225583
0.21719067442922615
0.2173173535757595
0.21734771014005838
0.21738856545909824
0.21753463200054593
0.21781341673969973
0.217857892527288
0.218375303692587
0.21891364347105183
0.21879541841344463
0.2188928123573516
0.21905956178643385
0.21933317593977072
0.21938858488932725
0.21948481191962646
0.219520384447907
0.2201450848951203
0.2201754017875876
0.22020571836201605
0.2202360346184107
0.22030191133583701
0.22040859143479058
0.2204546408190668
0.2204901996779557
0.22064646740128077
0.22077411234069336
0.22081491154921304
0.22091224242551383
0.2209163283929639
0.2209612116889383
0.9999003644563308
0.22121072282585896
0.2217020451173544
0.22183194581332438
0.22224260274403346
0.22252031796102514
0.2226070644456438
0.222647817065247
0.22271884136948114
0.22275959276278903
0.22281082327297116
0.2230453278568285
0.22303247471016885
0.22361881418867607
0.22365430340103276
0.22368455507664592
0.22373982036712142
0.22377007111958355
0.22380032155519594
0.22390154490704373
0.22671142486069798
0.2239975281875645
0.22415851538445428
0.22433185321715818
0.22439233838452596
0.2246395023719016
0.22468021383654385
0.22475116367958364
0.22513442619517585
0.22526937454842458
0.22617526960527692
0.22556650736237102
0.22586706866409137
0.22591788134927904
0.2260294764167731
0.22652529333570584
0.226560741892097
0.22663163789178412
0.2267275125075883
0.22679840490669123
0.22683385054974958
0.22700394561952505
0.22757855745184008
0.25744640783402906
0.22861161069053496
0.22863744961600996
0.22879995817758841
0.22880398983720712
0.22889046882188113
0.22903967797584818
0.22911689520155157
0.22919814107154993
0.22923353581398268
0.22934494529448973
0.23184360462077258
0.22996080480794356
0.23027079000449402
0.2304042473140755
0.23026597690338088
0.2304770165693892
0.23051761435483703
0.23056866218341615
0.23059237855377493
0.2306169046611387
0.23148322259830345
0.23210762050928682
0.23215339079049713
0.23235934181205217
0.23238690622178854
0.23242222152645148
0.25027915470910517
0.25516676577676234
0.24989568120175257
0.9995983872902616
0.2544996531707495
0.9999530629061363
0.9999634947041246
0.9994159426789457
0.9997236416727501
0.9999582872755334
0.999692381488665
0.9998748722654376
0.9995985694474856
0.9994734866651375
0.9996038324002544
0.23223835784952515
0.23230891122138358
0.2505275333322913
0.23364081943048226
0.23369168906389984
0.23372693227216143
0.23376217511328715
0.23395921768796063
0.23399966665972208
0.23408056333920144
0.23415625
0.23418628027979022
0.23427758941266544
0.23432324326576529
0.2343937168630147
0.23451903546690275
0.2346351549113862
0.23472124573601022
0.23487779855118504
0.23517127888931708
0.23532903884309142
0.2353746810394209
0.23611103878859202
0.23548187219153047
0.23551709415060348
0.9999895863164198
0.2356968800766443
0.23577773380957837
0.23581354423196071
0.2358839791949768
0.23607293098421425
0.23611335273567863
0.23622940919219476
0.23626982928721293
0.2363050427430523
0.23646151122957904
0.23648631060531125
0.2365671447536247
0.23660235519506886
0.21750831585139221
0.23684950187901438
0.2368794990709077
0.23694990240728692
0.23698510352581117
0.23705029980013326
0.2370802950101234
0.23711549471711862
0.23715589883985405
0.23722109163964544
0.2373827008853058
0.23745829841937346
0.23749869886541064
0.23775572336339648
0.23803055850454838
0.23820650392119108
0.23858699893348595
0.2386729581670716
0.23872421004442687
0.23881187088719535
0.2389421501360286
0.23897732001664587
0.23909323096289592
0.23912839932585672
0.23916356732294727
0.2392794723482169
0.23679091202263672
0.23969044015540403
0.23994405274432729
0.24001871734213742
0.2403753671787673
0.2404053112619966
0.24044045397120828
0.24062733926640606
0.24075354393333714
0.24124883707634495
0.24136981175223227
0.24179884830467954
0.24184436602516463
0.23563006345065554
0.24269680436477006
0.24297249269970592
0.24301279753090269
0.24321431540443927
0.24324422622294964
0.24357435665632746
0.2200776212767505
0.24366587181605182
0.244649032619871
0.24470880239272214
0.24474907183840902
0.2448543003717781
0.24495952562684653
0.24499459998338458
0.24502967397568967
0.2450699398735163
0.24510501311041305
0.2451348937672641
0.24521023063583214
0.24562842664894502
0.24584401964550864
0.24592453378743198
0.24599466301176423
0.2460751739175579
0.24611023720155123
0.24617644921140888
0.2462063201175353
0.24843624283007604
0.24696997223015235
0.24705045754890817
0.24717118239385447
0.2472464730979643
0.24732176223892371
0.2473620014013962
0.2476229031722305
0.24775270402125849
0.24782798243701928
0.24809146439562607
0.24862096343153076
0.2491010134030729
0.9950454212948312
0.24940340319568374
0.9998132741343181
0.9995281331183141
0.03824076906723635
0.2113466204865504
0.9525016456490076
0.9876589921942218
0.999533550664172
0.9885876578785068
0.9997409111636197
0.24895861397218827
0.999207340133975
0.9970266000155404
0.24959989226872736
0.2497047794650811
0.24982650218037558
0.25089726392765954
0.24995856811402056
0.25013465084001407
0.2501747862428985
0.25020585082418006
0.2502744521314056
0.2504064956450594
0.25047769463791003
0.25050744599324787
0.25054757281553397
0.25058252125555336
0.9996013729337399
0.2507144188358079
0.2507545362772759
0.25079465330337636
0.2508295930464313
0.25087488610950054
0.25116859318463
0.25133551432830875
0.25159293363768587
0.2518232496027412
0.25242065278704984
0.25252671617460604
0.25251364847732155
0.2529025248344371
0.2527809107935555
0.2528972910328843
0.25304950597485903
0.25346692391647313
0.25345774669742516
0.253487469935604
0.2536270488623609
0.2536722871625116
0.25370718057732194
0.2538066865276399
0.2539707989180187
0.2542254540940875
0.2545278705820292
0.25463769839833267
0.25523585930147175
0.25543444538666776
0.25547449029716074
0.25557526150600574
0.9874204406206536
0.2557713883905259
0.25580625814323826
0.2558462978186575
0.2559160354677765
0.25599094185102655
0.2571818435552064
0.2579601540091475
0.25800016537809567
0.25837691464952356
0.2584400886771295
0.25846975898135516
0.25854460142418634
0.25858460584450815
0.25861427478864796
0.25865944594014995
0.2586994491468494
0.2600138442623798
0.2605214768289911
0.2605807671249858
0.26066588157514153
0.2607058556162162
0.26077547246798993
0.26081028035452347
0.2608450878814956
0.2609611858585337
0.2612600515423985
0.26144303915138434
0.26148300401788943
0.2615178041159914
0.26163769508051105
0.26165700091407207
0.2616801193962022
0.2616942605426509
0.26174836297535686
0.2617625035503111
0.2617766439792198
0.26181008840783276
0.2618293923542079
0.26227899867812293
0.2623692336290314
0.26241435040559313
0.2624543032405973
0.26249941911199004
0.2625342076728456
0.2626358590422099
0.2631168656847409
0.2631309950336083
0.2631850658737042
0.2632481015141425
0.263457845505792
0.2634926206786188
0.26391993103911054
0.2642996500572915
0.26432409276014596
0.2643382125234841
0.26438330004283894
0.26441806451612904
0.2644721086750072
0.26451066816685076
0.2646149558467565
0.2646497176890761
0.26468447917258037
0.2647488400658543
0.26478360049958194
0.2648531202906629
0.2649019951900746
0.26491611058642595
0.26493022583708353
0.2652196574448212
0.26571102751848585
0.2657894736842105
0.265874449180091
0.2661445111757786
0.26631306851308195
0.266737518766348
0.2669703566896068
0.267044985555097
0.26705908450740556
0.2674641740691448
0.2674937453251141
0.2675786791294614
0.2682877772047447
0.10241960846991859
0.2695532022396601
0.27001933238819437
0.27014125167543046
0.2702556409582283
0.27029548828769384
0.9999896899776273
0.27046894411538797
0.2705036342079489
0.27137408514586125
0.27176680375604273
0.27262702825254675
0.2736682122617208
0.2752182534572893
0.27622662107604845
0.2762406471911964
0.2762841473776359
0.27632906959978576
0.27636369253901966
0.2764086138889175
0.2764432360619777
0.27650733003434586
0.2765522497193644
0.2765817211886531
0.27661119235443143
0.9787567061052588
0.2773956381160286
0.2774096556127046
0.2774339700355249
0.27745313569924474
0.2777242937969451
0.2778089526113928
0.27791134059892203
0.2780291681466953
0.27805347637629085
0.27806234073769015
0.27827452191593954
0.27830254237724367
0.27831655239154157
0.27833056226160635
0.2783497194626036
0.2783637290177124
0.278377738428595
0.27839689509092874
0.2784109041868701
0.2784249131385922
0.2784389219460973
0.27845293060938764
0.27847208639166554
0.2784860947400388
0.27850010294420424
0.27851411100416407
0.2786879339540581
0.2793746043672707
0.2794143379136432
0.2794437782729748
0.27946292560418295
0.2795203664153565
0.2798404734336807
0.2801656932616358
0.9764895363256989
0.280245960687455
0.2802599554391508
0.28027395004682465
0.2802879445104789
0.2803070843452847
0.28032107849443
0.28033507249956263
0.280354211796426
0.2808332647349358
0.28110997360880324
0.28118955512572535
0.28132266096010206
0.2815271290714183
0.2815462565263239
0.28157052765861135
0.2817044127707509
0.28179779442021236
0.281866905327696
0.2819411583170456
0.2822315601067742
0.2823197827518104
0.2823543328550195
0.28237859633603174
0.2825013629023133
0.2826395531829543
0.28272776363496105
0.28296812083125483
0.2829923786602487
0.283016636239747
0.2830306084666968
0.2830600081251896
0.2831290914794378
0.28314538563987063
0.9467998128274876
0.2833577580665895
0.28342168996847955
0.2834665103507852
0.28350618832881697
0.2835458658988071
0.28358040117029426
0.283604652358573
0.28363772855350566
0.2836619790729362
0.28368108758471045
0.2837104793636593
0.2837538369779268
0.2839698502796973
0.2840631571370547
0.2841821677926191
0.2842218371953132
0.2842460823427796
0.2842754684969538
0.2842894306602367
0.28464864253509975
0.28476249228871064
0.2847918733709985
0.2853236145309119
0.2853581305451891
0.28545653615433253
0.28548077021928425
0.2854947235315586
0.28550353647503907
0.2855329101236218
0.28569372555268285
0.2857385172087668
0.28587655996217026
0.2859198799329763
0.28593896966986876
0.2860079872122368
0.28603735570152444
0.28607186361230036
0.28645506778633173
0.2864792916133475
0.2866730732664923
0.2871156375894105
0.28721911916592585
0.9435546443454446
0.2876263975665899
0.2876660244059088
0.2877298627631315
0.2877643504531722
0.28780911374974955
0.2878832251799559
0.2879125734719882
0.28825297336176114
0.2883116616233489
0.28895703630647845
0.2889966457259974
0.945884068088951
0.2921059385104963
0.2927313690974129
0.2927709235727629
0.2933557749543299
0.29340045259317415
0.29346928093842845
0.29351395730706076
0.2936033086688355
0.2937635975534666
0.29379287697099377
0.2941535619917396
0.2942136209249587
0.29432558616797494
0.2943497288506036
0.2943636102446232
0.2944668188697637
0.29448582979334686
0.294530492466024
0.29457877374704367
0.29475590486548603
0.2947954341413364
0.294955060329968
0.2949894576999831
0.2950238547170779
0.29503773129979327
0.29507212771633184
0.29510652377996544
0.2951357895492833
0.2951599251032395
0.29518919029835433
0.29523746011552393
0.29527185427236213
0.29533551177022793
0.29535451570210625
0.29539403825733673
0.29544230423965734
0.2955074738645574
0.2955659970864025
0.29560038779373066
0.999871761990254
0.2956779104600107
0.29569178212184477
0.2957210418868041
0.29574004257392733
0.2958021727756748
0.29584681907477983
0.2958950764511877
0.29596897872929734
0.2960033647237439
0.2960326212397097
0.2960567483561236
0.29608087522503806
0.2961342572408947
0.2961532543468226
0.2962066347988429
0.2962307601565345
0.2963221303025485
0.29634112566545967
0.296404759462509
0.29641862540452657
0.29648738607981207
0.29654436728790784
0.29659261082733296
0.2966408533770963
0.2966752311645153
0.2967044801838024
0.29673372890308886
0.2967475922336072
0.29722065535100767
0.2972740139068365
0.2973032567059632
0.2973581383900643
0.2973925082685947
0.2974268777946425
0.29746637472630594
0.2975109989847091
0.2975643523741155
0.2976125770425901
0.29764181660624645
0.2976761834440889
0.29780491931886355
0.2978531397894672
0.2978859771010762
0.2979100865498995
0.29796855932811717
0.29799266798266977
0.2980547380510465
0.29819578246848133
0.29826450306339564
0.29834194659776053
0.29836605160754476
0.2984091340213585
0.2984916997344325
0.29852605675322347
0.2985655401525716
0.9994258088661263
0.2986839879216032
0.2987080898185174
0.29880449493499567
0.29884244307055047
0.29887679617772356
0.29890089609777104
0.2989301221619017
0.9995232480647972
0.2989885733912268
0.29900754593175854
0.29903677084988695
0.299060869208608
0.2990747148532616
0.29909881277040745
0.2991126580786049
0.2991521340181876
0.29919007586631124
0.29920392042279875
0.29923826903558504
0.29931209120173874
0.29934643873183486
0.2993756599653486
0.2994151327356513
0.2994633218684805
0.29952688745252215
0.29954585528878686
0.29960429331501737
0.29962838617083987
0.2997057888855857
0.29975909789851357
0.2998313711219202
0.2998708381171068
0.2999051792624484
0.2999343946367616
0.29996360971159414
0.29998257375402343
0.3000461278253293
0.3000753417285545
0.3001148058550986
0.30017323205920643
0.30020244471209284
0.3002470325344923
0.3002608691195539
0.3003192923292965
0.30036746429138844
0.3003966749008313
0.30047405509288916
0.3005083894509189
0.30053247372224245
0.30055143290557995
0.30056526707972675
0.300599600266489
0.3006288083390133
0.30065801611217025
0.3007594703181371
0.30091729015066104
0.30094649509841603
0.300975699746851
0.30100490409597064
0.30109659236484754
0.3011944474335521
0.3012134006989352
0.3012528502984807
0.3012871753878948
0.3013404523514281
0.30138860422217667
0.30141780376202215
0.3014470030026337
0.30146595409990623
0.30147465721137096
0.30150897958137984
0.3016119445810789
0.3016549674642619
0.30198385047341886
0.30200792101528356
0.30209395381722604
0.3021815312730552
0.3022004764710403
0.30232236447750643
0.30235667810850964
0.30237562182682604
0.3024201811549654
0.30244937062292193
0.30250262557954866
0.3025558794448685
0.3025988862647862
0.3026572609771466
0.30272945226532244
0.30275351553495045
0.3027862730332416
0.3028154583828532
0.3028343980041904
0.3029183806240427
0.3029818710844052
0.3029956867847593
0.30301462490075043
0.3030438078845996
0.3031211101378452
0.3031502919782809
0.30319841001526465
0.3032618940294226
0.3033304990114022
0.3033888581555924
0.30340267070978183
0.30341648312247094
0.30344053966839285
0.3035091403604923
0.3036033498092043
0.3036857578954917
0.30373029978641564
0.303759475517312
0.30380758238493766
0.3038505664706726
0.3038797408384338
0.3039365320003278
0.30396058366496115
0.30398463508322665
0.3040035646424346
0.30402761559420644
0.3041115674966966
0.30414073903357147
0.3041990812109169
0.3042676649987965
0.3042968349892451
0.3043843431679325
0.3044478017053747
0.3044718486577284
0.3045061377498502
0.3045301841571584
0.3047898027848763
0.304818968607569
0.30484813413154027
0.30487729935679464
0.304935628911171
0.3049596722570734
0.30498727448701074
0.3050164381036266
0.30505584317822193
0.30512953129080655
0.30517249325338097
0.30523081649896305
0.30526509836854665
0.30529937988703804
0.30533366105444265
0.30535770063854084
0.3054707822133011
0.3055050616253527
0.3055582580199186
0.3055874160249058
0.3056216941376468
0.3056508515192168
0.3056748882482757
0.30568868407578087
0.30576591245398177
0.3057848277557039
0.3058139832569571
0.3058482586300472
0.3058774135079644
0.30593656401198066
0.30595547727784717
0.3059846301141222
0.30600866279605565
0.3060275754022906
0.306152853719973
0.30617688467938053
0.306195795746598
0.3062147066201805
0.3062387368938401
0.3062627669214505
0.3063313042988568
0.3063450945057645
0.3064514477618053
0.30648571443198164
0.3065046227564529
0.3065629159414354
0.3066846179048243
0.3067240011262126
0.3067909576755329
0.3068201014594393
0.3068543639621193
0.30690241205618574
0.30692131679574924
0.3069453402541028
0.3069985052929012
0.3070705726380663
0.30712373503411633
0.3072442403861411
0.3073399191278088
0.3073792937539348
0.30740331265483284
0.30746670488396616
0.30749072296865004
0.3075745865685316
0.30759860373225234
0.30763285716479255
0.30769112656809006
0.30772026082238896
0.30774939477846075
0.30783837039690864
0.30788285752305694
0.3079942678745074
0.3080422944644612
0.30811590939332834
0.3081450395353003
0.30819306335307095
0.3082068393739956
0.30822061525391636
0.3082446264073695
0.30829776563187683
0.3083217760218625
0.30847056896922304
0.3087122278228386
0.30875000639657757
0.3088236046648484
0.30885784464230887
0.3089152582267729
0.3089341452182367
0.30896838270284654
0.3090026198370789
0.30903173977782666
0.30906085942057165
0.3090899787653184
0.3091190978120715
0.3091430998224492
0.3091671015872041
0.3091962197923649
0.3091997544003275
0.9988948127833321
0.30929064079736396
0.30938822289418616
0.3094071057263313
0.30943622121371817
0.30946533640317214
0.3094944512946979
0.30959361074017794
0.3096278408218814
0.3098812045308039
0.3099583045558028
0.3100216404815135
0.31027603282110044
0.31027956109164384
0.3104998772303159
0.31059230348200173
0.31159246093650106
0.3116404200146279
0.3116746284229585
0.3117190656662524
0.3117635024549918
0.3117925951688054
0.31187635214271464
0.31190544383298213
0.31194476409666283
0.3123568038622044
0.31251246541646
0.3125552947433557
0.3127470583121539
0.3128649886987737
0.31290429802357395
0.3134142911926371
0.31342802797889313
0.3134468777003431
0.31346061417950893
0.3136452879581152
0.31372899900810897
0.31376318466973774
0.3138075955580097
0.3138264421823313
0.31384017587811236
0.31385390943346064
0.3138727555319236
0.31389160143767925
0.3139155597819974
0.31445032922988836
0.3103120447749751
0.9999233363998773
0.9577907475928614
0.999529981556885
0.9798207881642537
0.31522699756323086
0.3152458212432057
0.9999897830951092
0.3152920742765191
0.3153057888391671
0.3153195032616969
0.3154356587880119
0.31545797724799884
0.3154716904027298
0.31548540341736264
0.31549911629189953
0.3155265416206939
0.3155402540749557
0.3155539663891301
0.31589431371847976
0.3162856734285306
0.31631980797221726
0.3163590492630461
0.31639318308334224
0.3164324235986272
0.31646655669555535
0.3165006894438486
0.3165348218435124
0.9508252813923559
0.3166270031764838
0.3166611342338432
0.3166952649425992
0.31675841853149356
0.3167874414638008
0.3173393108800882
0.3173734330720723
0.3174228730737416
0.3174621005172405
0.31851386740585325
0.3187340479836651
0.3187783625402627
0.3188124674582189
0.3188414674609373
0.31887046716759226
0.3189539881371678
0.31931542089466913
0.3194075102465815
0.31962251439304235
0.31966171419238604
0.3197111213188384
0.3197452164282324
0.31977420737806994
0.3198918008523235
0.31995998713872315
0.31999407975992405
0.3208057389511924
0.3208449195132529
0.3208840996755036
0.32098122949606883
0.3209948979591837
0.32101366829761074
0.32102733645575043
0.3210461064371464
0.3210597742903206
0.3210734420040305
0.3210973133475506
0.3211399534712869
0.32171606386777535
0.3217348276548097
0.32174849004244205
0.32185414923789507
0.32209934605849766
0.3227739638693093
0.32285062911526047
0.3228693833834855
0.32354381062143667
0.32355745939468117
0.32358985604063295
0.32401548102860117
0.32404952272171006
0.32412270414146876
0.32419588406861244
0.32425886456113157
0.32433204160717927
0.3243660801240051
0.32438992055965166
0.3256189752817695
0.3256513383595092
0.32566497089318663
0.3257466471604724
0.32576537634189356
0.325784105332375
0.3258113680733608
0.32597304626174894
0.9656861495802517
0.3260461797237372
0.3260751002849264
0.32708094473744553
0.3276030733486865
0.32763706953212174
0.32898831991116406
0.32900192544748824
0.3290631160191727
0.329131074810389
0.32915996006601334
0.32918884502737805
0.3292381039699276
0.3292669882390094
0.32930605924778944
0.3293638262109713
0.3293774289337904
0.32939612493123893
0.32952699158088816
0.3295405928491392
0.32955928715856597
0.3304868547684881
0.3305208163597849
0.33055477760521423
0.3305887385047814
0.3306226990584917
0.3308094566451619
0.3314053836636814
0.331442739968739
0.3314665091745922
0.33149368171311616
0.3315123590357152
0.33153103616813295
0.3315446219013629
0.33270214552951055
0.33272590300118093
0.9856982171122614
0.33339101490729384
0.33343512382813695
0.33352673232053337
0.3337319965392641
0.3339847328244275
0.3340186563936061
0.3340576686242379
0.3340915914769749
0.3341696140047327
0.3342137135761758
0.33424763494430226
0.3344358897375746
0.33446472007083466
0.33494631862819924
0.33496496735883907
0.33501073605584786
0.3351158554579776
0.33514467866428543
0.33527693826255967
0.3353159359529467
0.336192380283768
0.33605840158722083
0.33610247696760964
0.3361516390940724
0.33618553921443944
0.33627877400483275
0.3363126729610939
0.3363414845073432
0.3363855568781858
0.3364296288006349
0.33703618931359836
0.33704973398573795
0.3370632785200934
0.3370768229166667
0.3370903671754599
0.33710391129647527
0.33712254146512655
0.33714117144426586
0.33715980123389605
0.3380033868482478
0.33816253159149967
0.33825189403569433
0.338421253336723
0.33848899464604404
0.3385651820215579
0.33862611410238813
0.33863456102174044
0.3386480921270051
0.33869040658508187
0.33879709187045604
0.3388411264368985
0.33888007646472657
0.3389139420314907
0.33919665688881206
0.3393202106675885
0.34005631855564256
0.34009017022552723
0.999989834299075
0.3401629553575513
0.34041168996188054
0.3404506203272156
0.3404844677563633
0.34057584305354377
0.3406384525074076
0.3521232695708739
0.34106813434770017
0.3410816469655544
0.34109515944606783
0.3417360684142865
0.34175973821404254
0.3417681641031895
0.34179183349931913
0.341810421483194
0.3420995137615145
0.3421908342648105
0.3422246609863785
0.3423024748123949
0.3423413811323822
0.34240395069757046
0.34244793651277516
0.34247668014713356
0.34251050404157923
0.34254432759233855
0.34272185982239023
0.3430243486123882
0.34303784607569215
0.34305642338621595
0.3446458224364085
0.34582656376929327
0.3458654251349252
0.3459093632274246
0.3459431466823718
0.34597692979427713
0.3460157896072906
0.34636862999928925
0.34641256174516066
0.34645649304497916
0.34650042389875163
0.34688210688758936
0.34698342597527854
0.3470222745639505
0.34709489436440977
0.34716751269035534
0.34719620712585214
0.34722490127003786
0.3472535951229169
0.3475773787166655
0.3476177666340136
0.347794752068213
0.3478927280847781
0.34823870931725565
0.34827754207182154
0.3483552063985059
0.348399112901998
0.3486097931055481
0.3504908302260102
0.35052456421599465
0.35089054264509684
0.35118011981272285
0.3514410055083843
0.3514645837031777
0.35147801740753515
0.35150159517541857
0.35375115338207114
0.35377977865316074
0.3538751672952914
0.3539139295436917
0.3539526913990814
0.35398131390709675
0.35400486667342596
0.35405376632988783
0.3540874572903043
0.3862808200086157
0.3553994607634454
0.35816957050243114
0.3587225702550909
0.3591474407016549
0.3594952604715223
0.3595238215799361
0.35967817069712804
0.3599969621791302
0.36173518708782726
0.36179732061968894
0.36184103976030446
0.36187463623250754
0.3619519502801298
0.3625589539096816
0.3626445360929079
0.36273195119853047
0.3641758275113699
0.3653876304197201
0.36541106975238713
0.4865980215645419
0.36611648816205994
0.3663356323698954
0.36635400601724266
0.3663673229978864
0.36638063984385666
0.3675494512716041
0.36758297863736084
0.3676165056641543
0.3679493724631894
0.36869475567415133
0.3693824340848686
0.36940583203221716
0.36941912403743155
0.3694324159083215
0.3695209511249893
0.37013797319349084
0.37016136365932767
0.37023976720453466
0.3709413452407411
0.37159913333771044
0.3719933137053889
0.3727284203085157
0.3733396608389667
0.37362121449232927
0.37381120646138316
0.37390461575738
0.37446688235323805
0.3744801340547525
0.3746656303309881
0.37469213065773005
0.37470538062047976
0.3747186304494847
0.3768047217878222
0.37789870787480206
0.3781279943517071
0.3785009026454066
0.3786224667315479
0.3786791587036654
0.3787125467692649
0.37940787947846605
0.379674911518256
0.3798915071034615
0.3799248821557309
0.3802427810937248
0.3802761520197208
0.9960075815622857
0.38054814822282823
0.3805815160955348
0.38133807786133345
0.38138151760288297
0.38145135276803355
0.38148471087501074
0.3816282199251057
0.3817616434075709
0.38179499843764175
0.38182835313150454
0.3819850421320002
0.3820183948595187
0.38229143044321817
0.3828343092101948
0.38309600830385665
0.38348910442121176
0.3835274793929745
0.38373059657502157
0.38391665113279694
0.3839550208572638
0.38398835223408384
0.38403175914637216
0.3848199713888497
0.3867928803403741
0.387063479276594
0.3871563790152049
0.38718967279391403
0.3872512246819351
0.38776208814719726
0.387800408767355
0.38888832967608156
0.38892160267347115
0.3889548753359437
0.3889831148242281
0.38910920986411673
0.389276673695441
0.39081656780918744
0.3913601175056213
0.3913983903420523
0.39280919216553944
0.39301463748221227
0.3931536260741456
0.3931868463395012
0.3950402589439189
0.39536929076873595
0.39582904093067667
0.396209254764812
0.39627059538824094
0.9925562799481652
0.3981265225143776
0.39813959095109897
0.3981526592565433
0.39904485946578416
0.3996304460255374
0.39966358706567584
0.3997298681475382
0.39976300818927213
0.399824266311852
0.3998523844431278
0.3998855232041453
0.3999136407455013
0.4011273628944013
0.4015829042327883
0.401616019673283
0.41228664488575056
0.4024894808900747
0.4022265683767113
0.4024652601912633
0.40238887997432604
0.402437006393381
0.40245895885355554
0.402497054178053
0.9997543219285228
0.4027313336307987
0.40353461709985017
0.4052396236524143
0.40526763807520905
0.4053855127903425
0.40516011473596214
0.4163594619874851
0.9999299772426038
0.0035907899737942345
0.4130012338833356
0.4018671515199952
0.41569980870946316
0.41572315421996037
0.5324353615110698
0.4019605395228988
0.9999101208874064
0.995656103175039
0.40888578274760384
0.4099218664245158
0.20374008876477334
0.4117075310408079
0.4118312526475792
0.4118998494951609
0.41194058113286525
0.41196197044138605
0.40086597773769544
0.41207154244719013
0.41216004145015767
0.41262788774768133
0.9999501922578846
0.999248041671439
0.9919983269681776
0.9996018177021895
0.9994326184657805
0.413498793862376
0.4135365271367181
0.41394865367590744
0.995762859373679
0.4151806354430254
0.41523119217709903
0.4152688984559094
0.41531157565061766
0.4173041649890395
0.2198910460966469
0.9455639650742693
0.4162616896733351
0.4162451429536804
0.5514418419810735
0.41656278092608134
0.4168586637006435
0.4722200158856235
0.9966399650596072
0.4172957145338594
0.9999553358742258
0.41813302112840256
0.41831196920390507
0.41834750429097256
0.4194514705153003
0.41960552874720414
0.421331826204216
0.42225317346630253
0.42406120092950894
0.4240789186832352
0.4246831868578279
0.42510179616988814
0.4251619806217678
0.42568946388239487
0.42573193261910774
0.4257821980297079
0.42624663857014805
0.4273583831342123
0.42737607193076266
0.42835998217910004
0.429285530457506
0.42956474401801403
0.4300496340540086
0.4309130940306261
0.431231694767672
0.4312691400046505
0.43160175515837484
0.43217161624755157
0.43457239330225383
0.4345850759845361
0.4346830924991225
0.4350265449979733
0.4368069967388082
0.4373397364637526
0.4378322300167968
0.4380075878830992
0.9971401052085649
0.43909401608091825
0.4395691766750948
0.4396015743443113
0.43963397169354756
0.4396663687228085
0.44014576554067064
0.44016828133795516
0.4402006725294911
0.44025616843519005
0.4402984337658747
0.440503229119349
0.4405707655466956
0.4409951074050486
0.44179422755117653
0.441908908271508
0.44298150378017725
0.4454171516502594
0.446649047374857
0.44680893026191226
0.4469890447970181
0.4472584032577722
0.974753051124825
0.44807444905040983
0.4481018148838218
0.4482162044932522
0.4074888239382125
0.44981326553739126
0.44983075733015376
0.9952800441448898
0.4506108374384237
0.4511136724098866
0.45113607817833445
0.45189234443869886
0.4521458646246276
0.45286196115118543
0.45289419781778073
0.4529215104112813
0.4542711589102454
0.4545199505849579
0.4548107682464688
0.45483805877228817
0.4564823833840039
0.4565194932972574
0.45750807835885127
0.45757735229167384
0.4576095296177529
0.4576367883929669
0.45766404690005213
0.4577833297267523
0.45781550461558135
0.4590698337619172
0.45918412500184375
0.45920153399872166
0.4592189428244121
0.45923143486469475
0.4592488433721908
0.45926133514262957
0.4604146799453385
0.4606423452384463
0.4606820550126816
0.4607191132738578
0.46076108647995045
0.4608306709265176
0.46109612067058875
0.4611085990642079
0.46218140542771646
0.4624119259834318
0.46248145200121854
0.46250374643167735
0.4625509752861986
0.46257818219337593
0.46405819453517555
0.4642908012160921
0.4645879273341617
0.4646052902985001
0.46462265309229495
0.46463510460662016
0.46464755599864455
0.4650959517589519
0.4651083994205603
0.4651208469599206
0.46513329437703477
0.4651457416719045
0.46516309925410876
0.465175546280383
0.46518799318441845
0.4652004399662169
0.4652574206378434
0.4678823408110059
0.46562753135815804
0.46552011858134307
0.4598602469232732
0.46673765512368187
0.4667746209333137
0.46684364450027477
0.466962060099315
0.4669941166945539
0.46703860175957684
0.46742255497443846
0.3439247659975275
0.46795453542047866
0.4679865784981261
0.46801862126139915
0.46812977660920835
0.46816181772695836
0.46823831807791544
0.4683569760825632
0.4683841094035876
0.4686482244457524
0.46897177468795215
0.4703531730660796
0.4703704793284694
0.4709328548456681
0.4709968722117091
0.47102888042396523
0.47162394000294106
0.4718458974610332
0.4718778949225815
0.4719049906382645
0.47193698749650775
0.4719689840410932
0.47202807485320497
0.4722646983865592
0.4725160012938259
0.4725456755273269
0.4726468123477724
0.4730611104849735
0.4730907754502021
0.474168955741293
0.4742673880578745
0.4743341167254211
0.47449511639861935
0.8895362215248437
0.4747707657135024
0.47479291910627214
0.47498457953533
0.4750435685053555
0.4751105084613012
0.47521611857885515
0.475248057879356
0.4756508842431926
0.4756828193832599
0.4757196489493444
0.4757648878425538
0.4776314181675994
0.47764863438190386
0.4776560751135158
0.4776684034057029
0.4776758439679568
0.47775214560810153
0.4778040066663734
0.47782122085919554
0.4778530968520754
0.47791472807600577
0.4779419311012174
0.4780913288866085
0.47815761698135334
0.47816993975049965
0.47821179367902583
0.4782683051965503
0.4782757407552185
0.4783175917013178
0.4783299130264829
0.4783373481024719
0.4783619901985215
0.4784012899127843
0.4785147184560889
0.4785491286270563
0.47856633346036215
0.4785835381255527
0.47860074262263047
0.4786179469515979
0.47863515111245736
0.4786523551052115
0.4786744445095855
0.9999804577765835
0.47870885160685145
0.4787309404114575
0.4787481435159853
0.4787751173731857
0.4787923200938004
0.4788095226463303
0.47884392724714575
0.4788611292954361
0.48047184096126605
0.47921184768380126
0.4793358564277866
0.4794536602516835
0.47961525316146675
0.4797767730721533
0.47980860776798573
0.47984532458401685
0.47992363952386996
0.4799554728809339
0.47998730592715555
0.4800240209744118
0.4800509710870903
0.48024195910715334
0.48055048379695176
0.4806703736068463
0.4808000234324657
0.48087343663044435
0.4809150243840525
0.4809933170286406
0.48106672654758825
0.4810985491964931
0.4811254899855018
0.4811573120368653
0.4813384750561359
0.4813800576976584
0.48142163993322334
0.4814534591409869
0.481509684473602
0.481551265467503
0.48161490137503843
0.4817566347275576
0.4817884512129643
0.4818300296284003
0.48188877987826606
0.48191571404863476
0.4819426479560708
0.48203321000790716
0.48206014281600357
0.4821628164641914
0.4821946291035816
0.4822631342613381
0.48229006515850353
0.4823218765557432
0.4823585683815957
0.4825127384182887
0.4828057434575927
0.48265209009492666
0.48270594493818847
0.4827916056612982
0.4828185318763696
0.48288702459212407
0.48292371061570294
0.48303864680074377
0.4830753313682238
0.48311201557764666
0.4831853829223419
0.4832318263449676
0.48326850907458285
0.48330031135012735
0.483327233243052
0.48363531667992365
0.48367199547149187
0.48385050432100873
0.48390921822467076
0.4839361349130443
0.4852992820352739
0.48537997434484237
0.4853733002984842
0.48600895855571313
0.48608525280488163
0.4872939376367455
0.49173602042606274
0.9342178349038677
0.4894565111522353
0.489619907959775
0.4896564822299923
0.4897344994838031
0.4902710283104311
0.49029785700721146
0.49036125218509125
0.490397818571359
0.490434384601526
0.49046121184971664
0.49052947305890715
0.49078311845129124
0.4909050187936978
0.49092697272005803
0.49094405764642873
0.49125130232422276
0.49128299002448844
0.4913146774162139
0.4914268188191307
0.4914536364034682
0.4914926659234413
0.49151461453079665
0.4915414311655056
0.4915536428870476
0.49158045907066183
0.49176816504561344
0.49181445115688116
0.4922899448030139
0.49270298547409913
0.49272491921983885
0.49280284966277044
0.4934142982955513
0.4934410914646607
0.49350440824429265
0.5053858129804417
0.49401599626364645
0.5046701692936368
0.7849088530903398
0.999970826060108
0.4965861433868373
0.4969995578295749
0.497031155857029
0.4970530356405335
0.49711137133333655
0.4971478271009873
0.4972474746247771
0.4974638033232922
0.49749539648529545
0.49751734457896885
0.4975732282622954
0.4977263452457296
0.497738501824259
0.49781869413136415
0.49784542438095425
0.4980616954092786
0.4980932810625161
0.4983313821596335
0.4983629651219275
0.4984650060233941
0.4985014451218031
0.4985330263375205
0.4987735395405995
0.49901402704382963
0.49914761550902653
0.541259094485512
0.49923262229475074
0.4992909110336186
0.4993953463524087
0.5194538453694847
0.5002233508453344
0.5004733905933647
0.5005098027791535
0.9999902895651668
0.5007816596430583
0.5008641615690844
0.500847140838985
0.5009636343335389
0.5009903297215426
0.501012170316467
0.5010655598436855
0.5010922542185285
0.501118948334199
0.5011917417876612
0.5012135804506752
0.5012305646034281
0.5012742409164826
0.5014610941216446
0.5015266175107155
0.7179961363349545
0.5017788585212904
0.5021621280581615
0.5021985168504426
0.5022349052895185
0.5022712933753943
0.502404557740929
0.5025936151938782
0.502785136879288
0.5032312215570024
0.5032530383523761
0.5032795156407669
0.5037173188746684
0.5038674354659592
0.5041146376354775
0.5041776381190688
0.5042091379026079
0.9426562575764923
0.5407639791307046
0.5049548632321998
0.5085324232081911
0.5052087120496003
0.5053103565282726
0.5056248939728085
0.5057144795897595
0.5057459565042483
0.5057725862737495
0.5058937001386182
0.9996413790429667
0.5065013080127895
0.9983287150967892
0.5069509702295031
0.5072671532422497
0.5078701081141275
0.5083214731766824
0.5083625801766912
0.5087152876940428
0.508746708488228
0.5089618919926233
0.509043389879728
0.5091444970889574
0.5094943140575853
0.5096465123031139
0.5096682409414679
0.5098910030333377
0.5101100984888063
0.5103796856106408
0.510432789041944
0.5104593403723283
0.510519646346418
0.5105799505704709
0.5107175330328297
0.5086131852826247
0.5107914016974152
0.5053911613963833
0.5110643749848913
0.5111005821036957
0.3879718292158294
0.5117838120003481
0.5118747281426708
3.866153756934913e-05
0.5120224599654016
0.5126483530815417
0.5128679489532716
0.5129859779453319
0.5131836338432261
0.5132294554622823
0.5133499483196646
0.5140704973442781
0.11663842667014236
0.5145244439295644
0.5146518643658743
0.5150337837837838
0.9939239797691208
0.9956904664237628
0.3048683391479321
0.9094102377287663
0.9996044189300014
0.9999565844504797
0.9994115433962628
0.9247094004726764
0.9999565911513474
0.9998312089777533
0.5153714464832542
0.5153490794410099
0.9991561506970196
0.9991176087679793
0.5348469434493532
0.9989924020364085
0.9989586898775978
0.5299942151947551
0.9994408183334458
0.9243157519257281
0.9988769460644913
0.999426486676659
0.9985157770967058
0.9985109653666928
0.9238494046443045
0.9984532282235253
0.5138409054770956
0.5139130476681492
0.5139995085355806
0.5140259414871063
0.5140475559517214
0.9941894079555966
0.5141861910474511
0.5144387809178768
0.9982320239712499
0.5148678918085696
0.9996724785666121
0.5157766990291263
0.5158079258749139
0.5159183830717592
0.5163638814924669
0.5166737284055236
0.5167001295180867
0.5167457894787524
0.5167770047425311
0.5168130344349434
0.5170602537252353
0.517149074662507
0.5171899147364822
0.5172211256078186
0.5172475217971123
0.5172691033739023
0.5173267088400396
0.21795717194276115
0.9912688977344378
0.517641509888005
0.5176750297190765
0.5177014149581288
0.5177853818647339
0.5178213914449621
0.5178885969218331
0.5179294181060413
0.5188430483779388
0.5189317935763262
0.5193084932350507
0.5194524634334103
0.519498077857593
0.519606050691865
0.5332922822327308
0.5196533432084991
0.5200078867766648
0.5201059880354704
0.5201371490124983
0.9999951911517192
0.5201946612423118
0.5202306301454181
0.5202833318907066
0.520309682383208
0.5203935410034719
0.5204246990993417
0.5204606655125986
0.5204963747908533
0.52052752789811
0.5206688654480418
0.521248011228448
0.5213006801413156
0.5213713417828597
0.18787759359034129
0.9123839916949829
0.5215416776797943
0.5216398831263697
0.5218266744836468
0.5220224308765725
0.5220865587445283
0.5221786592865929
0.522224197492901
0.5224236251567371
0.5225025808465177
0.5226697651639914
0.5230450145951759
0.5232778071143969
0.38525345622119817
0.5235599329944658
0.5235910186136257
0.5237535277516463
0.9901201986516638
0.5243681271230353
0.5246235109552435
0.9932499856076452
0.9971167454244525
0.5248409660055842
0.5249745744823748
0.5250963028346374
0.5252301389708387
0.5252516046089934
0.52538063760997
0.5254164927782334
0.9231938835221549
0.5258045949446016
0.52583564758191
0.5259431926098592
0.5260462127243255
0.5263634881512952
0.526910021861696
0.5269122899537358
0.5270444532864176
0.5271387689166064
0.5271841774761042
0.5273819281670765
0.527565546661554
0.5276323862111277
0.5278157217421312
0.5277508842898362
0.5277771121005737
0.5279203631013146
0.5279728155898183
0.5279750778816199
0.527996510920149
0.5280393763808812
0.5280656014262847
0.5280918262203158
0.5283033335250255
0.5283867906896502
0.5284725050916497
0.5284891410607833
0.5285272045927218
0.5285582162076682
0.5285892275253977
0.528651249269223
0.5287084778900155
0.5287394877446869
0.5289280751353682
0.5292793008614659
0.5294551656733294
0.5295600015330957
0.5296124179562114
0.5296482075015211
0.5296792058716441
0.5298911090777566
0.5299531002237201
0.5299840953512436
0.5300150901818007
0.5300460847153957
0.5300722884640259
0.5301032824266579
0.5302630381359789
0.5306298409231344
0.5306608292458614
0.530682237305347
0.9883701993543257
0.7796057357970057
0.5219823107165261
0.5315031891053267
0.5361058709745378
0.5311210272811713
0.994015416287643
0.9926709941789216
0.9926582145198883
0.9927981816006699
0.999583698195547
0.9926118745932703
0.9920475424896646
0.999760804462432
0.9997512378309853
0.9911795234838012
0.999387761935055
0.992160520399866
0.9999426032304816
0.9993734215963879
0.9966571658122274
0.5310596134166053
0.5311425551958454
0.531299162709741
0.5313300944875865
0.5313658077072047
0.5315132679894813
0.5315550923225504
0.9832191502483661
0.5325477153042597
0.5326047480694243
0.532857770812629
0.5332935218803746
0.5333244156104738
0.5336492528757596
0.5337323671174506
0.5337798137966284
0.5338438168755733
0.9823930374637567
0.534062522389129
0.5341099600223531
0.5341217378013832
0.5341430679804555
0.5190513033594101
0.5346078918216891
0.5346339879579627
0.5347714609026972
0.5347927807486631
0.5348284242340325
0.534892381734497
0.5350775841489616
0.5353337152678316
0.5354182977829549
0.5360156951100759
0.5362239978615956
0.5363235420465285
0.5369259476665664
0.537124696989941
0.5373392114202832
0.537418893129771
0.5374846139900575
0.5376410256410257
0.5377159130480411
0.5377371991184636
0.5377889504765357
0.53850298487536
0.5385612999508895
0.5389265232376875
0.5389760213567241
0.5390368774311647
0.5390999270674935
0.5397158286583128
0.5397821786897357
0.5397843722295835
0.5397913320337262
0.5398858973075769
0.5399119211484568
0.5399639680860191
0.8657007363629864
0.5413408806110246
0.5413668893357093
0.5414379645511721
0.5414449140227081
0.5207304987516914
0.5417486458546718
0.5420939570463021
0.5426963135110937
0.5427197180751006
0.5427712880198486
0.5427829896661746
0.5427946912010515
0.5439004884179258
0.5439121803995868
0.5439286326332425
0.5442061924367548
0.5442343298571612
0.5442767457246346
0.544750692388956
0.544804777653525
0.5448164609366821
0.5448281441086478
0.5448398271694235
0.5448748756846268
0.5454424351417058
0.5454986607546398
0.903723649719073
0.5456616985952076
0.5456993211582648
0.5457157536201549
0.5461446625539262
0.5461563341292416
0.5461680055935275
0.5463136917303604
0.5465743391703842
0.5465860073145097
0.5468759656387121
0.5472971688247485
0.5480947447461719
0.5481063972359911
0.5481439590154975
0.5486979661661281
0.5487143664970229
0.5490758777973108
0.5491017764917732
0.5491393195326717
0.5491509640145577
0.5494548823068336
0.5498632062925105
0.5499007305094568
0.5499076180660115
0.5499192552484089
0.54992614265155
0.5499330299892659
0.5499446668851493
0.5499563036704916
0.5499679403452944
0.549979576909559
0.5500762220459802
0.5500926057842997
0.5501089893670068
0.55012062382463
0.5501322581717504
0.5502611833982335
0.5502870629354025
0.5502844497630377
0.5507189275660896
0.5511766548637282
0.5511999012739458
0.5514022240046321
0.5514349582113212
0.5514819297121568
0.5514935502548575
0.5515051706872577
0.5515167910093589
0.5515284112211628
0.5515400313226709
0.5515469054771701
0.5515585253806143
0.5515701451737671
0.5516192410638016
0.5516308603482396
0.5528701336280709
0.5534737041779295
0.5535185018328741
0.553534845783224
0.5535606739601561
0.5536028452874926
0.5536402737140608
0.5537620386659902
0.553842141451502
0.5538679665790996
0.553916989506328
0.5539428137891792
0.5539544124690006
0.5539707528023823
0.5540598209544041
0.5540714187494369
0.5540803891910345
0.5541641971503758
0.554267480287707
0.5543096377144862
0.5543423117588769
0.5543792107795957
0.5544239941588675
0.5544355890175849
0.5544614071685947
0.554505672686241
0.5546468683478171
0.5546679435636805
0.5546890185797116
0.5547006115773006
0.5547027226913066
0.5547754273848692
0.5548502403549859
0.5549208305679341
0.5549534943254544
0.5549650853548115
0.5550330416315076
0.5550588536457025
0.5551415514724007
0.5551436603160006
0.555223724940863
0.6246983925329339
0.5553127444241663
0.5554444228499377
0.5556729958005896
0.555741457842575
0.5557530428847686
0.5557788468374529
0.5667579839420626
0.555820974751999
0.555870476046031
0.5558725810350302
0.5558936442485426
0.5559147072623951
0.591557105889267
0.5560194883363824
0.5560500286731217
0.5560921512220321
0.5562732813284931
0.5563227760216486
0.5563485744616318
0.556364894388391
0.5564022728672913
0.5564470267093815
0.5565881260188801
0.5566091831463815
0.556656035712424
0.5567239434750879
0.5567497381801984
0.5567707938433543
0.556885007415972
0.5569344933469805
0.5569650244274592
0.5569813394997962
0.5569929158670363
0.5570255452835284
0.5571565984183318
0.5571960615221326
0.5572218510568736
0.5572381638300292
0.557249738212453
0.5572613124851931
0.5572871012219796
0.5574570505349139
0.557473361034383
0.557503885077512
0.5575344088314026
0.5575980972776288
0.5576001933035482
0.557616502738454
0.5577149029714978
0.5577454245687511
0.5577827786331873
0.5578153943821449
0.5579111435366351
0.5579179753935656
0.5580200008527129
0.6758613175683678
0.5581893284826436
0.5582103692475309
0.5582266728562902
0.5582287655075389
0.5582734903461736
0.5583134778716208
0.5583508201846422
0.5583881617901314
0.5584438960386895
0.5585123011775405
0.5585238656871243
0.5585449033724896
0.5585612042383278
0.5585869781453378
0.5586222249589102
0.5586669445444383
0.5586832445233866
0.5587937175552271
0.5589351090987453
0.5589561428436108
0.5590328920883753
0.5591801166931879
0.5592011479827423
0.5592452973157287
0.5592615920855099
0.9992185983074365
0.5593824734212582
0.559403502457782
0.5595044727209013
0.5596007046388726
0.5596406737603765
0.5596569653461126
0.5596732567775542
0.5596753418949123
0.5597079241208838
0.5598761281524344
0.570789336616317
0.560038069804111
0.5600801162917332
0.5601594719621964
0.5602649508306937
0.5602954405567918
0.5603117261885034
0.5603232770865292
0.5603348278751782
0.5603369094851667
0.5603626636365788
0.5603742140746913
0.5604414333802037
0.5605355477386459
0.5605470969208044
0.5605701949570602
0.560654263125503
0.5606705455165198
0.5606915618845629
0.5607125780536185
0.5607335940236894
0.5608528728123121
0.5609185716787934
0.560970067647212
0.5610677446993831
0.5612240550966795
0.5612403320931906
0.5612539523259557
0.5613986927485883
0.5614244334639632
0.5614407080483707
0.9989445585604346
0.5615016541481492
0.6189570229863842
0.5616043539990535
0.5616158939143686
0.5616741755953508
0.5618620366558299
0.5619123332528878
0.5619238704548466
0.5621063788510403
0.5621226459733132
0.562162571389366
0.56218564135079
0.5622066394125218
0.5622181740755636
0.5622249770518486
0.562245974629401
0.5622717035410791
0.5623799384906553
0.5623962034719495
0.5624497288908655
0.5624659932341322
0.5624680633622893
0.5625289792674041
0.5626061572380903
0.5627137889432972
0.5627300511908254
0.5627936243595263
0.5627956928201052
0.5628024923238507
0.5628823253899542
0.5629080483696989
0.5629385020792628
0.5629689555006765
0.5630230632761679
0.563048785103323
0.5630792375707858
0.563170593244394
0.5631963137651917
0.563273473867464
0.5632897320055822
0.5633107206721354
0.5634067997861762
0.5634325180945172
0.5634345833077095
0.5634860189315635
0.5635259278882088
0.5635699655151208
0.5635909516646326
0.5636024768329084
0.563647114474929
0.5636586392684992
0.9999952696757836
0.5637177225189088
0.5638232456057367
0.5638394989901283
0.5638720052976374
0.5639045109901285
0.5639254935719759
0.5639653957307527
0.998756077719129
0.5640995322306779
0.5641299720947831
0.5641462226447399
0.5641813916531083
0.5641976418061514
0.5641997029805992
0.5642112233073995
0.5642369322158951
0.5642741607468856
0.9220204313280363
0.5643601348826871
0.5643716539603867
0.5644629623499032
0.5644886686088305
0.5645096453518342
0.564540080397257
0.5648709485212753
0.5649692401537756
0.564980754499286
0.5650362678620403
0.5650477816183807
0.5650938355549041
0.5651337191708277
0.5652245862884161
0.5652733058159931
0.5652895453513882
0.5653429910121178
0.5653592299109254
0.5653896524497776
0.5654776257003049
0.5655101008429583
0.5655263381839843
0.5655662139098615
0.565572995461422
0.5655939599377839
0.5655960136534262
0.5656027949679231
0.5656798691413821
0.5656913774600878
0.5657170681895541
0.56574748616029
0.5657637214579492
0.5659145594902122
0.5659612084654985
0.5659916234128447
0.5660173109013298
0.5660382709979956
0.5660545037698834
0.5660660092840328
0.5661545733869062
0.5663219488216888
0.5663564565146495
0.5663679588615074
0.5664119178943289
0.566463279185946
0.5665497717240271
0.5665659988562625
0.5665774996691684
0.5666079049477998
0.5666822626457397
0.5667079406788472
0.5667309400933855
0.5667566175323847
0.5668268753633051
0.5668735024881735
0.5668890947241073
0.5669053188724275
0.5669168171034847
0.5669188637426928
0.5669681675551019
0.5669702139322996
0.5669911629885166
0.5670357401080284
0.5670729113995832
0.5670796828187171
0.5670911797367861
0.5671378008383069
0.5671985974794324
0.5672289953690578
0.5672688438292987
0.5672897902864541
0.567296560392774
0.5673458586927759
0.5673918385090819
0.5674033331915759
0.5674519921372949
0.567505374819855
0.5675215936797142
0.5675661628165207
0.5675682060877536
0.5676870957225139
0.5676985881952713
0.5677283401134908
0.567763456304808
0.567820914421246
0.5678560291796989
0.5679378637841107
0.5679918739517634
0.5680290267259421
0.568078311317724
0.568091841073369
0.5681452051040993
0.5681850392584824
0.5684587915202358
0.5684986183604545
0.5685478918878066
0.5685992026753831
0.6575409758632091
0.5687159915356711
0.568771372971339
0.998252392333198
0.5688834309465332
0.5689111192979474
0.5689226017012795
0.5689664944314822
0.5690198319549991
0.5690569637889586
0.569063722063741
0.5690866842358808
0.5691028880440173
0.5691049231117996
0.5692358552942288
0.5692520579387081
0.5692682604301461
0.5692797400622452
0.5692959422699109
0.5693938077337212
0.5694849138847042
0.9964392307982923
0.5695618500713091
0.5695922174210762
0.5696036948185648
0.5696151721076517
0.5697076448671392
0.5699208567866723
0.5699370540541817
0.5699390848562119
0.5700254517809163
0.5700983123518468
0.5701401480809912
0.5701516217530704
0.5701678172425843
0.5701887344826446
0.5702049296439702
0.5702514850176125
0.570287932157933
0.5703135697658497
0.5704222359667801
0.5704431497341858
0.5705065556200809
0.5705976498137508
0.5706367790912867
0.5706576903647961
0.5708883706438304
0.5709490718885133
0.5709605389252652
0.5709767266204031
0.5709929141627051
0.5710300094886066
0.5710556379051521
0.5711972888012008
0.5712181928888008
0.571229656760941
0.5713321502067324
0.5714366625289679
0.57146700397406
0.5714993675546074
0.5715391477130599
0.571541169918538
0.5715526314547454
0.571573532188031
0.5716267940325557
0.5716429744577222
0.571735334371608
0.5718586893941539
0.5718748672741774
0.57194901536995
0.5719935066160787
0.572023840422068
0.5720447359728187
0.5720514744397412
0.5720629317830043
0.5721370731799392
0.5721579675061462
0.5722610997598139
0.572281993204983
0.5723123239320312
0.5723493910524106
0.572407349735285
0.5724329604061776
0.5724444150843683
0.5724909168121549
0.5725165266053575
0.572556291640715
0.5725583085220329
0.5725697622844848
0.5725764975110293
0.5725832326740148
0.5725994045400284
0.5726202946144627
0.5726432009059168
0.5726593721837682
0.572686996031952
0.572707885101725
0.5727779717475205
0.9949704881834781
0.5730575619329789
0.573073729501236
0.5731370745170193
0.5731505375836805
0.5731714221014492
0.573568955268943
0.5742999735839088
0.5743208502167524
0.5743861883534989
0.5744326570659019
0.574453532580496
0.5744932759116789
0.5745586105725916
0.5746192270864091
0.5746825531593743
0.574757913504488
0.5747713583601005
0.6106501898450581
0.5748386914195155
0.5748911664410601
0.5749860866120193
0.575037259229913
0.5751946539145362
0.5752108053045595
0.5752175245820462
0.5752592585606021
0.5752989889081718
0.6053090751325146
0.5754207595127725
0.5754416244612323
0.5754954988941757
0.5756018201966379
0.5756435466149848
0.5756691249976422
0.5756664104607463
0.5756778422219079
0.5756798430714242
0.5757007054208004
0.5757404290032206
0.5758171598860786
0.5758427363646222
0.5758683126019672
0.5758797429259851
0.5758911731422105
0.5759470393527032
0.5759584690899318
0.5759907584223307
0.5759974727233292
0.576111915280849
0.5762229189749877
0.5762343467109233
0.5764407482839254
0.5766032470348651
0.576642955127208
0.5766846583543498
0.5767196515442924
0.5767566395459559
0.5767727763400412
0.5768911682630666
0.5769073039666266
0.5769328669878291
0.5769651375454871
0.5771359081439305
0.5771803223054407
0.5771823152337858
0.5772240080693055
0.5773019493985898
0.5773672055427251
0.5773739106663964
0.5773900420413627
0.5778968601834309
0.5779385427467245
0.5779546707763654
0.5780104909441378
0.5780313312973645
0.5781605674293658
0.5782183723867513
0.5782392112691986
0.5782761757096201
0.578356802201738
0.5784173272132631
0.5785396197073585
0.5785557430044391
0.5786842216871103
0.5787097686254182
0.578765574048593
0.578844196479059
0.5788972712151127
0.5789342242285165
0.5789503444506224
0.5789711765454263
0.5790073836034058
0.5790537579689863
0.5790840126278094
0.5790954196135343
0.5791303856157413
0.5791559276832537
0.5791720459492824
0.5791928758216128
0.5792278407056296
0.5792816521153239
0.9997314335792836
0.9985111124722601
0.5793555439335473
0.5793830656370292
0.5794038936318576
0.5794152983580296
0.5794408375187282
0.5794616649469722
0.5795281080979213
0.5795489345262493
0.5795556267490837
0.5795623189088597
0.5795642997135535
0.5795871062574791
0.5796456216226402
0.5796711580137567
0.5796904812380751
0.5797435317617352
0.5798020436333143
0.579804023178028
0.5798456697067913
0.5798617817621647
0.5799054061693267
0.5799329181544955
0.5799725832512872
0.5801254875360353
0.5801510176972392
0.5802000998615128
0.5802303398572741
0.5802531359369185
0.580386707802454
0.5804028148050455
0.5804189216559039
0.5805539986152389
0.5805701043746938
0.5805814999552548
0.5806023154384544
0.5806090007771472
0.5806557963847364
0.5806719008303387
0.5807021344737289
0.5807155035181749
0.5808148598179258
0.5808450916489272
0.5808611944445753
0.5808886900416794
0.5809746724561784
0.5809907741865602
0.5810598889532501
0.581184747750166
0.5812055568636685
0.581226365781183
0.5814057526041176
0.581557645308181
0.5815737427010736
0.5816758019249967
0.5819591852109957
0.5821059966852493
0.5821939092604101
0.582214709801355
0.5822402184660295
0.582256310295634
0.5822771102489736
0.5823273507975668
0.5823387335979322
0.5823991638378712
0.582482356652213
0.5825219864032692
0.5825239518843718
0.5825824129261885
0.582630679490982
0.5826863957139696
0.5827468186975373
0.5827931172468988
0.5828347072032841
0.5828931634795544
0.5829045424373526
0.5829206289426607
0.5829367152965103
0.5829830103143256
0.582999096147328
0.5830245969165588
0.5831273802294435
0.5831575875120041
0.5831830870549689
0.5831991714917856
0.5832548768547111
0.5833058738243407
0.583391782034203
0.5834078648829305
0.5834353229147053
0.5834976911453896
0.5835184801641844
0.5835553505361363
0.5835828061455038
0.5836035942743906
0.9952035773123088
0.583663997815967
0.5836941991602809
0.5837141983008166
0.5838161715907539
0.5839777471324958
0.584032644455008
0.5840440152114161
0.5840647988214973
0.5840761693195403
0.5840875397105542
0.5841102801715009
0.5841404757198392
0.5842847327453952
0.5843215872298773
0.5843847207254691
0.5844149121403496
0.5844658823529412
0.5844913670994489
0.5846853883942856
0.9938453430703644
0.5847508269693162
0.5848876383347136
0.5849056603773585
0.5849417034450959
0.5849624767685322
0.5849832498964881
0.5849852025764926
0.5850596831640311
0.5850957218068814
0.5851353131586872
0.5851862655613373
0.5852211510865832
0.5853756075069748
0.5853822629969418
0.5854406707096179
0.5854614400240882
0.5855010279789041
0.5855284514596222
0.5855398106851841
0.5855699882854952
0.5855766426104875
0.5855974106012919
0.5856322920587128
0.5856436505285542
0.5856550088915234
0.5856663671476221
0.5856777252968518
0.5856843788958671
0.585695736853495
0.5857023903051743
0.5857325655790148
0.585767444923766
0.5857948638337308
0.5858156295278776
0.585850507825547
0.5858571603300498
0.5858638127719629
0.5858986903507452
0.5859214029673814
0.5859327591154347
0.5859629316022203
0.5859809391199631
0.5859922947742764
0.5859989462988748
0.5860103017616483
0.5860263610962152
0.5860330123667016
0.5860396635746138
0.5860651303689278
0.5860717813631874
0.5860878400308573
0.5861180100850455
0.5861293645604512
0.586145422730651
0.5861849996472165
0.5861916498899321
0.5862030038053218
0.5862445260796146
0.5862558795860772
0.5862766402792084
0.5862832899031994
0.5863012925438844
0.5864012003367716
0.5864192014449059
0.5864540708339213
0.586456015916392
0.5865049950143925
0.5865958047220393
0.5866212650678908
0.5866373188099068
0.5866721850411292
0.5867430441898527
0.5867449877486138
0.5868166597689906
0.5868299519361908
0.5868601123991817
0.5869016210725321
0.5869779909706546
0.5870100920796456
0.5870374898892045
0.5870535399374545
0.5870695898347489
0.5870856395810898
0.5872098491403634
0.5872353032461944
0.5872560545497296
0.587276805658097
0.6412875314476499
0.5875078176064252
0.5875614825403692
0.5877067179513704
0.5877509756900362
0.5877623183226675
0.5877736608486308
0.5877803012136003
0.5878284338618368
0.5878491797420502
0.5879376901339578
0.587988583841528
0.5880422414684835
0.5880649226081887
0.5880856665961398
0.5881064103890242
0.5881177504972095
0.5881384939441812
0.5881404303936734
0.5882092969679303
0.5882253378092471
0.588271523676985
0.5882989026695127
0.5883243456715829
0.5883497884344147
0.5883658280873151
0.5883970757622059
0.5884479589294194
0.588508243656827
0.5885336843589865
0.5885497223932942
0.5885704614690286
0.5886279764003479
0.5886581169258542
0.5887316660398646
0.5887524033828347
0.588793877483864
0.5888815242070823
0.5889370983739876
0.5890040050392042
0.5890642774544737
0.5891405820332147
0.5891878425510713
0.5892226771268619
0.5892453406660556
0.5892613727167608
0.5893141683392167
0.5893349001175088
0.5894225255459357
0.589433855843576
0.589503518098112
0.5895430489100293
0.5896024666058789
0.5897503383967514
0.589836020886305
0.5898633755222702
0.5898747027362365
0.5899518270473505
0.5899744803244712
0.5899764073353448
0.589987733751921
0.5900084594416769
0.5900338846043585
0.5900405109454747
0.5900471372243083
0.5900490638393864
0.5901093117028376
0.5901911300972333
0.590197755512529
0.5902673997838245
0.5902975219816627
0.5903182450468063
0.5903389679171778
0.5904086092248408
0.5904754743935563
0.5905572864534138
0.5907326654511964
0.5907721802709421
0.5908343357642283
0.5908597527453164
0.5908851694875433
0.5909340801338226
0.5909594962879429
0.590975514634364
0.5909868340679065
0.5910603027825547
0.5911177518101387
0.591143165907062
0.5911798977597353
0.5911865171284528
0.5911978349323886
0.5912740735868294
0.5913135812213984
0.5913522300684548
0.5914256853578895
0.5914530155463784
0.5914897415538716
0.5915198496593845
0.5915640518484762
0.5915659707214402
0.5915932986930008
0.5916046134692631
0.5916065321156087
0.5916338591925133
0.591659267402365
0.5916846753734849
0.5918028936490042
0.5918349132383198
0.5918509228073636
0.5918641520069521
0.5918942532623094
0.5918961702687341
0.5919695994663936
0.5920524202071443
0.592153160389101
0.5922321432765156
0.5922763311163717
0.5922782461661305
0.5923036457403736
0.5923638379018168
0.5923798430315299
0.5923930656471483
0.5924090704140678
0.5924297717847196
0.5924711739426531
0.5925106614815232
0.5926819989949608
0.5927046104570068
0.592730005166017
0.5928072284630124
0.5928232294058806
0.5929220163236938
0.5929333201842747
0.5929926225774489
0.5930594036158723
0.5931082737343333
0.5931101844547128
0.5931167910290064
0.5931468767902928
0.5931948703259343
0.5932522539444027
0.5932682509943135
0.5933706794137948
0.593349110647809
0.5933651069424554
0.5933670163312453
0.5933736212652665
0.59338022613726
0.5933962219853594
0.5934836810299897
0.5935316655397791
0.5935617461040394
0.5935730451032502
0.5936116367187684
0.5936370209689081
0.5936577097702633
0.5936662206258657
0.5936728235658681
0.59367473132163
0.5937001145604447
0.5937274050424902
0.5937828650841346
0.5938299600463857
0.5939446862250767
0.5939653715423184
0.5939860566653365
0.5940547113032782
0.5940894793671658
0.5941242471046096
0.5941355416596248
0.5942088857175047
0.5942220845186792
0.5943630499992959
0.5943997183429175
0.5946318932011491
0.594647878068129
0.5946704593994527
0.5947465757925667
0.5947719474472289
0.594847170590665
0.5948744426191035
0.5948904252972294
0.595005984370233
0.5950172724541904
0.595111259216844
0.5952326198063574
0.9966068126566358
0.5952880441159216
0.5953415682667217
0.5954561027234286
0.5955162169899427
0.5955462737000188
0.5956270561236702
0.5956383398096525
0.5957672454246833
0.5958057840574745
0.5958443216052105
0.595873473199161
0.595947651693249
0.5960218287950524
0.5960659553103034
0.5960819275977759
0.5961345357970702
0.5964564897101191
0.5965806191293903
0.5966059707514815
0.5966266303837853
0.5966942071211077
0.5967101744376988
0.5968068835446126
0.59686038274055
0.5968716572522379
0.5968782401043402
0.9974524982406756
0.5968867141134688
0.5969308287043987
0.5969327196896126
0.5969393021008285
0.5969740329806948
0.5970810932530188
0.5971158221642593
0.59714116830234
0.5971796760286536
0.5972181826711076
0.597234145357483
0.5973120675501349
0.5973280294216985
0.5973627548938206
0.5974021709557271
0.5974566332992467
0.5974772847741142
0.5975439287758108
0.5976359116281251
0.5976865923674435
0.5976978606239417
0.5977044382112067
0.5977110157367668
0.5977269742396668
0.5977382420953391
0.5978377110694184
0.5978630494228451
0.5979071490886577
0.5979231061476621
0.5980020167436625
0.5980132823052678
0.5980892884780437
0.5981699824595961
0.5982300303905752
0.5982806974759176
0.5983238677665796
0.5983445106223327
0.598413011058274
0.5984496051323416
0.5984843155737513
0.5985049569026158
0.598564997186269
0.5985856378463804
0.5985922097898163
0.5987441851740696
0.598822977725674
0.5988877009359819
0.5989036496555734
0.5990237131723695
0.5990396608802483
0.5990602975724354
0.5991137578542624
0.5991709766813746
0.5991869232500563
0.5992122476730828
0.5992469498185364
0.5993041651623068
0.5993266782638053
0.5993970395862736
0.5994082951210135
0.5994495602107988
0.5995048901475015
0.5995208334310108
0.5995320880687146
0.5995499085751793
0.5995705397789874
0.5996071132198432
0.5996680700240977
0.5996840116456242
0.5996858884200656
0.5997065180191373
0.5997599647448218
0.5997759056365827
0.5998218513396311
0.5998612322203782
0.5998818604171452
0.5999306167607403
0.5999624958979889
0.6000300031409538
0.6000412541254125
0.6000525050043832
0.6001396981956431
0.6001696996971657
0.6002250140633789
0.6002597025140516
0.6002756396433561
0.6004687243666362
0.600498720388477
0.6005099673302179
0.600521214166526
0.6005230865858289
0.6005896359068581
0.6006102562420027
0.6006402504757352
0.6007986277101319
0.6008839147205076
0.6013918177983973
0.6014218031688309
0.6014583421199383
0.6014995665315495
0.6015642206778914
0.6015820130366122
0.6016119962511715
0.6017319262994133
0.6017947095897472
0.6018153191569122
0.6019895601975503
0.6020260898901676
0.6020420116485565
0.602043876336579
0.6020551122439896
0.6021028759921657
0.6021141114125469
0.6021159757103232
0.6022058547921586
0.6022170892036377
0.6022423793772314
0.6022601622968946
0.6023013708899071
0.6023641415111578
0.6023660044977511
0.6024147188215947
0.6024559250010542
0.9999859447911396
0.6024849376423077
0.6025373742673894
0.6101119226426674
0.6025963561064965
0.6026075875832733
0.6026188189548148
0.6026862678959598
0.6027462076848842
0.6027574381965624
0.602837975845818
0.6028585750223692
0.6029455163788137
0.602961429280769
0.603004482834538
0.6030297636334679
0.6030803245208072
0.6031430779680071
0.6032236003897175
0.6032488793333615
0.6032647899199026
0.6033153467108838
0.6034745218902373
0.6035437275179856
0.6035549518746633
0.6035661761261979
0.6036344901878132
0.6038105229633653
0.6038488738601611
0.603869462996094
0.6039059572873735
0.6039218624865939
0.6039284008205243
0.6039836271332497
0.6040042149631191
0.6040341691409945
0.6041305671334238
0.6043083263088883
0.604333594017074
0.6044018825071998
0.6044383671978534
0.6045337691345942
0.6045936643955889
0.6046189289928637
0.6046497471436598
0.6047031059041679
0.6047470992030417
0.6047601655709763
0.6047854283239295
0.6047872788739781
0.6049021443955427
0.6049526645503834
0.605019079055177
0.6050461872679517
0.6050667640504148
0.6050686130840072
0.6051153122278715
0.6051471001329612
0.6051864024307457
0.6053893112617506
0.6054697557710043
0.605501537827754
0.6055614072045502
0.6055819788779867
0.6055978690834531
0.6056090778866949
0.605610924121918
0.6057119317676467
0.6057325019660712
0.9999953188999415
0.6058783328340324
0.605917625086012
0.6059335124558825
0.6059400379151356
0.606013939532946
0.6060990451226362
0.6061149311227714
0.6061579075471345
0.6061784736361722
0.6062363387019017
0.6062980332687429
0.6063326390676558
0.6063532032800389
0.606403691881418
0.6064195751173599
0.606421417204905
0.60649246710942
0.6065569934242857
0.6066046389726117
0.6066457621565966
0.6067009247819087
0.6067813267813268
0.6068318068860944
0.6068570465841125
0.6068729262117475
0.6069850807734786
0.6070327160753812
0.6070840274788013
0.99708464360587
0.607210208847106
0.6072307649112298
0.6072326028666489
0.6072737142081693
0.6073036284171416
0.6073054659972017
0.6073213416688503
0.6073577718922257
0.6073642884884445
0.6075148565813485
0.6075354099695383
0.6075372463876619
0.6075718369963455
0.6076298230345227
0.607631658985097
0.6077053368394456
0.6077417604012652
0.6077529535618201
0.6077967164332736
0.6078172664832594
0.6078760714152038
0.6079377184322936
0.6079956957050622
0.6080357811213414
0.6081161373025118
0.6081981324500833
0.6082093217999879
0.6082317001857231
0.6083401165782506
0.6083513049498744
0.9897365368062573
0.6084371447684183
0.6084670440192731
0.6085062987963755
0.6085398598519932
0.6085856223336576
0.6086919914118522
0.6087125322755679
0.6087517833337232
0.6087536134265106
0.6088274365259042
0.6089152907058328
0.6089722301478533
0.6089945976285694
0.6090936304362061
0.6091188452705578
0.6093166830363407
0.6093418954123034
0.6093671075524293
0.6093736115203472
0.6094651033360303
0.6095061711073384
0.6096171653587497
0.6097057956984722
0.6097421819831363
0.6098128983684139
0.609853958277802
0.6098744879444828
0.6099566046911825
0.610331558103325
0.6103474073035021
0.6103837809530934
0.6103902783427548
0.6103967756716572
0.6104237969664665
0.6105069245083646
0.6105292687488311
0.6105497917066032
0.6105703144724661
0.6105973331338482
0.6106225307992613
0.6106337020655863
0.6107698205653268
0.6107856658640922
0.6107874855069754
0.6108033305749964
0.6108285257459163
0.6108835904628331
0.6110542333422156
0.6110747510635314
0.611099943434419
0.6111111111111112
0.61112227868339
0.6111381209271015
0.6112183697415353
0.6112939416604338
0.6113489963631604
0.6113648368805599
0.6113806772498644
0.6115307667857076
0.6115840005983182
0.6116203519760675
0.611645538852741
0.6116585178883602
0.6116790300038796
0.6116995419276433
0.6117107052879065
0.6117125202157594
0.6117470541218922
0.6117722394645327
0.6117927504732524
0.6118337719154744
0.611854282348982
0.6118981626462381
0.6118999766300538
0.6119204864665274
0.6119334620220329
0.6119679931200165
0.6121849996261123
0.6122055064051335
0.6124004561259206
0.6124303079302916
0.6125263457970568
0.6125468497350245
0.6125486604076025
0.6126148439617545
0.6126875087620917
0.6127173572720348
0.6127770534550195
0.6128022280998533
0.6128087104838899
0.6128105198228004
0.6128216750702112
0.6128831775700935
0.6129241782787077
0.61294935117732
0.6131133446411633
0.613149668478083
0.6132859225478469
0.6133671624216768
0.613378313973591
0.6133959443042706
0.6134966172018091
0.6135422799099175
0.6136242582815493
0.6136400801753017
0.6136465575241086
0.6136623791658296
0.613673528504817
0.6137080384049338
0.6137637824705663
0.6137796029732622
0.6137954233281319
0.6138112435351775
0.613880258824079
0.6138914065200938
0.6139025541119474
0.61392845630247
0.6139723057948536
0.6140532005344346
0.614119339814352
0.6141304855602583
0.6143033983417027
0.6143238849754293
0.6143443714177609
0.614401158445441
0.614426315273191
0.6144327874365897
0.6144457315819959
0.6145071863307907
0.6145229998878966
0.6145715099794945
0.6145733102900649
0.6145937942276882
0.614623619752256
0.6146347615288683
0.6146459032013976
0.6147260353951713
0.6148248482017749
0.6148686834718193
0.6149067742779211
0.6149524067517959
0.6152445089971652
0.6152603164521492
0.6153300113482993
0.615341147900808
0.6153522843493002
0.6153680907104029
0.615415508907932
0.6154974105604304
0.615513215653311
0.615731963576932
0.6157840422501669
0.6157951754345004
0.6158034330114496
0.6158285743636678
0.6159057905034063
0.6159215920658193
0.6159783344617468
0.6159941353903047
0.6160239439316048
0.6160555449201331
0.9958584882314764
0.6162203805299404
0.616245517705065
0.6163238054328642
0.6164301055187226
0.6164272274384749
0.6164699510701079
0.616520220742719
0.6165453552269745
0.6166552282775654
0.6167539706994594
0.6167604285814328
0.6168246987586194
0.6168685048413151
0.6168983048473615
0.6169514472455649
0.6169532355124393
0.6170210779393571
0.6170609078049942
0.6170860370664302
0.6171334139384631
0.61715387416322
0.6171603295754265
0.6171779083826213
0.6172439548128092
0.6172504096237064
0.6172615324289755
0.6173164538053626
0.6173275761465749
0.6173293624490025
0.617370278394981
0.6174047397877972
0.617466111505284
0.6174819005475347
0.6175788269890541
0.9892968502025803
0.6176448622559957
0.617741784914115
0.6178347219305002
0.6179323220536757
0.6179638929858298
0.6179843456100965
0.6181146094894939
0.6182344293281684
0.6182753293787657
0.6182817779603114
0.6182975605430557
0.6183040089606571
0.6183291252666017
0.6183700232880485
0.6184044727778452
0.6184529226461323
0.6184547032798821
0.6185522748167126
0.6186042821675907
0.618643395477985
0.6186451751397665
0.6187018465716859
0.6187474042306956
0.6188262963377757
0.6188765177463159
0.6189349609429683
0.6189507379738034
0.6189665148573988
0.6190102890739834
0.6190278432342388
0.6190296209194244
0.6190611730670524
0.6190816150360924
0.6191364966194305
0.6192555886840522
0.619352009107706
0.6193817800069987
0.6193928874704889
0.6194039948303294
0.6194104363405621
0.6194513133952316
0.6194875240281432
0.6195172931839708
0.6195721650687008
0.6196690258798061
0.6196894624378319
0.6197210040123169
0.6197461055047798
0.6197572104393912
0.6198898069054961
0.619907349092385
0.6199371133732051
0.6199715425345805
0.6200310696641584
0.620046837533472
0.6200626052556693
0.6200830378802016
0.6201081353417832
0.6201192375514317
0.6201461066223807
0.6201665383807992
0.6201823050297155
0.6202027364286481
0.9999813404985819
0.6202389338010627
0.6202751304980618
0.6203626389517337
0.6203923983318873
0.6204221574344023
0.6204239280516476
0.6204443573704269
0.6205820478493896
0.6207150686848427
0.9967302274381029
0.6208014403724071
0.6208125378982229
0.6208860405239002
0.6209315559204083
0.6209566454441569
0.6209724062016082
0.6209835025676665
0.6210290159935448
0.9961801085800638
0.6211095823325016
0.6211766461759466
0.6212110612060241
0.6213493521878236
0.6213604458643285
0.6213937262729808
0.6214328021304082
0.621471877623356
0.6214736429734028
0.6215033905103021
0.6215378014485387
0.6217080871345493
0.6217145148954427
0.6218568124160573
0.6218865566400694
0.6220096809393683
0.622113519361337
0.6221246077155874
0.622131032874796
0.6223586788265354
0.6224747180402926
0.6225499337945954
0.9877894697580739
0.6226974558373078
0.6228041548560346
0.6228980088485261
0.6229294968321826
0.6229656461681189
0.6230186849662477
0.6230390899979021
0.623078142336345
0.9846252103660953
0.6231755014894341
0.6232134033209954
0.6232291448150479
0.6232699506332832
0.6234856500925274
0.6234967277608935
0.6235357730512322
0.6235654954459433
0.6235969720699557
0.6236739069637364
0.6236943055173603
0.623728687156827
0.6237397631244086
0.6237601610858379
0.6237619147498193
0.623831274761128
0.6238656543199519
0.6238907118087923
0.623926843591823
0.6240159957493813
0.6240410518367994
0.6242158736076805
0.6242269458594125
0.6242613202095334
0.6242910338206578
0.6242927847735513
0.6243306598563686
0.6243417312119602
0.6243621230409313
0.6243889253941403
0.624404656494953
0.6244110670463178
0.6244128173582373
0.6244425286017196
0.6244442787507106
0.6244646693415724
0.6244943799280481
0.6245147700953917
0.6245258399739038
0.6267032004324405
0.6248910759136809
0.6250145617722026
0.6250867865447073
0.6251071721464251
0.6253139313288323
0.6253296554809009
0.6253314012272911
0.6253424657534247
0.6253768270579301
0.9842047879527728
0.6253942960446923
0.6255031868500504
0.6255095907898599
0.6255678191551317
0.6255928586736739
0.6256382780469624
0.6256679758294081
0.6257914230473572
0.625811801757312
0.6258275214654758
0.6258915718219046
0.6259445609131143
0.6260132679872538
0.6261337855276091
0.6261838543923153
0.6262088884747974
0.6262542974536713
0.6263125040760996
0.6263654870101133
0.6263672275327482
0.6263829430425446
0.6264842479887829
0.6264953044644853
0.6265500246885976
0.6265907693454322
0.6266111413891567
0.626648965902739
0.6266972857402379
0.6267176568133332
0.6267520017886837
0.6267816884350953
0.6268037971735465
0.6268148513883002
0.6268445371888508
0.6269417260926067
0.6271651397938606
0.6271855060313912
0.6272012146559794
0.6272029509296173
0.627237288846041
0.6275340787898828
0.6276167190592619
0.6276277674804169
0.6276667582558318
0.6276684922320331
0.6276888543233564
0.6277202639581616
0.6277796146842823
0.6277999757839933
0.6278017090832887
0.6278726465835588
0.9999953432491082
0.6280075809433339
0.6280372526193247
0.6280669240189801
0.6280872820742065
0.6281076399398379
0.6281419670879238
0.6281530115713254
0.6282059639777235
0.6282263209115418
0.6283618923449432
0.628386904512458
0.628520077478954
0.6285357756473234
0.6285514736695069
0.6286137327665281
0.6286451276463988
0.6286654809241342
0.988588163537064
0.6287608600508432
0.6287625885212241
0.628778284756495
0.628907450345001
0.6289371132724657
0.6289667759237187
0.628982470842936
0.6290167888037396
0.6290417948944769
0.6291761331893181
0.6292790800530739
0.6292947727145757
0.6293308131360628
0.6293465053375481
0.6293668528864059
0.6294104776048529
0.629440135566708
0.6294651378239596
0.629480829034841
0.6295372124744538
0.6295872146883976
0.6296168707229645
0.6296389400964565
0.6296779058995499
0.6296889401994283
0.6297046295649745
0.6297110084909876
0.6297220424826713
0.6297284212682364
0.6297534203212938
0.6297877292617075
0.6298987548004189
0.6299423719661493
0.6300190848577946
0.6300533908048652
0.6300830416325315
0.6301335431047724
0.6301602595431928
0.6302573029733202
0.6303670916123267
0.6304124215161063
0.6304484419724931
0.6304734333693265
0.6305030787919407
0.6305204808735031
0.6305315088895095
0.6305611534899307
0.630619226025644
0.9825101109058162
0.9999953459798574
0.6307534788476753
0.630759851259593
0.6308382508981925
0.6308492765628708
0.6308603021249267
0.6309264533422684
0.6309967564347774
0.631064120879888
0.6311047823800682
0.6311314828171898
0.6311814497177718
0.6311924727079824
0.6312034955956054
0.6312603243293549
0.631275999739421
0.6312963281791659
0.6313166564297281
0.6314550276860081
0.6314753549143599
0.16051852816914516
0.6315338873430797
0.6315449076163578
0.6315965792240906
0.6316825325926133
0.6316935517640874
0.6317092235539343
0.6317329747686466
0.631753298717734
0.6317939460485544
0.63180496429153
0.6318532028138608
0.6319141709973527
0.6319751374789478
0.6320094164499426
0.6320111284799762
0.6320488306419723
0.6320831084727468
0.6322608558110108
0.6322904794026657
0.6323107984889931
0.6323886526670326
0.6324136230630027
0.6324593885487803
0.632475054078571
0.6325000232594922
0.6325504370356931
0.6326334102411432
0.6326850529586611
0.6327146711321984
0.6327349858824733
0.6328128270607444
0.6328377925799129
0.6328923743871694
0.6329033848558285
0.6329161026843234
0.6329317642681055
0.6330959678882228
0.633106976744186
0.6331975219065692
0.6332178321434385
0.6332334911583862
0.6332648087513023
0.6332804673292746
0.6333054276545277
0.6333071331234216
0.6333274421892732
0.6333337984214908
0.6333993749302378
0.6334196830948251
0.6334260387502442
0.6334649496091043
0.6334823110300855
0.633527576119764
0.6335542378793163
0.633560592672514
0.6335715979853693
0.6336718844461806
0.6337421001967103
0.6337966601407187
0.6338296704829754
0.6338609772883689
0.6339045316096631
0.6339311871358354
0.633946839775306
0.6340013950244129
0.6340750040687266
0.6340860055055427
0.6341156065601212
0.634199758207012
0.6342293581820971
0.6345287414040814
0.634555387655469
0.6346847684582481
0.6347376104816325
0.6347875006392881
0.634807796023879
0.634832740544436
0.6348872781711586
0.6349202659351899
0.6349591568219962
0.6349748014802968
0.6349904459931286
0.6350153886207891
0.6350669697857246
0.6351075551257793
0.6351557415155742
0.6352073192842499
0.6353020477419055
0.6353223377154651
0.6353333302342447
0.6353536198737437
0.6353739093246064
0.6353895500185943
0.6354098391138011
0.6355032446403005
0.6355484692691725
0.635631313013931
0.635698083037391
0.6357183695667331
0.6357885244682433
0.6358041619990983
0.6358290957431973
0.6358447329400992
0.6361033516307303
0.6361236346734837
0.636335327226165
0.6363509606893538
0.6363961702918758
0.63649419277478
0.6366437544441811
0.6366872705302784
0.9805458863333225
0.6367683827971781
0.6367996430828717
0.6368199203446465
0.6368401974179516
0.6369394488591478
0.6369690182210223
0.6369753522435778
0.6369816862072651
0.6370082948023885
0.6370332162307849
0.6370534905226374
0.6370691177427299
0.637114312267658
0.6371438794429394
0.9958689975000232
0.6371937194184096
0.6372093455511979
0.6372110313422086
0.6372313039599268
0.6373030992983597
0.6373187244146442
0.6373436425478133
0.6373592673305051
0.6374027711951825
0.637413749041656
0.6374357044285535
0.6374513284204852
0.6374855379868878
0.6374965151937553
0.637507492298614
0.6375184693014655
0.6375619706072306
0.637572947254953
0.6376726076532793
0.637692875960024
0.6377084978859824
0.637753679750223
0.6377739473036198
0.6379183779665112
0.637980458750122
0.6379960787593268
0.6380551942018212
0.99890355462017
0.638153157129384
0.6381983321331506
0.6382093047025265
0.6382202771699489
0.6382358953393296
0.6382561591459194
0.6383768466041067
0.6384389183363451
0.6384777619830718
0.6385351871896239
0.6385182845250483
0.6385292546396302
0.6385309338214117
0.6385465491691713
0.6385638433773557
0.6386292690178007
0.6387301764263218
0.6387614039651425
0.6387630819827478
0.6387740502977546
0.6388035990505344
0.6388710831173415
0.6390840900118436
0.6391855993758243
0.6392509996424044
0.639261963144598
0.6392729265449615
0.639283889843496
0.6393459371850778
0.639366188025932
0.6393910826487348
0.6393927572979651
0.6394037197854506
0.6394488638738349
0.6394910374291818
0.6395112867498526
0.6395315358824567
0.6395564285813795
0.6396078868425696
0.6396420660608227
0.6396483830822668
0.639663987295042
0.6397930848742072
0.6399082462307124
0.6399238484398216
0.639925520405273
0.6400356607216653
0.6401693844953753
0.6401942712275212
0.6402722705619063
0.6403439534214265
0.6404839728113509
0.6404995705364812
0.6405198109440725
0.6405632651924211
0.6405649339796089
0.9953200952694892
0.6406193416593157
0.6406488664800294
0.6406644629326994
0.6406661312113207
0.6407879221177147
0.6408406568153647
0.6408701788267628
0.6408764884751978
0.6408827980650492
0.6408844652216502
0.6409126781486467
0.6410134997121795
0.6411408623314888
0.6411750233268498
0.6412091840050507
0.6413411814949262
0.6413972380178716
0.6414313963959782
0.6414377027949143
0.6414486510574299
0.6414503154171444
0.6415587429791579
0.6415882579573042
0.641694400735243
0.6417192721871519
0.6418824206529711
0.6418980073985714
0.6419135939994801
0.6420449271326464
0.6420903627039194
0.6421059471099849
0.6421560209958649
0.642171604663251
0.6421918291386856
0.642239899013338
0.6422508411648683
0.6422866477628703
0.6423022303901095
0.6423131720492484
0.6423489774040403
0.6423708598822181
0.6424003638321175
0.6424408082195595
0.642461030131748
0.6425170541556453
0.6425372753386452
0.6425574963339706
0.6425591550537605
0.6425886567607451
0.6426181581939256
0.6426662211827597
0.6427514140809518
0.6427623519804002
0.6427825699609768
0.6428866400330369
0.6429814264039235
0.6430079388278745
0.6430235147825765
0.6430546662583633
0.9913143132878943
0.6430950966927731
0.6431511012336972
0.6431868901745904
0.6431931852979113
0.6432133992159046
0.9966409323732462
0.6432909430863378
0.6433204353756646
0.6435026675945257
0.6435851638792883
0.6436100131752306
0.6437547256458189
0.6437934873364877
0.6438246235771076
0.6438680229888256
0.6438975063084459
0.6440015214204873
0.6440187392736212
0.6440389441117672
0.6440684255445471
0.6441290382430019
0.644167795320878
0.6442158286061495
0.644263861445839
0.6442794261568932
0.987504638218924
0.6443430225277248
0.6444609355070615
0.6445569949027629
0.644581833698193
0.644711884057971
0.644745995380891
0.6447817537611071
0.6447973139049015
0.644827090473165
0.6448797499466689
0.6448953092030515
0.6449062308705411
0.6449078775905804
0.6449327113032026
0.6449840243738436
0.6450274065349051
0.6450290526471993
0.9999953627274583
0.6450710887287499
0.6451098322721855
0.6451346638967206
0.6451502209609133
0.6451611407373058
0.6451859717784754
0.6453238744377985
0.6453440657297458
0.6453751744539187
0.6454496559654296
0.6455132187798477
0.6455426814849846
0.6456188016672617
0.645665458119674
0.6457197433329624
0.6457352947994566
0.6458004932959961
0.6458597013403061
0.9928419432455111
0.6459884470241352
0.6460443661482117
0.6461390113532584
0.6461452876547216
0.6461842995818537
0.6463615883110984
0.6464158570051175
0.6464469475733556
0.6465137623184106
0.6465494864093151
0.6465620335777656
0.6465636718442191
0.6466225705823186
0.6466381140436261
0.6466784707801839
0.6466986488678764
0.6467373670890769
0.6468581546148534
0.6468690614136733
0.6469372242204012
0.6470547342077212
0.647074908120183
0.647159685985189
0.6471752237159791
0.6471768587687916
0.6471923962759918
0.6473057888005338
0.6473632993512511
0.6474191739688512
0.6475151178146938
0.6475445539048961
0.6476050581764431
0.6477475974681902
0.647763130458958
0.6477740297290284
0.6478097285675893
0.6478609588501583
0.6479320921870801
0.6479568906001677
0.6481430001111976
0.6482282844381846
0.6482530798704578
0.6482841377137588
0.6483555176679345
0.6484097384697353
0.6484298990947249
0.6484672155071369
0.648589298123697
0.6486699343074486
0.6486900928864284
0.6487056185605218
0.6487257767874102
0.6487274041267871
0.6488112885891116
0.6489183304766758
0.6489477512032649
0.6489540097835754
0.648960268305902
0.6489618944384224
0.6489929403917063
0.6490084631526286
0.6490147212777587
0.6490209793449108
0.6490226051510098
0.6490381274869025
0.6490397531985066
0.6490599074498686
0.6490939578662616
0.6491405225882059
0.6491838360631439
0.6492364131567611
0.6492843577747928
0.6492859822780941
0.6493200303855632
0.6493494462534681
0.649394621534243
0.6494008772620531
0.6494163964798518
0.6501104621811765
0.6501120827003594
0.6501384810619043
0.650169510365142
0.6502162818054668
0.6502473092384358
0.6502984805049855
0.6503232559001149
0.650348031065767
0.6503496503496503
0.650360531836559
0.6503978067372438
0.6504318429156922
0.6504582355038738
0.6505015328473914
0.6505325553394461
0.9944984972747185
0.6505976114067138
0.6506656787607956
0.6507059602587671
0.6507214699835145
0.980074644835059
0.6508934649027353
0.6509540986187449
0.6510422936943778
0.6511119651431455
0.6511413622262351
0.6511816346563444
0.6512017705916944
0.6516891907533184
0.6518067547859904
0.6518407748291635
0.6518747945573318
0.6518764062630209
0.6518872772559132
0.6519305555555556
0.652003425846624
0.6520467024064146
0.6520622016879083
0.6521272163325772
0.6521813602947985
0.652223225238988
0.6522433523442708
0.6523021229712339
0.6523546539887695
0.6523562633089529
0.6524925125100103
0.9834236753058588
0.652574618575026
0.6525947424699005
0.6526194950794783
0.652634989700743
0.6526412264622563
0.6526520920027588
0.6526629574426721
0.9855120092945321
0.6527450553824933
0.65276517746385
0.652813071350876
0.6528100497116355
0.6528472707580225
0.6529060268177421
0.6529307759243145
0.6530142787716091
0.6531271550826394
0.6531519022493751
0.653192139293351
0.6532478652257423
0.6532587265002361
0.6534164537746677
0.6536298887917031
0.653694859406527
0.6537149732744059
0.6538719603896254
0.6538735620482541
0.65393852176448
0.6539632594512054
0.6539926241607322
0.6540282167199567
0.6540483263462802
0.6540730629525947
0.6541241358887274
0.6541627529277851
0.654164353137146
0.6542200506193232
0.6542417582417582
0.6542928264732011
0.6543284134548651
0.6543809078753163
0.6544056409971684
0.9963309628793382
0.654450479794942
0.6544705855136835
0.6545154230881339
0.6545787664419656
0.6546606150614646
0.6546760925687742
0.6547724791354392
0.6548082216496037
0.6548329493620525
0.6548484245684969
0.6548546473973464
0.6548654962644276
0.654885597179945
0.6550114717092846
0.6553189914753673
0.6554425953506443
0.6554827847773399
0.6555121296917278
0.6555137230234128
0.6555893194947434
0.6556001628061866
0.6556202563260549
0.6556310993941076
0.655655817696602
0.6557237538908391
0.6557484714218321
0.6558349058349059
0.6559013967255573
0.6559168628394096
0.6559415785627735
0.6559616692026288
0.6559849416813889
0.656119206951889
0.6561254220043472
0.6561362616831075
0.6561748492360058
0.6561810639449113
0.6561919032159604
0.6562336695385156
0.6563124306326305
0.6563417668249777
0.6563588185513519
0.6563789053106676
0.656414453908974
0.6564978335159931
0.65654725296068
0.6566075078380053
0.6566183440845298
0.6566430526783071
0.6566631369157993
0.6566785968611566
0.656723388513826
0.6567635553171616
0.9805242545163662
0.6569843251491192
0.6570106162610047
0.6570399448844747
0.6570507781795315
0.6571373087539706
0.657148141298317
0.6571635973571419
0.6571960940245233
0.6572779937953387
0.6572888251884045
0.6572996564813145
0.6573012409150593
0.6573166954085431
0.657352227282184
0.6573769279135999
0.6574386144976583
0.6574586912500346
0.657483391046653
0.6574988441978733
0.6576026406179933
0.9894967500947697
0.6576751496659964
0.6577044693873777
0.6577199203021492
0.6577215026026498
0.6577415760982623
0.6577616494082841
0.6577909680521078
0.6578326954013425
0.6578435224777534
0.6578744215932362
0.6578944935468363
0.6579191879036098
0.6579454632022225
0.6579562894070226
0.6580426562630007
0.6581136924627203
0.6581492095775169
0.6582294863735533
0.6583559820289534
0.6583760498084114
0.6584069405734201
0.6584717638684748
0.6584934090110743
0.6585196757226449
0.6585489857135594
0.6586370253968987
0.6586756882917608
0.6588376660889659
0.658853107553518
0.6588639273120526
0.6588747469705792
0.6588963859876144
0.6589411318871256
0.9767449383731625
0.6590491066889724
0.6590876531399761
0.6591586526241849
0.6591849089388289
0.6591957263140383
0.6592296494835833
0.6592622030397272
0.6592776406872395
0.6593023202081302
0.659379505378729
0.6594242410239822
0.6594489189551362
0.659473596658226
0.6595028949277538
0.659522951380225
0.6595476283991405
0.6595923610437258
0.659603175336617
0.6596047481967849
0.6596725826052
0.6597836683962722
0.6598099145678259
0.6599426160961388
0.6600813158381076
0.6601198479031237
0.6601368489625444
0.6601970006375725
0.6602170508253753
0.6602772002772003
0.6603265389093194
0.660337348061704
0.6603620168719451
0.660395925250052
0.660425213438297
0.6604267822246451
0.6604745493352059
0.6605501196514861
0.6605855939093799
0.6607537983249953
0.6608015595118211
0.6608031264002513
0.6608277900960828
0.6608478342210171
0.6608494008739757
0.6608925412157075
0.6609264426008389
0.6609511051574012
0.6609665290134235
0.660977333511943
0.6609881379106464
0.6610344078968641
0.6610544500489626
0.6611453435199128
0.6611561467932284
0.6612393647978272
0.6612640243142001
0.6613210902389344
0.661347312995081
0.6613935743713858
0.661455182001672
0.6614890767170107
0.6615229711192503
0.6615291531185339
0.6615754104796434
0.661624722308179
0.6616786517580443
0.6616848328099021
0.6617326485747539
0.6618142855823319
0.6618451193379147
0.6618559176830817
0.6618851891192906
0.6618913689032979
0.6619067851403025
0.6619083465337847
0.6619853603343571
0.6620146303616951
0.6620161912282889
0.6620685514782625
0.6622287490244432
0.662234926850894
0.6622426643761603
0.6622950214041293
0.662310434638048
0.6623489371920442
0.6623951752927704
0.6624013520939447
0.6624183232896954
0.6626140519374977
0.999995382533973
0.6627341610834322
0.6627634227878026
0.6627880668412036
0.6627988585887503
0.6628096502366386
0.9747571291371159
0.6628404678243766
0.6628651109530977
0.6628851366014249
0.662900544833318
0.662934421763682
0.6629452124368599
0.6629560030103933
0.6629575591918148
0.6629991643081071
0.6630145714444013
0.6630345954780714
0.6632287016218762
0.8439780811293666
0.6637015358054554
0.6637169367123668
0.6637277213325886
0.6639635564745412
0.6639928369671572
0.6641869909319551
0.6643502817037888
0.6644488227124447
0.6646028069722163
0.6646243563954454
0.6646736146673864
0.664715190603389
0.6647752174013333
0.6648367870389165
0.6648475594285266
0.6650014530257532
0.6650414679373046
0.6650507156464343
0.6651014760147601
0.6651030207425243
0.6651322404774864
0.6651476224959987
0.665163004372613
0.6651645487880815
0.6651660931893029
0.6651676375762775
0.6651691819490055
0.6651707263074872
0.6651722706517227
0.6651738149817121
0.6651753592974559
0.665176903598954
0.6651784478862066
0.6651799921592141
0.6651815364179765
0.6651830806624942
0.6651846248927672
0.6651923254312333
0.665193869597502
0.9999538792188984
0.665196957887309
0.6651985020108475
0.6652015902151956
0.6652031342960055
0.6652062224148984
0.6652077664529816
0.665209310476823
0.6652108544864227
0.6652123984817809
0.6652139424628979
0.9621457359193574
0.6658058923079051
0.6674856297334298
0.6749284419206096
0.6750997381729164
0.6751058347137862
0.6751318320280505
0.675234440425904
0.6752696385187367
0.6752895379815855
0.6753936337618597
0.6754043297213979
0.6754150255825082
0.6754257213451921
0.6754364170094507
0.6755480917435414
0.6757609775847473
0.6758237713591653
0.6758405565063766
0.675871143459178
0.6758726346735124
0.6759122945841998
0.6759137855680537
0.6762685901180844
0.6763250135698318
0.6764137664559932
0.6764964282592997
0.6765224030947135
0.6765713760033117
0.6767549467835557
0.6769201050486839
0.6769751547652995
0.6773834543589933
0.6775102894851809
0.6775071738650578
0.6775270513250896
0.6775285342456934
0.6775438128566764
0.6775452956865631
0.6785912967517989
0.6786310325644692
0.678661572624581
0.6789275518225827
0.6789474168130121
0.6792471912178438
0.6794577723434476
0.6795006159560188
0.99989428738205
0.6799036751425801
0.6799281243393781
0.08270193027839935
0.680506999030656
0.6806168716320821
0.6827089972357171
0.6832867328714608
0.6837927789381871
0.6852773940698385
0.6865167662994857
0.686531967995302
0.6874010944401888
0.6874360703260814
0.696179719635168
0.6889253651961009
0.6899060279624112
0.7559717810140683
0.6911793010530947
0.6913827471646237
0.7319699044287016
0.6950418255825134
0.6950569576205999
0.6950766680860221
0.6950917998260153
0.695102352903471
0.6970545700843905
0.7309055325142096
0.7009359040595468
0.7015095271184582
0.7026755271986033
0.7026905973062034
0.7037791800125196
0.7051628138545935
0.7061684308585937
0.7061789055971359
0.7071153012075696
0.7071754345116623
0.708077737612736
0.708107787382815
0.7081273762089284
0.7081424007302601
0.7081711174298612
0.7081815775301001
0.708192037534858
0.7082129572579356
0.708223416976258
0.7082338765991045
0.7082443361264764
0.708254795558375
0.7082652548948017
0.7082802780325953
0.708325346623219
0.7083540606530817
0.7083841052953445
0.7084095856589342
0.7084200438116101
0.7084305018688305
0.7099499559776832
0.7109218939552872
0.7109368942886982
0.7110483782699113
0.7116182572614108
0.7127957332360851
0.7140962658475897
0.7141262144771141
0.7147250864586798
0.7166316019563376
0.7166374462077916
0.7184896900177523
0.7185046269533117
0.7185195637528904
0.7185494369441132
0.7191645844995744
0.7191749649560357
0.7191898964614859
0.7192002767082639
0.7192152079626082
0.7192301390810456
0.719260000910208
0.7195527624699088
0.7197508168075792
0.7226221605766389
0.7226656116272618
0.7240727186765529
0.7244594146177379
0.7256140510326964
0.7262297986796731
0.7276125504160459
0.7280154776124148
0.730017294362764
0.730100586451695
0.6829028100493756
0.941077700832282
0.7321588940192494
0.7323222473683494
0.7323461381468548
0.7351055242655928
0.7324899106697501
0.7325467505849491
0.7326081239174005
0.7330271402533574
0.733170428735283
0.7333656674810641
0.7336669068758753
0.7340399980059911
0.7318168430115323
0.7344327654947445
0.7344339686753866
0.7346015149318643
0.9997553671983654
0.8687199927529667
0.7353862732846134
0.7360163679900779
0.7362849241659614
0.7363177999855167
0.7363880767246296
0.7314135983490823
0.7372633655481956
0.9995158940577127
0.9998190585616965
0.9997828781313044
0.9372088184474539
0.7371279472546555
0.7407014247124827
0.7412353998608865
0.7412693537605464
0.7412840721754251
0.7412987904573498
0.7413180251753558
0.7413282266223443
0.7413474610336527
0.7413621787633802
0.7413768963601628
0.741636972102917
0.7442931029813967
0.7443077964571816
0.7468755778658764
0.7478063253582475
0.7497509904046801
0.7497701460248783
0.7499154982896854
0.7509923093211748
0.7559940790332087
0.7560333657272432
0.7561209339991902
0.756131029239082
0.7561602173903264
0.757309323463142
0.9820329396107137
0.7586245655682794
0.7615917841082155
0.7626393960216836
0.7632599910193085
0.7639080325594552
0.7639225616435896
0.7644816936309278
0.7680238973061708
0.7680339081877509
0.7681043066407126
0.7690431242068635
0.7694590910721332
0.7698463580078099
0.7704576323610495
0.7705424341176312
0.7706996091368739
0.7714336933626137
0.7733014971374302
0.7733806987443388
0.7733951529812301
0.7734385149149096
0.773558620504298
0.7738191753824103
0.7743731218286615
0.7746370386293002
0.7746514825147893
0.7752250033582591
0.7759357833898168
0.7759636477593231
0.7759825581655632
0.7759969915656394
0.7760248552868968
0.7760581980973699
0.7761149262684777
0.7764497862530495
0.7773859338987222
0.7795630624988817
0.7795819410709572
0.999995526887877
0.7796162104133119
0.7806253409771847
0.7806263219794028
0.7834200826538591
0.7834344535487388
0.7855853601872866
0.7834909685518856
0.7835098065496136
0.7835286443790181
0.7836343004190606
0.7836576049322045
0.7836764416805161
0.7837230497055907
0.7837284834188859
0.7837884927247466
0.7838028609465605
0.7838539339897429
0.7838727691036208
0.7838760257847784
0.7838993272400762
0.783945929526124
0.7840247655890539
0.7840445633674468
0.7841000969342857
0.7841323303434228
0.7841699945503113
0.7841888264013901
0.7842309564968799
0.7842453209451914
0.7842596852651751
0.784458152613312
0.7844814493867086
0.7844958123953099
0.7845325090675195
0.7845558051966035
0.7845612342436505
0.7845711299407269
0.7845944255851349
0.7846132543628088
0.7846365496109557
0.7846598446510007
0.7847109006856199
0.784725261963678
0.7847584506538984
0.7847772780261647
0.7848050381883961
0.7848615186718656
0.784875878764058
0.784940329438668
0.7849546889864536
0.7849735147254553
0.785001272895368
0.7850523222317006
0.7850855057770553
0.7851231549094482
0.7851553777031433
0.7851786679290955
0.785243112157171
0.7852574695190032
0.7852762928127693
0.7852906498981743
0.7853327616852899
0.7854259148438267
0.7854447367128292
0.7854590925330475
0.7855012013111708
0.7855289541494175
0.9998079705614404
0.7855665959584682
0.7856087028361921
0.7856319888535601
0.7856374118582229
0.7856651632206493
0.7856750516900295
0.7856983369951592
0.7857260877137358
0.7857404413800495
0.7858058293180671
0.7858157168501996
0.7858479318028571
0.7858855680737337
0.7859043859570781
0.785923203672363
0.786014423184264
0.786084269562577
0.7860986206680985
0.7861496488071051
0.7861773951561049
0.78619621081209
0.7862159808890179
0.7862303309578668
0.7862580763271521
0.7868051804265236
0.7882544570140795
0.7887181912695828
0.7891933130780453
0.7899777412001909
0.7900286819250345
0.7900563822574314
0.7914446609387331
0.7929668174626168
0.7929766542167708
0.7960312441550808
0.7975373821998851
0.7984289115873334
0.7984387100219862
0.8010015744109301
0.801136742671879
0.8019288229644649
0.8032375923407206
0.8032793443089287
0.8032891081627664
0.803298871929809
0.8042029204475768
0.8042215655342503
0.8042313229883219
0.8049857606817101
0.9592434996579936
0.8063358544698729
