0.746031746031746
0.41228070175438597
0.5402843601895735
0.4418604651162791
0.9929328621908127
0.9263157894736842
0.14779874213836477
0.99375
0.92
0.95
0.10576923076923077
0.7066666666666667
0.9354838709677419
0.5749656121045392
0.7312820512820513
0.178714859437751
0.1422037422037422
0.2702805155420773
0.9943609022556391
0.9913793103448276
0.9955223880597015
0.9977661950856291
0.26466221232368226
0.9988876529477196
0.9982098102398854
0.944305605141021
0.9978925184404637
0.907382091592618
0.9982970027247956
0.998639455782313
0.998641304347826
0.9942333785617368
0.998306806637318
0.9969563747040919
0.8956271943823811
0.9285940971120279
0.22372136805773454
0.9987464744594171
0.9974960876369328
0.9978138663335415
0.9894704242799628
0.9867201976528721
0.9962974390620178
0.8438171218165081
0.8733170134638923
0.874160048869884
0.9981707317073171
0.9990862016448371
0.9960450258594463
0.9963547995139733
0.18610491071428573
0.8595244602350369
0.9980931626259875
0.9986398258977149
0.7840300107181136
0.7588174273858921
0.9837357052096569
0.9663677130044843
0.9553307008884502
0.6661821705426356
0.9893370421882244
0.6122685185185185
0.9861367837338263
0.9990779160903642
0.6116348585881812
0.9800362976406534
0.9988829311885612
0.7189935426408373
0.7094827586206897
0.8877928483353884
0.9989775051124744
0.9991826726604005
0.05834847567131032
0.8403228982083087
0.9986236728273693
0.6466313101551758
0.9949069539666993
0.8749510763209394
0.5445525663041404
0.6123637730176625
0.5971051667277391
0.7493192956979489
0.6533928571428571
0.5176012736600035
0.9992929114371575
0.9258081611022787
0.9294860550780565
0.9928145811426569
0.8027681660899654
0.8227913372292884
0.6061961563949636
0.9033432638199271
0.8693851545078051
0.5200509229789942
0.5061944091486659
0.99952373392602
0.865533230293663
0.999231950844854
0.48250997238416693
0.9980082733261836
0.9987750727300566
0.9954093343534812
0.7896464269729971
0.9989567809239941
0.9992558416431017
0.998661311914324
0.9979206891430269
0.9952536339365173
0.9951089373054691
0.993338267949667
0.9992603550295858
0.9992609016999261
0.812223963527568
0.8123576309794989
0.998578333807222
0.671593220338983
0.9995021779713752
0.9997512437810945
0.9993786504287312
0.9997515219281898
0.9980126692336355
0.9992549360486775
0.7186264822134387
0.7179170779861797
0.9841038708894552
0.9986808969900468
0.9995205561548604
0.9943880597014926
0.9944193778199952
0.970676866017617
0.9973517559009787
0.979827742520399
0.6367697978331286
0.9991072424952572
0.30668004906880786
0.9992206635493208
0.8959724076546507
0.0286126206055229
0.4129809818664308
0.9981215469613259
0.9992271171469581
0.9965862790441581
0.9952679652250468
0.999450065992081
0.9974736379613357
0.998905069528085
0.9943100995732574
0.9995625068358307
0.534259963079596
0.4588726066959033
0.9988247863247863
0.99893219434063
0.9994663820704376
0.9984
0.997867803837953
0.9973361747469366
0.9968051118210862
0.29709605361131797
0.995641080161599
0.996600084997875
0.9944780715726876
0.9950143205685796
0.9939567430025446
0.9973508530253259
0.6041601337932476
0.861128526645768
0.9996866186148543
0.9995823326720268
0.9991650140903873
0.9988522537562604
0.5908996683250415
0.2892502071251036
0.36975136696585165
0.4775136358958526
0.9569640858683488
0.9828252032520325
0.9982734105220394
0.6096353903646097
0.963998010939831
0.42695289206917114
0.9986095938027609
0.9992061129304356
0.9979172865218685
0.9980176429775003
0.5535237718691312
0.6603290316225002
0.9856780982073265
0.9992211838006231
0.8712592304702682
0.9239732012816778
0.9994181536074477
0.9995153629931182
0.9389712292938099
0.9994191112401976
0.9989355525449971
0.9991294254207778
0.9979710144927536
0.9980683793702917
0.9988414751882603
0.9997116493656286
0.9994234649754973
0.9996168582375479
0.3575873623743418
0.7666825775656324
0.6008780301584272
0.9964701392863957
0.9996186844613918
0.3044371788883699
0.33373684700623896
0.3581645922348133
0.36523111193614255
0.9292383742218967
0.5956629151797969
0.981537336623709
0.9184008762322016
0.9994526546250684
0.9989059080962801
0.48474360142089445
0.48475193445607645
0.7318227318227318
0.9997270742358079
0.9990904956798545
0.9989087933072656
0.325315421621131
0.9996370565284457
0.999546526392164
0.9484087405929822
0.9993660568737548
0.9988240615106286
0.9971971066907775
0.9979213737008585
0.999096657633243
0.9969302997472012
0.8870138074181031
0.2937623940868938
0.9993694261778218
0.9989195029713668
0.9985598559855986
0.9988303041209285
0.9978413383702105
0.9990115913379459
0.9979340698823318
0.4775235531628533
0.24163602116781774
0.39896603975398875
0.998040787247306
0.7588466579292268
0.2833913043478261
0.5623153137493482
0.9994788047255038
0.9990448901623686
0.9955009517217511
0.9988756270541429
0.9993083174822757
0.9996542783059637
0.9984450587422253
0.9962046062278962
0.48402255639097747
0.7626296989283892
0.9993200747917729
0.9994903160040775
0.4632097089026564
0.9448118006103764
0.47944741079752523
0.364604462474645
0.6813150503882373
0.8318620575860077
0.9985161981699777
0.9982693258612164
0.9991765480895916
0.9983535029225323
0.9984366000164568
0.9992596248766041
0.9962167941442552
0.6832045546970313
0.5003640482161638
0.9995216836734694
0.29083538669422143
0.9996027331956142
0.44455028975152816
0.3861291858435169
0.9996033949393194
0.9996828165886924
0.9993658343242172
0.998257977670441
0.290891825591517
0.9974689551530491
0.9957332490518331
0.9981832543443918
0.25118221941992436
0.30562559092341635
0.9197848456501403
0.9992986830826774
0.9997662823309442
0.42632719393282775
0.8934546295582453
0.24812433011789925
0.7281352819649552
0.731987150068839
0.9996964638033086
0.6798332069749811
0.23874829519624186
0.2461666288994637
0.9994715385776838
0.9996270604907884
0.7810169997017596
0.9997763697353709
0.5988251041046996
0.9995561473590768
0.815573467425867
0.9996303962152573
0.59506574087753
0.9996308055822196
0.9993356462685465
0.3905984798169877
0.9767729721858163
0.2349730752437782
0.9997818340484328
0.9981840633398708
0.9984023238925199
0.9971683729035069
0.45603360857598146
0.23148346546675239
0.9327335047129391
0.691764202112475
0.8414895134826651
0.3500284575981787
0.8383795309168444
0.49528235459794395
0.49496868622897755
0.3430862287241525
0.20570866141732283
0.9084586202051426
0.9004985604943473
0.9997191997191998
0.39119804400978
0.4901194050694784
0.7741260205149676
0.9996512276785714
0.22723469530051596
0.4553689638352728
0.9995124669173979
0.9892891918208374
0.8440845457040901
0.652182852443287
0.7120071193866374
0.7553104575163399
0.20035388593983938
0.755613008572595
0.9990481370682621
0.9982336956521739
0.9660418364574844
0.4558663769690386
0.9988464409309901
0.9997286479886032
0.3454103014735704
0.6846852822179479
0.9996684789815674
0.9997349237905898
0.9992049821120975
0.5567624850973639
0.9994702688385644
0.9994704091089633
0.9988749917278803
0.997816738339398
0.9997354322375819
0.999471144311496
0.9992069261780451
0.9975553353154939
0.9984151092914217
0.9959727998943685
0.9967658900402614
0.5706650831353919
0.9279467432450071
0.8591925911432857
0.9997400402937545
0.9996150885296382
0.9993586454592098
0.9997435239805078
0.9855248831102287
0.5179119754350051
0.8280952984412622
0.5021969181261217
0.9461557417447019
0.9597858489992092
0.9144621345117743
0.9113273694390716
0.9443034916032379
0.980430055568978
0.9743097238895558
0.9997002937121621
0.9995205561548604
0.9998202408772245
0.9996405463695184
0.5320320919650341
0.9993418297133968
0.9939213349225268
0.8165835115229271
0.999525053431489
0.8172266413391903
0.8474315777029024
0.17199623794968258
0.834251553159067
0.17068191098407512
0.8357242827151854
0.9997667910447762
0.17054263565891473
0.9992424683876231
0.9992426449169822
0.9987186953989516
0.6305313563722379
0.999711699244652
0.9994235646760433
0.9986168741355463
0.998674809864024
0.9997695852534563
0.9993089149965446
0.9985038554494188
0.22088560462851578
0.8028636884306988
0.8057034873733036
0.9513112884834664
0.9996615523465704
0.9994927577072649
0.9983100495718792
0.9981981981981982
0.9978049192322845
0.9975803274998594
0.996962196219622
0.9991564503430436
0.17909525147513347
0.9997200134393549
0.999778528320691
0.99955715471907
0.2472214542438485
0.30058376473179865
0.9294247178640243
0.4940090139606464
0.8436437424591423
0.17951529773001426
0.8002631001973252
0.9992327926348092
0.6888791545748234
0.36694585865221435
0.999343760253746
0.999343975508419
0.9984149540883254
0.35558225912169544
0.9993448351168377
0.9981441048034935
0.9993451211525868
0.9986905281536447
0.9981459264914385
0.9972740159197471
0.9983647661615611
0.9974931880108991
0.6695543205840688
0.9948804531343609
0.9996733271628464
0.999401262791204
0.7373891277139903
0.6255439512619669
0.9996193790440977
0.3536094803218091
0.9996740370511219
0.9991312374436662
0.9994571707740745
0.9997286590329408
0.7769164046405724
0.2661594906658034
0.27397481433645465
0.4436078093906309
0.43467780813112644
0.7569610818293138
0.9996806642184257
0.8981752407299037
0.28178111928839944
0.74130538351596
0.5535856046573168
0.502468487394958
0.9517769158192683
0.7649738219895288
0.5079298612928552
0.5075353218210361
0.7443758501621848
0.9512801907328703
0.999741588712595
0.6993129810424092
0.5018333935857047
0.8710659374677536
0.6791771923493324
0.6796556878511417
0.9997938675599073
0.9996393239901071
0.9997963547500255
0.999796437659033
0.8834842780095655
0.9993896856881294
0.9997966032746872
0.9991357836408927
0.8833274048478074
0.9981202052532643
0.7959235154633975
0.9993443284410147
0.7351416637310654
0.6605835854396409
0.471070348326666
0.9998048970832114
0.9998049351409344
0.18175619734086593
0.6973267760627161
0.9434384735202492
0.589411707459491
0.26526049766718507
0.48539705527395605
0.6868342769407926
0.9965464313123561
0.815805879249988
0.9998083097714094
0.9993771261559101
0.9991379723193333
0.9987072061288006
0.9987553257695437
0.998707762994161
0.9985166044597569
0.9993302396785151
0.9978954417180849
0.8204772607718426
0.8198069018258293
0.9984708018732678
0.9994268793581049
0.9968491908149139
0.9989025146729017
0.923719110771873
0.2588324560155546
0.4965867071205082
0.5579600340941377
0.5446111610735078
0.4860414497965364
0.9992907466074046
0.9991017822531083
0.9991019945174402
0.6718112304733311
0.8858818011257036
0.8119582025209691
0.5215741391426564
0.9198557309475853
0.8589893691752916
0.5347381208241835
0.2378622681949492
0.6530327028789714
0.6769095291064146
0.44348672320311416
0.9997220291869354
0.9995831017231795
0.9995831596498541
0.9997221836366162
0.9997222607971115
0.9998611496806442
0.37344684767602393
0.9997240110395584
0.9998160412067697
0.9995861878707067
0.9994023812807429
0.9992186422760491
0.9986674631254883
0.9982546389858534
0.9981176254533768
0.9985310993803076
0.9977511588416174
0.7900784242203174
0.9997720745771983
0.7919609898373058
0.506584043377227
0.9998177759555373
0.4774093641829113
0.9997268505872713
0.5170077246239327
0.3722189629495916
0.9601896582572911
0.8161833698226174
0.9998213488164359
0.9986613716478515
0.818469774704439
0.4582664526484751
0.9988859180035651
0.8180805560506149
0.8159301496792587
0.9968376982006057
0.9990648795475798
0.9993768361078964
0.9992435703479576
0.2664021164021164
0.1895882923388874
0.9997796483187167
0.42611032781106806
0.5156229457907884
0.9453207150368034
0.2526223776223776
0.8565454149422783
0.48373186985495886
0.48364760701998866
0.9551530456742282
0.48345812293226537
0.4831353092222657
0.4826206116500631
0.9982601887695185
0.8550182640459211
0.4826521739130435
0.4820962975838693
0.4837069864442127
0.6218505647263249
0.6216615277717462
0.914704479424136
0.6202339688041595
0.9996967990644086
0.4194832734669148
0.35482899548289953
0.1401539586289941
0.8816575678115462
0.27837745224021243
0.7576664813309952
0.7401547868473939
0.7591690176968453
0.9992307363562546
0.4912056010928962
0.9997020769492679
0.6064109078590786
0.6128977800286992
0.9998734016964173
0.9997046538120754
0.9991987517395522
0.9997048903878584
0.9995363345135727
0.9988621038435603
0.9984408579495175
0.9989045713081947
0.7166266481317662
0.39428236083165663
0.867862080522854
0.21298581767978914
0.1369416095030952
0.9997909087107432
0.9998745609633718
0.7710249122220364
0.11095787362086258
0.7066098437369432
0.9993734074105017
0.9993735120912166
0.999457134505366
0.1712365702907869
0.41812150114036906
0.99954406034983
0.4620389556568587
0.9998342587221347
0.54240203103886
0.9413421503796229
0.745318046431923
0.4477386729741854
0.9998369210697978
0.9996738953203979
0.7697668731659603
0.8560194568301581
0.3795339412360689
0.9997974560479624
0.9993519906038637
0.37921120829284094
0.44646399222766464
0.9997571734995346
0.999797685522376
0.13122080850378484
0.6252953662541552
0.9997597597597597
0.9997198431121428
0.48461692338467693
0.43791939646615047
0.9997221340107971
0.6201451977625263
0.8563608235154112
0.4093126561694364
0.5341978334782953
0.2232093500750217
0.14734099253819732
0.5675600994749931
0.5658847607052897
0.8639672608507457
0.8641406987724268
0.4055691024935106
0.18282276141413348
0.9998427240199741
0.9998820569271898
0.999803443666955
0.5284917079305196
0.5403355731069983
0.422992299229923
0.853820467491652
0.9911112851437074
0.7352330997768818
0.9995304980633045
0.377409181170424
0.8284115635685422
0.999806486570168
0.9997678377960069
0.3806576402321083
0.9991108362005644
0.7382498453927026
0.6661784628904105
0.5902310617139515
0.4572908308410533
0.6586815430613286
0.9998545401650969
0.6232231795542953
0.6864505342734608
0.5095326834862385
0.9998209040762233
0.4530673638219389
0.8386981273944646
0.39589442815249265
0.3849369395119511
0.15502160019993574
0.4173888235084341
0.3738990907470137
0.9998573924204072
0.904279159107886
0.9141152234140797
0.6047397376216673
0.31664611590628855
0.12907316729488852
0.6089401180770312
0.6679142327468607
0.45204142114989015
0.9998256989472216
0.9996863018473335
0.9996167380927494
0.9993033786137234
0.9995124499390562
0.9998259052924791
0.9987815491731941
0.9988167739690273
0.998504035624826
0.9986434310758635
0.9976351116366419
0.9976701324894808
0.9973923020757276
0.9971144486163259
0.9971496106785317
0.9988530914398915
0.9969767522674358
0.998020283412059
0.9961454318158142
0.997327038567015
0.9990632805995004
0.7112966362975024
0.1476254712739096
0.9998616874135546
0.9998617065412806
0.999896544589282
0.2842667585731518
0.10920741527601686
0.639179815016322
0.48415082874793236
0.4840037796976242
0.4840787964649531
0.4081612022778583
0.4090817220238496
0.999730539930614
0.9998316158146426
0.9995959323860193
0.5862927929444238
0.5670144732413329
0.9998990442859066
0.9996971634308018
0.9994954251883746
0.9995963808819077
0.9991928432097935
0.9986220340122336
0.3255087648599637
0.9223831556360222
0.9998659068052297
0.6105450157538379
0.9997319214529857
0.9993970253249364
0.7681203108252947
0.7947971072719968
0.27590820900515156
0.1777258306895976
0.2101819395760307
0.10775545618367482
0.10658882402001668
0.1081054036024016
0.46704909284951973
0.9995664932639723
0.10806214990664177
0.47096987752399866
0.8499520137670847
0.3326386132062988
0.9998015479261758
0.5727041238136181
0.5871053066622582
0.9992066640222134
0.9998347489837063
0.9988764787522305
0.999471388925598
0.999636639910151
0.9983486359733139
0.9981837994914639
0.9990756025090789
0.999108763822413
0.9998679824416647
0.9996040518692051
0.9997361042388256
0.999142508492464
0.9981206726013848
0.9988461792048526
0.9978574724767618
0.9979239438476241
0.8061734895353428
0.42979829554802407
0.9999012963084819
0.5853233339911847
0.9996053410511083
0.7806827150749802
0.687816424485502
0.2947271773347324
0.9203962208637092
0.3165352791712815
0.7016129032258065
0.33565273939196877
0.003215434083601286
0.46426023221119544
0.8008041765297189
0.9999029157632439
0.45944548568474114
0.46237080103359174
0.8342644921685775
0.3270085690355003
0.9998073465193937
0.9996468586471475
0.9256694220151278
0.9255512652774676
0.9999042756860242
0.9999042848482915
0.6846806610093792
0.6907796459333185
0.6908825118377984
0.1835270210198768
0.6857224479431183
0.9993336506425512
0.9178186189225951
0.11584671809788795
0.8807773606334984
0.6767979317085475
0.12405422446406053
0.9792174510906931
0.8463621929578781
0.9776789877825101
0.5650135088972392
0.2072601341949847
0.5655104185988994
0.3536716564718901
0.9995084334388153
0.40621644012150593
0.9998772817916859
0.08552409583116047
0.7874597577801625
0.38617412630288167
0.8548974037491208
0.29578883124809274
0.3970722225596793
0.41010076484156854
0.3359680203506859
0.9998501423647534
0.9968360097904603
0.42666388483204676
0.26641751201281366
0.8788992444065504
0.8363262307127113
0.43191301792535997
0.4327437268613739
0.14995740680903563
0.41827473786236674
0.09252679489061812
0.9996476702193253
0.9847337208619577
0.6004208557400047
0.8702974053643873
0.07804294550122534
0.7452015635027128
0.8209120597154187
0.5351176419137584
0.9997376705141658
0.4235911714376867
0.5521667485762193
0.42234426940309294
0.8979956741167988
0.9997981661957211
0.9998846996425689
0.8975992160705536
0.5340748638446244
0.09177561481310834
0.9998848821480991
0.9393330077844484
0.4063795123903164
0.8843735711019661
0.6131272145388045
0.9998571469386589
0.7258184311260927
0.5541501299146275
0.6008816837315131
0.601103307077658
0.6015238528458521
0.5283002784565551
0.7293750885645458
0.2600604331987236
0.23246899661781284
0.5455903071287687
0.516984958593882
0.4823579065841306
0.9998594242015295
0.6090855589496399
0.9998879269283573
0.6090488863986553
0.9995238095238095
0.999747927403092
0.9998879802845301
0.999888005375742
0.999552071668533
0.9994401522785802
0.39775174072313413
0.5533554891501662
0.8608761202780802
0.15999114235890055
0.8718793246609465
0.6797266765856615
0.5743408909336345
0.9998347335077813
0.9993668795419511
0.9997247605416713
0.8487616951018162
0.9771902825107178
0.9771934163163246
0.39800136892539356
0.9998083871674148
0.24500477034210166
0.25100850414304404
0.9306424413860632
0.35271244051665535
0.9998368722981974
0.22033668205267445
0.35708484487519626
0.08497932935231971
0.9997839122683809
0.9997839356128126
0.24167903900661358
0.39307403708602123
0.31047788661323833
0.2422656776803776
0.6151502076479154
0.9996225295909839
0.9996226008194954
0.8298474475769501
0.3813738901853491
0.5498929336188437
0.8707044213681618
0.21429906791656653
0.8055355571554276
0.37830638501904584
0.18707718531934162
0.5610632183908046
0.8010500357966749
0.9998939470265398
0.2603785589311277
0.5605799559996819
0.889215764225703
0.9746945668522574
0.5790847949360411
0.3686237522596872
0.14819374950881514
0.08206726739312657
0.9024523871641013
0.2902570513321353
0.7871670008593527
0.491903571800479
0.35260596913949677
0.5983817675677082
0.5897955999375878
0.9444184474600946
0.5489941259032074
0.9996621533823644
0.5893205144861634
0.999116745466826
0.8011844771156943
0.9993766719476405
0.9989093175444064
0.9982609598463416
0.9992734066846585
0.9625132954574934
0.0693053978738776
0.8709652469836032
0.590359582420415
0.25303127815677695
0.4972541572572367
0.36517098950717053
0.31005250352157765
0.21443568209750102
0.6489910600255427
0.12452772388440723
0.9996682403981115
0.26607516189893426
0.291770764288992
0.335549272815262
0.9997962769614709
0.9998981488554478
0.9995162932790224
0.9994910034866261
0.9997201302666395
0.45006478493940705
0.5942238817343595
0.9996444444444444
0.9448753041362531
0.32422319419513057
0.8607290929315401
0.07965317626835866
0.8848389869066275
0.99974725774655
0.20415573935848294
0.9999495777133492
0.3683228717638458
0.613852922690132
0.08191941281451877
0.4993466351711313
0.4060356308264442
0.1166185877336009
0.9998745924253825
0.9997492163009405
0.7262680433039295
0.34405531339245454
0.7444452794268681
0.9998497257494928
0.9987243940871914
0.9144507519171398
0.9223281635091738
0.9890626165204206
0.9891131437661563
0.9890393935628184
0.7488659180486353
0.11758700916385736
0.9999762600004748
0.17439523280285654
0.2885358782314569
0.49733309180202484
0.3483668417557206
0.2521417367172103
0.6995197620913457
0.27168802989512597
0.0735034150261149
0.4825324454576359
0.2901617197123217
0.3691064657653902
0.7219268312038727
0.23400583229185265
0.42580286830777775
0.9999008290689833
0.23405985363822066
0.9996430483669463
0.11209152918781726
0.23394468127292556
0.5902346377557077
0.3549357072205737
0.5901412351149267
0.2219738924050633
0.7387048937221947
0.35053398345737014
0.23196727758986863
0.49962649891881267
0.4383948534891931
0.3312765665706842
0.37397179788484136
0.454705537076893
0.11115873139562067
0.99994156033895
0.08313529938836729
0.9998831525443533
0.9997858005218678
0.5433127592048131
0.4078686227964354
0.05692274769955061
0.05691278300785809
0.05725398677557371
0.9998444306160548
0.9997666640740452
0.9998444548141235
0.999611167275838
0.17391051376040031
0.3662684714734515
0.999941825515329
0.3662187578771838
0.3745550913030022
0.32700413782435517
0.6183666370347467
0.5906076495990129
0.07046159178878854
0.1668171254057584
0.9989830378386676
0.16594397544128933
0.9995972459293071
0.2585583344495685
0.9522115090296909
0.3091034298066071
0.7695765272942887
0.5547182802279769
0.5546758462421113
0.6533137303572452
0.3221452164117838
0.1574646811760214
0.569578118461597
0.3900945280255625
0.7021022274503852
0.3895776463451623
0.7001137225170584
0.30688642606801175
0.34233091673134075
0.999924289743153
0.19415125033102562
0.2177169226113927
0.9998108961630832
0.34689709942139696
0.7130812854442344
0.17405356366591695
0.9530783476321857
0.9999244213509684
0.5587626148516343
0.09584141267719648
0.5458857185876684
0.9999059407803152
0.7244926745782475
0.723521889574244
0.9885304793623471
0.22000895255147718
0.3256867901303642
0.32561869416832956
0.26141767525129145
0.999906765122697
0.9482594671191245
0.9996830486986352
0.21991871434430815
0.3495411306986355
0.6606730697639789
0.006020302311796088
0.35915049622278183
0.9999629732481718
0.9999259656850951
0.9457109022278144
0.45725175303890914
0.2502682502682503
0.9999445543090543
0.999889114766217
0.5813777301452382
0.12432562264429828
0.31428624212529327
0.551752165961613
0.3864639710364446
0.9818255697979388
0.43143152378492083
0.5594383660215133
0.558845231507102
0.7352181771236768
0.9998524801770238
0.9840881047533103
0.4001620536618603
0.3396615537591839
0.9999263500948242
0.31399757076079354
0.9998712075214807
0.9998715525625264
0.25721100917431194
0.9999449571583215
0.9999449601878693
0.40192790514413473
0.4019900679848271
0.4019164178010663
0.99989010385186
0.5884019299656408
0.649896748962921
0.3830074913210305
0.3890957543898076
0.9994905107629601
0.2396361982719418
0.9329020063972084
0.28304931109499637
0.9701770567702964
0.16625144425187752
0.9320405846203752
0.9319566079215771
0.9318894374572056
0.9318222766747144
0.6986725743412403
0.1713575711738966
0.08780487804878048
0.999910007199424
0.9999280109423367
0.9999280161243881
0.6062917063870352
0.465214967723374
0.2055791061934186
0.3112180753619024
0.31184224704572394
0.9998563682717513
0.9997486715496194
0.999461477705177
0.17387482734496923
0.4108087747304981
0.5340291601657072
0.9995338246104746
0.3553551579475779
0.07901482424220696
0.2617758818468598
0.5002867691866509
0.9998924731182796
0.9998924943111573
0.9995879391583209
0.5009942138545044
0.999480556699923
0.9993732091690545
0.999068867958314
0.5835465459555206
0.6826524041213509
0.41910964403604245
0.0773717159826636
0.11953846702571602
0.9997860619350698
0.37147033656588707
0.6064443731965373
0.999893139559735
0.6065608804829834
0.2616685958507702
0.9997150895687168
0.6064528765513435
0.9998931700021366
0.9997151352217494
0.9996617411429589
0.9996617652294656
0.9997151859301849
0.18397505900588298
0.4894081600309919
0.250347754124628
0.9998943643374003
0.999823952960231
0.9997183544860849
0.06787178990723954
0.9767740347422463
0.3916113320601994
0.9999299241428846
0.23841639660155908
0.6090767535035079
0.9763483372111331
0.19149716281099957
0.6546060088231704
0.9998605664488017
0.9994077583654131
0.9992342898908864
0.9984350275609035
0.9998261232438448
0.9998261444044576
0.9998957301496272
0.9972202918693537
0.9986451982700224
0.9977094070487792
0.9990461821271873
0.9976598252669533
0.9947489731903021
0.9972795009530411
0.9968653123430491
0.9980781550288277
0.9997403181967696
0.9996537875640493
0.9990480476322349
0.9941923774954627
0.9975286879579705
0.9976892169204504
0.9956031450444858
0.9895350240504801
0.9917786970010342
0.9994829903836211
0.9955543302202158
0.993523271436938
0.999689970547202
0.9946630857693765
0.9925475887232798
0.9941838455449633
0.999328962989728
0.995148303626729
0.9925178024699852
0.9912641227150006
0.9978849262303539
0.9976456840404874
0.9901206144118759
0.9915986599089426
0.9920133282951462
0.9974411375774958
0.9982835859322703
0.9854632204029794
0.9947834442995401
0.9921270647158711
0.9869138682125339
0.9986110634795432
0.9911871613743913
0.9866115815819247
0.9977030802722021
0.9863410454155955
0.9888982165190426
0.9850661917076262
0.9845371416829344
0.9842570885881005
0.9942344870062103
0.9931230327083619
0.988009715380405
0.9838213161855247
0.9985465861874391
0.9942551336194368
0.9955383090020171
0.984121286705637
0.9869943431374224
0.9911496864802064
0.9881623449830891
0.9878248693692155
0.9955978705978706
0.9978002114525425
0.9882377007261941
0.9838583214017863
0.9826854581707255
0.9936642027455121
0.995129510737215
0.9989953513716008
0.9986722500255336
0.9982302692032808
0.992582889610942
0.982140123488289
0.9811933547586253
0.9969905124630191
0.9754501096584437
0.9781045473863154
0.9935582561400527
0.9928284956835022
0.284116977348808
0.9914319647098745
0.9783386159087443
0.9900713305433659
0.9843824107324345
0.9735407638136512
0.9742391929860195
0.9924880722769261
0.9943666260657734
0.976575449041031
0.9896166269257437
0.9773622546450489
0.985575298966286
0.9735957996387149
0.9859544871362009
0.989314832632805
0.9708503527664315
0.9959834613112818
0.9814352679324183
0.9732249742872077
0.9981118079438938
0.9863126843657817
0.9824215458253278
0.9994608074408573
0.9983365817595269
0.9946574375861026
0.9968922187877973
0.9850169650955757
0.9756351485231642
0.9786948273256888
0.9678247734138973
0.9801631255664082
0.968971303910052
0.9739239869116537
0.9784347592775812
0.9971353425024709
0.9709035478575496
0.9742047871894943
0.98324237452707
0.9930553231366511
0.9777625326283381
0.9970887918486172
0.994345272949325
0.9779111765099324
0.9667937399678973
0.9765933257540292
0.9745390106491466
0.9636254220855204
0.9669931145130022
0.9998997359713914
0.9957573327988241
0.9606032265606733
0.9964935715478377
0.9714066333939809
0.9960445282640986
0.9960287664147103
0.9877704923503011
0.989808853454315
0.9634378126042014
0.9722449115671207
0.9726134715716833
0.9729045159140143
0.9735403892295388
0.9843390756722535
0.9934528371039216
0.9919726871513032
0.9882603700064942
0.984148656298911
0.9702851625576401
0.9966043012184567
0.9696757988588919
0.9814879497031086
0.9903873338987843
0.9649802213874946
0.9845525214271477
0.9676299618003654
0.9738139913322152
0.9602497260319464
0.9848084873238033
0.9928621227714883
0.9925639450927017
0.955745753715499
0.9809283736048691
0.9789894366781089
0.9611578057392948
0.9867555157723739
0.9539540203212279
0.9538907764978868
0.971296066252588
0.9742141697856977
0.9855480325127882
0.9640274675270952
0.9759506442382441
0.9676170944694363
0.9517769435578561
0.9549926420741084
0.9922989208573648
0.19980865348135196
0.3429333157790797
0.6604287731048294
0.3261765236946209
0.3953782063898183
0.5555373740018327
0.33565336731692974
0.2929880139782488
0.48737794324156625
0.2312056045903025
0.6087090546262797
0.37006813757300455
0.4974880886785726
0.40850753524550315
0.9998865790624949
0.9998379779650033
0.9999513957519888
0.9999513981142468
0.2818740896585208
0.8533626629573319
0.37870530588482626
0.4434850101872514
0.8978948389600311
0.18016488845780795
0.4824354458197331
0.6246031362310432
0.189838582487085
0.8115867396202124
0.851678413955135
0.9999195430042642
0.8114953255989831
0.17914644727962206
0.9996947938251972
0.9999357501967651
0.9994539731483266
0.4558110408169819
0.44801233061460405
0.5568969946057025
0.20322984557100202
0.8390638543773475
0.9996789933230611
0.9996790139307954
0.9999197599216857
0.9999198961854564
0.9999199026015635
0.9999359261869674
0.9997917734495131
0.17685309757191364
0.20033554366062156
0.8656295328115785
0.5492444147199796
0.9998407871483386
0.9999203999108479
0.1991676197737959
0.1993551256393151
0.4711981200978057
0.05170717776226439
0.14609112253315565
0.23150350426537278
0.9999365784049469
0.06839151526681252
0.8752785020146955
0.9750240456631084
0.21364718495278037
0.8256428042186243
0.22150155066828292
0.19736489996379492
0.9999055608896165
0.9807201989360698
0.43815072472871747
0.057351097178683384
0.4922169553042036
0.82713094623555
0.15832446974910844
0.6066786580120435
0.46541214716639057
0.6062950286777001
0.9999062397449721
0.9999375058588257
0.8713950945164818
0.050873386303679304
0.28659954733473814
0.1800917545721241
0.578242756167205
0.18032889193996318
0.28320985728768616
0.8747699984406674
0.8759589596457307
0.32490333042285147
0.9610227627065794
0.389645819043462
0.8271479964492066
0.9999377150776226
0.17293174566114095
0.17285603112840467
0.35767423039810753
0.8491068094111789
0.17322773386444265
0.8490011202389843
0.17278610990105173
0.999860018042119
0.9935809760646566
0.17918033041667314
0.17961708211599428
0.7804080747362387
0.8622761910662289
0.9998606142266413
0.34622650274070177
0.9576069117146131
0.826348509216875
0.7835835897753104
0.9999381484745867
0.8516892831751723
0.8290421290143108
0.30348812061667746
0.282461614507708
0.30357418677211084
0.5516431924882629
0.2678938184288957
0.35485215780128154
0.9995831596498541
0.9918490845657476
0.999799326973542
0.9996758759067758
0.9997530635552675
0.8593166455754807
0.9994290299682108
0.8421564240638163
0.9994908585975468
0.5251068293661201
0.9991053110586638
0.9915781030679768
0.9996915246394694
0.9985039867980691
0.9988433779532416
0.9996761658031088
0.35464820440072164
0.8414683029107055
0.9994296812380541
0.9991215091547994
0.35578144853875476
0.16873517484122733
0.44260137719969395
0.194044687781975
0.7710999984707375
0.9997400770595071
0.9997553778647545
0.9998776945421189
0.17981346581730623
0.3849865298853899
0.16839654227795703
0.27784622404745607
0.7941851103583418
0.7797199611225853
0.15882415463338345
0.21773961504096437
0.31057405472523814
0.9777892170963981
0.9307663269158173
0.9998943109071143
0.5923327600253463
0.6069909181425942
0.7991905635964253
0.9611602309635511
0.9999398568593252
0.7719126800372854
0.7719448578601602
0.832661896458421
0.07668849897848816
0.06969792558544756
0.14592500262806168
0.3615977680446391
0.7597714251432343
0.2817575166829122
0.5255510571300045
0.5140115450933354
0.999910046326142
0.7698327037236913
0.15465168539325844
0.9999250992435024
0.4684818037738106
0.9999551468939224
0.7422149204689718
0.48671614820567194
0.9999253408191605
0.29552403537816757
0.9999254310087693
0.8315462964343767
0.2955314675930758
0.8355701199076487
0.3534045055910424
0.42220074349442377
0.19866528251520094
0.4563699696138739
0.06874481450752637
0.8448125157409739
0.5224698304582809
0.21251939989653387
0.04657177906856442
0.9999556619668352
0.1852349786517352
0.8968061869059567
0.9978760748683609
0.9999410099103351
0.9998525378240481
0.9997788230436898
0.9997051191318708
0.9999262852172375
0.9998525813014123
0.9994988059789498
0.9998673485931582
0.3363580119612291
0.9021814378930934
0.8172285306116438
0.9757614883502553
0.3374413145539906
0.3372845301841121
0.9305305919658644
0.3060980062805813
0.4234897270775836
0.19258004701347622
0.9999124151521787
0.9998832338388335
0.999839453558293
0.9999416228838295
0.9997373144783503
0.5478358579225403
0.1412706046959031
0.14784875761018382
0.8167399726194984
0.3025660443305275
0.9998689479432108
0.5011565707676738
0.9069448058519097
0.17051663823758997
0.15573415050157555
0.9999421848350822
0.9998988380831262
0.1913150289017341
0.14192411062624627
0.7156412478336222
0.14884311716054907
0.9999141250053671
0.35115137463684115
0.9999570668040529
0.9907847289794517
0.40578984989278055
0.06989608496162147
0.3044539963157068
0.15920547201873508
0.9999571624400274
0.7197789645029558
0.9999714432577531
0.9998715075025342
0.9997715917201998
0.533181104609676
0.04474441942013285
0.9999287373686986
0.999800490224021
0.9997577795508948
0.9995155867099789
0.04642450142450143
0.05103086911948969
0.0610719624172539
0.4746551650510313
0.05214841804130314
0.052306553971370844
0.9996727562460873
0.9996016446385636
0.9995305431473526
0.9995163584637269
0.9997724201692625
0.9999431082791677
0.9997155616235742
0.9995022682347587
0.9991610380376822
0.9834522760228598
0.9833963551587865
0.8075993631659749
0.9999431689020232
0.9999573784931877
0.9999005554687389
0.9998295624014658
0.9997585638811566
0.9994887525562373
0.9996875931895315
0.9995030526764163
0.9999006204125672
0.9992475865985235
0.9995457384589177
0.9997444923915512
0.9994323100722385
0.9999432342297595
0.9991343588579213
0.999092005391218
0.9991204675707882
0.99940424686875
0.9982554923624605
0.9998298137879196
0.9991916498851292
0.9985109973481572
0.9998581982671828
0.9983268344558667
0.17173765099529292
0.9709801808954039
0.9998442521981679
0.9940536867142372
0.9999433716518489
0.20135615294234227
0.7234458158758917
0.9999009452651837
0.7146937390419094
0.15854882721373129
0.9778776698754648
0.9999575947756764
0.9999575965738031
0.9134019454209197
0.8732231334961392
0.9967816611145616
0.9999294323538545
0.3346505031118136
0.9998588846240687
0.9997177891602816
0.9996190798662548
0.9995485709448975
0.9996896644143827
0.9996897388164946
0.9999294950435016
0.18437006541845252
0.989722696065301
0.999873135801077
0.07891992446235802
0.47274904889389885
0.0745660994026823
0.2897538444206613
0.2003210092078957
0.5199752245277176
0.25964191205450143
0.9941871103041563
0.1538699690402477
0.4720772185560918
0.9964273155636824
0.856660713532365
0.949112742203099
0.9991282584854194
0.26420318781098023
0.5250804626779666
0.9998875820299875
0.9999437941742662
0.999803318301232
0.9999438218027583
0.9993961183046373
0.5247503896869865
0.9996349135025837
0.9991716508016736
0.998947131987534
0.9993262023077571
0.9997613800654099
0.45657146866886533
0.996519786696604
0.9970534586782658
0.34844339688819675
0.428970101531385
0.9934651521525732
0.9974620001121768
0.9934386697884392
0.9703322729374834
0.1610869869729654
0.05398518767412883
0.9825740079781651
0.5521565115172549
0.7430789676155837
0.9935126670767854
0.9826506360967426
0.9949329983249581
0.999762963789233
0.12077596996245307
0.688993026189915
0.9740479392233791
0.9998475377344107
0.9999307181753939
0.9870313409260952
0.9849962594552658
0.4288742052113203
0.2683906533512473
0.32219775349371893
0.9999446244150954
0.1439960139511709
0.9711881763582519
0.55050022831998
0.20208379455390746
0.9997509546737506
0.9983398815782193
0.9982570203347627
0.9999170193344951
0.9998340524394291
0.9998340662075832
0.9998340799734527
0.03853276943914642
0.7191515821472986
0.05968829446225268
0.9981627550386097
0.4701088457925852
0.9978729575558348
0.9999309592521506
0.9811544780549765
0.9999447826507089
0.9672298603058914
0.49866110865724383
0.13228068238281898
0.8879504271381057
0.9999447994148738
0.545814534266043
0.9999172573571999
0.9998483156138391
0.9998621146103359
0.9962635635401011
0.9999310668100477
0.9827134625458355
0.9960163755909962
0.996085512260341
0.9996967859308672
0.9821962545990712
0.9996417400410621
0.995728674373424
0.9994488991761042
0.9993938225002067
0.999462772918245
0.9995179328962591
0.9999311455995152
0.9998623006802346
0.9997934652402
0.8572097056111425
0.5093576264655695
0.9999174633743724
0.9915739989828318
0.9915194831970311
0.9999450239832873
0.9998350900820426
0.999931292255263
0.97597098382953
0.20063466769239224
0.39833511909667846
0.4477991048136859
0.46046058410188845
0.9752569679836419
0.4603721287631384
0.9999176774051918
0.9918507339827137
0.9897592673831981
0.14336229818261562
0.9999177721741037
0.999780755844227
0.7228083637061193
0.05112678950613056
0.9635743445025892
0.999972602739726
0.9999589057983919
0.9999178183511622
0.9888374513778557
0.9800692174055784
0.5374651200962959
0.9999589665029887
0.9999589681866674
0.7072740451020882
0.11096221951786471
0.9998498416511958
0.1499433532165818
0.9207473523310405
0.7782190378710337
0.06331359331932429
0.8569459983081835
0.9929602444814319
0.14916373359526344
0.9999181736355454
0.999945452066003
0.9997954591941092
0.999945458760005
0.9997682250126113
0.9999454676827855
0.9995502126267582
0.9997683197732259
0.8262493015903299
0.9999182416504285
0.9998364966686196
0.999754765051295
0.9996730467951774
0.9994960363943447
0.956435292996146
0.9859060951032191
0.4531615925058548
0.9998502362183284
0.1512408282171007
0.9999455508215019
0.38316752180954583
0.04353328615753089
0.4762202838597303
0.9998639400247629
0.9624894595109214
0.9603568562919041
0.1556380548302872
0.9639289451866752
0.26320292236450793
0.9693932974851991
0.1561460440739182
0.1562190270593187
0.986029651352232
0.7541950974673414
0.04269358444549827
0.3093618750846769
0.9595757074928539
0.9821472110096714
0.6733204230597348
0.9998375656505496
0.999661622587369
0.9996887138468201
0.9995128090617514
0.9999458706036781
0.47373192082369336
0.17020211585811304
0.07383358359373943
0.9779124342309929
0.9961184744387341
0.9970924335654878
0.9998918348859535
0.9997566613943302
0.9998648210230345
0.9995539937829436
0.9999459415628295
0.9998243314460225
0.9994459983515073
0.9991758315994271
0.9991220487330488
0.23514243283380587
0.9494169725761175
0.9999460188933873
0.9584446423271
0.24360859652199723
0.9999325491042521
0.9505698293883607
0.49917734322319623
0.9999190894870273
0.9999325836636734
0.959231547017189
0.9995281747101644
0.9807370861641325
0.8934925598447272
0.9583827333477043
0.9852348812458742
0.06250252569473443
0.9999595905172414
0.9999191875656601
0.9868282828282828
0.9733121482239517
0.9585341554699911
0.7310923238469615
0.18040841600818447
0.18184020348015664
0.9913608655282387
0.9999192669438501
0.9998654521480564
0.9913760628565278
0.9997847697709143
0.999946198232612
0.9998386033812592
0.9998924138302021
0.9993276226080174
0.9995294307456506
0.9808566128034846
0.9999462293318995
0.9998387053415414
0.45754875475451257
0.4648828083001828
0.1497722172201094
0.8815176064380047
0.18547477027244882
0.9999059645351961
0.9790726413066838
0.9689892288269897
0.978660542819924
0.9971934630517396
0.4981939763404187
0.9558523489932886
0.9874545478941084
0.9693595556867269
0.9736552649228706
0.9561928266759664
0.9741689008042895
0.9758323950458421
0.04910804036938253
0.19061398925552295
0.949444898287153
0.9495293062120868
0.9926756112584023
0.9729708020402426
0.9719961447847505
0.9999330736591308
0.9999464617937976
0.9718140207178994
0.993817081983887
0.9996253278381416
0.938985228002569
0.9999464811345999
0.9651472378684292
0.9998528506835754
0.5140720725541079
0.7055739809564566
0.9998796550110316
0.9999064071023639
0.9997192400764736
0.9997059098747444
0.9998663316045554
0.9996391290982237
0.9995456428485521
0.9500534045393858
0.9938321874374207
0.9632358830596716
0.13772487054929802
0.1964666951323655
0.9998799183444742
0.9999466332234868
0.9997598943535155
0.4539088447533046
0.9879032795849505
0.9470413293679901
0.9465921668511381
0.1370527915938821
0.999893329066496
0.9364095592253455
0.9875922914945224
0.9794064364876386
0.9473046396420391
0.1080501704303366
0.96275094520475
0.9999201363007134
0.9998269781060757
0.9758501004029416
0.9999202159488318
0.9999335177108818
0.9998537506315314
0.9999070150502782
0.9918599864554424
0.9530113123373519
0.1664100658313867
0.9999336421186744
0.20407161803713528
0.9999336913997745
0.9998806508506942
0.9999602185328595
0.7541735728966386
0.9694836614303706
0.9976716804910638
0.9952139192976889
0.11059609645300161
0.9955458331136998
0.9999077624487752
0.9998550762825749
0.999789215750853
0.9997233638950364
0.9999341429361713
0.9998024418191157
0.9997366064373386
0.9915510751980628
0.9998157894736842
0.9940037082330664
0.9987382035172577
0.22028802856655244
0.9850068866006427
0.9303176560081841
0.9302566523717721
0.9997116493656286
0.9525170050195935
0.9335709698979123
0.9194228954817066
0.3913727134545836
0.9999475993973931
0.9644924688932548
0.9188991017885668
0.9807939043230081
0.9477066862139379
0.9555776605630669
0.1806438947781704
0.8643573167220666
0.18728821320633757
0.9990057171265225
0.18597289802752054
0.9999346037642073
0.9998692160811906
0.45316280225456734
0.43180510513652054
0.9560436686932078
0.9810955680481108
0.9577288055838757
0.38137243371100743
0.984490958503188
0.944814611585796
0.9717752468523065
0.03657851779301339
0.2314151029628759
0.13127488739473855
0.9683293951776086
0.997793906482521
0.9488063071882628
0.23408948522501827
0.9487360192109419
0.9229574726292851
0.9999347582139408
0.9683875428914374
0.9706615181914241
0.7236720268137773
0.0350181870331017
0.8920349367748663
0.973056116795933
0.9951120959332638
0.9950342778197743
0.2491072592206438
0.9999478718690541
0.9943834866689254
0.9999348517225205
0.9999348559665421
0.23884466563310186
0.9999348636043875
0.03636387308448449
0.9663494708340384
0.9684359868797834
0.10894875830937545
0.25186987005216127
0.9560735271176746
0.95527874473944
0.9999090850055199
0.7206495074179354
0.9999351095998857
0.9997923803591819
0.9999480977837754
0.9998313374936751
0.9383220484084365
0.9997276335244222
0.9995590485824709
0.9936714606217012
0.9999221961435222
0.9933612541005925
0.9992221127417933
0.9934575322589003
0.9999352306436778
0.9999352558043172
0.9998705283737069
0.703413636422478
0.9662671188546872
0.9239869018805896
0.9373649549094956
0.8160999844744605
0.945458777283542
0.9559477631238686
0.2568130106526011
0.9222586982370884
0.9879286304482545
0.9329293450232078
0.8457919228637354
0.845748314664673
0.9594761806558053
0.9866494845360825
0.6667697501514038
0.3737099122547062
0.2668977246373077
0.9161074257744574
0.9831961988642948
0.9877425418775027
0.9997811337272926
0.9827002535751522
0.807488351738873
0.9381708666889753
0.8280459710943231
0.9617275371271202
0.9999356590444082
0.9147036498604124
0.9999356780816631
0.1263328488559044
0.9999485537163509
0.9998456690888046
0.9999485590092465
0.27201882643416536
0.9998971286021063
0.944490877062144
0.9442667180574291
0.9999357714491246
0.9996018801530835
0.9027886503343043
0.9815722608628699
0.9808881249839666
0.9420719195649944
0.8317923596773573
0.04032775113481907
0.999948711373253
0.9999487140036413
0.9998461499012795
0.9998461577908259
0.9996667179408296
0.9997692780968006
0.9998205588310689
0.9995001602050625
0.9995514488203104
0.9997308830879243
0.9992183195151018
0.9998974897810126
0.9997821909032671
0.9992825479796039
0.9990776562219774
0.9991289421771322
0.9991802228769053
0.9990777979865256
0.9488538865411704
0.8610645190202431
0.9122288347091573
0.9519702069389165
0.9993730006397953
0.9774309109518936
0.9556445422445116
0.9325180058591002
0.994307570291913
0.8666001585961681
0.9954485015853534
0.2919164930133851
0.9398424231589432
0.8957926572489567
0.9723345881452179
0.29286188240098
0.7104470756353986
0.9998979331462108
0.2931975913451725
0.8193009312412297
0.9370487537311529
0.9493565953756489
0.42710746747460343
0.9513480485755748
0.9509559328937655
0.9998854480888922
0.9997963703006083
0.9721472923452769
0.8802850054074687
0.9445151276113896
0.9999491592206109
0.8939777102845307
0.9008623426764374
0.900793701187377
0.8996063492063492
0.8912207198628833
0.22904474769914313
0.9156257933485656
0.925121202121989
0.42400284267566846
0.4760992322822156
0.3035693892829499
0.3038458122390976
0.30383039192052474
0.999835071426759
0.7215294251969503
0.14925221671127573
0.3056277495340847
0.9706799513233952
0.9998225512066518
0.9996958406204851
0.9996451653782791
0.9995438303048734
0.30934130674403576
0.9492278481012658
0.9130297200141765
0.9999240813847555
0.9526454290124238
0.999936746492593
0.999835578321634
0.9999494138327875
0.999835605351678
0.9998988442960828
0.9998482741180933
0.9995827749260374
0.948051783863056
0.29046938801309685
0.9478720311453238
0.8971915366920297
0.9399825596825356
0.9999494534655967
0.9999494585749845
0.9998989273666788
0.9996967974227781
0.9998231631067716
0.9999494802783636
0.9993685353809626
0.9995706691247964
0.9997474651817619
0.9393725143614671
0.8860392028171503
0.9980942284149281
0.9018823648154223
0.9223646364232729
0.10404420112521129
0.3154177020396322
0.896198351274359
0.9999243761028485
0.9797590239967735
0.9343456618990612
0.9795614919354839
0.26268175289166645
0.9996094291365865
0.25915989671893697
0.9683131407269339
0.9100478468899521
0.935196726471514
0.9365093353812839
0.9999496430954389
0.8837472777854706
0.9999118898371221
0.9689246337411267
0.922051772523061
0.8965213562307354
0.9997358324422919
0.8897259498685717
0.9759452764469928
0.9080737220587866
0.7893288084464555
0.9309369697731414
0.9198814918965063
0.8818633727498681
0.8846308337308262
0.9692124254785064
0.9693276941805449
0.9999247054099163
0.9998494221575295
0.9738390694989899
0.18237131638042428
0.931373163909133
0.9213532458087249
0.9881380797732944
0.9879894186527588
0.9999749263461418
0.9725206533866539
0.43888192529456005
0.8934378993260004
0.903396283123779
0.9036653017268367
0.9298327751167453
0.33496590799961584
0.33494580417481906
0.9998319690823112
0.8908584664498398
0.8774300388806221
0.8916340684921644
0.8526419350194365
0.8469490549745755
0.7521159517586976
0.3078462866184015
0.1379054102644006
0.6806203036803566
0.8940695737618483
0.9998322489425693
0.9999520734235152
0.9997364164619901
0.6233377261291482
0.9999520935134617
0.8458388216980003
0.8528426092160383
0.8909460834181079
0.34077110437830455
0.9999049621630611
0.34150600477531096
0.9997624392735392
0.9997505878999501
0.9999050084305018
0.9222458356583993
0.9994895051761801
0.9997744459085675
0.9995370425327335
0.9993827893175075
0.9995252450922212
0.9990386669515061
0.9999050760578087
0.9990033459101587
0.9114087748855089
0.8404437062522244
0.34305097611310104
0.8803353929719281
0.8670501037651942
0.9891496401000842
0.8419929331973725
0.3437022290163177
0.8953754280365416
0.999881540448014
0.9997630949278624
0.9998815544790174
0.999644684479818
0.9995263020771654
0.9998815895419884
0.8950235030844098
0.9999408052849041
0.998497361508791
0.8837162529872465
0.8434065609066497
0.9999053881451346
0.9999408710871442
0.3987040934566179
0.902214392963125
0.9998699579136521
0.9999408934545412
0.9999408969479184
0.921213124054463
0.8420387133369573
0.8291325463504555
0.9015157780324421
0.14309847840468765
0.9999409353478317
0.9998346365547708
0.9303135888501742
0.9221665800538574
0.999917330971361
0.9236437495571668
0.9999409590610129
0.8351122865846459
0.9998465171192444
0.8336599532500649
0.8369259827647267
0.8712152511361624
0.8082201479768241
0.8827374631268436
0.9984545143517809
0.8675726368687405
0.9999410210436916
0.8389352769129164
0.9178820283669548
0.8506655034601465
0.9018956005092658
0.3647717231222386
0.2909553599830347
0.9999410960840677
0.9356807124598004
0.9832261408344524
0.9999175617109478
0.8368877845425533
0.8768399236946846
0.9117937969526412
0.9943487526048719
0.6124995585482713
0.8364017327431962
0.9996821996492425
0.9386446024198484
0.998364070756882
0.9115151515151515
0.9999529317628232
0.918914787026366
0.8411533667301677
0.24430281507960772
0.9999412089785648
0.8614203590280145
0.9329007382329431
0.3614705640374693
0.9003631491732186
0.9949586941960351
0.36239308205658427
0.9133075648812811
0.9998942743697578
0.999741599032171
0.9996359280311927
0.9995302517850432
0.9998825712205547
0.9317616117973043
0.9129551804287089
0.36269515201314706
0.8349178403755868
0.3633461646793728
0.8473472357504137
0.9999413269497055
0.9999295972965362
0.9999530692697578
0.999953071472148
0.9998592210229938
0.9996949931960021
0.999788866211556
0.9073295301463095
0.9331475997050113
0.8289730893937798
0.8589704574184185
0.9286591714730278
0.8212338862503802
0.8706376309880239
0.80934170672093
0.8460738003928538
0.05076284561875256
0.8432364834856595
0.16615247978310663
0.8933813218659438
0.827639787835596
0.8925896935640267
0.8499369335700271
0.8934359237810574
0.6041493969714306
0.22618450081126196
0.3806206164151758
0.9221551995706402
0.8905209123257306
0.9120879120879121
0.8181510683960064
0.8181033577868231
0.8898490891703403
0.8487685992816829
0.9999300389449873
0.9998717455431576
0.999871754514824
0.9999533674528137
0.8330768692732741
0.8175132287465908
0.8873820342537574
0.42557752123111336
0.8735293432425506
0.8537784196794633
0.8537187580070346
0.9999301253086132
0.6477239644591432
0.9999184909175594
0.9998137282294868
0.99970898085094
0.9995809860794265
0.6466795465654896
0.9953449399497254
0.8397063784739591
0.8405778558384609
0.9202121472934937
0.9199841829198795
0.8876420173735071
0.8402655844835405
0.8875388067858098
0.9998255976188262
0.9999534948611821
0.3900462693854775
0.9999651264167393
0.38998279709875394
0.8260030684829606
0.34663660452791595
0.9054181239324681
0.202867566751098
0.9999419536093246
0.9998258810419278
0.8676823820188213
0.39477195465778697
0.39488399071925756
0.9043741517903747
0.39484336399169556
0.8459825570606792
0.9001124937664536
0.11410283169832325
0.2998701358935114
0.8602688919796013
0.32890619567484874
0.7935649070769801
0.4002105701592003
0.989878191261698
0.817079940784604
0.9817389091918397
0.6607516502317838
0.8475418742558578
0.9999537641741704
0.9999537663118231
0.9999075368985564
0.999861311759607
0.9999075454471911
0.9746804724154667
0.8965553103225136
0.8576149375483841
0.849050281911452
0.9809076103905104
0.856118513728841
0.8414307486260565
0.9999307303331871
0.8473655057813474
0.841697148725523
0.8351062602395182
0.40930747666785877
0.8852644327815906
0.8932558354091706
0.8807613382213921
0.9875275212965845
0.7563050394209047
0.7815122176118027
0.8339921859693201
0.8443087557603687
0.15065147517942928
0.9999193641285566
0.9999539244822264
0.31589859362581924
0.9999308954794126
0.8548000737055463
0.9101139109423542
0.877899217671422
0.9765887441903272
0.04293158784755375
0.8540470904887335
0.2003266507941985
0.9579381775126162
0.9578831210630374
0.8930242181124355
0.8833614874570506
0.9999310558792099
0.4500924957773667
0.4197343627924077
0.999758764876166
0.1057363308609089
0.33297361835005623
0.382999483441428
0.9939061477902613
0.9999311476538563
0.8510882410307599
0.9754760266116081
0.9999426506853243
0.9999426559471517
0.8122011900803705
0.9999656057965698
0.8443927269392154
0.9865197904606885
0.986474559563518
0.9907511403488666
0.13178099145142438
0.8743683468735318
0.33434535539159527
0.8027633297436015
0.3842216165456586
0.8554890128136129
0.9998855036123611
0.8126488367832937
0.9717337546366259
0.4481250858477176
0.8738897536855599
0.8947814145113299
0.6232984832193269
0.9012156490513821
0.873013150371641
0.8546452461265794
0.9998970946386306
0.854569354746528
0.9999085641137005
0.9999428558367048
0.8026330826723961
0.9999428649785173
0.8016161985093536
0.8474189388146407
0.9819947284946543
0.8116978678257298
0.7994136636893558
0.8702732290288738
0.9999543878854223
0.9768080909432972
0.8483314521553739
0.9998860022115571
0.9838360349269316
0.8003009164273013
0.9827894730843316
0.9999202224653537
0.9882279202279203
0.8518847714116413
0.851881815384966
0.8534515169813041
0.43860768144334594
0.4382324468993793
0.6494334680863179
0.8901616943748577
0.9998861372046683
0.9874787993306849
0.8061656462662449
0.9995221462460037
0.8497224244630506
0.10649427444023699
0.0362315545349128
0.8738705974610462
0.9468415131646232
0.8435202545309926
0.7263089719116443
0.8733058405189553
0.9986595174262735
0.9886747015323799
0.9886873459559533
0.9885062693076504
0.9997274337891247
0.9997274492658165
0.999829675133705
0.9997729130711236
0.9011431879846061
0.8051784416999637
0.8424780368209576
0.17385877520452972
0.831701367220741
0.9839739591012714
0.8799405713767253
0.9999206169199365
0.8663846869117547
0.840166908563135
0.9943876278373659
0.8761973858728306
0.9990478241648625
0.9882920968820482
0.9999546665155551
0.7954045908771612
0.8086860974863784
0.8974332834941778
0.7951250453062704
0.9999093915643547
0.9999546978345565
0.9998980758994802
0.9998867702341592
0.9999433883221431
0.9995131726425668
0.9998867894623632
0.9997735917406267
0.9997849218926873
0.9995246072350251
0.9994793553060485
0.9996038752320159
0.9993888637392485
0.9999434165110621
0.9998981543301384
0.9987894695161272
0.9996040500028283
0.24117919885971562
0.8269476589631339
0.9746330098844179
0.8024236395288372
0.9889902449500944
0.8627798939765573
0.9823569967336144
0.9998869813858342
0.8935864835847884
0.80217880188498
0.9999435021864654
0.8974014235679584
0.8470480580220972
0.97458287676649
0.8060382300805022
0.8037798902612505
0.9710331436828321
0.8226436392369342
0.9711721880467294
0.8454853273137698
0.8979177247333672
0.9620133167814017
0.999875868917577
0.9999435799641169
0.9987813959786067
0.81189871990075
0.11642174829985677
0.5606359587303377
0.8325872974709948
0.8152824594433108
0.9997970893595914
0.9997294707772079
0.8151078650165686
0.9999323776034623
0.8325577202609665
0.836791708910668
0.9869894338432423
0.16115776912165358
0.8309477190376522
0.9920227727896668
0.5674039738079701
0.8266174833275228
0.856839240734077
0.99964017451536
0.8207495193226666
0.9735715008374832
0.9511671555570541
0.9999325713900408
0.9502663100883205
0.870046403972989
0.8687918973241856
0.8695593600898119
0.7952782424194798
0.8575292955596462
0.8358636011714411
0.997082781679869
0.8549866559016798
0.7870315355209022
0.9503290100552647
0.9479689741750359
0.2138261863665912
0.3744536345908143
0.9333990677662245
0.9332840385843444
0.9999551885999798
0.9926302585009632
0.893203013916412
0.81474640966229
0.18912994855736973
0.9896074290120352
0.9658069995083359
0.9801220166264414
0.829232058084334
0.3435238137789295
0.982644240434229
0.9999553282258605
0.8276027596061533
0.819688783711377
0.9996763212232825
0.9996093793596054
0.9554145100838837
0.34954044527729444
0.8295778728715343
0.8535963006295615
0.856407513871248
0.9904416024241344
0.2314075361156592
0.9711650907146915
0.9999443219527405
0.8703068632254042
0.5865706686845531
0.9999109874826148
0.9999332450684795
0.9998442454247094
0.9999110013461047
0.9996662995962226
0.9996218230354262
0.9997886728655959
0.9995439985763858
0.9996997197384225
0.9992771673857924
0.9993217097362451
0.7917963885429639
0.999344007115855
0.9992884856974508
0.9995886740853557
0.9991107652976158
0.9990663450744145
0.9987329532192991
0.9991553772463075
0.9989776073790076
0.9995555012279279
0.9998222162960988
0.9998111237028643
0.9999111209865571
0.9995000777656808
0.9985669532760114
0.9999111328341961
0.9992335888037321
0.9984339249616812
0.9989671027788267
0.9989671486639569
0.9982564467050175
0.9995002831728687
0.9987785242351896
0.9981567638992216
0.9987342193797675
0.9977795294822973
0.9988676103247294
0.9991008292352608
0.9977133215669297
0.9991009090808183
0.9988678617015373
0.997624834903828
0.9516707172265317
0.5853658536585366
0.8021301381261441
0.9926676132581976
0.7881490355284905
0.7877860224714116
0.585914711917041
0.5860524915765206
0.8621713880391896
0.9614024978113676
0.9487634074993352
0.9999446001794954
0.8201457977886597
0.9640506946136973
0.819544291458511
0.9999556938890797
0.9999113956295894
0.9225964360470912
0.9998560322487763
0.809458426991175
0.6287811683422649
0.9925707769129419
0.9757434182848792
0.9413496878182703
0.9545806765851931
0.9638476865176002
0.9999667932213896
0.9215185394066063
0.8709948384672348
0.9960438928977932
0.8765897263074153
0.9347523681247102
0.8070188995849157
0.8070473688277567
0.968155326946002
0.8203520776999061
0.8202977563430489
0.9998786086342368
0.9212863368084285
0.9538223938223939
0.9453867701877054
0.16658212214110849
0.8136704842318757
0.8450373603121074
0.9999228641637924
0.859802172141079
0.3749201453904615
0.8422930778126548
0.9996696471831916
0.8403998810926266
0.7733952730595216
0.7723374979360449
0.9999559708967628
0.999867918505718
0.94375715417804
0.7997028885832187
0.9171406255156709
0.9994500962331592
0.7816023738872404
0.9999560410576521
0.9636695311984879
0.9998461606083249
0.9998351811359316
0.9302438006086775
0.9999450682252642
0.9999450712425983
0.93004965068764
0.9346491372587784
0.9996046258772363
0.6097909006091872
0.9997366370749158
0.9999451357341936
0.8399596278743198
0.6101579640193067
0.999945154390391
0.7952444147098501
0.9951087910159677
0.9999122730064041
0.7746502039563139
0.15594439328158577
0.8216200217055283
0.9996821046862154
0.999638272917603
0.9999451958699608
0.9997917876672547
0.9994521268435932
0.6107453137153938
0.8386990765590597
0.5926680467475
0.3609778537162384
0.9284368908648897
0.9447680784897726
0.9473447985199619
0.9254747441580474
0.925545304308807
0.7731570653125547
0.9996935905713441
0.848993839386346
0.7569581199947486
0.8237771724266194
0.8108672821948978
0.8169288323962458
0.9646482324116206
0.7937646737646737
0.7999475902430503
0.934491380157439
0.5604768715132592
0.6199432376378124
0.9109435033181977
0.6199275283228919
0.999956344269094
0.8487026514118686
0.9445316930593727
0.7918775082882569
0.864958569559529
0.800743518740597
0.9616537501498752
0.6716831035797962
0.9447428341086622
0.9722533907075549
0.6650849966262543
0.943683889783659
0.830298481486316
0.9999456149319643
0.9515569428885288
0.9453707026874177
0.9998151249537812
0.7619617224880383
0.9339449341840672
0.9231922964057864
0.15462696299516382
0.9999347974918769
0.9998804685632321
0.99988047635605
0.9997175171934247
0.919627142950264
0.9791883906847411
0.8026262911512018
0.9999348357317405
0.9809513466550825
0.9434621688211607
0.8281726521885412
0.9180422160724945
0.8129049060780675
0.938892867217846
0.7673588508440741
0.964448832138169
0.9934044238091622
0.6644031761183669
0.9998915318950463
0.9645134701314476
0.9555765185522521
0.9998915777604303
0.8289189804525299
0.9182799661803283
0.8608660785886126
0.9700200444227748
0.9999349952871583
0.9998699990249927
0.9998158419273767
0.853625511817847
0.6691971972839212
0.9346601983800407
0.7694123251483261
0.971494765559874
0.7658406677275827
0.7658075061974301
0.9893483437973587
0.9431503290613094
0.7810020673456797
0.9432010043724837
0.8351310707446636
0.9188195075511706
0.9998269278613692
0.8224935913383016
0.7637217048981755
0.8353410614645962
0.8313617785082502
0.831316833717171
0.9999459412705963
0.9999459441927846
0.9998378413439709
0.8009772233452603
0.929493276838601
0.8545014426661768
0.7598781567975113
0.13662429668347786
0.7986459053213545
0.999956813249695
0.9999136302294197
0.9999136339591272
0.9999136376885127
0.9999028476435157
0.9998812659211606
0.9999460328767714
0.7841886568452863
0.7985624709958018
0.9999460439418137
0.9994388872702945
0.999352590178793
0.9994820944961751
0.9993958029886174
0.9994389901823282
0.9629321969901289
0.9994606198556619
0.999061529168105
0.9989969152447311
0.9989430885540804
0.9989324073674676
0.9270086373292213
0.7793927369964634
0.9415119563576773
0.9675506683915481
0.7855849251864948
0.7783143439221308
0.9999461067517461
0.9998922193121437
0.5969029838683606
0.9454902003038499
0.7956488960689284
0.9164405100370466
0.9472491109702511
0.9104804666100949
0.9999248362504026
0.8467922016575772
0.9088293704041651
0.8468688950430433
0.9997853340202645
0.5648180892675347
0.9061569123288258
0.9999249997321419
0.9787227204062611
0.9999357223204243
0.9997964823582339
0.9287519814917955
0.7829640022706096
0.8923958444896648
0.977535789620207
0.7757422615287429
0.999957173906061
0.9774634919275406
0.9999250623588228
0.7942278459331578
0.7942023400451738
0.11192344333715118
0.8211223736179049
0.8174774736211288
0.8468708246486024
0.7619648162794177
0.7788357752770564
0.7590031845091795
0.9359775606842712
0.22156812558655406
0.747230012903501
0.9325748043251082
0.9325180193628183
0.7909500911601326
0.789986566304881
0.7913042551377164
0.7913429049552863
0.7701605167231567
0.6828722451937422
0.8254049445865302
0.19341506801163175
0.7752452363961699
0.9999254494334157
0.9998722058338037
0.9998083209984346
0.9997444443261316
0.9996805758153302
0.9999361192440778
0.9997977260145637
0.9998616108497094
0.9999361321638423
0.9999361362426823
0.962163140193282
0.7817082774620607
0.9998510321344967
0.8863259139464612
0.960315771555026
0.9492953252140616
0.9750215331610681
0.929969695358605
0.7720574162679426
0.6841528892669183
0.9398462667049405
0.9341176720656379
0.8361354361503146
0.9681721572794899
0.9682482333563572
0.7905931600140242
0.9317773788150808
0.92538470524516
0.9269178489508113
0.9252864409119387
0.8290559266062839
0.9422188717709141
0.999872596587712
0.9999469236975075
0.9999575466191188
0.9999150968426639
0.6870284095129949
0.7829974543911752
0.9557839362796567
0.8314280260450911
0.8313839432467683
0.9263131109650332
0.9015658295079881
0.9754171348612377
0.8233392340389447
0.8426168343173315
0.9089328867596558
0.9999470075143345
0.9998940262602927
0.988401652367334
0.8954363965643236
0.967615880714611
0.999925875725359
0.749917962506219
0.9999470753858204
0.8249663946485463
0.9238468049090139
0.9999471039407564
0.9149496530715857
0.8400829199674243
0.9999153949469632
0.7472214878654894
0.9998308113652465
0.23717738610050856
0.2367233012274933
0.7749690760886803
0.907699301216792
0.695860377597835
0.9874738377624152
0.784220873940342
0.9999365830972815
0.9999365851080696
0.9649436159756497
0.7712419682110246
0.9962066378554296
0.5905330445348407
0.10240995678771038
0.7810704022988506
0.781020895396252
0.7473143834965301
0.6976540301881212
0.9353196523061649
0.8929408535169036
0.7833018359956502
0.9999049891265334
0.9998627678665681
0.9998311042614506
0.9999683330518494
0.9997677830671635
0.762863747189766
0.7839954405370034
0.8163627152988855
0.39195257580526704
0.8891115494376364
0.800627235444047
0.6975700307285713
0.5385502747598473
0.7565960570469799
0.7568185392963875
0.9999370877939835
0.9687653997378768
0.8103585657370518
0.9128306198827957
0.7864179417312932
0.7008561338796383
0.9081508643268728
0.9235740847430995
0.7797085965077669
0.923467677741003
0.7246439044826142
0.9774925673129266
0.9046303273884284
0.7054942067176977
0.9135484950182438
0.6557851714802387
0.9838982696647998
0.7805930538721946
0.744245818227409
0.7601909696830405
0.7700945317804356
0.9999477817695714
0.9131347304451336
0.8161296385240253
0.9999686772398384
0.7779935477808751
0.9533443995531753
0.9266759922333341
0.3658635879663458
0.8125045665675069
0.9751596877217885
0.975182116095097
0.7558516910682793
0.9568611082124595
0.8835675754635282
0.7745751572622289
0.7711234185466797
0.5426405097879707
0.7541216096436802
0.999937436785085
0.91952872484621
0.9362762474716934
0.8277939949958298
0.9733020589001824
0.9544526399133225
0.99984373860594
0.9998020771482442
0.9997500052082249
0.9998958409282657
0.9542864880065826
0.9999062656223963
0.9997084244506925
0.8231914827187861
0.7436625874125874
0.8130223275539479
0.8793547850669328
0.8969301436202274
0.741029398011036
0.741060944562789
0.7119285120532003
0.974779358322085
0.9106781402783977
0.8016209036382127
0.9001307379430563
0.7973551833220972
0.7771416718523128
0.9116902781522889
0.4114017257114411
0.8202801771067721
0.8260522496371553
0.9020676789138208
0.9999481811586693
0.9998963676874449
0.9019181148381882
0.0017402293373662459
0.6128512729450145
0.9879043399064684
0.9999590688155539
0.9999795348266088
0.9999488386370613
0.00427621483375959
0.9995703896157033
0.999754535970708
0.9996011821370502
0.9999284224303653
0.99956050245812
0.9989371921433973
0.9989065677468142
0.9989782051151052
0.998375561912546
0.9984675425512352
0.9998978466064643
0.999969354921089
0.9982430513703178
0.9984372286855356
0.9999080807255495
0.6013580436003472
0.9999183240086577
0.9999591636720027
0.9999183306790804
0.9999591670069417
0.9997550120452411
0.9998366813653438
0.9996733760666313
0.9997856639823632
0.9998264969739031
0.999540746032556
0.9996530258189611
0.9995102240724868
0.9995510570565668
0.9992653960739502
0.9994694743715312
0.9994286880228525
0.42828056601852793
0.9221051365090187
0.5958172083976659
0.5700687414568434
0.5743589235660589
0.5700066357000664
0.9998514527916972
0.00314789150663235
0.9999010194991587
0.7116204270097478
0.2433706889748244
0.036141607236212625
0.03625818669612562
0.9999506869310505
0.9999112399775141
0.04395615199331465
0.8411760084842296
0.6962643396411413
0.9926255276224427
0.12298154837449966
0.14956610017277902
0.5978701182074634
0.8845290385553929
0.13881517327505463
0.9999512199880977
0.33365838436634554
0.5099646588065776
0.7153481490134237
0.9999610641176643
0.9919083464628192
0.716305244263329
0.9999514883377965
0.8076632215780186
0.9944982031984037
0.1276307251261489
0.9999612609558859
0.719463009352845
0.9916271874697863
0.9097786494816475
0.505744906826301
0.6219778949092766
0.4897290946387126
0.7116360589747788
0.9932171754586825
0.7623672872749654
0.11330461372771507
0.9999038720344523
0.20146858120446726
0.9759081227332911
0.0429439023688225
0.4984219888678487
0.9822031385974811
0.7493091611447367
0.986629457245802
0.22055521047350565
0.6768071368533659
0.9999522440519967
0.9999426961463158
0.22639148871146425
0.9998663012233439
0.1406166831419664
0.5875807677689091
0.5871347807496793
0.9077383497221034
0.2579635059352672
0.9720767391551861
0.5984686761733983
0.26454053336619865
0.9735330363067589
0.9735342907246789
0.9999052132701421
0.9998578333807222
0.9985125955681032
0.9595289261675076
0.9723203044387857
0.3309596088556
0.9715163837533689
0.961919621749409
0.978996521476104
0.9825287095799335
0.27997169811320755
0.9924159529109912
0.983115756112285
0.999933978458114
0.9999056861801959
0.07778783763392183
0.9645372707069946
0.8001008742434432
0.04567105631829644
0.957879597287857
0.5890405842033506
0.956038827702072
0.5184594135543237
0.8017058763146353
0.801787930535726
0.8300123024157471
0.9543799528807025
0.9549720670391062
0.9559444330797984
0.9551654563881321
0.6833709598000688
0.3269541628732279
0.9848234354392287
0.9805070035551513
0.9596489111979143
0.9596043939731315
0.9606804626700924
0.6590363122014562
0.9905812253659259
0.9457770629396486
0.34073445441715017
0.8089256564203303
0.7945792514906598
0.9717931497649429
0.88713015166426
0.9680222933451054
0.8798283261802575
0.677346736254043
0.9898198256139803
0.6359411451349216
0.11281142710264931
0.11506975036710719
0.8451338389164504
0.9999083065129883
0.9649013423311084
0.9419256053618418
0.9531247135602853
0.16271263947320286
0.9330220488125806
0.9617612660355981
0.4775856723386406
0.9668718369580085
0.8721071197440502
0.11427998505190816
0.9999270851372166
0.999899744804958
0.9371618432041832
0.4901663596017534
0.4901850456942163
0.9999818496973437
0.465874751581259
0.515765132622988
0.9709826893606217
0.13226095536385116
0.8246662140755827
0.9720489866852524
0.8261633011413521
0.9999547462167837
0.8260212484841903
0.999900529004838
0.9158398843408331
0.8020614276559834
0.9779718609451189
0.964050345721694
0.5002114317075584
0.9999370243086169
0.5737415392890761
0.5748651119436428
0.4734424115418715
0.023677802843126722
0.9692565178867101
0.9736656330703173
0.9137894078771099
0.9399971422958081
0.8541153365470452
0.9680610943089866
0.6048959783035364
0.6049100770767913
0.9998751181917114
0.9150981248829724
0.9261496787760521
0.9976488190659399
0.9771389386126622
0.9694071976779386
0.8698670316777474
0.8681526625326487
0.9989877643799613
0.8687091075344229
0.9778182140955086
0.8674391986016344
0.9980926696415106
0.9998846914609592
0.9965383832213398
0.9968335677200804
0.9949680306339928
0.9967195430349974
0.37194147409690154
0.5108017493994139
0.24672213153599074
0.6009793855145723
0.08410485024527656
0.9999648990408663
0.999938574938575
0.9998069819879101
0.9992107755445648
0.4639227686830868
0.9999737355874035
0.9974264705882353
0.999816182906761
0.48279664948228024
0.999973743632831
0.9999649927359927
0.16327762180883162
0.999973762921761
0.9953358779292696
0.9999475968802676
0.9999475982532751
0.9998951992524213
0.997807975127941
0.20857766143106457
0.2086819946773701
0.9973221917903808
0.9998343490353011
0.02859559035073189
0.9999215426459307
0.9932617962150995
0.9928896324567366
0.992889818324402
0.9999738739680217
0.9961889514395844
0.999973897609021
0.2865197824538236
0.9944053763813351
0.9916343355965083
0.5655827074175349
0.7320360965227247
0.9885449291412157
0.9870341896584489
0.999982725411783
0.9999740887890828
0.9999568153944481
0.9842210265401125
0.999974091026859
0.9999481833962329
0.9974541312114883
0.9896700812067969
0.19673318105417403
0.9846628144295273
0.9846119401699834
0.9946724732978165
0.5664974182444062
0.9999741837770855
0.9999483688870914
0.5703886001445634
0.9998795356961546
0.9999053519187747
0.999802125005377
0.9835738831615121
0.45267348479648567
0.9997683973957574
0.6208597059983876
0.650795012092417
0.30667707189901205
0.08422731599392863
0.47794060900211804
0.18405213066963902
0.7528250767357717
0.7703750064301514
0.12017969513554294
0.999982854399561
0.6573084275586568
0.04245634787975416
0.99934079857544
0.5058919173334474
0.9987168520102652
0.9998460459467319
0.9995040954872689
0.9995643073768741
0.9988221939624639
0.996246918634902
0.9965291398748103
0.9999573717101617
0.003834911328328064
0.9952373243816616
0.9959961835962791
0.9955968897178432
0.9995656691250362
0.5036958187856595
0.9964756659203705
0.9967655995982534
0.9999149435650554
0.9920955335514853
0.9991004065144147
0.9969873383346346
0.9950271976646499
0.9999660571089143
0.5009287768136593
0.994276265581277
0.9998134834508953
0.9988048011392534
0.991863648306198
0.48935611483367075
0.9995002541080806
0.5004656202908857
0.9986543669600542
0.9903608544057412
0.9958448402543768
0.9916667370251855
0.9975180238742466
0.9960327843944932
0.9944674498823489
0.995302551127978
0.9865199797673242
0.9940322662216153
0.9941854095915461
0.9898638401132419
0.9973897814152437
0.9952360511409069
0.9884703426917121
0.9945097445728026
0.9892109000159652
0.9980260228981344
0.9904003628209328
0.9886958201409243
0.9974648691301647
0.9813072345283161
0.9895502845344211
0.9904329087814326
0.9987258370077288
0.9889694480533088
0.9873890783553012
0.9997738219895288
0.9877027909390749
0.9971728966099852
0.9999665442744707
0.9963789325795714
0.48807124639377847
0.9813819337039669
0.4954470267831782
0.9886650294859587
0.9755732968115846
0.9748487503650853
0.9823350745147778
0.9932347887018469
0.9880426631114074
0.9856202616012664
0.9731530766091078
0.9884397393323513
0.9912887202655817
0.9880090742141082
0.9890571551924546
0.9859533771667663
0.980599208029288
0.9902793342464616
0.9819552117399027
0.9861322046557949
0.9999668047037735
0.9945824414687972
0.9718805212472109
0.9997926722064653
0.978471617531202
0.9791442165818399
0.9904175846018783
0.9802008869473127
0.9999586349534644
0.9992893442961617
0.9727489815985392
0.9905909759280982
0.9672508920311881
0.9987611394213696
0.9988614800759014
0.9818474226804124
0.9831920298221885
0.9816117355058422
0.9728067789345269
0.9747023196407235
0.9999588002636783
0.9632022147883262
0.996928195541354
0.9594996386096327
0.9714726797943799
0.9898366160271898
0.9762686603830752
0.964848643647291
0.9753628880488324
0.9897567954220314
0.977997467216798
0.953913363001674
0.9588979591836735
0.9651544338513778
0.9616937292545079
0.9897167834163765
0.9627208710960422
0.9693240533976626
0.9797578108447283
0.980495197125608
0.9709535794866783
0.9916838392806235
0.9890426571149463
0.9701870330278515
0.9999593069153828
0.9611306845458466
0.9583313003171505
0.9719516755825108
0.9925702533754949
0.9689567719594869
0.9530214979477385
0.9999512357669395
0.9853077410651888
0.960018199397145
0.0016894635953084896
0.9769207039875308
0.9788458572460651
0.9879926657904557
0.961224026342682
0.9547076473927499
0.9999675640609795
0.9577563000681089
0.9794568837672915
0.9682183661406165
0.9999676121227824
0.9496737211975971
0.9903516433747412
0.9693691071110896
0.9717425050936257
0.9678595390721625
0.9787765394282758
0.9848564432843901
0.9999515171104197
0.9698923688548434
0.9596849757673667
0.9576462041409372
0.9880343397505205
0.9719102936431107
0.962441011575848
0.9681129032258065
0.9999435515737015
0.9966132582874376
0.9487572133208678
0.9709263505088291
0.9533361741129933
0.9611319632537916
0.9941045775749361
0.9404626317393606
0.9999358388271338
0.9436879500874111
0.9567151973831896
0.9963849434095354
0.9964010323987239
0.9840813087632956
0.9629418883287786
0.9656713906892159
0.9992149323079388
0.9655244228705083
0.9569914847301364
0.9974483470248047
0.9639239139994723
0.9522732359241616
0.9537255340744707
0.9689833933749231
0.9464824722510581
0.9601624783535101
0.9803790145621385
0.9999521267683175
0.9927379862244695
0.9901604107789674
0.99558296856347
0.9435627504611666
0.9819276150494546
0.9999761478831246
0.9306385955985244
0.9920602120455883
0.9443217038861956
0.9282899858597734
0.9468403701791317
0.95706096263478
0.9751966410299149
0.9999682527084408
0.9278690866380439
0.9275495711372599
0.9361877446242097
0.9551907719609583
0.9726134833240909
0.9907473422374321
0.4684803774122564
0.9405269781467909
0.9865789869350869
0.9315529179030663
0.972186844915556
0.926770812734823
0.9999604552392853
0.9537611109353746
0.9457564692306476
0.9929346494590344
0.9663848949281088
0.9791477429801351
0.002527386603271386
0.9541469886749538
0.9812674655425567
0.9999684248748836
0.9879964012879601
0.9516388656556252
0.4733308084394578
0.9905351579445518
0.9198732850534678
0.9485554593403133
0.999968512366768
0.9209421201635735
0.9886107290233838
0.9805168267341517
0.9759446120960644
0.9936923137347315
0.9999764351022716
0.9700534843356083
0.9324722002056047
0.9384586416023977
0.9918964502843695
0.9999686222828859
0.9210196078431373
0.7923316419759864
0.9243233073865907
0.9851927915781552
0.9844092932840033
0.9628338412603903
0.7790146071109859
0.9429745596868885
0.9764571446461137
0.943495308232311
0.9354270963704631
0.9933046538912789
0.9621881598498475
0.9999765392225098
0.9134347730897945
0.9999687285008443
0.9477448604705698
0.9957724466671877
0.4725896296064813
0.9476891347145402
0.9226335069946183
0.9552432162451127
0.9914288831055494
0.9116254070138813
0.9921237167962518
0.9999766518795237
0.9127328757529066
0.9999766546048792
0.9519010785488615
0.9989417165979301
0.9253409850853046
0.9615336774675042
0.9620879590425656
0.9340283712185952
0.9307081356800696
0.9203275380316672
0.9527700820276426
0.95370348814651
0.9600685824230387
0.9256216937372985
0.9181824517387971
0.9999225712538037
0.9754862487611496
0.9784144821874976
0.9726433419234014
0.9251489592199954
0.9999613107904205
0.9255547989724225
0.918137793387279
0.9763595575152781
0.9578613677658793
0.999335101242433
0.91446239468192
0.9714254797845124
0.9142927801907352
0.9351302493742468
0.972946665842655
0.9123714923494017
0.942349425038807
0.9476687618724036
0.9095722919931147
0.9238966049382716
0.9334556640941227
0.983509621314913
0.9470994102455383
0.952999653219281
0.9419832279626364
0.9902763128517427
0.8990608883072897
0.9690814488693216
0.9077403620529154
0.9458794209498023
0.9240481994417231
0.9430064938055542
0.9011489136357705
0.9954034102245346
0.963689101358973
0.9374108334483869
0.9750561677133415
0.9201185925182523
0.947900240366214
0.9159021523723535
0.9858837031369548
0.9648085542518854
0.9284087609091048
0.999977076488118
0.9413480109624178
0.9014716658524671
0.9388277997224298
0.9624648322239758
0.9452583118645101
0.9079651277986923
0.8916413385436901
0.9181818874305868
0.44133346531939355
0.9522018516262638
0.964687523787775
0.8938796633129881
0.9734172494882078
0.9999771696447597
0.9982879709031144
0.9721835459892112
0.8935736402851426
0.9985098116736487
0.9365216928562198
0.9047315257841574
0.9838917819241806
0.959550340053437
0.9384762511954097
0.9578324225865209
0.949123472717614
0.906765513787504
0.9166476988209588
0.999969652367874
0.8940660940236386
0.9911688744480547
0.999969705461348
0.9025675583587616
0.986765240026636
0.9110911030574492
0.9452096238645217
0.9530132325141777
0.9006834298501595
0.9929165942198804
0.9117007460207195
0.9080870976263256
0.9003093872623
0.9418472321664092
0.8988152176369127
0.9303852198302115
0.9102541933252637
0.9865351506995557
0.9746485434558829
0.9370384560486203
0.9466593614434321
0.8929720728221977
0.9350970731817057
0.9999850092942376
0.9484709090636659
0.970721074983709
0.919842125760163
0.9752737178479752
0.9264618953196903
0.9912335816653203
0.9227059280971466
0.9409206071612745
0.9009705691166252
0.8955697620576857
0.9121896971234942
0.9999850732901454
0.4299976868606222
0.924014016252889
0.9387574206907853
0.9002234470430508
0.8769735325395822
0.912891856522515
0.9269206188784685
0.8791326382747884
0.9447212671632148
0.9999702971032249
0.886976536976537
0.9629131993675349
0.9533062386899641
0.9870332065567937
0.9048822796821255
0.8969987621468969
0.9999629399033473
0.8735037923678597
0.9727671991764244
0.9269576807730756
0.9574401988195091
0.8875376119116092
0.9856599312917883
0.9999482868160932
0.9783066165557878
0.9480968858131488
0.905726215769594
0.8821880417542695
0.8817652263677923
0.8686063054230766
0.9508642411918129
0.9330475517058512
0.9999705388445335
0.8943383441479529
0.8623871452346937
0.9618694919122682
0.9366272350511973
0.9527880575931253
0.982924838403671
0.9945735693119904
0.9438987088615041
0.9513285397091475
0.8917089305402426
0.9173954582200338
0.4405404809663412
0.8593158965545101
0.8724852418573232
0.9204745683072947
0.8723460488062725
0.9079544286700043
0.8812376128606034
0.9248267661048799
0.9999779792270709
0.9807452413448979
0.9986209122518742
0.9989879804342884
0.9581479227910182
0.9641964357713088
0.903568549864439
0.8721666251520169
0.948080007616983
0.8613436155579619
0.9645323220587912
0.8556575236369481
0.9540354898282444
0.8546459014479215
0.86336545546064
0.9301100760830713
0.9889452805973632
0.9358935106212366
0.9121525575699259
0.916735883424408
0.9870171478501475
0.9087004629764436
0.9506952579840066
0.8953239764380773
0.9653556010988532
0.9351806108511813
0.9537057208836216
0.9117209336092054
0.002308513186837119
0.9190238732951534
0.9136799779355195
0.977928532559405
0.8901334881021474
0.9943749365730605
0.9772580726959218
0.9897581771726779
0.9807116294549191
0.9347371619128912
0.8718174915940562
0.9880164214056492
0.9483071364046973
0.9012421507489757
0.8440152878022701
0.9495369099394587
0.8955590382851489
0.9999638900524317
0.8743743996764572
0.993673902682092
0.9856630306880446
0.9712961826882132
0.9002215214991305
0.9021854414534015
0.9938386061108907
0.8760004614741214
0.8839600279544947
0.873313694278985
0.9797607831009012
0.8706082004228208
0.9293715846994536
0.891371849977718
0.9867296058398356
0.8989754569490747
0.992731451554981
0.8533203110973867
0.969463072791763
0.9251196807556216
0.8706211648186026
0.9428524267803446
0.9434214114506336
0.8435694860037745
0.9922802083482802
0.8452293880594874
0.9254335964666996
0.9107072445065778
0.9999784927735719
0.8697244944045767
0.8831963542301106
0.9956980780931248
0.9993488092512022
0.9390687926064222
0.8716938217918091
0.9330974336979055
0.986084607302901
0.963726645947201
0.862383748339262
0.9734117328043272
0.8581750486801093
0.8648174432786745
0.8737002752777738
0.9199777755616657
0.9617299160393953
0.9999572737824808
0.9669871110161646
0.9765226122065327
0.8596022812226328
0.9602072922450491
0.9506895913690773
0.929082350933576
0.9719139024407565
0.8304929487452601
0.9762577566988058
0.8445173243605852
0.8384642139708545
0.8567850960583444
0.9726314893858393
0.8682042483196732
0.8963072713223357
0.9999574670192178
0.8420422335600907
0.9928865460780354
0.8306649286614999
0.9999716637622023
0.8423295555099354
0.9939515701158045
0.843323807368004
0.999936340423124
0.9178585069812842
0.8517481330617787
0.8423266731712835
0.8740287078635811
0.9417033722118467
0.9688083478358898
0.950236699729486
0.9194460684525277
0.9614387921807223
0.8477573692473406
0.9660698450234365
0.8797675825489948
0.9665850810932467
0.8338197135162123
0.8631135966052397
0.9219214157800485
0.9284751190325706
0.990433946505899
0.9910595863830624
0.9217548683989001
0.883459595959596
0.8350623934681509
0.9717613564646649
0.8790789639747023
0.9284437371620059
0.9459190537586187
0.82174735514608
0.999957964353772
0.9811248100929058
0.9868132021882389
0.0019097185788336027
0.8313157011854171
0.9520092249633098
0.8581987885731851
0.8222501659156799
0.916848831930719
0.9117517651742127
0.8753534549567475
0.9534914526339273
0.9847870606427885
0.9394851010786833
0.7635462493735033
0.6801922421527783
0.9999721799125059
0.9999513158626829
0.9994716975885776
0.9989647457721329
0.7816909726323396
0.9994583483792117
0.9981048247136411
0.9985840216561394
0.9994517049200808
0.9976338833455918
0.9999791841577563
0.9973086394062359
0.8538219343384607
0.2627140974967062
0.9999930657162075
0.9999930657642915
0.9999722636341574
0.9999791978698619
0.9999930660047013
0.999965330263906
0.999972264403442
0.9999930661489391
0.9999445295761367
0.9999237286960381
0.9999861326824939
0.9999306648547082
0.9999583992012646
0.9998890653058677
0.9998751993343965
0.9998752001996797
0.9999861334516612
0.9999306682196986
0.9999029361805387
0.9998336060345545
0.9998405402219958
0.9998474743132878
0.9998058777445767
0.9999792013311148
0.9998682760102884
0.9098987365924796
0.9999386732990359
0.881444036434737
0.9997479907369569
0.8914572932771221
0.9613874122827915
0.961374325326872
0.9988912017196577
0.9988708174329463
0.7953600990280829
0.9211430048078558
0.8899783097959489
0.8986320183848027
0.8727819099030499
0.9282956013325175
0.9979608898676617
0.8562760738697359
0.9970310886461221
0.8738204422704575
0.9983700745690884
0.8535415959252971
0.8534082961574763
0.9993345826882859
0.9999661251202558
0.022302465330235017
0.022267988158064102
0.99994580496562
0.999932258960446
0.2082904361961528
0.999431206451744
0.9999661443874166
0.02793870810547404
0.9994788776242234
0.17079638851775375
0.02876243361996927
0.06201931495225139
0.6345867899265958
0.035251387254077685
0.05458067380060399
0.9919706755105603
0.9941111125982038
0.994534824605999
0.987845991250719
0.24781442512859272
0.999973245399881
0.04690653443643994
0.046938693682254985
0.13612006432970977
0.0609831777447101
0.48137109786507715
0.026814763454050882
0.9840501756280285
0.9837595507563999
0.7619529336598871
0.09690510405024216
0.06822653549587876
0.1404765861278208
0.999953473533087
0.9961660620074685
0.7733859554705097
0.9960667849288766
0.14012806476228393
0.9785977125808055
0.5211537825411002
0.5798993113211915
0.4872556478020706
0.9999603098477883
0.4872234165702001
0.07610845421652478
0.4871944121071013
0.9999140143397625
0.6756112065547774
0.08678410034123397
0.9999736505803459
0.9999670643102279
0.0867766689721042
0.9727502667667866
0.08687462128197697
0.13783263086604025
0.9754172630694279
0.9824701927622249
0.11921190674711293
0.999960610019498
0.9805753933122168
0.9801295414913005
0.9801102654368333
0.10026426646432403
0.10064822506688297
0.9999803770228018
0.9999803774078556
0.9999803777928942
0.4918223611501664
0.4924058243797872
0.9796965261259377
0.10054168490796583
0.9999803981783374
0.9999607971251225
0.99998039894677
0.9999803993309638
0.9999803997151425
0.999882400595837
0.999921601933819
0.9999085367845453
0.9935003004886206
0.9987729741019215
0.9879170635593774
0.9973961045724403
0.9912332654296481
0.3584269955250286
0.9942322073024027
0.1082999635966509
0.1049101780856603
0.970928048701509
0.08454256227205711
0.9529580392941769
0.9999741747209255
0.9530699205888049
0.9999741758880266
0.9998967068864227
0.999890256734686
0.9728552062487896
0.5925301266865795
0.7330083074061007
0.996440050710069
0.9783335570941778
0.9429551639983134
0.9941428580553267
0.13681322187480058
0.9999744757966742
0.9847890557734622
0.9889178369447799
0.45804226890542843
0.9700419640706416
0.9881990569385996
0.9428616680921157
0.9875577292222314
0.9346070601339121
0.9341210122961453
0.9802493355271484
0.9999746873892573
0.9999557048933437
0.9999303951656279
0.9800502382202763
0.15439874538372034
0.6030525663560147
0.49365359189070074
0.9553589407974225
0.6791007284601859
0.5225664215655572
0.9999749477033307
0.9422743300202293
0.08260322271557312
0.4516557203588803
0.4908653785953094
0.9678124726668416
0.9334813881385643
0.9542600225737857
0.925914151425615
0.9256682693505394
0.9413768621394051
0.9616246917270757
0.9183025027203482
0.5845365944503073
0.0856520552025417
0.9277074821918997
0.7231493075788195
0.220471464788907
0.9585274816423117
0.9393322152767191
0.9456973022405121
0.9213277016937582
0.9370109356014581
0.19122040072859744
0.6686143167449368
0.2102299959351813
0.6928510793111812
0.9160571335074568
0.9160899758820036
0.9999151674533876
0.8988254962414668
0.4304188497531724
0.39632901144314076
0.8918042488435851
0.14096123656563217
0.9287462916958105
0.9282857246123634
0.9057414540202214
0.9693018560690273
0.5730514604284564
0.44333651779316935
0.5160211824689397
0.9788720202026232
0.9376390122897299
0.8864212252198539
0.9999523900209484
0.9999761955771382
0.8788793077797417
0.9999583439952869
0.999976198268424
0.9998393421357975
0.9999345510799071
0.9885262939097901
0.9168121622424135
0.9252542755076609
0.9487573129745653
0.9877283527787489
0.5139429485470541
0.9980720212432506
0.9440194385981507
0.9311016074325321
0.94499708465113
0.9816320881942441
0.871549975005146
0.933974351439352
0.892259770790479
0.8739100053435428
0.06061620307573062
0.8944253487089849
0.5263417209220482
0.30721587809899176
0.9829667012490695
0.5277255721637715
0.9651528001169761
0.8841495154375684
0.9999707574977775
0.9999707583528765
0.965127431371861
0.8840798376579706
0.8840333087727916
0.9999532202041939
0.9117285899729853
0.5574003213086023
0.01636270168592492
0.862451382318932
0.9813241297149564
0.8725359678624813
0.9592661020999318
0.9197676180265013
0.41215834503002313
0.9766468077176186
0.317641990545607
0.9889372548563181
0.8592299099350694
0.9268227626436581
0.6705591371690386
0.9154218193402647
0.9999304980394655
0.9794655268880468
0.9912657461589461
0.6682954773293616
0.9999942715076247
0.9126287392979208
0.8542511972386362
0.3285258877806482
0.33656280650532605
0.33838162088805
0.3388965548700521
0.3282948079050302
0.3380766687190714
0.3321418391197765
0.33952767216366736
0.3374197115028411
0.33515894817229547
0.3442512721450103
0.9994814992080043
0.32918546879985416
0.3315405345351163
0.34294698346330654
0.3400720006379803
0.9998177240570068
0.3422067088412985
0.34430747330960854
0.9996583707702031
0.3382582356893155
0.9993339633167488
0.3365604617013284
0.32851459565289154
0.33354767852773304
0.9982645704954225
0.3416742053128965
0.9988109731814717
0.3426577007099945
0.33371827764914697
0.3432858743693153
0.32714150025878297
0.9991639747031257
0.3323267135285152
0.998777325356566
0.9978391042518467
0.33936085522574777
0.33673625992599204
0.9969990280943261
0.998743961352657
0.9972436604189636
0.9999090733437141
0.9968806286470792
0.340542045138238
0.34046988786766796
0.9989094131279395
0.9983131804783297
0.9981144612868234
0.9970070592511401
0.9040689917507395
0.9370441633037625
0.8538746348422745
0.9126870527000651
0.8719344510387432
0.8908260454717397
0.9481418966438799
0.8410692806636915
0.41695170376361296
0.8484317917810064
0.8482983081282792
0.9247887418779248
0.8541922531222486
0.8591640087668653
0.8646351296868701
0.8997102130325815
0.9401944505012216
0.9301544548258751
0.9559965150178159
0.9582998392282959
0.8368257047455
0.8341481089216534
0.8462636149789853
0.8893982265395242
0.370221507184092
0.9999332015920287
0.495171139277146
0.9478614685844058
0.9629006650456872
0.6205957258332411
0.9187845915430596
0.8524190067185408
0.95103610457878
0.9999834007447532
0.9402401671882084
0.8268381763831563
0.5925876880803801
0.941196915030949
0.9653058972803001
0.17017602895017017
0.9239918609973036
0.3851271648899227
0.19704007361246564
0.0002423321161652044
0.00034696788619453334
0.0006278120749189076
0.0011618686813065792
0.0014206187951170358
0.0015582327548233636
0.0015692363600323758
0.001750869929084262
0.0017618719889883
0.0017893815346837199
0.0022019883955211555
0.002290004899289328
0.002301001871628317
0.002477046040029064
0.003923575571477311
0.004000374175301129
0.005363567349902631
0.005478969777650644
0.01316740396828873
0.07025571416060951
0.014558669797327992
0.01460237534891358
0.01464060729786384
0.014667892639782827
0.014700650747346932
0.01474435456505796
0.01476069288235777
0.015284846494828435
0.015328459164240527
0.015579597130333427
0.016010768691997898
0.016065311839959726
0.016087111159749392
0.01610891024097704
0.01613070908364659
0.016157979404458355
0.016179777740083934
0.017140825035561878
0.01723902113435057
0.017435403662145972
0.166294655068658
0.01747897872433544
0.017517082163977835
0.017663920526033633
0.01771286343371352
0.017729177379298272
0.017827252338493516
0.017876385994278245
0.017909108811237775
0.017941831270205072
0.017958143249422912
0.017979925060853868
0.018007176614738316
0.019589516547784975
0.01999825104117705
0.02002546907365809
0.02009083505949095
0.020396117523609654
0.021071959429920434
0.021501674781021697
0.02193047155430988
0.02213687494195353
0.022546781294036682
0.02342764462065237
0.023460282440830503
0.02351463521188292
0.023558193762594132
0.02359083015694455
0.023634387815839628
0.023688737201365186
0.023748546090964193
0.02406691563475944
0.024436716220716612
0.024518207129988534
0.025328755233608637
0.026554033037015208
0.026619227180206383
0.02668441990035634
0.026706101913191525
0.027025699787199216
0.02771094197561175
0.027748982464563577
0.02777611068979251
0.027852189711330196
0.02787931692945605
0.028591691443223044
0.028873008946105172
0.02902993541630302
0.029765767731028278
0.030042590784902904
0.030537015224883304
0.03082468155644739
0.03086796732717537
0.03088960985850214
0.03108522947235263
0.031112322791712103
0.031514094106101086
0.032898394322901335
0.03293091701866739
0.034211415430558126
0.034243925299852325
0.03430875701596643
0.03432491785233583
0.03525117140677781
0.03546794808930731
0.035511146947937326
0.03555979297194225
0.03558139154785318
0.03560298988842399
0.03651388540860906
0.03655181805801443
0.03660044558958911
0.9999891054483653
0.03667610850855213
0.03672453331735509
0.036751568764162454
0.03679474469730808
0.036821779319886484
0.03822443444828075
0.038251455395992964
0.03830570501230749
0.043707434887617226
0.04372351594075186
0.043734157247141504
0.0437715199547435
0.043782160768485984
0.04379280146646867
0.04380344204869346
0.044035659311072554
0.04407893305484847
0.04481995333634272
0.04481970957741883
0.04528966788664531
0.04537074802186149
0.045543036129902334
0.04567799190847
0.04579662860250136
0.04676159253641272
0.046907110004458026
0.04700394689630427
0.047213916825224245
0.04796251705376216
0.048296628040959196
0.04865787314061489
0.04870108695652174
0.04873343079657176
0.048814421503997216
0.04884676420077824
0.04935084696944171
0.04914843435825535
0.04918077330652392
0.04921854621337275
0.049347628803234414
0.04947127036397031
0.04962723874108851
0.04965957192460048
0.04968103719964789
0.050034772781605195
0.05079018422239245
0.05084939127411407
0.05087627801862295
0.05090316447100367
0.050930050631261
0.05095693649939971
0.05098382207542455
0.05101070735934028
0.0510699094420391
0.05109679382014537
0.051129110238316414
0.05115599400273788
0.05120976065534587
0.05123664354354191
0.05126352613967233
0.05197979468795828
0.05199580687737289
0.0520172503693404
0.052038693628369534
0.05205470523697275
0.052398331595411886
0.05244121001466355
0.052640153798530445
0.05343092803657629
0.053463217566951195
0.05375952913580783
0.05462688998072695
0.0546645964081739
0.05470773139627681
0.05474000803483208
0.05477228432293335
0.05510618431338487
0.0557144795766047
0.05575760207571136
0.05578986793466756
0.05586525465589022
0.05590294740270314
0.055972599914239037
0.05599943550050479
0.056031394515729825
0.05606365713727427
0.05609049164667441
0.05611189813231726
0.0561761161950044
0.05619752175116558
0.056218927074965806
0.056465837733985336
0.05648181314923963
0.09885434248158861
0.056685588998274195
0.05676576253893827
0.05684624109318442
0.05686221305692733
0.056883611637208245
0.05692640810102403
0.0580818082676375
0.058264068230647365
0.05840928819444444
0.05845173960927285
0.0592545984150317
0.05928139814925308
0.05930819759274025
0.05942624062311852
0.05945846260658263
0.05949068424050118
0.05954970249556591
0.059581599943591385
0.059602972283994145
0.059618920546072866
0.059634868635150676
0.05964539276358252
0.05975127589068288
0.05977264591988372
0.05979943921077323
0.059815385282887885
0.05988524074495895
0.059955094691628526
0.05998188612118944
0.06000867726015511
0.06003546810853024
0.06006768189509306
0.06009447213289008
0.06016432115838282
0.06020195665849585
0.06022874558696725
0.06025011117257237
0.06027147652644537
0.06029284164859002
0.06035151271942431
0.060372876944101
0.06043696822788723
0.060458331525747255
0.06083462568729733
0.06088819000108448
0.06204899946327209
0.062344815621984406
0.06237700518814479
0.06240919440529112
0.062435962073283786
0.0625
0.06265517428308126
0.06267651826032276
0.06269786200615812
0.06271920552059108
0.06275139043984518
0.06282083945424091
0.06284218172356595
0.06343768970600988
0.06372796106296374
0.06377097515501019
0.06380314896615268
0.06386207569360512
0.06393149422795512
0.06394740692966815
0.06412347779903424
0.06558638213033845
0.06566693574164469
0.06572039981580302
0.06573629636050404
0.06576302773218048
0.06578975881422411
0.06580565472482108
0.06583780269787096
0.06585369817596741
0.06586959348184103
0.06660021992427238
0.06695229222636277
0.06793429696342791
0.06813283221592817
0.0681595407652108
0.06821837244187873
0.06824508009401163
0.06827178745687998
0.0682930791725333
0.06831437065758336
0.06838907421045791
0.06841036471448299
0.06843165498792414
0.0684637753361456
0.0685330589700547
0.0685543480026642
0.06870448084472722
0.06872576837271763
0.06945015917014964
0.06947685277923653
0.0694927183151968
0.06995301097854095
0.07021409045389342
0.07070132991247585
0.07076513380098727
0.07132187391756148
0.07138566116977231
0.07142857142857142
0.07164736443338024
0.07168485937406985
0.07254634589786046
0.07257300859815916
0.07258884896757715
0.07276505026675469
0.07313193828309277
0.07315859233411777
0.07318524609675081
0.07321189957099655
0.07323855275685968
0.0732652056543449
0.07328644847173384
0.07330769105928558
0.07362328248404197
0.07428481796595685
0.07432688251138539
0.07434270662620952
0.07437435434233514
0.07445847643256984
0.0744901215271205
0.0746641573106626
0.07570727170480598
0.07572308407728037
0.07573889627875288
0.07576552268585858
0.07579755596409646
0.07600056232630065
0.07607543742024786
0.07678209390965858
0.07682992101293744
0.07686735002811297
0.07689937232725484
0.07695260338107054
0.07699003092359925
0.07701123947819412
0.07738548947741143
0.07741750637893006
0.07747072751451461
0.07749733765075384
0.0775293532553463
0.07757758569428452
0.07761500621655225
0.07772185974604444
0.0777430619371439
0.07875564779384742
0.07885663020450516
0.0789467995417108
0.07937142671868752
0.0794034206046851
0.07942460660556805
0.07947778534297355
0.07954177023667999
0.07956295491756772
0.0795841393695086
0.07963191112263865
0.07965309485856321
0.07993559333023548
0.0813643189749241
0.08144446845289542
0.08151337219038153
0.08153453901168946
0.0815557056043214
0.08157687196828106
0.08159803810357215
0.08162460567823344
0.08164577132702062
0.08166693674715066
0.0817092669014541
0.08173043163563493
0.08175159614117342
0.08179392446633826
0.081815088285972
0.08183625187697825
0.08186281658645667
0.08274201039000313
0.0828005184145156
0.08308763972136725
0.08415392588753563
0.08417506599795933
0.08419620588012999
0.08428661660467401
0.08438782120492334
0.08518700442074241
0.08711136052145949
0.08719135802469136
0.08740436185481347
0.08758005600548184
0.08866460967505287
0.0891016478330052
0.08923264456346446
0.08928561797146786
0.08929592354076998
0.08984813184916732
0.08997023103306943
0.08998592453176148
0.09000161786118752
0.09001731102135026
0.09007026796740601
0.09012910253783017
0.09048602535550007
0.0907831094670887
0.999983823656285
0.09083507228090609
0.09103114351033084
0.09121200847580997
0.09171779471862498
0.09198289943986501
0.09241310160427807
0.09246062121979882
0.09248707595939776
0.09250813981068202
0.09252920343487378
0.09255565737696081
0.09261395489240588
0.09263501749203559
0.09342273342208664
0.09347562454523406
0.09350206967919972
0.09352312476756658
0.09354417962897088
0.09356523426341631
0.09358628867090654
0.09365972491700082
0.09407535944471988
0.09409101931937595
0.09410667902525247
0.09451551369235578
0.09551415363727465
0.09566885226470699
0.09564088335281853
0.09568295324142166
0.09572015041968818
0.09574118471028742
0.09576760624084131
0.09579941492427957
0.0958679021657149
0.0962021225017508
0.09727735437481486
0.09729837450044704
0.09778979341246419
0.09782696502140723
0.09797997748948523
0.09819010129186165
0.0982111124274375
0.09824236419247835
0.0982633747071969
0.09834255928662201
0.09836356880926611
0.09846428879124666
0.09849606651122969
0.0985170746416533
0.09858009767549551
0.09862211190023638
0.0986431186732716
0.0986641252200882
0.09868513154068985
0.098737912170748
0.09875891775474492
0.09877992311254213
0.09880092824414329
0.09885909039514562
0.09889086308081624
0.09891725129353743
0.09894363922210497
0.09898079501219492
0.09901795040218808
0.09904433736237112
0.09907072403842013
0.09910249438722495
0.0991288804660328
0.09915526626072069
0.0991816517712932
0.09920803699775493
0.09930819133758648
0.09977658744044575
0.10002637656038886
0.10008451174282593
0.10048766309262369
0.10109202856819931
0.10112377692382213
0.10116628902654963
0.10164301436359428
0.10166399380038532
0.10168497301137128
0.1026493629476584
0.1027918713447146
0.1028182199696549
0.10283918800406751
0.10379312385348245
0.10408284023668639
0.10410379718237127
0.10413551225914729
0.10415646869604041
0.10425699009176681
0.10433599234033855
0.10435694690979506
0.10437790125382576
0.10439347648349757
0.10558725617265692
0.10563452240740442
0.10567640969103767
0.10569735299495553
0.10573923892701186
0.1057601815551576
0.10582838581999655
0.10584932751824386
0.1065776950913285
0.10660938390562325
0.10684080070112427
0.11012891542309945
0.11014981836940868
0.11017072109106738
0.11019162358807914
0.11033374709160178
0.11035464803868887
0.11039107586162428
0.11042809626927025
0.11056005416239045
0.11129557396602302
0.11196527475597243
0.11199690568794722
0.11202316423939962
0.11209656624693799
0.11211745177354111
0.11216996588864118
0.11219085068437225
0.112211735255725
0.11223799138366335
0.11225887547741446
0.11228513107004727
0.9999462830560644
0.11232689807801807
0.11238477901205389
0.11240566164424032
0.11246830819474883
0.11251544287479186
0.9999785143765678
0.11256794791912855
0.11259420001826258
0.11325406032482599
0.11329104746150499
0.11341629117234786
0.1134634078227292
0.11350039204734642
0.11357911978733116
0.11359999140736604
0.1136262331706112
0.11448024786154978
0.11459054860205008
0.11461141120501724
0.1146322735839432
0.11465313573883161
0.9963811886238315
0.1151998024256546
0.1152260281327177
0.11582750420073332
0.11584298736297362
0.11587395318874812
0.11588943585228767
0.115904918349599
0.11593588284554766
0.11596684667661553
0.11598232834282586
0.11663544579645424
0.1166562895849883
0.11668786800422953
0.11670871128763888
0.11673492171691419
0.11675576452402421
0.11677660710739454
0.11680818403340597
0.11685523519182464
0.11690228534011743
0.11692312646589988
0.11694396736796908
0.11769756683946722
0.11772376746107983
0.11775533422058129
0.11777616786068851
0.11779700127719403
0.11782320080280337
0.11787496646096056
0.1187772972624937
0.11889342569093826
0.11992082522006405
0.11994163841565464
0.12005106501670877
0.12007724078742692
0.12009805236253628
0.12020747066017293
0.12022828086699529
0.12029607380390474
0.12035850098957858
0.12037930960502885
0.1204001179972646
0.12042092616628944
0.1204470975666007
0.12049407612805646
0.12053569034223469
0.12160271086113807
0.12163422872768216
0.12166038464219268
0.12168654027622887
0.12229263166924001
0.12233486481994757
0.12236101431405136
0.12277400748340891
0.12280015224045415
0.9967516107936576
0.12306826405081611
0.1230890456484916
0.12310982702337624
0.12313596843876971
0.12316210957391495
0.12321439100347875
0.12323517114953741
0.12326131119246582
0.12330287031329563
0.12334442854309711
0.12336520732387118
0.12338598588189892
0.12342284397277162
0.12360110625160792
0.12370095241157901
0.12373780683888948
0.12384234446683531
0.12456994030074704
0.12461214449928458
0.12466506612934342
0.12528265086322377
0.1253509655571511
0.12537708501894132
0.12550767812938693
0.12585055882384458
0.12588738929399979
0.12651880424300868
0.1269439072602894
0.1269646549599837
0.12702689672535986
0.12706303333529748
0.12710452590247534
0.12711991514982698
0.1271406609064564
0.1271614064408305
0.12777581386380435
0.12802275198303242
0.12804884580365272
0.12807493934476277
0.1280903209220618
0.12813179515194362
0.12815253193369575
0.12818397994815656
0.12821007192703396
0.12823080795638342
0.1282515437636234
0.12829301471178925
0.12909461869239955
0.1291367676984042
0.9999946450182605
0.1292357451912779
0.1307327048570404
0.13110841142502394
0.13116587728452545
0.13119728561030955
0.13122869359991865
0.13124404628113326
0.1312647504267924
0.1312854543508509
0.13130615805331236
0.1319992509162899
0.13202529749165312
0.999994649487956
0.1321087860288177
0.13213483146067415
0.1321715774661452
0.1322029726808702
0.1322290171907353
0.13286541198121182
0.133561204185121
0.13359258407373134
0.13364927895930506
0.13369598938776384
0.13468850775722377
0.13472522300896314
0.1348032793022124
0.13481325404295372
0.13483392426454466
0.1352533527260283
0.13534280855978698
0.13542084409438715
0.13543616122512273
0.13545682524235506
0.13585059001545216
0.13587659733732557
0.1358919109666312
0.1359585104392226
0.13597916978549585
0.13599448237514503
0.13600444829392958
0.13604503825364492
0.1360603500817998
0.13607566174622948
0.13652596014027885
0.13657334395398193
0.13663603462009313
0.13728278125517823
0.13755946335988029
0.13809358381657358
0.13812491315083428
0.13815624215021352
0.13819291532163241
0.13824488268932714
0.13827086595657123
0.1456175054517923
0.14582989000911703
0.14617164425773294
0.14621351459416235
0.9999946691117674
0.14663517922255154
0.1466709312863159
0.14812347442361193
0.1486871765903362
0.1487023714361844
0.14874874768187923
0.14877459992646
0.14880045189550983
0.14883163251711917
0.14900351699882766
0.14902936678372172
0.14913865221584582
0.14924204076195552
0.14940458747369262
0.14942510363053185
0.14977783460665536
0.14999067685996645
0.15104349771485187
0.15119394478504733
0.9745765420262065
0.1515535624886825
0.15224649991213168
0.1527087825786013
0.1527345913021255
0.152755075419158
0.1528120158237452
0.15285830657913652
0.15288411368210328
0.15290992051026764
0.15293572706363404
0.15298733934599043
0.15303362650935962
0.15305943171714698
0.15308523665016238
0.15310039343878273
0.15312087397248605
0.15313603040999185
0.1531565105358987
0.15318231426517956
0.15320279392661684
0.15328020272680326
0.15330600511073253
0.1533576090544181
0.15344484311616963
0.1536688456870302
0.15389569947993464
0.15394196834927582
0.15396244091470426
0.15431208384119566
0.15434237629137593
0.1543726680966346
0.15529563269280913
0.15646298316086296
0.1568192458290773
0.15757669250123676
0.15762372866930507
0.15769652222943287
0.15785722264480131
0.15790341540736486
0.15791853278156615
0.15794428812306185
0.15796472415480522
0.1580100740929859
0.15802519041742905
0.15804030658106794
0.15805542258390512
0.15807053842594315
0.15811588498728818
0.15813100018615536
0.15814611522423624
0.15824491424012765
0.15861350123908488
0.15863392947357785
0.15865435749080004
0.15869521287344585
0.15874670296945462
0.1587671298438173
0.15882925376626553
0.15893222727393583
0.15896328753137362
0.15922855638801892
0.15927918922080547
0.15933344322091125
0.159377907749568
0.15940364533486462
0.15942406567522877
0.15944448579844533
0.1594649057045178
0.16059410782823183
0.16063046540679904
0.16068723188228604
0.16071827257359741
0.1607439971507397
0.1607750372102913
0.1608113926674853
0.16083711633939676
0.1608628397378311
0.16089387850566647
0.16091960132890365
0.16094532387867705
0.16097104615499105
0.161007399217554
0.16103312089045282
0.16105352681656301
0.16109433801798737
0.16113514835170675
0.1611661838573365
0.16121316494450824
0.1612335691543928
0.16125397314737056
0.16129563779971193
0.16151200922682796
0.1615421819940579
0.16158212509035247
0.16160252560416258
0.1616654442637414
0.161663725844512
0.16206880058671286
0.16254231073749542
0.163105042240051
0.16338153882117926
0.16339660934104758
0.1635729009499118
0.1638041405249765
0.1638298324461586
0.1641469944542422
0.16437555772744655
0.16444730090775336
0.16447298531880086
0.16485045458407682
0.165375445378419
0.16540111722350842
0.16632163407435718
0.16634198387379306
0.16635702531981528
0.16637206660615422
0.16638710773281243
0.16700101897847408
0.167139877619687
0.16719028615097223
0.1672468875043782
0.16769487839163993
0.16777266771696983
0.16812352148684057
0.16822692627972227
0.16824194592071626
0.1682967190334249
0.16963007729253474
0.17026588639399529
0.1704988763092058
0.9842157429148403
0.9841861204589417
0.17238492393613922
0.17246696268664624
0.17268218762915002
0.17270246642117254
0.1727227449983045
0.17282943292660313
0.17324757752194667
0.17359841923197136
0.17440542401610254
0.17459493530087872
0.17489288003093106
0.17622204337512706
0.1762475842533026
0.17627312486101257
0.17630395992947417
0.17636562908682737
0.17639116852861758
0.17641670769996454
0.17644224660087254
0.17646778523134593
0.17649332359138897
0.17651886168100595
0.17659547432734357
0.1766210113352993
0.1766465480728505
0.17667737887876495
0.17670291504748997
0.17675398657377014
0.1767795219313339
0.17683059183533012
0.17688166065784666
0.1769071946635608
0.17693272839891788
0.17695826186392224
0.17698379505857814
0.17700932798288987
0.17709121902412425
0.17711675083907719
0.17719334466201872
0.17721887539570783
0.17726993605217464
0.17732099562745493
0.17734652500966083
0.17744863983568981
0.1774996956270876
0.17752522311739732
0.1775965106369464
0.17840773163683324
0.17843854365694747
0.1787933315691982
0.17965149198050556
0.17997534221930608
0.18003693336649224
0.18006243716598763
0.18008264943833305
0.18012836454260212
0.18014857614527446
0.18018899870896737
0.18020920966999476
0.1812550256041305
0.18132187860384905
0.18135265956039887
0.1814248004358935
0.1814397105343899
0.1814863599574691
0.18236585301351388
0.18294179244983658
0.18296197965972616
0.18337440637989572
0.1834104550622703
0.183461398118426
0.1834868692424034
0.18351762833224924
0.1836324601017419
0.1837174992464743
0.1837376792588519
0.18496862295203303
0.18499407883606836
0.18501424772538633
0.18503970309906215
0.18506515820358965
0.18510549437768625
0.18515111625669411
0.1852846486892257
0.18585375909842955
0.185889778097282
0.1859257967153497
0.1864859151207653
0.18712711707665072
0.18748183571560675
0.18753269536637304
0.1875941220297069
0.1877849930518496
0.9814172945440712
0.18792797362414404
0.18851666552199617
0.18855693795070924
0.18857707384592626
0.18860249251137162
0.1886226279531719
0.188642763182224
0.18870316759292521
0.18872330197101847
0.18891178024300054
0.18914279073698445
0.18919361484095207
0.19077971113986217
0.19079454601142762
0.19162719972122344
0.19165258711721225
0.19170336110495137
0.19179861356760838
0.19181871937827336
0.19185893036270524
0.1921052492648495
0.19213063172454573
0.1923040375031675
0.19280714534570678
0.19284307877469792
0.19362721812289535
0.19364203037004588
0.19404040617281346
0.19408688125735576
0.19411752287864553
0.19436792164064892
0.19491628277583414
0.19528166487262288
0.19530701731243108
0.19536724356268467
0.19545512103497034
0.19547519429334206
0.1955258923154035
0.19560721332925324
0.19564311302687046
0.195679012345679
0.19571491128568488
0.19574553397136255
0.19666397632499327
0.1970524161431382
0.19706720118155924
0.19708726085419953
0.19747376193238753
0.19778081310417206
0.19786206241891763
0.1979728625143044
0.19799818592191026
0.198192307286668
0.1988421568782525
0.19886219841403746
0.19888751219255002
0.19891282570413252
0.1989328665503224
0.19978175147080532
0.19981760001686935
0.19987348111442052
0.20116899270565416
0.2011890142671171
0.20195930670685758
0.2019898609837586
0.20232800775651294
0.20234801899071014
0.20240384868715716
0.20250076403452383
0.20261768518225792
0.20267664260498447
0.2027166582363851
0.2027419346340487
0.20277141125951684
0.2028166936252944
0.20283670007060137
0.2028619750367494
0.2028872497365648
0.20298307727972012
0.2030283552680105
0.20308416926578438
0.20415193927485922
0.20431619812160576
0.20435091785403883
0.20460566859622972
0.20485094279995786
0.20523083729209898
0.20526282530621703
0.2056006361008283
0.20565639332522417
0.20612748840368345
0.20623789065790582
0.2063030762507963
0.2064848302983401
0.20650480121293802
0.20668035375868604
0.2067202914267064
0.20674025994535777
0.2067749322243571
0.2068400993851596
0.20689473656505467
0.2071762427100659
0.20721725994662848
0.2072477498815727
0.20766206493650033
0.20814191518136704
0.20815660685154977
0.20817129836710851
0.2081859897280458
0.20820594317829008
0.20865978079568115
0.2086944168205711
0.20870384206593914
0.99999473836521
0.20872269225912363
0.20923748651989796
0.20927846982577225
0.20933413292091446
0.20934881298691735
0.9647623205634662
0.20969438745989163
0.20971958487409986
0.2097447820232284
0.2098918034683905
0.20996212918156953
0.2099768042457172
0.21000615391088925
0.21027248486633462
0.21120050481148447
0.21122568635596384
0.2115267320068986
0.21154139390593368
0.21155605565078398
0.21209444645983502
0.22091224242551383
0.2209163283929639
0.2217020451173544
0.999533550664172
0.9885876578785068
0.25680153425450636
0.25682605324373226
0.2568557412471375
0.25703903192957606
0.2572270319162683
0.2572618826107631
0.2572915643719925
0.25842075344943416
0.2600138442623798
0.260205900128623
0.26035796379038717
0.2603824459183041
0.2604017624240045
0.2604262440727693
0.26044938016528923
0.2604686959261574
0.26049317672338096
0.260507326849274
0.26106043859558514
0.2610797494047588
0.2610990600144613
0.26112869988276066
0.2612021237036731
0.2615629325125493
0.26160806044299384
0.26265515603378836
0.2632146821197181
0.2632288106718429
0.26353255763532557
0.2635762956844931
0.2638207815000258
0.26491611058642595
0.26493022583708353
0.26494434094204955
0.26496877741652475
0.2649983743697457
0.26502281031315156
0.2650472460043453
0.2652196574448212
0.26526336431332276
0.2653070702796427
0.26534561498568
0.26536488704034344
0.26538415889610756
0.26540343055297544
0.26542270201095003
0.2660430221818613
0.2660674481961529
0.2660815545201719
0.26610082039110466
0.26670931594343467
0.26681593528483133
0.26695625706134535
0.2675786791294614
0.26783126253952044
0.26849053684699087
0.26875
0.26876924108270894
0.2688706001258212
0.2694401765367046
0.269469722358279
0.26950442368372207
0.10241960846991859
0.2695532022396601
0.2695724354116076
0.2695916683852341
0.27000010310660194
0.27001933238819437
0.27003340619458077
0.2709860316478532
0.27100009793259144
0.2716398064206897
0.271865675103202
0.27190550304579514
0.27202733414758584
0.2722386552196811
0.2722578650382623
0.2724180931867135
0.2724668150713167
0.27249117563702885
0.27251553595168654
0.2725834625828958
0.27262702825254675
0.2726705930242744
0.2727038516037614
0.27363355813270546
0.2736682122617208
0.27373236751810903
0.27383491494338147
0.2738592631898901
0.2739220029879965
0.27527207363113354
0.276112101018632
0.2761261284458475
0.27613500597371565
0.2761438834101501
0.2761896914861295
0.27620371800813637
0.2762125948164436
0.27661119235443143
0.2766355140186916
0.27791134059892203
0.2780291681466953
0.27806234073769015
0.27812868387050277
0.2782016040193141
0.2782259102350937
0.27825021620063417
0.27847208639166554
0.27850010294420424
0.27851411100416407
0.2785524209529398
0.2786061713462182
0.27862532555099184
0.2786444795585912
0.2786687803672898
0.2789506731996541
0.27900441589723
0.27906330416881114
0.2791030411577913
0.27946292560418295
0.27948207273831394
0.2795012196753708
0.27963441369301867
0.27969843557019347
0.28040648314895805
0.28042047635463674
0.2804344694163168
0.2804484623340005
0.28074643452491205
0.2807655699328583
0.2808141299706226
0.28089211298039823
0.28145945751307866
0.28148372959125934
0.2815271290714183
0.28179779442021236
0.2826395531829543
0.28272776363496105
0.28296812083125483
0.2836237614598705
0.2842754684969538
0.28476249228871064
0.2852420926012553
0.28526632876515157
0.28528542421672193
0.2853045194719743
0.28539778656207754
0.28545653615433253
0.28556228347023327
0.2855865163687952
0.28560560889857517
0.28562470123208034
0.28576788844170997
0.2858471897406903
0.28589051023607476
0.28610123147139244
0.2861357386991494
0.28618272274988693
0.2862590711921551
0.2862884367306872
0.2863075231017505
0.2864932368540065
0.28651232109360947
0.286560767163274
0.28661949031034645
0.28664371242098774
0.9997636079592173
0.28671123832820294
0.2867200427556862
0.28674940260541126
0.2868029825742432
0.2868323415451341
0.2868617002142868
0.28689105858170605
0.28694463571802964
0.2869739932066823
0.28719490262576436
0.28725875074507223
0.9435546443454446
0.2879521972121891
0.2880607903984874
0.2880952747935901
0.28817669452992944
0.2882009021691105
0.2884224153874607
0.2884502758741151
0.288464205902751
0.28848327305605787
0.2884972027720555
0.28851113234493314
0.28852506177469317
0.28853899106133774
0.288552920204869
0.2885719863147404
0.288585915145662
0.945884068088951
0.2915126688842347
0.2915317054140209
0.2915610081617987
0.29158004424801476
0.2916093464468308
0.29162838208949093
0.2919337867316823
0.29261570676328996
0.2926588930858926
0.2929188734244776
0.29293789804831233
0.2929569224768806
0.2933098645756893
0.9986041976702417
0.29333162283515074
0.2938792055127685
0.2942377646775129
0.2942619081823219
0.2943636102446232
0.29448582979334686
0.294530492466024
0.29457877374704367
0.2946475751714797
0.2947954341413364
0.2950238547170779
0.29503773129979327
0.29507212771633184
0.29510652377996544
0.2951599251032395
0.29527185427236213
0.29560038779373066
0.29577291402719574
0.2958950764511877
0.29596897872929734
0.2960033647237439
0.2960567483561236
0.2961532543468226
0.2962307601565345
0.2962600141557336
0.2962841389921785
0.2963221303025485
0.2967044801838024
0.2967475922336072
0.2973581383900643
0.2973925082685947
0.2974268777946425
0.2975109989847091
0.2975402396689553
0.2975782095261536
0.2976761834440889
0.2977002948339956
0.2978341571466661
0.2979100865498995
0.29796855932811717
0.29799266798266977
0.29808397294899996
0.2981475689726775
0.298161421642518
0.29834194659776053
0.29839528326070236
0.2984091340213585
0.2984916997344325
0.29852605675322347
0.2986839879216032
0.2987080898185174
0.2987562928709846
0.29887679617772356
0.29890089609777104
0.9995232480647972
0.2989885733912268
0.29903677084988695
0.299060869208608
0.29920392042279875
0.29931209120173874
0.29934643873183486
0.29952688745252215
0.29954585528878686
0.29960429331501737
0.29962838617083987
0.29966631983064834
0.2997057888855857
0.29975909789851357
0.29977806366958654
0.2998313711219202
0.2998708381171068
0.2999051792624484
0.29998257375402343
0.3000461278253293
0.30014401910687655
0.30036746429138844
0.30053247372224245
0.3006288083390133
0.30065801611217025
0.30071130607684976
0.3008829603513393
0.30091729015066104
0.30094649509841603
0.30103923256671994
0.30113091913441387
0.3011944474335521
0.3012134006989352
0.3012528502984807
0.3013404523514281
0.30141780376202215
0.30146595409990623
0.30150897958137984
0.3015315089128797
0.30198385047341886
0.3022004764710403
0.302269106036775
0.30237562182682604
0.30244937062292193
0.30250262557954866
0.3026710791897624
0.3027862730332416
0.3028154583828532
0.30288407356180524
0.3029183806240427
0.3029956867847593
0.30301462490075043
0.3032618940294226
0.3033888581555924
0.30340267070978183
0.30341648312247094
0.30344053966839285
0.3034645959678741
0.3035091403604923
0.3036033498092043
0.303759475517312
0.9997797593743117
0.30380758238493766
0.30389354967579363
0.30396058366496115
0.3047898027848763
0.304818968607569
0.30484813413154027
0.30487729935679464
0.3049683524857125
0.3050164381036266
0.30510036870135193
0.30512953129080655
0.30514845198226154
0.30517249325338097
0.30535770063854084
0.3055239792313128
0.3056508515192168
0.3056748882482757
0.30568868407578087
0.3058482586300472
0.30595547727784717
0.3059846301141222
0.3060275754022906
0.30617688467938053
0.306195795746598
0.3062147066201805
0.3062387368938401
0.3062627669214505
0.3063313042988568
0.30635888457147537
0.3064514477618053
0.30648571443198164
0.3065337694981545
0.30659206208630035
0.3066846179048243
0.3067240011262126
0.3067909576755329
0.3068201014594393
0.30690241205618574
0.3070276468209483
0.3070894758394758
0.3071717776651669
0.3071961999723597
0.307225338847713
0.3072442403861411
0.3073399191278088
0.3073792937539348
0.30740331265483284
0.30746670488396616
0.30749072296865004
0.30772026082238896
0.30774939477846075
0.30793088623661635
0.30811590939332834
0.3081450395353003
0.3082068393739956
0.30822061525391636
0.3082446264073695
0.30829776563187683
0.3083217760218625
0.999897650045034
0.30857683844224965
0.30859572900194976
0.3086831035647395
0.3087122278228386
0.30873111720637
0.30875000639657757
0.3089341452182367
0.30896838270284654
0.3090899787653184
0.309223755506777
0.309340223592315
0.30936422336604485
0.30938822289418616
0.30943622121371817
0.30959361074017794
0.31013649013669475
0.310824428496161
0.31157871047597613
0.31159246093650106
0.31184214564089974
0.31252620920313795
0.31298291546710166
0.313138544297972
0.3131573968490972
0.3145084607126425
0.3150740950891237
0.3150878197395056
0.3151836100433467
0.31522699756323086
0.3152458212432057
0.9999897830951092
0.3152920742765191
0.3153057888391671
0.3153195032616969
0.31562064227447095
0.3158413565901371
0.31586528148080045
0.31589431371847976
0.3159507635732162
0.3160754871166271
0.3168642951251647
0.31728613810323786
0.3172998366013072
0.31730842877640536
0.3173221270207616
0.31733071899429643
0.3177425036888029
0.3178281513248583
0.3178469502887104
0.3178966177409062
0.31794280113131645
0.31797180912706313
0.3179906064937717
0.3180196139492855
0.3180384108800196
0.3180674177953166
0.31808621429009004
0.3181101156290681
0.3186349830266214
0.3186588802221587
0.3186776724503183
0.3186964644866206
0.31871525633106856
0.31943997835862414
0.32017658016280076
0.3204684629516228
0.32051622253294004
0.3205401019580227
0.32116728738329675
0.32119625939360547
0.3213105052648763
0.32153369757630484
0.3215712281596735
0.3217024011753363
0.32171606386777535
0.3217348276548097
0.3217723546545735
0.3227739638693093
0.3234296671409411
0.3234586159416594
0.32348756444711896
0.32390990632664823
0.32393885002141676
0.3239677934210057
0.32399163734638725
0.32467585440343444
0.32524469820554647
0.32582499923540387
0.3258539221033423
0.3258777474207886
0.3258913780360374
0.32611931169466646
0.3261431345664728
0.32617205419125966
0.32623332670734007
0.3262520514989959
0.32651573840006526
0.32660591604998673
0.3266297340135465
0.32665355173433086
0.32675391656219105
0.32682203411424754
0.3268305609915199
0.3268492801630781
0.3269071024884445
0.32719314336961397
0.3272407643312102
0.3273530490787543
0.3273768578955146
0.3273955711359537
0.32744318760827473
0.3274619002247008
0.32748061265043665
0.3274993248854853
0.3275843621189502
0.3278070452530646
0.32782065978856195
0.3278444639181561
0.3288030604811802
0.32888463262561635
0.3289084268489606
0.3289696204079138
0.32898831991116406
0.3293638262109713
0.3293774289337904
0.32939612493123893
0.3295405928491392
0.32955928715856597
0.32967648616713524
0.3296951794036008
0.3297138724496552
0.3297325653053013
0.3297801363897957
0.3298039215686275
0.329841305410691
0.32987868849119445
0.32990247256245064
0.3299211636008067
0.32995854510638734
0.3299772355736177
0.3299959258504787
0.33001461593697323
0.33005708814797086
0.33007577763744883
0.3301131560453439
0.33013184496376685
0.3301505336918439
0.330169222229578
0.33018791057697205
0.33021169113565646
0.33023037907644676
0.3302541591766689
0.3303068109484405
0.33036287160476224
0.3304002444240758
0.33251207704877145
0.33262578136135035
0.3326495395845317
0.33282602056398247
0.33284468673171774
0.3329040796070547
0.33291765496319975
0.33293123018115
0.3339372410915124
0.3343392193781487
0.33437313941713187
0.33455120931013604
0.3347241798669876
0.33496496735883907
0.33504464853588417
0.3350972081592779
0.335934678096304
0.33596349317786395
0.3360109478653697
0.33685490188099576
0.3368887939409661
0.33712254146512655
0.33714117144426586
0.3381997732045786
0.3382285638736054
0.3382522692024103
0.33825189403569433
0.3384652931725274
0.33848899464604404
0.3385651820215579
0.33894272321473967
0.33897150410534077
0.33902398104699105
0.33904767714974227
0.3390713730115557
0.33910015251652265
0.33913401558710937
0.33933373663635114
0.3393574297188755
0.3403880070546737
0.3407535029807736
0.34077718258606843
0.3408008619506716
0.34085665206387283
0.3411660678622428
0.34128952262864226
0.34171747967479676
0.3425781507994168
0.3427455204052084
0.3428925590445177
0.3429060575887505
0.34307500050799583
0.3436549177371755
0.343673490120384
0.3436869828466356
0.34380349152008616
0.3443408923537926
0.344383103856331
0.344411827443651
0.3444354719932554
0.3444591163026917
0.34448276037196357
0.34450640420107465
0.34452496914724506
0.34456717706508216
0.344669463036126
0.34473197781885395
0.34475561762092166
0.3447927404571237
0.3460292639338769
0.3460478151162377
0.34607144307704807
0.3473650548714252
0.3475116107910565
0.34758576583984285
0.34763122899980714
0.3476700689767184
0.3476987575117752
0.34774929324407317
0.3477678299531031
0.3477812910789782
0.348215101348951
0.34843286914863386
0.34845140041309525
0.3484699314894697
0.34851206788055944
0.35089054264509684
0.3509275651984234
0.3509460761933749
0.3509645870005225
0.35100997291182645
0.35102848301925077
0.3510571382193004
0.3512171367991762
0.35139563076017877
0.35140906508683656
0.3541885281220693
0.35420700982429815
0.3542204220675531
0.35425738458652906
0.3545721816707218
0.3546225473051403
0.3549391007283583
0.35494743884760815
0.3549608454345016
0.35496918335901384
0.35497752119900455
0.35500760263558034
0.35501594011180887
0.3550376831573772
0.3550963726578378
0.35513005047945345
0.35557436284670313
0.35561636893449894
0.35567177491283547
0.35569024319790804
0.35573224683399973
0.35574564693004684
0.3557641144664096
0.3558969889225593
0.3559592581331712
0.3559878585798187
0.35603492396487335
0.35614425352298235
0.3561913158921505
0.9999695971624019
0.3562434444213609
0.35626190765738375
0.356285437768871
0.35630896764190234
0.3563375642877049
0.35641828555214383
0.35643674724740193
0.3564450749898662
0.3566246136697573
0.35664307319717686
0.35671690943635215
0.3567404345006485
0.3567588928801228
0.35678241749333767
0.3568243996352214
0.35685624829011764
0.3568696392293156
0.9999594698658453
0.35690655318286596
0.35696698887470363
0.35698544498426965
0.3569988347940625
0.3570172905552938
0.35707772272713456
0.3571095665565665
0.35714140974072683
0.35717831813576495
0.35719677205282646
0.3572101599781157
0.35722354776776444
0.3572420011752548
0.3572604543957853
0.3572789074293588
0.3572922945994823
0.3573208785864808
0.35769244406623407
0.3577445383769875
0.35776805251641136
0.3577865012029885
0.3578100148916556
0.35793770988345297
0.3582032100728825
0.35822671974554554
0.3582939972853062
0.3583073767378257
0.35832075605482006
0.3587225702550909
0.35876126810493264
0.35877464410693755
0.3587981485045224
0.35882165266404337
0.3588451565855042
0.3588686602689084
0.3588921637142597
0.3589492981141248
0.3589728007940487
0.35899630323593457
0.3590769371002618
0.3591188758070642
0.35917094142609013
0.3591944419125168
0.35923819747922564
0.35931557972665723
0.35937270549870115
0.359438137386954
0.35957081588528084
0.35963624211368445
0.35969153961832334
0.35972009843137653
0.3597435936384488
0.359795646604321
0.3598242043118551
0.3598476985159719
0.3599601028819086
0.360035643584408
0.36006926161448416
0.3600876904305033
0.3602019066713245
0.36028067901640837
0.3602991059223783
0.360364510821415
0.36048012716991257
0.36050361460421604
0.3605271018007118
0.36057407548029463
0.36062934726483004
0.3606528331114362
0.3607099285717902
0.3607334136538053
0.36078038310452354
0.3608139917487155
0.3609617818273855
0.36097007861261143
0.3609986231473232
0.361050649442684
0.3611915367483296
0.3613494293017488
0.36152390014779423
0.9987650321901446
0.3616698215388353
0.36179732061968894
0.3620140797311591
0.362463248131411
0.36253042593782736
0.36290816352347655
0.3638102176486659
0.36482501530072886
0.36485351839113017
0.36492890995260663
0.3650245308785595
0.36504797406315276
0.36508659059642307
0.3651183021940783
0.3651366866449182
0.3651550709097898
0.36517345498869597
0.36541106975238713
0.3654579477064684
0.3654813863278899
0.4865980215645419
0.3655232055347362
0.3655618153681208
0.36559031026373684
0.3656656788275395
0.3656941726214859
0.3657226661272378
0.3657511593447995
0.3658936211099087
0.3659689808798022
0.3659974715549937
0.3660696225575468
0.3660930554782987
0.36611648816205994
0.36613992060883416
0.3662102165272707
0.36625707928802587
0.3663039411009193
0.36631725853673336
0.3663356323698954
0.36635400601724266
0.36638384369564336
0.3664022167275963
0.3664655943935724
0.3666397006775205
0.3666631273984862
0.9999898878563267
0.36670998012973816
0.3667334061400315
0.3667701455108046
0.36679357086158343
0.36681194005703077
0.3668353649596287
0.3668955266138165
0.3669138948294429
0.3669322628593385
0.36695568644303445
0.3669740540759166
0.3670158444473655
0.36705763397371083
0.3671177889111894
0.3671412104911933
0.36716463183438236
0.3673134086910804
0.3673551922513068
0.3674823955231803
0.9993782477707908
0.36776711200076834
0.3677854723752717
0.3678456071535083
0.367915849491498
0.3679493724631894
0.36796773117399084
0.36813667264777983
0.36827713784615695
0.36830054788427713
0.3683423130186905
0.36837077657880773
0.36839923985120493
0.3686479438416326
0.36875991792757007
0.3688067274454709
0.36882507820514765
0.36888704713486525
0.3689003436426117
0.36890858647368874
0.36892188273819754
0.3689484748640618
0.36896177072542136
0.3693824340848686
0.36940583203221716
0.36941912403743155
0.3694324159083215
0.3694741575758801
0.3695209511249893
0.3701012958799606
0.37012468676744
0.37017464976583697
0.37018793573810244
0.3702163776074689
0.37023976720453466
0.3702764418219294
0.3702947788527116
0.37031311569822073
0.3704268754736044
0.3704452111886275
0.37046859844810864
0.37048693376710634
0.37052360384935973
0.37054193861262097
0.37062032733885636
0.3706620462513008
0.3706803796669075
0.3707088157442767
0.37073725153436216
0.370765687037168
0.3707941222526987
0.3708276085023842
0.3708560431178619
0.3709179627319153
0.3709413452407411
0.3709780072130684
0.37100138906427577
0.37102477067927425
0.37104815205806735
0.3710664821343786
0.37113157323177476
0.37116130596411834
0.37117458393312625
0.3712213428154374
0.37135843872479696
0.3713818165288672
0.3714051940967908
0.3714487739589384
0.37159913333771044
0.37189160252913966
0.3719149752794009
0.37193834779359036
0.37195666994924625
0.371969941822883
0.37225731844647447
0.37267159152305307
0.37269495667629415
0.37275316072222
0.3728333476388349
0.37301895842274
0.3730423192269244
0.37307072859184015
0.37308904012763294
0.37315595496541626
0.37318941187755905
0.9257492225049477
0.3732594888778941
0.37329294459169504
0.3733163028332559
0.3733895395799677
0.3734128967442612
0.3734362536727214
0.3734596103653519
0.37352463071595166
0.3735429382039205
0.373584600861229
0.3736029077691958
0.37363447287119117
0.3737360989818119
0.37389640742442065
0.37401821228824683
0.3740365152517049
0.3741217089323211
0.37414505862815667
0.3741684080882724
0.37424855009918384
0.37427189856550136
0.37430029426758665
0.3743469899707754
0.37438863736163897
0.37441198441380147
0.37443028391167194
0.37446688235323805
0.37461894090808145
0.3746788805612335
0.37469213065773005
0.3747186304494847
0.3747369271067281
0.37481200351263233
0.37488707764515883
0.37491041958959553
0.3750056775456853
0.3750340651021953
0.37506245237218083
0.3750807460939077
0.3751040862363931
0.375155812369105
0.37519239794708237
0.3752106904591286
0.37524727492935
0.3752655668875308
0.3753355806301851
0.37537216273225477
0.375390453506386
0.37542703450085535
0.37545037089367717
0.37549704297277114
0.37559227955090196
0.37560552236395933
0.3756219156515859
0.3756584922797457
0.37570515990352304
0.37572849336219555
0.37575687240140476
0.3757751595731261
0.37590380899040815
0.37604064704279644
0.3761024440452885
0.37613901250264886
0.3761572964545734
0.37639057762261047
0.3764239947530397
0.3765683410772933
0.3766981964938832
0.3767265646282526
0.3767498877549476
0.37681795481029706
0.3768494650234825
0.37687278670661944
0.3768910636365929
0.3769326614103321
0.3769774011299435
0.3769956769790306
0.37701395264373844
0.3770271838097688
0.37707696498290005
0.3770952397766423
0.3771784253295065
0.3772219195771039
0.37725532526620026
0.37727864254945676
0.3773252764102978
0.3773485929878895
0.37738199719557347
0.37743871683647734
0.37776197465111233
0.37780859916782245
0.37791193217637775
0.37793019971757114
0.37794846707450536
0.37794656095863466
0.3779900445323099
0.3780083113110488
0.3780731969317202
0.3780914629226176
0.3781279943517071
0.37814625978990474
0.3781746111794727
0.37819287619835296
0.37821114103301157
0.37835098335854767
0.3783843752679008
0.37856263993384026
0.3786558554197426
0.3787125467692649
0.3787408920152283
0.3787692369753323
0.37882592603797943
0.37885931252174526
0.37915282182635923
0.37918116270861696
0.3792044612289556
0.3792328015650525
0.3794412596614887
0.3795514817839893
0.37963649197106053
0.379674911518256
0.37971645794260594
0.37984996370089535
0.3798732562653451
0.3801131265060848
0.3801364165696224
0.38015466516101715
0.3801678723565145
0.38018107941885204
0.3802761520197208
0.3810145468108915
0.381227917197998
0.38165653633312163
0.3824065955109405
0.38243994376105506
0.3824915214093862
0.38251479021578094
0.38253805878766195
0.3825845952278969
0.38260786309625794
0.3826311307301194
0.38288587898577015
0.38295256427052576
0.38317587483939236
0.3833425706655918
0.3837720734564325
0.38406508980075066
0.3841166365234739
0.3841398905782426
0.3842247646107576
0.38435110273744877
0.3843743545567663
0.38440264372216737
0.3844258950475797
0.3844441086091381
0.38453207330465355
0.38460182251394087
0.3847149671823132
0.3847533270871742
0.3848199713888497
0.3848331444402468
0.38485135448253627
0.3848827369439072
0.3849009464612223
0.3849908327121069
0.385009041318068
0.38508071624650564
0.3851039609944796
0.38512720550829316
0.38515044978794993
0.3851736938334534
0.3852333511297358
0.3852565942893983
0.3853332997557229
0.38540302596853154
0.3854727500742882
0.3855010274386559
0.38560406132275027
0.38565557670806516
0.3857485319446823
0.3858000443182047
0.3858232820486994
0.38584651954513866
0.38587982897460305
0.38592630269578837
0.38594953920531805
0.38599097556553796
0.38603744699708925
0.38613233153889925
0.3862535375814525
0.3863100753333602
0.386333308155198
0.38636157634475743
0.38637977309692983
0.38639796966584083
0.38641616605149326
0.38646262922287516
0.3864858604576217
0.3865040560342006
0.38652728682638954
0.38673635342869944
0.3867928803403741
0.38683430090580895
0.38703521889081893
0.38708166974629565
0.3871048948232285
0.3871281196662958
0.3872845174802642
0.3875794158217461
0.3876127044538082
0.38783872900169647
0.38788516428474346
0.38793663258679795
0.9999848982139621
0.3879962145237448
0.38807397638152
0.3880921579188459
0.38811033927313
0.38812852044437507
0.38815173510787165
0.38817998318760916
0.3882082309829662
0.3882496249987416
0.38850999360771504
0.38855138187729954
0.3886925972901693
0.3887158064272592
0.38873901533072286
0.3888187066219066
0.38886008928436616
0.3889831148242281
0.3889962555864235
0.3892020291488848
0.38922020080018116
0.389276673695441
0.3893694863394578
0.3896629982437866
0.3897608276681075
0.3902448841995099
0.3903245283018868
0.39035582031878924
0.39036895040578
0.39042846505262735
0.3904617195872347
0.39047988005514245
0.3904930091215995
0.3907137502704171
0.3907419705385173
0.39077019052266704
0.3907933792825879
0.3908447869921317
0.3908679750267893
0.39088613198909317
0.3908992579549742
0.3909224453656377
0.39094563254300047
0.3910515036572728
0.39109284449452675
0.39112915396456494
0.39114730842560125
0.39116546270398617
0.3911836167997223
0.39120177071281254
0.3912199244432595
0.39151429793013254
0.3915707193408683
0.39163019968814444
0.3916584092429493
0.3919214577790296
0.39193457530278036
0.3921038072725444
0.39212698221102343
0.3921683020424175
0.39219147630686907
0.3922146503382201
0.39223279486612084
0.39225093921151494
0.3922690833744053
0.3922872273547946
0.3923335730558587
0.39235171643817707
0.39236985963800586
0.39239303172336104
0.3924111745329277
0.3924293171600133
0.39244745960462063
0.3924656018667525
0.39250296703075654
0.3925211085575777
0.39255739106384047
0.3925755320432876
0.39259367284028224
0.9999044544348228
0.39268634875616637
0.3927377139035416
0.3928988072490295
0.3929169453258175
0.392968306087866
0.39301463748221227
0.3930327745205507
0.3930559396605908
0.3930791045676703
0.393135490099458
0.393274471551256
0.3932976343112854
0.39372046254399196
0.39396407402379985
0.39397214820773213
0.3939852496845323
0.39402150688994686
0.39403963521924046
0.39405776336626197
0.39408594582637896
0.3941040735583183
0.3948389561301218
0.39485707679703247
0.3948751972817837
0.3948983438465985
0.3949315426526468
0.3950140731805388
0.3950271661280351
0.3950402589439189
0.3954719067242939
0.3956952394353457
0.39572340318608973
0.9923112100547261
0.39586222838650026
0.39588536510600664
0.3959497487437186
0.39597089476487674
0.39599905529062374
0.39601716548411087
0.3960352754955906
0.39605338532506557
0.3960765199214098
0.39609965428525484
0.3961278133149757
0.3963369595256639
0.3963882482401001
0.396426453888593
0.3964445605695939
0.3964727163099186
0.396490822576512
0.39652902694174513
0.39658031192218024
0.396913121244398
0.3969312238428031
0.3970599317735364
0.3971061820191414
0.3971293067934045
0.39715243133531275
0.39721175584024115
0.3972479553081607
0.39727107855696725
0.39730727688327344
0.3973253757736516
0.9999598105065384
0.39736157300887176
0.3973846949899276
0.3974309382551077
0.397454059539239
0.3974952779005747
0.39753147197411914
0.397567665320393
0.39760385793941827
0.3976219539762195
0.39768628751117674
0.3977224778476562
0.3977405727432099
0.3977948563391601
0.39781295050758236
0.3978491382991014
0.39796169513830637
0.39797978783251625
0.9925562799481652
0.39813959095109897
0.3981657274307125
0.3981888407274773
0.39844507279932095
0.3984732057656572
0.3984912938009452
0.39859978303668286
0.39854253614781554
0.39856564581094245
0.3985937774652839
0.39865305999457606
0.3987274069535609
0.39876055885336625
0.3988449466415568
0.39886805339332887
0.3988861379923366
0.3989042224097063
0.3989323503859307
0.39896549992467234
0.39899362731066484
0.39904485946578416
0.39914531631331035
0.39919152355127047
0.3992658541851835
0.39934018257961496
0.39938638600437865
0.39940948736875403
0.39946573203247787
0.3994918479761791
0.3995149482310172
0.399946778866189
0.39996987498117187
0.39998795005296955
0.4000291204129074
0.40005723638627533
0.40008535207731893
0.4001134674860425
0.40014158261245025
0.9289182092489671
0.4002439991766283
0.4003745243139578
0.40038255508642634
0.4004327483031447
0.40044077854141463
0.4004568387760737
0.40050803977971555
0.4007007821049567
0.4008393068690641
0.4008623935184953
0.4142143943989737
0.4142272521592983
0.41425005469697873
0.41429068668887675
0.41431348857098815
0.41435411932595106
0.41438189285678767
0.41442749458024225
0.41459206555192596
0.4147288556100811
0.9301404053059682
0.4148200444482009
0.4148606657220275
0.41489631445233843
0.4149240819735704
0.4149419058462059
0.9999751416923536
0.41498252469660585
0.41509940491282493
0.41516281382053194
0.41520839961819916
0.41534928115492453
0.415372072560239
0.4175907595671524
0.41764408192426766
0.4176717786388692
0.41769947507863897
0.4178288458580777
0.4178693510217649
0.4178920839038717
0.41791481656041474
0.41793258783723447
0.4179730909668201
0.4179908616900416
0.41800863223694
0.4180974823266774
0.41811525181569237
0.41815079026481067
0.4182615511305573
0.41828427992439837
0.41831196920390507
0.41832973683557806
0.4185946149725193
0.41864006587366936
0.4187309649705856
0.4187536891812126
0.4187764131664054
0.4187991369261675
0.41884458376941275
0.4188673068529027
0.4188900297109752
0.41891275234363373
0.41895819693272224
0.4191924452313995
0.4192279650635096
0.41925068444232827
0.41933084026861617
0.4193684377588319
0.41939115599023946
0.4194514705153003
0.4194919457229011
0.41951466277841426
0.41953737960859777
0.419560096213455
0.41960552874720414
0.41967079781193123
0.419693513191827
0.4197666172393785
0.4197893316934796
0.41981204592228916
0.41985251454274053
0.4198653098468619
0.41987810502407646
0.4199107364244979
0.419943367501277
0.41996608017773196
0.41999871065642463
0.4200263818223293
0.42005405271379337
0.4200718054508668
0.4200945169272577
0.4202229473078716
0.42025557489475013
0.42031587037909407
0.4203740801713708
0.42044716394523757
0.4205627866617082
0.4205904520121383
0.42082951136673524
0.4208472576182779
0.42086996187161296
0.4208926658998056
0.42091536970285937
0.4209983539257878
0.4210210567545725
0.42104375935823574
0.4210615037556707
0.4211118658185298
0.4211572689998463
0.42117997025285075
0.4212125869480072
0.42123528770165886
0.4212480726612891
0.42131904197672865
0.4215488949920186
0.4215666347741165
0.4215843743803292
0.4216070711527308
0.42168011738811445
0.42170281323584086
0.4217985515220915
0.42183611758290784
0.4219042001060808
0.42192689383048965
0.4219673236308839
0.42202548837854853
0.42206591619948347
0.4220836513963379
0.4221113000203229
0.4222354399008674
0.42225317346630253
0.42229855318136533
0.4223162861702866
0.4223340189834205
0.4223567081028569
0.42237939699737803
0.4224070420999415
0.4224425059476606
0.4224602376078628
0.4224957004009655
0.4225410750130102
0.42305710009614145
0.42332717208707676
0.4233448959365709
0.4233675749872399
0.4235581520958143
0.42360065012288906
0.4236835454955379
0.42370622163201394
0.42379196892218657
0.42382455392756807
0.42394783522113544
0.423970508812177
0.42399318217853177
0.4240109005326397
0.4240916815720238
0.4241044443343408
0.4242277107538336
0.42433821015760087
0.424350971066191
0.42443384214463714
0.4245245160938731
0.4246151864494107
0.4246428076016091
0.42467538258039267
0.42473842739378564
0.4247610932491814
0.42478375888000475
0.42482908946794806
0.4248567083289987
0.4248793730370253
0.4249069913753387
0.4249247017794158
0.42494736581378645
0.978570048596353
0.977505102344106
0.4251442724458204
0.4251619806217678
0.4252122569076373
0.4252349179458983
0.4252802393489234
0.4253078531023073
0.42533546658212923
0.4253581264488518
0.4253906927211036
0.42546362339514976
0.42550609493335445
0.42555636457296264
0.42558397559091
0.425611586335336
0.425764494942991
0.4258176036770496
0.9859337698487385
0.42586291436977164
0.42590822416483
0.4259358315255614
0.4259535330622514
0.42597618717435665
0.42599388833583446
0.4260214947253727
0.42605194342089625
0.42606964385651247
0.4260823915132185
0.4261000916227125
0.42613549131573863
0.4262211458936911
0.4262338922950446
0.4265587782328152
0.4266040735073463
0.42674490579118074
0.42679019742803803
0.4268404399130474
0.42692606695617297
0.42694871109262506
0.4269614518085712
0.4270116906074065
0.4270392853959734
0.4272048483888218
0.42723244126457555
0.427277723588507
0.4273180537607257
0.4273307917017379
0.4273583831342123
0.42789601619858114
0.42796815747002387
0.42799079185128347
0.42804596107862986
0.428063644194497
0.42822631347059203
0.42825389596245617
0.4282715774362021
0.42828925873488904
0.42830693985851975
0.42834230158062264
0.4283628119260832
0.4283854424489634
0.42842080251863734
0.4284434324183848
0.42856435717078917
0.428685274740505
0.428712851683925
0.42874042835434517
0.42892143518266457
0.4289440600283115
0.42896173511054797
0.4289942585626609
0.42903668067372464
0.42909182698732445
0.42919009344314224
0.42934349558288587
0.42936611632418736
0.42938378774306263
0.42941630620910826
0.42956474401801403
0.4295774647887324
0.42960998084793656
0.4296276500979868
0.42965026797776995
0.429677834413817
0.4297103493326603
0.43005245447347584
0.4300750689080121
0.4301202971056447
0.4301379624314641
0.43020580245141943
0.4302234670044733
0.4304439474309239
0.4304665581379239
0.430489168621164
0.4305796083165926
0.4306248268218343
0.43072020899716984
0.4309130940306261
0.43096820158620996
0.4310084653100401
0.4310409657629131
0.4311087802971458
0.43113633215254005
0.4312090913138769
0.43130658487112256
0.43132918750711174
0.4313418953950884
0.43136449763274676
0.4315085434991244
0.43154879689726133
0.4315664498256202
0.43158410257932384
0.4316342481746047
0.4317119381056735
0.4317698388357391
0.4317775963988029
0.43194072080806484
0.4319732097366976
0.43201840081121856
0.43205864458591164
0.4321313745857447
0.4321490223622577
0.43220410242712926
0.4323819038810606
0.9177156027281405
0.4324793511053959
0.43250969375642956
0.43253228351129863
0.43254992729754593
0.4325725166299859
0.43266781734825593
0.43268545994065283
0.4327031023585442
0.43272569015143275
0.4327433321958626
0.43278850671348384
0.4332515750017308
0.43327910277268167
0.4334520100875241
0.43347953577839204
0.4336100713519287
0.4336277059701935
0.4336601743481722
0.4336954425660474
0.43374059918019414
0.43376317715235063
0.4337906993992435
0.43381327690040844
0.4338457430765351
0.43387326450694197
0.4339007856651949
0.43392336217552535
0.4339762574597163
0.43408139149695685
0.43412159656677823
0.43416674494835883
0.4341893188043231
0.4342118924370745
0.4344348204398038
0.43452230873810405
0.43457239330225383
0.43472822997256344
0.43483333250942957
0.4349539039521491
0.43500892252480267
0.4350265449979733
0.4350392241187549
0.43510691935818724
0.43512948399183404
0.4351520484024043
0.4351971765543286
0.4352197402956892
0.43523736085572495
0.43525992417539505
0.435305050145568
0.43532761279607735
0.4353952994093369
0.4354376322189051
0.43558782534771306
0.43561532796567864
0.4357704530739538
0.4357880689961943
0.43580568474430514
0.4358183579463456
0.4358310310231154
0.43584370397461625
0.43586904950181876
0.4358943945279681
0.43596206404040705
0.4359895622263297
0.4360445577827857
0.4360621710445032
0.43618698387439525
0.4362645291373448
0.43628708247468534
0.4363046937545094
0.43633991579197057
0.4363624683109554
0.43643012453053964
0.43645267615795535
0.4364801692017276
0.43649777874413803
0.4365203297029116
0.4365379388728288
0.4365731566905671
0.4365907653383934
0.43660837381219453
0.4366259821119731
0.43664853165720385
0.4366661395845275
0.43671123760957437
0.43676405915692
0.4367816659913627
0.43679927265180674
0.4368069967388082
0.9978357866026296
0.43708681258955484
0.43710935762953884
0.4371269615399818
0.4371544470411526
0.43717205055485836
0.437189653894612
0.43722980083696894
0.43725234439075483
0.437302371541502
0.4373397364637526
0.4373622790288634
0.4375744161573843
0.4375969566721012
0.43764203703337745
0.43766951727408815
0.4376920568735364
0.4377145962502779
0.43773713540431586
0.4377596743356536
0.43778715331640466
0.43780969177794576
0.4378322300167968
0.43798999145370926
0.4380075878830992
0.4380977315839393
0.43812520685856554
0.4381801565934744
0.43822211684276563
0.43825452964770506
0.43828200251920274
0.4383144147081197
0.4383693590452857
0.4384743050204493
0.438491896884709
0.43872707605834155
0.43896656805172096
0.4389841558338931
0.4390017434423355
0.439066551426102
0.43915171449878754
0.43919182540584056
0.4392094112069221
0.4392319355205128
0.43924952094980346
0.4393220305501094
0.4394142920638056
0.43944175296679855
0.4394917355167833
0.4395241340484162
0.43978113904485366
0.4398656823288314
0.43987338646756147
0.43994094089645397
0.4400732788844228
0.4400957953731822
0.44014576554067064
0.44033082335514134
0.4404335160223177
0.44046096646933064
0.440503229119349
0.4405306789510845
0.4405482536265516
0.4406481746635199
0.4406981337019848
0.44071570694328555
0.44081068404552076
0.9777631858284743
0.44097259935818317
0.4414320129536748
0.44173659788725445
0.44175909882960396
0.44177666327709275
0.441908908271508
0.44192153533279366
0.44196871498452533
0.4419862777037366
0.44214869914164573
0.4421761320447388
0.44222606120434355
0.44225349331938146
0.44246800487638754
0.44248556339766054
0.4428564378423728
0.4428964822930238
0.4429365259531964
0.44298150378017725
0.44305665219107776
0.4430840747923668
0.443151536685024
0.44317402353870067
0.44319651017044503
0.44342629875256595
0.4434789473943916
0.44350636534096516
0.4435239143199728
0.4435414631257957
0.44359629731970157
0.44361384550859795
0.4436440071644619
0.4436615548581917
0.4436966497261558
0.4437317439014763
0.44374929072940156
0.4437668373841736
0.4438068641575717
0.4438244102685554
0.44387704756266033
0.4438945929810885
0.4439121382263842
0.44394722819758836
0.443964772923502
0.44398231747629335
0.4440174060625197
0.4440574275987962
0.44407497126167417
0.44409251475144557
0.4441100580681129
0.4441276012116787
0.4441626869795161
0.44418022960379283
0.44419777205497835
0.44421531433307515
0.44423285643808585
0.44425533174478665
0.4442728734792947
0.4442904150407246
0.44430795642907883
0.4443430386865707
0.4443605795557134
0.44439566077480525
0.4444132011247595
0.44443074130165605
0.44444828130549746
0.4444658211362863
0.44451843959036286
0.4445507776851473
0.444605587044135
0.44468779905486333
0.44471026967832955
0.4447376728951678
0.4447650758416574
0.4450297676299837
0.4450473024297369
0.44507470195670296
0.44509716878760974
0.4451371694074242
0.4451596355977765
0.44519963500949467
0.4452171682795222
0.4452670309941405
0.4452845636723239
0.4453196285098471
0.44533716066919193
0.44535962476510826
0.4454171516502594
0.9607954349294969
0.44545221396936246
0.44548234365752615
0.44550973806599886
0.4455272684230773
0.44554479860724094
0.4455573967765481
0.44594854496767417
0.44616765374506256
0.44623775216848877
0.44662166493266997
0.446649047374857
0.4467016088870919
0.4467415796817758
0.44676896072263256
0.4467914108916993
0.4469167697943527
0.44693921823847277
0.4470465268773203
0.44708156051096726
0.4472584032577722
0.447333392492679
0.44738321074323123
0.4475479660047719
0.447565478449912
0.4475879203762312
0.4476628971990259
0.4477302192141417
0.4477926098272734
0.4478101200305622
0.44782763006122267
0.44784513991925745
0.44785772029102666
0.4479425450530384
0.974753051124825
0.448171332807571
0.44845193151238555
0.44846943553196417
0.4484869393790044
0.44851430007737764
0.4485367320184128
0.4485717383590269
0.44859416968532073
0.44861660079051385
0.4486565339957025
0.44870632300034496
0.4487336812691278
0.4489633999103108
0.44909524560435227
0.44917730657218463
0.44921451520706446
0.44923694027092687
0.44929164510803954
0.4493239247841684
0.4493589175018971
0.4493764136021169
0.4494463962787581
0.4494863140259676
0.449503808894977
0.4495213035915781
0.4495437254863315
0.4496284835823249
0.4496661821586066
0.4497585731178557
0.44978591946235974
0.44983075733015376
0.4498433219684279
0.449915503505496
0.45005049882990517
0.45006798833359607
0.45012267339317563
0.45015001551884676
0.45017243078135777
0.45019484582300806
0.45022218718901186
0.4502970648222045
0.4503096257395794
0.4503320393323743
0.45035937907965456
0.45106393458772537
0.4511136724098866
0.45113607817833445
0.4511634092521081
0.9595273511766966
0.4512503263112788
0.45127765628386235
0.45129513517773323
0.9791223404255319
0.451593520520486
0.4516109967395908
0.4516934502849094
0.451715850439305
0.45174317529266333
0.45182022339105254
0.45191966748089196
0.4520267308838231
0.45205405245688507
0.45246653995016695
0.9959079963954914
0.45267299236287895
0.452695383282124
0.452722697930464
0.4527401644591068
0.4527724025190678
0.45279971638469263
0.45297390448055147
0.45301868026902736
0.45304599144276547
0.45307330234756577
0.4530956894217277
0.4531229998129056
0.4531628493215432
0.45318523551393586
0.4532671629445823
0.4532895481825388
0.4533168565436159
0.45333924131649556
0.45358007916346665
0.45363468979845023
0.45366199471266744
0.4537067577746161
0.45372913897504064
0.4537564428866101
0.4537788236220783
0.4538061270202281
0.4538285072907539
0.45385088734093093
0.4539005695663518
0.45399993108235165
0.45402723218241425
0.45404961037298847
0.45412435330081175
0.45422460682729937
0.45428368919996454
0.45431098554391214
0.45433828161915263
0.45436065541495013
0.45438795097701434
0.45448012796850007
0.4545199505849579
0.4545324789101182
0.4545919874003347
0.45461435862605265
0.4546318079357423
0.4546492570736725
0.45466178439247185
0.45467923321111303
0.4547016034569311
0.45473381663196955
0.4548926390180764
0.4549150073328937
0.4549646646587531
0.4549919536213625
0.455036688172678
0.45512347319416147
0.4551458393822926
0.4551682053502884
0.4551905710981521
0.455212936625887
0.4552353019334964
0.45527511084646843
0.4552974755179371
0.45536948915669767
0.4555398642896859
0.455617662399008
0.45566730303686354
0.4557245410575726
0.4557419799252116
0.45575941862124275
0.45577685714566873
0.4557992157171465
0.4558264942630533
0.455848852370292
0.45587613040355035
0.45589356792474184
0.4559333625257689
0.45595571955719555
0.4559731563436342
0.9999311199889792
0.45600802940178004
0.4560303856258671
0.4560527416299722
0.456070177510135
0.45609253309849107
0.45613724361528885
0.45617703346928334
0.45621682254025575
0.4562391766372796
0.4562713698866012
0.45631607688409825
0.4563433496664502
0.456360783001835
0.45639297486102226
0.45641532732165435
0.4564376795623598
0.4565194932972574
0.45656419565420586
0.4567434218617029
0.4567706898587226
0.45777082687834125
0.4578525972045993
0.4580036294070493
0.45808539308160634
0.45811756490265215
0.4581497364072704
0.45817698984484495
0.45873039287997247
0.45883446261567357
0.4588617086662569
0.4588840374478798
0.4589161999636144
0.45894344521039643
0.45903009622334434
0.4590573403742711
0.4590698337619172
0.4590823270267081
0.45918412500184375
0.45920153399872166
0.4592189428244121
0.45923143486469475
0.45926133514262957
0.45927382679023576
0.9725610505563013
0.4593309668728306
0.4594176036499329
0.4599150517653305
0.45993737064875945
0.4599646052502212
0.4599967554972201
0.46001907364985106
0.4608677273643285
0.46088512278080335
0.4609074331663824
0.4609297433326452
0.460974363007235
0.4709938709407885
0.46109612067058875
0.4611085990642079
0.4611210773351682
0.4611830853008827
0.4612004777140498
0.4613838419084221
0.46141862305201026
0.4614507568311382
0.46147306136690897
0.46150028012305755
0.46152749861167763
0.4615547168327731
0.4615819347863479
0.46161406681540745
0.4616412842098021
0.4616957181960696
0.4617229347879503
0.461767538773023
0.46182952898105606
0.4618643026678526
0.4618816892549312
0.4619856315908443
0.46210204071604416
0.46211942528057864
0.46214172346186166
0.46216402142400864
0.46218140542771646
0.46232765652178187
0.4623450390381242
0.46238471705622514
0.4624119259834318
0.46246407075297874
0.4625063873275422
0.46264242162204655
0.46266471449487556
0.46268700714864763
0.4627043864476063
0.46273159179903406
0.4627587968831373
0.46282567148633447
0.46288271823291277
0.4629000958019111
0.46291747320016113
0.46293485042766536
0.46295222748442627
0.46316492758749434
0.4631970406323536
0.46324652803364136
0.4632688150913736
0.46333567495075234
0.463375334659691
0.9999901751766012
0.4634297307520374
0.46344710367051795
0.4634693887576203
0.4634916736257798
0.46353624270528365
0.463563439159417
0.46374889478337755
0.4637711770744814
0.46379837117230405
0.4638353890059583
0.46386749449858533
0.46401363518033706
0.46403591496718927
0.46405819453517555
0.46417941237143784
0.46424133476751095
0.46426361234172553
0.464350089634341
0.4643723662367514
0.4644070959883698
0.46444182505770837
0.46445918933652897
0.46452110365691945
0.4645384672052648
0.4645656529938708
0.4646052902985001
0.46462265309229495
0.46464755599864455
0.4646600072683698
0.4646773694523703
0.4646996424782933
0.4647664602434844
0.4647936433103502
0.46481100432649575
0.4648430977753769
0.4648702800654124
0.4649099114583589
0.46491744993468676
0.46494988631731954
0.4650959517589519
0.4651083994205603
0.4651457416719045
0.46516309925410876
0.465175546280383
0.46518799318441845
0.4652004399662169
0.4652400640301688
0.4652574206378434
0.46760242754885273
0.46760994564044195
0.46773323128851213
0.46778521843648047
0.4678074530504916
0.46782478156566276
0.46784701576742316
0.4678741555835733
0.4678914835164835
0.4679555734343266
0.46807780039734126
0.4681173567746018
0.4682974924459444
0.4683272345560319
0.4683445579716187
0.4685419987737584
0.46863090362420845
0.46894955221830953
0.4690038058618119
0.4690975968612065
0.4691766713747646
0.469344318571919
0.46936163326157
0.46938385185766407
0.4694233843679198
0.46948253202298984
0.46955899156037445
0.469635448848089
0.46965766490292904
0.46967007316451226
0.4696873850680397
0.4697145042809647
0.4697465269434651
0.4697638382174101
0.4697958603239363
0.4698278821164125
0.4698549999754819
0.4698772139732852
0.4698945241819617
0.4699069306736493
0.4700376092851294
0.47011895538927734
0.4701460702255042
0.4702101056657432
0.4702372196561835
0.47026923661539516
0.4702865436287681
0.47031365684558396
0.4703358666339789
0.4706170757297928
0.4706392826149841
0.4706565864564335
0.4706787929301596
0.4707009991861389
0.4707183024704977
0.4707405083150298
0.47080222188448356
0.4710608883223846
0.4711003912109892
0.47162394000294106
0.4716683332352999
0.4716905295250793
0.4717078239728646
0.4717300198514815
0.472045366544624
0.4721661308030113
0.47229669128638435
0.4723139807290799
0.47234107204995124
0.4725160012938259
0.4725381897307973
0.4725456755273269
0.47255316125048397
0.47261972438398053
0.4727133727996236
0.4728243025369865
0.47284648783212946
0.47286867290983664
0.47289575819350793
0.4730611104849735
0.4742673880578745
0.4776314181675994
0.47764863438190386
0.4776560751135158
0.4776684034057029
0.47775214560810153
0.4778040066663734
0.4778530968520754
0.47791472807600577
0.4779419311012174
0.4780913288866085
0.47815761698135334
0.47821179367902583
0.4782683051965503
0.4782757407552185
0.4783175917013178
0.4783299130264829
0.4783373481024719
0.4783619901985215
0.4784012899127843
0.47849262729999903
0.4785147184560889
0.4785491286270563
0.47856633346036215
0.4785835381255527
0.47860074262263047
0.4786179469515979
0.47863515111245736
0.4786523551052115
0.9999804577765835
0.47870885160685145
0.4787309404114575
0.4787923200938004
0.4788095226463303
0.47882672503077794
0.47884392724714575
0.4788611292954361
0.47961525316146675
0.4860951359781655
0.48611713560222436
0.4914268188191307
0.4914926659234413
0.49151461453079665
0.4915414311655056
0.49158045907066183
0.49176816504561344
0.49181445115688116
0.4931901455396548
0.49329246040435004
0.493314389147317
0.49335338023920045
0.4933704426354741
0.4947396068932308
0.4951932661962859
0.49584325927366424
0.4962673872682913
0.4976412688079055
0.49769717345045034
0.49771418854908056
0.4977263452457296
0.497738501824259
0.4979280526609828
0.4981613092838093
0.4988925695301192
0.4989630133326857
0.4993734883585395
0.5003932878867331
0.5004175608619233
0.5004296971727382
0.5007598157022105
0.5011626270030437
0.5012135804506752
0.5012305646034281
0.5018176699849053
0.5019923412557816
0.5020723728912271
0.5023076811080752
0.5025669393736474
0.5034492461141404
0.5035937378753783
0.5042406373806487
0.5044344339005077
0.9426562575764923
0.5051481923155231
0.5052401958408066
0.5052522892418961
0.5065448450262084
0.5065738480021703
0.5066343065587351
0.5068568798895536
0.506910098480408
0.5071031052170164
0.5071151796958249
0.5071393283025448
0.5071731633601984
0.5091662311013029
0.5092869518085117
0.5093038449439834
0.5093255773437348
0.5093690415122097
0.5098523954891365
0.5098910030333377
0.5099030497716541
0.5102059571833493
0.5102445536508919
0.5102662700428063
0.5102879862246428
0.5103314179580939
0.510519646346418
0.5106065002901915
0.5108227829737023
0.5108493280525371
0.5112381007633883
0.5112598021678383
0.5114529650077836
0.5121638924455826
0.5122169234708915
0.5122337752696069
0.5122746664991714
0.5122866861217943
0.5122987056282704
0.512952291707925
0.515618227526223
0.515644640079367
0.5156614205081774
0.5157142444352407
0.5159544241863869
0.5160143891128158
0.5160359822400293
0.5160527595721832
0.5166161105493765
0.5170219014650728
0.517077022329639
0.5176079894116231
0.5176295626058832
0.5180085663410173
0.5180301360501658
0.5181281821769218
0.518416037881121
0.518637037322195
0.5186586017236651
0.9916417651899009
0.518790299297469
0.519792433139521
0.5202306301454181
0.5206688654480418
0.5211148445649405
0.521190534558092
0.5214723041877721
0.5222553211934848
0.5223542863731575
0.5224691855970576
0.5225574740238539
0.5225860661641138
0.522758263073998
0.5230045370525962
0.5230841610538495
0.52343352501272
0.5234764995008064
0.5234979864354388
0.5235098733788364
0.5235265600775659
0.5245709734835946
0.5250056367622438
0.5250271043011887
0.5259694477085781
0.5259813137901926
0.526101509600445
0.5261181683474558
0.5261348269346965
0.5261466900040761
0.526676160474115
0.5279513822322763
0.5280227364223683
0.5280656014262847
0.5280918262203158
0.5280988804539529
0.5281225737810197
0.5284725050916497
0.5292793008614659
0.5292911386340224
0.5293077674926695
0.5293243961919729
0.529341024731935
0.529362444243217
0.5293886546569567
0.5294219104838014
0.5297364109344908
0.5301556886227545
0.5307132250802319
0.5313165947543087
0.5311425551958454
0.5314478339868031
0.5314787631310933
0.532943143812709
0.533058779125599
0.5334432103188821
0.5334549936462742
0.5336326940072134
0.5337323671174506
0.5343612418943569
0.5346339879579627
0.53466708047843
0.5348497436044346
0.5351510840140747
0.5351628519865937
0.5352220264779883
0.5354348376132029
0.5357383247168
0.535771399111145
0.535999159868443
0.5361126889645198
0.5362239978615956
0.5366482276070428
0.5369259476665664
0.537124696989941
0.5373392114202832
0.537418893129771
0.5374846139900575
0.5376410256410257
0.5377159130480411
0.5377371991184636
0.5377889504765357
0.5385612999508895
0.5389265232376875
0.5389760213567241
0.5390368774311647
0.5390999270674935
0.8657007363629864
0.5414449140227081
0.5426516811124869
0.5426633838299656
0.5426798487489404
0.5426963135110937
0.5427080158488266
0.5427197180751006
0.5427712880198486
0.5427829896661746
0.543023399777145
0.5430398613353142
0.5430563227367098
0.5430680221899479
0.5437714525105091
0.5437948385929667
0.5438394378802449
0.5438558908517921
0.543884035893652
0.5439121803995868
0.5439286326332425
0.5442226410783642
0.5442343298571612
0.5448164609366821
0.5448281441086478
0.5448515101190108
0.5448631929574114
0.5448748756846268
0.5452754687894028
0.5452966646048437
0.5454424351417058
0.5456452656416502
0.5456616985952076
0.5456993211582648
0.54572742884598
0.5457391039607258
0.5459060140897999
0.5459176877996803
0.5461680055935275
0.5465860073145097
0.5465976753476516
0.5471537565659687
0.5486979661661281
0.5487143664970229
0.5490758777973108
0.5491393195326717
0.5491509640145577
0.5498632062925105
0.5499076180660115
0.5499192552484089
0.54992614265155
0.5499446668851493
0.5499563036704916
0.5499679403452944
0.549979576909559
0.5502870629354025
0.5511766548637282
0.5511999012739458
0.5514349582113212
0.5514819297121568
0.5515051706872577
0.5515167910093589
0.5515284112211628
0.5515469054771701
0.5515585253806143
0.5516076216690791
0.5516192410638016
0.5522974434891533
0.552876998244865
0.5529945829024638
0.5530768391543377
0.5530931893861055
0.553119026273723
0.5531401195332512
0.5531564692321922
0.5532102606913823
0.5532266097474209
0.553242958648364
0.5532593073942143
0.5532825180596598
0.5533009851492428
0.5533336811599702
0.5538890495857971
0.5539707528023823
0.5540803891910345
0.5543423117588769
0.554505672686241
0.5549208305679341
0.5554070260764042
0.5556729958005896
0.5667579839420626
0.5558936442485426
0.5559147072623951
0.5561226907801822
0.5562474822871496
0.5564470267093815
0.5564680849047215
0.5565033599666372
0.556656035712424
0.5566723533314378
0.5567497381801984
0.5570513367260872
0.6216706706279822
0.5574454778476364
0.5581682875184152
0.5581893284826436
0.5582103692475309
0.5582266728562902
0.5584438960386895
0.5585869781453378
0.5586832445233866
0.5587726818455243
0.5589561428436108
0.5590791336923215
0.5591259335736037
0.5593824734212582
0.5595491783870815
0.5595654706375401
0.5605701949570602
0.56076881198665
0.5608413258978024
0.560897557280818
0.5610792899408285
0.5612403320931906
0.5612539523259557
0.5614244334639632
0.5615016541481492
0.5616043539990535
0.5616741755953508
0.561991605426661
0.5621646430903464
0.5625405116413307
0.5627137889432972
0.5630230632761679
0.5631963137651917
0.563273473867464
0.5632897320055822
0.5635259278882088
0.5635699655151208
0.5635909516646326
0.998756077719129
0.5642112233073995
0.5642579113400209
0.564406819740358
0.564540080397257
0.5645515982426189
0.5648987080787637
0.5652895453513882
0.5653592299109254
0.5653896524497776
0.5655101008429583
0.5658652346150573
0.565935520468942
0.5659916234128447
0.56638418746662
0.5664119178943289
0.5665659988562625
0.5671121276274006
0.5671985974794324
0.5672897902864541
0.5677100805594273
0.5678560291796989
0.568442582296897
0.5688834309465332
0.5689293608660332
0.5689408430747431
0.5689664944314822
0.5690198319549991
0.5690866842358808
0.5691028880440173
0.5693499256180784
0.5694572347449103
0.5694687131050767
0.5696867237748038
0.5701401480809912
0.5706138404449187
0.5706367790912867
0.5706576903647961
0.5711972888012008
0.571229656760941
0.5713624928611548
0.5714366625289679
0.57146700397406
0.5719935066160787
0.5721579675061462
0.5721647052161685
0.5722610997598139
0.572407349735285
0.5724444150843683
0.5725994045400284
0.5726202946144627
0.5726432009059168
0.5728958778597142
0.5743861883534989
0.5744326570659019
0.6106501898450581
0.5757660062053811
0.5758171598860786
0.5758683126019672
0.5762229189749877
0.576642955127208
0.5769348612047307
0.5773672055427251
0.5774155995343423
0.5778968601834309
0.5779385427467245
0.5780104909441378
0.5782392112691986
0.5782647627126631
0.5783158648770924
0.5784173272132631
0.5785396197073585
0.5785557430044391
0.5786842216871103
0.578844196479059
0.5789503444506224
0.5789711765454263
0.5790840126278094
0.5793830656370292
0.5795119928763587
0.5795757030392402
0.5795871062574791
0.5796456216226402
0.5796711580137567
0.5797321298176353
0.5798295574996113
0.5799725832512872
0.5802464483551268
0.5802739545356056
0.5805539986152389
0.6062498528199693
0.5807967823519161
0.5808450916489272
0.581557645308181
0.5815737427010736
0.5816200638532317
0.5816758019249967
0.5823273507975668
0.5823387335979322
0.5825239518843718
0.5826032098753807
0.5826287145493578
0.582630679490982
0.582818620066285
0.5831830870549689
0.5834078648829305
0.583663997815967
0.5836941991602809
0.5837141983008166
0.5839777471324958
0.5844913670994489
0.5848876383347136
0.584903707258774
0.5851862655613373
0.5853756075069748
0.5864012003367716
0.5864192014449059
0.5864540708339213
0.5865049950143925
0.5866373188099068
0.5867363975412342
0.5867430441898527
0.5867449877486138
0.5868186029449803
0.5870100920796456
0.5870374898892045
0.5870856395810898
0.5875614825403692
0.5878284338618368
0.5879376901339578
0.5880535820916576
0.5882092969679303
0.5885497223932942
0.5887109285019204
0.5890435428447867
0.5891132159729241
0.5891386507220217
0.5901911300972333
0.5903182450468063
0.5904688505946982
0.5909594962879429
0.590975514634364
0.5909868340679065
0.5909887559145394
0.5911798977597353
0.5912091526299715
0.5914256853578895
0.5914370014000733
0.5916846753734849
0.5918349132383198
0.5918509228073636
0.5918961702687341
0.59199500216072
0.5927460069224303
0.5927846187081444
0.5928072284630124
0.5928232294058806
0.5932315610047004
0.5932682509943135
0.5933736212652665
0.5933962219853594
0.5936003380599117
0.5936370209689081
0.5936577097702633
0.593702022170159
0.5937715678127244
0.5939860566653365
0.5940321210101076
0.5942220845186792
0.5943282853414201
0.5943630499992959
0.5943997183429175
0.594647878068129
0.5947719474472289
0.5948584597909401
0.5948744426191035
0.5950699102126641
0.5955462737000188
0.5960659553103034
0.5966059707514815
0.9974524982406756
0.5969327196896126
0.5969740329806948
0.5972050213915785
0.597216293175837
0.5972914145252235
0.5977110157367668
0.5978377110694184
0.5979071490886577
0.5979231061476621
0.5979907510763833
0.5980339278762951
0.5982806974759176
0.5982966509869764
0.5983079145328005
0.5984843155737513
0.5985856378463804
0.5990237131723695
0.5990396608802483
0.5991137578542624
0.599155029963144
0.5993970395862736
0.5994383049750801
0.5995208334310108
0.5995320880687146
0.5996071132198432
0.5996840116456242
0.5997599647448218
0.5999306167607403
0.6000300031409538
0.6000525050043832
0.6000731316275537
0.6001696996971657
0.6005896359068581
0.6014218031688309
0.6015707738591739
0.602043876336579
0.6020551122439896
0.6021028759921657
0.6021141114125469
0.6021159757103232
0.6021318964507438
0.6024849376423077
0.602961429280769
0.6029726577321423
0.6033153467108838
0.6034745218902373
0.6035306460829407
0.6035437275179856
0.6036972333978109
0.6038105229633653
0.6047031059041679
0.6047470992030417
0.6047489499585602
0.6049526645503834
0.6050031837590831
0.6050461872679517
0.6050667640504148
0.6050686130840072
0.6051864024307457
0.605202295901647
0.6054697557710043
0.605501537827754
0.605610924121918
0.6056595824361015
0.6057119317676467
0.605917625086012
0.6059335124558825
0.606013939532946
0.6060990451226362
0.6061579075471345
0.6063532032800389
0.6065569934242857
0.6069850807734786
0.6070215175537939
0.6070327160753812
0.6072326028666489
0.6076298230345227
0.6077417604012652
0.6078172664832594
0.6078648794067419
0.6081096254432832
0.6081981324500833
0.6083513049498744
0.6093941463140861
0.6094651033360303
0.6094856373177188
0.6097057956984722
0.609853958277802
0.610331558103325
0.610744624648773
0.6109833291258777
0.6110131973240708
0.6111866863006334
0.6116473541276171
0.6116995419276433
0.6117107052879065
0.6122670255921335
0.6128087104838899
0.6128831775700935
0.6130461193402178
0.613149668478083
0.6133894654212944
0.6133959443042706
0.6135972863363672
0.6136623791658296
0.6137637824705663
0.613880258824079
0.6138914065200938
0.6139025541119474
0.6139741092159419
0.6140122211010203
0.6140532005344346
0.6143853437282498
0.6144327874365897
0.6144392595395244
0.6149728873880816
0.6152287013945321
0.615266783420899
0.6153077379312277
0.6153300113482993
0.6154313146785221
0.6154974105604304
0.615513215653311
0.6159057905034063
0.6164523629436648
0.6166096298129222
0.6169532355124393
0.6170210779393571
0.617189031734028
0.6173358166804371
0.6174363187400517
0.617466111505284
0.6181146094894939
0.6183495743727598
0.6184547032798821
0.6191207211915338
0.6194513133952316
0.6203626389517337
0.6204443573704269
0.6204601218408605
0.6213937262729808
0.6217080871345493
0.6221246077155874
0.622131032874796
0.6223475929595524
0.6225388492328063
0.6229452406038172
0.6230390899979021
0.6232291448150479
0.6233964797136038
0.6236739069637364
0.6237729904076516
0.6237840659622367
0.6238155386415225
0.6240614469679668
0.6243889253941403
0.6244110670463178
0.6245258399739038
0.6250145617722026
0.6255031868500504
0.6255299719522536
0.6263893417804072
0.6264842479887829
0.6268037971735465
0.6268148513883002
0.6268445371888508
0.6270423847228691
0.6271855060313912
0.6272012146559794
0.627252997009976
0.6273856872735402
0.6278947392930154
0.6280872820742065
0.6281419670879238
0.6282059639777235
0.6282263209115418
0.6286137327665281
0.6286654809241342
0.6294104776048529
0.6300533908048652
0.6300830416325315
0.6303607167791483
0.6307929298100282
0.6308382508981925
0.6308492765628708
0.6311047823800682
0.6312603243293549
0.6315275199262971
0.6316935517640874
0.6317092235539343
0.6317109371001587
0.6317939460485544
0.6318985009630684
0.6319141709973527
0.6320111284799762
0.6323107984889931
0.6325800569376477
0.6326334102411432
0.6326444224265851
0.6326850529586611
0.6328377925799129
0.6329161026843234
0.6330396844592457
0.6332334911583862
0.6334196830948251
0.6334666542647196
0.6334823110300855
0.6335385817397128
0.6335542378793163
0.633560592672514
0.6335715979853693
0.6337421001967103
0.6339201845186612
0.6340750040687266
0.6342809582263884
0.6345287414040814
0.6346441756014097
0.634807796023879
0.6353223377154651
0.6353536198737437
0.6361033516307303
0.6361236346734837
0.6366889590139935
0.6367996430828717
0.6370082948023885
0.6372313039599268
0.6373436425478133
0.6374027711951825
0.637413749041656
0.637692875960024
0.6380551942018212
0.6382093047025265
0.6384389183363451
0.6387614039651425
0.6390840900118436
0.6392353919173718
0.6396420660608227
0.639663987295042
0.6397774816231954
0.6399689824574437
0.6400356607216653
0.6404995705364812
0.6407879221177147
0.6413411814949262
0.6415882579573042
0.6416741707591047
0.6418980073985714
0.6421215313713933
0.6421918291386856
0.6422508411648683
0.642338036012623
0.6423645594527617
0.6425372753386452
0.6425574963339706
0.6425591550537605
0.6425886567607451
0.6427623519804002
0.6428866400330369
0.6430235147825765
0.9913143132878943
0.6430950966927731
0.6432133992159046
0.6434321080444092
0.6440015214204873
0.6447973139049015
0.6449078775905804
0.6449638286032277
0.6451502209609133
0.6453440657297458
0.6453503468229533
0.6455426814849846
0.6456188016672617
0.6457197433329624
0.6459388038942976
0.9928419432455111
0.6459884470241352
0.6460086322397
0.6460599148841478
0.6461515638979931
0.6464469475733556
0.6465074884231897
0.6465636718442191
0.6468581546148534
0.647248276117743
0.6473788351305138
0.6475445539048961
0.647763130458958
0.647829894494924
0.6482530798704578
0.6484454266216347
0.648589298123697
0.6493883657484819
0.649394621534243
0.6494675849802921
0.6501850248011968
0.6503232559001149
0.650348031065767
0.6503496503496503
0.650360531836559
0.9944984972747185
0.6507059602587671
0.6512017705916944
0.6519305555555556
0.6519661854982824
0.6521473443482045
0.6521813602947985
0.6524925125100103
0.652734190574055
0.6528116567228427
0.6528364067244317
0.6529060268177421
0.6529307759243145
0.6531519022493751
0.6532370038507109
0.6533066132264529
0.6533221023011274
0.6536747453524803
0.6537350869561194
0.6540885450406263
0.6541241358887274
0.6541627529277851
0.654164353137146
0.65428197309915
0.6542928264732011
0.6544056409971684
0.654885597179945
0.6550114717092846
0.6562073669849932
0.6563433560547904
0.6564345401323487
0.6564978335159931
0.6566631369157993
0.6568037213775756
0.6569843251491192
0.6572625388371061
0.657352227282184
0.6574586912500346
0.6579562894070226
0.6581970130488441
0.6582078375904817
0.6585489857135594
0.65861380464222
0.6588222244816845
0.658853107553518
0.6588639273120526
0.6591000466752007
0.6591849089388289
0.6594489189551362
0.6599318043209078
0.660395925250052
0.660425213438297
0.6604745493352059
0.6608925412157075
0.6609665290134235
0.6611561467932284
0.6613365111037209
0.661347312995081
0.6613534959770168
0.6615291531185339
0.6623689679057955
0.6628651109530977
0.6630145714444013
0.6632287016218762
0.6637015358054554
0.6637169367123668
0.6637277213325886
0.6639635564745412
0.6639928369671572
0.6641869909319551
0.6641977701480415
0.6643502817037888
0.6644488227124447
0.6646028069722163
0.6646243563954454
0.6646736146673864
0.664715190603389
0.6647752174013333
0.6648367870389165
0.6648475594285266
0.6650014530257532
0.6651014760147601
0.6651645487880815
0.6651660931893029
0.6651676375762775
0.6651707263074872
0.6651722706517227
0.6651738149817121
0.6651753592974559
0.665176903598954
0.6651784478862066
0.6651799921592141
0.6651815364179765
0.6651923254312333
0.665193869597502
0.9999538792188984
0.665196957887309
0.6651985020108475
0.6652000461201429
0.6652062224148984
0.6652077664529816
0.665209310476823
0.6652108544864227
0.6652123984817809
0.6652139424628979
0.6751762345622204
0.675234440425904
0.6752696385187367
0.6753829377038922
0.6755221010108446
0.6755480917435414
0.6759152765381891
0.6759213680089434
0.6762472111691239
0.6762579006927769
0.6763051248200264
0.6763250135698318
0.6764137664559932
0.6764964282592997
0.6765224030947135
0.6765560891243951
0.6765713760033117
0.6765820630525377
0.6767044905731541
0.6769201050486839
0.6769751547652995
0.9717330414345965
0.677183026044086
0.6771983075791023
0.6772916245102187
0.6779306412602654
0.6786111647494781
0.6786310325644692
0.6786463026647296
0.678661572624581
0.6786860374235667
0.6787640278971832
0.6789275518225827
0.6789474168130121
0.6792227314727556
0.6792471912178438
0.6807695487996472
0.6815511595114849
0.6819292380042619
0.6825044772007164
0.6826937647226291
0.6827089972357171
0.6837927789381871
0.684852100878904
0.6857098281067885
0.6859444974671464
0.6859688809151269
0.6859886756784039
0.6860038818201424
0.6865167662994857
0.686531967995302
0.6873675519471584
0.6874010944401888
0.6878677667756685
0.687904165252566
0.6880480243607147
0.696179719635168
0.6889253651961009
0.6891505281690141
0.6896614955807386
0.6896812553578714
0.6897070216696694
0.6899455425574829
0.6907021829498009
0.6911793010530947
0.6917712500057275
0.6924948230680423
0.692509975856366
0.6925342911333254
0.692558606187494
0.6925737584753527
0.6925889106243787
0.6926086438643589
0.6926237957147373
0.6932185145317545
0.6950418255825134
0.6950569576205999
0.6950766680860221
0.6950917998260153
0.695102352903471
0.6951174843873047
0.6970151849377134
0.6970545700843905
0.6970742623873616
0.6970985309596814
0.6977436934607835
0.6979483143599693
0.6979588475106725
0.699109417668019
0.6992548953239993
0.6992654188850468
0.6992759423498255
0.699286465718337
0.6992969889905823
0.6994104383064166
0.6997809354376947
0.6998445074544956
0.6998975587893644
0.6999185965682508
0.6999396339622986
0.6999501525150114
0.6999606709715185
0.6999711893318211
0.6999817075959208
0.6999876526837121
0.7000525894592432
0.7005665217212383
0.7007996781169844
0.7021675336191686
0.7022959032091453
0.7026755271986033
0.7028372165297112
0.7037791800125196
0.7052713794379205
0.7071153012075696
0.7071303347394948
0.707140802695435
0.7071558359736667
0.7071754345116623
0.707205500340119
0.7072159677139545
0.708854290251337
0.7109368942886982
0.7120738234838192
0.7129957151973744
0.7134242779203377
0.7135610369722162
0.7141457457037783
0.7141607196565772
0.7144744936319519
0.715904742816537
0.7166374462077916
0.7170249484320145
0.718140847635089
0.7182577978477394
0.7184896900177523
0.7185046269533117
0.719154203948626
0.7191645844995744
0.7191898964614859
0.7192152079626082
0.7192301390810456
0.7192749316209365
0.7197131376929973
0.7223419834274747
0.7226656116272618
0.7239333530334371
0.7255648664861033
0.7255797466973866
0.7255900824343116
0.72562893081761
0.725787615364691
0.8370124322948853
0.7270918506405015
0.7280154776124148
0.7282474432798678
0.7284657545443399
0.729021185401778
0.7290360368132143
0.7290508880897897
0.7300469803227344
0.7312526658740891
0.7318183055522789
0.7318763979184909
0.7318912248545945
0.731910588470141
0.7406584272911246
0.7407014247124827
0.7409005086139142
0.7410871970911719
0.743071512732887
0.743452472306734
0.7438831191691604
0.7439441056864701
0.7443077964571816
0.7446749941334682
0.7446941971236073
0.7447280899282036
0.7449585083772917
0.744973196397307
0.7465539638436834
0.7468755778658764
0.7469613259668508
0.7478063253582475
0.7478164806673431
0.6947589098532495
0.7500259131571239
0.7501419545565159
0.7518254093376275
0.7540391012915221
0.7548081034490519
0.7549025344201349
0.7560086744472739
0.7560232697300046
0.7560333657272432
0.7560479607675522
0.7560917451005092
0.7561063396155109
0.7561456233803628
0.7564914616810322
0.757309323463142
0.7578065978342987
0.7585303017359597
0.758867958458841
0.7599744711069562
0.7601883977205314
0.7615917841082155
0.7625778113126196
0.7634816577612141
0.7635992187324607
0.7639080325594552
0.7639225616435896
0.7644436663344736
0.7644816936309278
0.7644872399165039
0.765204355514861
0.7652188744114651
0.7652524001238774
0.7656615340427155
0.7663890658793334
0.9941364629457656
0.7670521838997955
0.7670711738184428
0.7670901635667052
0.7671091531445849
0.7671191702406374
0.767152662509533
0.7671816681022108
0.7671961707033685
0.7677937060427731
0.7680238973061708
0.7680339081877509
0.9774263429599164
0.7693242401007968
0.7694590910721332
0.769793945697787
0.7698318762609281
0.770057023993114
0.7703080102386172
0.7704576323610495
0.7726820613457351
0.7733806987443388
0.7733951529812301
0.7734240610665137
0.7734385149149096
0.7764497862530495
0.7806253409771847
0.7806263219794028
0.7819709497206704
0.978185767341667
0.7834344535487388
0.7855853601872866
0.7835098065496136
0.7835286443790181
0.7835430144036599
0.7836343004190606
0.7836576049322045
0.7837284834188859
0.7838539339897429
0.7838727691036208
0.783945929526124
0.7840059323321034
0.7840257303671938
0.7840445633674468
0.7841699945503113
0.7841888264013901
0.784458152613312
0.7844814493867086
0.7844958123953099
0.7845325090675195
0.7846365496109557
0.784725261963678
0.7847584506538984
0.7847772780261647
0.784875878764058
0.7849546889864536
0.785001272895368
0.7850523222317006
0.7850577484792454
0.7850855057770553
0.7851553777031433
0.785243112157171
0.7852574695190032
0.7852762928127693
0.7852906498981743
0.7853228709364798
0.7853560502869392
0.7853838046410261
0.7856983369951592
0.7857260877137358
0.7857547949181682
0.7857870105744499
0.7858157168501996
0.7859043859570781
0.7860654529866442
0.786084269562577
0.7861219022103147
0.78619621081209
0.7862159808890179
0.7862303309578668
0.7864417525796211
0.7866228530353292
0.7882544570140795
0.7886939953862149
0.7899446424508986
0.7900662399357673
0.792306732166579
0.7929668174626168
0.7934393647030512
0.793983977472219
0.7940125470067191
0.7940598559073958
0.7944337025189567
0.7947423755089676
0.7954141557209476
0.7960312441550808
0.7964404349491045
0.7967693246125283
0.7971453884132687
0.7974500970458875
0.7984146623702623
0.7984289115873334
0.7984387100219862
0.7989497808335002
0.7993031855012748
0.7993352259075012
0.7993494676046436
0.7993637091750467
0.7993912993178814
0.801136742671879
0.8029090003867406
0.9886876319591066
0.8032793443089287
0.803298871929809
0.8038272833931809
0.8042313229883219
0.8051774385584561
0.8052866567449299
0.8053008494153605
0.8053283695473507
0.8058473661533267
0.8061214971950911
