# Super-large sets analysis (sets with size > 6754)
#set_id	chunk_id	basechunk_id
1	667	-1
1	713	667
1	969	667
1	2645	667
1	2655	969
1	2660	2645
1	2668	2645
1	2675	2645
1	2680	2668
1	2686	2680
1	2694	713
1	2697	2694
1	2750	969
1	2755	2750
1	2760	2750
1	2765	2760
1	2788	969
1	2793	2788
1	2798	2793
1	2801	2645
1	2841	2645
1	2847	2841
1	2926	2655
1	2931	2926
1	2936	2931
1	2940	2936
1	2944	2940
1	2948	2931
1	2953	2948
1	2957	2948
1	3139	2793
1	3145	3139
1	3151	2926
1	3187	713
1	3195	3187
1	3199	3195
1	3202	3195
1	3225	3195
1	3229	3195
1	3238	3195
1	3241	3229
1	3259	2750
1	3584	667
1	3659	3145
1	3664	2841
1	3671	3664
1	3676	3671
1	3732	2926
1	3856	2926
1	3868	3856
1	3871	3856
1	3876	3871
1	3879	3871
1	3882	3879
1	3935	3871
1	3975	3856
1	4011	3882
1	4014	3879
1	4022	3871
1	4028	3856
1	4031	3882
1	4052	3871
1	4128	2750
1	4268	3584
1	4277	2750
1	4290	3659
1	4296	2841
1	4301	4290
1	4314	4268
1	4320	2645
1	4328	4268
1	4334	4328
1	4338	4334
1	4342	4338
1	4349	2660
1	4395	3584
1	4408	4320
1	4471	4268
1	4476	4471
1	4481	4471
1	4485	4268
1	4491	3229
1	4494	3238
1	4649	2750
1	4657	4649
1	4866	4320
1	4878	4268
1	4885	4878
1	4890	4885
1	4898	4890
1	5079	4268
1	5086	5079
1	5105	5079
1	5110	4471
1	5286	2750
1	5293	3259
1	5322	3259
1	5325	3229
1	5335	3187
1	5458	3259
1	5465	5458
1	5509	4128
1	5600	3659
1	5653	2926
1	5657	5653
1	6036	3659
1	6042	5458
1	6057	2940
1	6278	5458
1	6293	3187
1	6296	3187
1	6299	6296
1	6470	5600
1	6499	3259
1	6505	6499
1	6510	6505
1	6514	6505
1	6518	3145
1	6523	6505
1	6527	6514
1	6535	6505
1	6539	6499
1	6689	5509
1	6697	6689
1	6703	5293
1	6710	6703
1	6714	6703
1	6719	6714
1	6729	6714
1	6733	6719
1	6738	6710
1	6742	6710
1	6755	6710
1	6760	6755
1	6765	6760
1	8031	5322
1	8035	8031
1	8038	8031
1	8040	8038
1	8042	8031
1	8044	8042
1	8047	8042
1	8051	8035
1	8053	8047
1	8056	4277
1	8141	6689
1	8149	4657
1	8156	8149
1	8160	8149
1	8165	8149
1	8248	4471
1	8313	3732
1	8317	3584
1	8324	8317
1	8328	8317
1	8339	8328
1	8343	8339
1	8346	8328
1	8350	8339
1	8354	8317
1	8362	8354
1	8367	8362
1	8371	8362
1	8375	8328
1	8382	8354
1	8390	8324
1	8400	8328
1	8412	8324
1	8422	8375
1	8440	8400
1	8454	8412
1	8457	8454
1	8461	8412
1	8467	8461
1	8470	8461
1	8473	8467
1	8476	8473
1	8483	8461
1	8486	8470
1	8566	8400
1	8601	8328
1	8628	8375
1	8638	8390
1	8642	8638
1	8646	8566
1	8649	8375
1	8662	8601
1	8669	8382
1	8685	8662
1	8711	8669
1	8715	8354
1	8720	8367
1	8726	8711
1	8730	8367
1	8746	8354
1	8753	8711
1	8758	8753
1	8761	8758
1	8764	8758
1	8768	8758
1	8771	8764
1	8775	8768
1	8779	8354
1	8783	8768
1	8799	8779
1	8803	8775
1	8806	8779
1	8809	8783
1	8814	8317
1	8819	8814
1	8824	8646
1	8840	8814
1	8847	8840
1	8853	8840
1	8865	8711
1	8869	8865
1	8874	8865
1	8878	8874
1	8882	8869
1	8886	8649
1	8892	8753
1	8898	8783
1	8903	8898
1	8907	8892
1	8913	8783
1	8917	8913
1	8922	8892
1	8967	2750
1	8975	8967
1	8982	8975
1	8988	8053
1	9349	4290
1	9355	4301
1	9360	9349
1	9365	9355
1	9370	9365
1	9375	9360
1	9380	9360
1	9385	9360
1	9390	9360
1	9401	2793
1	9406	9365
1	9412	9380
1	9422	9380
1	9427	9380
1	9432	9375
1	9652	2750
1	9656	2793
1	9661	9656
1	9666	4277
1	9671	4301
1	9677	9666
1	9682	9677
1	9693	3584
1	9699	9693
1	9704	9693
1	9709	4320
1	9822	5458
1	9829	9406
1	9834	4296
1	9840	9671
1	9846	9829
1	9901	6036
1	9915	9652
1	10055	9693
1	10062	4296
1	10069	10055
1	10077	10069
1	10083	10062
1	10089	10069
1	10117	5600
1	10122	9846
1	10151	6703
1	10264	10117
1	10272	10264
1	10278	6703
1	10292	8967
1	10323	9693
1	10329	10323
1	10334	10323
1	10338	10329
1	10342	10329
1	10346	10334
1	10350	10329
1	10354	10334
1	10358	10346
1	10373	8967
1	10379	8160
1	10384	10379
1	10460	3664
1	10472	4268
1	10475	8031
1	10478	6296
1	10739	3584
1	10766	3856
1	10774	3935
1	10779	10323
1	10875	8967
1	10881	10875
1	10886	10881
1	10892	10886
1	10924	10151
1	10929	6510
1	10934	3664
1	10941	10739
1	10946	10941
1	10956	10062
1	10968	10956
1	10974	10968
1	10979	5322
1	10985	5325
1	10989	8042
1	10992	10989
1	10995	10985
1	10997	10985
1	11009	3584
1	11017	3584
1	11021	11017
1	11029	10460
1	11035	11029
1	11042	11035
1	11047	11021
1	11060	11029
1	11065	11042
1	11070	11060
1	11076	11042
1	11081	9829
1	11094	3259
1	11101	11094
1	11106	11094
1	11110	11094
1	11114	11101
1	11118	11094
1	11125	11106
1	11129	11118
1	11133	11110
1	11145	5322
1	11149	2694
1	11207	3584
1	11214	4485
1	11219	4476
1	11223	11214
1	11229	11207
1	11234	11214
1	11454	8248
1	11500	3259
1	11506	6470
1	11512	11506
1	11517	11506
1	11525	11517
1	11529	11506
1	11534	8165
1	11541	11506
1	11545	11512
1	11549	11517
1	11554	11512
1	11558	11506
1	11562	11549
1	11566	11558
1	11570	11566
1	11576	11558
1	11580	11570
1	11589	11549
1	11593	11549
1	11758	8967
1	11766	11758
1	11772	11766
1	11783	5458
1	11796	11145
1	11799	5657
1	11802	11799
1	11810	9704
1	11815	4328
1	11819	11815
1	11823	11815
1	11828	11815
1	11832	4314
1	12113	10055
1	12121	10083
1	12127	12113
1	12131	12113
1	12134	12113
1	12139	12113
1	12144	12134
1	12147	12127
1	12153	12134
1	12156	12147
1	12159	12113
1	12289	8662
1	12295	8400
1	12300	8440
1	12538	9693
1	12551	12538
1	12557	12538
1	12581	3659
1	12586	12581
1	12597	5600
1	12602	4866
1	12607	12602
1	12611	12607
1	12615	12607
1	12619	12615
1	12629	12607
1	12633	12602
1	12637	3676
1	12643	12611
1	12656	12602
1	12660	12637
1	12688	3187
1	12824	11796
1	12833	12824
1	12836	12833
1	12922	5509
1	12931	5458
1	12965	3259
1	12971	11589
1	12990	10875
1	12996	12990
1	13062	3241
1	13077	10323
1	13190	8967
1	13239	3259
1	13246	13239
1	13396	3151
1	13402	2788
1	13407	13402
1	13412	10475
1	13415	13412
1	13448	8053
1	13512	10460
1	13523	11029
1	13528	13523
1	13538	8056
1	13547	13538
1	13551	5293
1	13602	12836
1	13606	8042
1	13610	2697
1	13726	3238
1	13742	3229
1	13745	13742
1	13748	13745
1	13751	13748
1	13767	13742
1	13770	13748
1	13778	13726
1	13789	13748
1	13792	13748
1	13803	5653
1	13806	6296
1	14004	13062
1	14018	11796
1	14070	11796
1	14074	10875
1	14218	4878
1	14224	2926
1	14228	12581
1	14234	12931
1	14241	12824
1	14245	14241
1	14311	5079
1	14315	5600
1	14331	11094
1	14336	14331
1	14342	3259
1	14351	6535
1	14358	14351
1	14363	12990
1	14378	14224
1	14382	2953
1	14385	14382
1	14522	4268
1	14526	14522
1	14537	9693
1	14566	4471
1	14572	12300
1	14611	13077
1	14688	11094
1	14694	2944
1	14698	11106
1	14708	14694
1	14714	14698
1	14720	14694
1	14728	6714
1	14737	14720
1	14741	14737
1	14794	5110
1	14800	14537
1	15077	10323
1	15082	15077
1	15086	15082
1	15090	15086
1	15094	15082
1	15102	15094
1	15111	15094
1	15115	15082
1	15119	15115
1	15123	15082
1	15127	15119
1	15139	15119
1	15143	15119
1	15147	15086
1	15151	15102
1	15322	14218
1	15577	12538
1	15582	15577
1	15588	15582
1	15592	15582
1	15596	15592
1	15842	15077
1	15852	15842
1	15856	15842
1	15859	15856
1	15863	15859
1	15867	15856
1	15871	15863
1	15876	15863
1	15880	15863
1	15884	15852
1	15889	15852
1	15893	15884
1	15897	15880
1	15901	15852
1	15906	15863
1	15911	15889
1	15914	15893
1	15918	15852
1	15921	15906
1	15926	15889
1	15931	15926
1	15942	15918
1	16199	15577
1	16622	14566
1	16678	15577
1	16686	16678
1	16689	16686
1	16692	16686
1	16702	8886
1	16780	16678
1	16824	10979
1	16833	13789
1	16836	13748
1	16846	13767
1	16883	14228
1	16912	13396
1	16917	14336
1	17012	2926
1	17062	14234
1	17143	2926
1	17148	14331
1	17152	17148
1	17157	2926
1	17161	17148
1	17170	17148
1	17181	2926
1	17185	17181
1	17310	4408
1	17318	17310
1	17328	11094
1	17333	10929
1	17338	17333
1	17343	17338
1	17348	17338
1	17352	17328
1	17356	17333
1	17360	17356
1	17364	17352
1	17369	17352
1	17378	17352
1	17383	17328
1	17417	5322
1	17457	3856
1	17460	14018
1	17463	14070
1	17527	12289
1	17540	16686
1	17715	10055
1	17722	17715
1	17728	17722
1	17734	17722
1	17740	17734
1	17748	4476
1	17752	17722
1	17757	17740
1	17760	17728
1	17767	17728
1	17771	17728
1	17776	17722
1	17782	17767
1	17791	4268
1	17795	3187
1	17853	4314
1	17858	17853
1	17935	13077
1	18043	14378
1	18057	13077
1	18061	18057
1	18065	18057
1	18085	4471
1	18097	10373
1	18103	4649
1	18108	18103
1	18115	18103
1	18158	5458
1	18165	16883
1	18194	8988
1	18197	10373
1	18202	10379
1	18209	18202
1	18215	4471
1	18263	12581
1	18267	6703
1	18274	13551
1	18280	18267
1	18286	18274
1	18292	18280
1	18296	18267
1	18300	6523
1	18304	18300
1	18308	6510
1	18312	18280
1	18316	18304
1	18320	18286
1	18324	18312
1	18333	18296
1	18338	18304
1	18342	18292
1	18346	18316
1	18350	18304
1	18354	12289
1	18361	18267
1	18367	18361
1	18372	18361
1	18377	13551
1	18384	11500
1	18396	6505
1	18401	18384
1	18407	18401
1	18412	18384
1	18417	18401
1	18422	18412
1	18427	18422
1	18446	14331
1	18593	8248
1	18797	16883
1	18887	5322
1	18895	10460
1	19048	8056
1	19053	8056
1	19078	18158
1	19095	17791
1	19100	14611
1	19105	9704
1	19110	9699
1	19114	14228
1	19118	18593
1	19294	18354
1	19359	13538
1	19377	16912
1	19382	16883
1	19633	17328
1	19638	17383
1	19642	19638
1	19646	17383
1	19650	19646
1	19654	17364
1	19658	19650
1	19662	19650
1	19666	19662
1	19671	19654
1	19675	19662
1	19679	17383
1	19683	19646
1	19687	19679
1	19791	2750
1	19798	2765
1	19814	9693
1	19842	19100
1	19847	13792
1	19858	2750
1	20012	18115
1	20019	8160
1	20025	20019
1	20033	20025
1	20042	20025
1	20048	20019
1	20057	20033
1	20064	20057
1	20071	20033
1	20078	20057
1	20398	14800
1	20481	8056
1	20488	6042
1	20498	9656
1	20502	20498
1	20506	20502
1	20510	17143
1	20515	4277
1	20533	3732
1	20540	11145
1	20544	19382
1	20551	12113
1	20576	5458
1	20715	10055
1	20776	14234
1	20838	8988
1	20842	14315
1	20848	20776
1	20853	17012
1	20858	20853
1	20863	20858
1	20867	20863
1	20871	20858
1	20876	20867
1	20881	20863
1	20885	20858
1	20889	20863
1	20894	20867
1	20898	20867
1	20903	20889
1	20911	17157
1	20922	17152
1	20926	20894
1	20934	20889
1	20938	20926
1	20947	20881
1	20957	20934
1	21087	5458
1	21094	10475
1	21118	11783
1	21122	9406
1	21127	11506
1	21134	10272
1	21139	21127
1	21144	21139
1	21149	21134
1	21158	21139
1	21320	18887
1	21341	17328
1	21345	11133
1	21349	19638
1	21353	18342
1	21457	3584
1	21462	5105
1	21466	14018
1	21734	3259
1	21740	21734
1	21744	21740
1	21749	21740
1	21753	21740
1	21757	21740
1	21763	21734
1	21776	21753
1	21781	21740
1	21785	21753
1	21789	21740
1	21932	17328
1	21937	21932
1	21947	11118
1	21951	21947
1	22159	8248
1	22352	17457
1	22356	21466
1	22360	12836
1	22377	18267
1	22381	18267
1	22386	22381
1	22390	22386
1	22403	22381
1	22411	22381
1	22415	18346
1	22424	22411
1	22428	10278
1	22432	22390
1	22436	22381
1	22440	22415
1	22444	18361
1	22452	22381
1	22457	22436
1	22462	22452
1	22478	22452
1	22482	9666
1	22680	6042
1	22686	4301
1	22691	22686
1	22696	9671
1	22804	17853
1	22811	10292
1	22819	11766
1	22834	18215
1	22903	9693
1	22908	11832
1	22933	14794
1	22951	21341
1	22959	11106
1	22963	11106
1	22967	21937
1	22972	11106
1	22977	11101
1	22982	18286
1	22991	22951
1	22996	19662
1	23000	11101
1	23004	22967
1	23008	22959
1	23012	11094
1	23016	11133
1	23020	14315
1	23027	14315
1	23061	21094
1	23065	4277
1	23080	14315
1	23087	23080
1	23107	9693
1	23240	4342
1	23245	8248
1	23253	3259
1	23263	20510
1	23346	6499
1	23361	3935
1	23369	21320
1	23381	17715
1	23387	17310
1	23394	17760
1	23399	23381
1	23418	8248
1	23424	11506
1	23489	9709
1	23496	23489
1	23631	19858
1	23635	23631
1	23690	5286
1	23694	14522
1	23697	23694
1	23701	23694
1	23705	10472
1	23709	23694
1	23713	23694
1	23717	23709
1	23720	23713
1	23731	23694
1	23735	23709
1	23739	17012
1	23848	20481
1	23852	23848
1	23861	9840
1	23869	20715
1	23924	18446
1	23928	2655
1	23934	16912
1	23939	23924
1	23943	23928
1	23947	23934
1	23951	23943
1	23955	23489
1	24107	4128
1	24121	12134
1	24130	11149
1	24134	24130
1	24416	13239
1	24421	13246
1	24498	23061
1	24502	23245
1	24515	19118
1	24524	14311
1	24532	24524
1	24536	18887
1	24670	21118
1	24675	9365
1	24681	9365
1	24691	24675
1	24696	9365
1	24703	11029
1	24709	24703
1	24714	24709
1	24836	3259
1	24911	19791
1	24995	12113
1	25006	24995
1	25119	23690
1	25185	11029
1	25192	25185
1	25249	5458
1	25254	3145
1	25289	11029
1	25294	13512
1	25311	10323
1	25316	10338
1	25326	5653
1	25329	3732
1	25333	14378
1	25403	8141
1	25408	14378
1	25429	4649
1	25433	25429
1	25436	25433
1	25442	21466
1	25446	13448
1	25449	13751
1	25452	10766
1	25538	25311
1	25683	9693
1	25736	21320
1	25829	20481
1	25833	9671
1	25838	25833
1	25844	25838
1	25850	9840
1	25857	25850
1	25862	25833
1	25867	25844
1	25872	19100
1	27186	4878
1	27311	18194
1	27426	18065
1	27432	9915
1	27483	5458
1	27495	17417
1	27507	17143
1	27511	14522
1	27517	10985
1	27773	19791
1	27793	18887
1	27901	27311
1	27904	14218
1	27913	14611
1	27918	27913
1	27956	11029
1	27962	11070
1	27967	27962
1	27989	10774
1	28006	4649
1	28009	4342
1	28020	19294
1	28154	25736
1	28305	8141
1	28312	8149
1	28316	8141
1	28350	27507
1	28356	17148
1	28373	11832
1	28380	28373
1	28393	14611
1	28456	17328
1	28589	19095
1	28599	11506
1	28681	12965
1	28686	28681
1	28690	28681
1	28701	28690
1	28706	28686
1	28710	28690
1	28715	28701
1	28720	28715
1	28730	28690
1	28735	28701
1	28740	28690
1	28749	28710
1	28757	28690
1	28764	28681
1	28768	28686
1	28773	28740
1	28777	28690
1	28782	28690
1	28787	28768
1	28792	28735
1	28797	28686
1	28801	25838
1	28812	28764
1	28819	28690
1	28824	28797
1	28867	20533
1	28871	4649
1	28876	28871
1	28880	28871
1	28911	4268
1	28916	3584
1	28920	28916
1	28924	28920
1	28975	25249
1	28981	9671
1	29004	25429
1	29015	8248
1	29183	3187
1	29187	19118
1	29248	20515
1	29253	29248
1	29408	18797
1	29623	14342
1	29632	14342
1	29640	18401
1	29646	14351
1	29677	12113
1	29681	12134
1	29686	12144
1	29689	29681
1	29694	29689
1	29698	29686
1	29707	17417
1	29710	16846
1	29713	29710
1	29716	29713
1	29719	29710
1	29728	29713
1	29734	29710
1	29754	29713
1	29761	29713
1	29768	29761
1	29778	9693
1	29801	25408
1	29819	21457
1	29826	27511
1	29830	29826
1	29834	18215
1	29842	29834
1	29848	29834
1	29852	29834
1	29856	22933
1	29860	20551
1	29868	23739
1	29888	14566
1	29894	8248
1	29945	5322
1	29955	6296
1	29966	3229
1	29975	3195
1	29980	3241
1	29984	14004
1	29988	29975
1	29992	3241
1	30196	5079
1	30210	14228
1	30217	25683
1	30225	27511
1	30228	10055
1	30239	17318
1	30245	17757
1	30252	30228
1	30257	30252
1	30262	30228
1	30268	30252
1	30273	30262
1	30278	30228
1	30283	30228
1	30290	30262
1	30295	30268
1	30299	30295
1	30303	30273
1	30307	30295
1	30312	30239
1	30315	30307
1	30321	30295
1	30334	30299
1	30338	30273
1	30346	30283
1	30383	24911
1	30388	24498
1	30391	13062
1	30394	30391
1	30397	3241
1	30399	3238
1	30402	17795
1	30406	30394
1	30418	20922
1	30589	28154
1	30656	2750
1	30661	11029
1	30691	18097
1	30755	10323
1	30834	14315
1	30839	24696
1	30844	4301
1	30849	27311
1	30857	12922
1	30946	14218
1	30960	14315
1	30965	25833
1	30970	30965
1	31042	10151
1	31047	6729
1	31132	14218
1	31138	24703
1	31144	31138
1	31149	31138
1	31155	31132
1	31333	29004
1	31337	29004
1	31340	31337
1	31362	10875
1	31368	20071
1	31376	31368
1	31385	31376
1	31428	24911
1	31449	14537
1	31463	21734
1	31471	14363
1	31478	28316
1	31485	31471
1	31490	10379
1	31628	3664
1	31677	12688
1	31693	31132
1	31717	21466
1	31720	3935
1	31724	31717
1	31728	31724
1	31743	31717
1	31784	30225
1	31787	31784
1	31791	31784
1	31998	31333
1	32006	29004
1	32121	27186
1	32195	19377
1	32341	6703
1	32351	12289
1	32533	11506
1	32539	3145
1	32544	32539
1	32549	32533
1	32591	13239
1	32595	32591
1	32599	2788
1	32603	17143
1	32607	32603
1	32611	20922
1	32615	25683
1	32620	12597
1	32701	27956
1	32707	3145
1	32935	12538
1	32948	13512
1	32958	14611
1	32963	32958
1	32994	32121
1	33008	16824
1	33021	11094
1	33031	15867
1	33036	33031
1	33049	33036
1	33053	33031
1	33058	33036
1	33066	33031
1	33074	33066
1	33078	33066
1	33082	33053
1	33087	33074
1	33091	33031
1	33095	33036
1	33099	33074
1	33103	33049
1	33107	33066
1	33111	33031
1	33119	33099
1	33127	33111
1	33131	33119
1	33135	33031
1	33139	33087
1	33143	33066
1	33147	33031
1	33151	33139
1	33155	33103
1	33159	33036
1	33163	33095
1	33167	33058
1	33171	33167
1	33282	28681
1	33287	25862
1	33298	25862
1	33305	25833
1	33310	33287
1	33320	33298
1	33325	33282
1	33330	33325
1	33335	33287
1	33340	33330
1	33345	33330
1	33350	33282
1	33355	33350
1	33360	33287
1	33371	33305
1	33376	33371
1	33386	33371
1	33391	33350
1	33396	33391
1	33401	33340
1	33406	33325
1	33411	33371
1	33416	33287
1	33421	33287
1	33426	33340
1	33431	33305
1	33436	33431
1	33441	33386
1	33447	33345
1	33457	33305
1	33462	33391
1	33467	33376
1	33472	33396
1	33477	33386
1	33482	33396
1	33487	33345
1	33492	33386
1	33497	33416
1	33502	33396
1	33507	33287
1	33512	33431
1	33517	33360
1	33527	33492
1	33532	33416
1	33537	33472
1	33542	10774
1	33546	28599
1	33551	14315
1	33600	30383
1	33708	5509
1	33714	8982
1	33774	25683
1	33783	5322
1	33886	5286
1	33891	4277
1	33895	33891
1	33950	10055
1	34004	29888
1	34013	29894
1	34025	28456
1	34030	14698
1	34034	14728
1	34039	34025
1	34043	5105
1	34047	14241
1	34050	34047
1	34055	3151
1	34059	34047
1	34062	33542
1	34216	20544
1	34221	34216
1	34263	29819
1	34276	2675
1	34296	28154
1	34299	18354
1	34308	34299
1	34492	2750
1	34503	34492
1	34508	34503
1	34579	24911
1	34586	19858
1	34591	19100
1	34595	14611
1	34652	33774
1	34668	31693
1	34675	31138
1	34682	34675
1	34688	34675
1	34697	31144
1	34726	3187
1	34733	18267
1	34739	18292
1	34743	6714
1	34747	34743
1	34751	34747
1	34813	32701
1	34992	30946
1	34996	21457
1	35001	34996
1	35006	25408
1	35014	4268
1	35049	2675
1	35160	21127
1	35167	21139
1	35174	21158
1	35178	2750
1	35194	18593
1	35285	25736
1	35480	8248
1	35494	4649
1	35502	18354
1	35563	20922
1	35568	35563
1	35573	32603
1	35578	20911
1	35683	21734
1	35687	21763
1	35691	35687
1	35695	21740
1	35700	35683
1	35704	35695
1	35708	35704
1	35712	35700
1	35720	35704
1	35724	35704
1	35728	35720
1	35732	18401
1	35738	21466
1	35761	14224
1	35786	10929
1	35807	19814
1	35968	30383
1	35974	35968
1	35978	35974
1	36258	8461
1	36294	24670
1	36299	20848
1	36305	36299
1	36313	36305
1	36322	36305
1	36328	36305
1	36332	36322
1	36336	36305
1	36340	30844
1	36393	35563
1	36398	31471
1	36405	36398
1	36427	14566
1	36525	14537
1	36532	36525
1	36536	11832
1	36540	36525
1	36685	8988
1	36705	10373
1	36766	34216
1	36775	12971
1	36781	36775
1	36938	13190
1	37005	34216
1	37009	3145
1	37014	12931
1	37018	37014
1	37022	37014
1	37030	25862
1	37053	21087
1	37059	11506
1	37064	11541
1	37069	14800
1	37075	8982
1	37082	22811
1	37089	37075
1	37096	37082
1	37281	14218
1	37357	27901
1	37360	20544
1	37364	32533
1	37368	37360
1	37503	30210
1	37509	19858
1	37519	17417
1	37522	10997
1	37526	14363
1	37531	25403
1	37535	37531
1	37584	21087
1	37713	30210
1	37717	37713
1	37722	9822
1	37727	21149
1	37731	33551
1	37897	36938
1	37907	31362
1	37948	37069
1	37952	23240
1	37957	30225
1	38169	14070
1	38173	5657
1	38318	34591
1	38324	34591
1	38330	34591
1	38397	11145
1	38407	4408
1	38412	18895
1	38431	13551
1	38437	23000
1	38454	22680
1	38460	38454
1	38466	36328
1	38470	38466
1	38474	21122
1	38479	38466
1	38485	22680
1	38490	38460
1	38494	38460
1	38498	30844
1	38503	38479
1	38508	38466
1	38513	38470
1	38517	38485
1	38522	38474
1	38527	38460
1	38531	38466
1	38536	38508
1	38750	25403
1	38756	2686
1	38788	33783
1	38791	21457
1	38795	22903
1	38814	37535
1	38845	9829
1	38893	36427
1	38925	23245
1	38934	20515
1	38938	20515
1	38942	38938
1	38950	38938
1	38954	38938
1	38957	38934
1	38968	19377
1	38979	14234
1	39150	25408
1	39172	4878
1	39177	4890
1	39185	39172
1	39212	14311
1	39217	36536
1	39239	14218
1	39361	17715
1	39369	23394
1	39375	39361
1	39456	37281
1	39461	12637
1	39553	12824
1	39556	34047
1	39559	3151
1	39562	35006
1	39566	39556
1	39650	24502
1	39669	14611
1	39775	24416
1	39783	3259
1	39865	4649
1	39870	39865
1	39875	39865
1	39892	4649
1	39899	39892
1	39904	28981
1	39915	29707
1	39921	29719
1	39924	29710
1	39927	39921
1	39930	29713
1	39937	39921
1	39977	29710
1	39981	39930
1	39989	39930
1	40341	30210
1	49530	6697
1	49538	27773
1	49544	49538
1	49548	49544
1	49551	49544
1	49555	49548
1	49559	49551
1	49567	49544
1	49572	49555
1	49577	49544
1	49581	49559
1	49668	14331
1	49678	25289
1	49683	24709
1	49689	17310
1	49695	23245
1	49720	9693
1	49726	12538
1	49774	13523
1	49780	3659
1	50003	23690
1	50007	24130
1	50373	18593
1	50409	11796
1	50413	21466
1	50418	50413
1	50421	12833
1	50423	11802
1	50427	50409
1	50432	5653
1	50435	11799
1	50546	29834
1	50554	29834
1	50560	11223
1	50566	5110
1	50575	37360
1	50583	10739
1	50657	17757
1	50739	28305
1	50745	50739
1	50751	50745
1	50756	50745
1	50762	50745
1	50769	50745
1	50773	50751
1	50784	50751
1	50789	50745
1	50855	17463
1	50858	17463
1	50986	22352
1	50989	25333
1	51056	16912
1	51060	19095
1	51110	23240
1	51338	4268
1	51363	31693
1	51370	27904
1	51403	2926
1	51407	2948
1	51412	2926
1	51416	51412
1	51420	2944
1	51424	51416
1	51432	51424
1	51436	51416
1	51561	8967
1	51566	18887
1	51569	51566
1	51573	18887
1	51700	29004
1	51709	18197
1	51714	10384
1	51718	16912
1	51746	31998
1	51756	8141
1	51929	3659
1	52026	8317
1	52036	8382
1	52039	52036
1	52045	51060
1	52048	52036
1	52051	52048
1	52056	52036
1	52060	52051
1	52063	8685
1	52070	52036
1	52074	52070
1	52086	52039
1	52094	52086
1	52100	52060
1	52103	52048
1	52106	52074
1	52110	52045
1	52116	52063
1	52120	8649
1	52123	52103
1	52127	52123
1	52136	52039
1	52156	52106
1	52161	52048
1	52164	52056
1	52171	52164
1	52174	52120
1	52181	52048
1	52187	52181
1	52191	52187
1	52196	52181
1	52200	52196
1	52204	52103
1	52208	52204
1	52211	52200
1	52219	52208
1	52222	52204
1	52226	52204
1	52229	52106
1	52239	52196
1	52244	52196
1	52247	52244
1	52250	52244
1	52254	52250
1	52259	13512
1	52265	34688
1	52272	49774
1	52286	29004
1	52290	29004
1	52304	20515
1	52308	23631
1	52317	52308
1	52321	23631
1	52373	34216
1	52380	8248
1	52463	8746
1	52574	29945
1	52577	20510
1	52706	37005
1	52711	25254
1	52752	20551
1	52760	36938
1	52785	16199
1	52829	18085
1	52833	52829
1	52842	2755
1	52846	52842
1	52851	51714
1	52856	52846
1	52866	10264
1	52871	11570
1	52876	11512
1	52881	52871
1	52886	18346
1	52890	52876
1	52897	34221
1	52900	37722
1	52918	50435
1	52921	5657
1	52925	52921
1	53112	29677
1	53153	49668
1	53158	53153
1	53164	53158
1	53168	30656
1	53171	38522
1	53176	38474
1	53181	31471
1	53187	37907
1	53193	53181
1	53199	37907
1	53206	37907
1	53211	53187
1	53217	53193
1	53222	53211
1	53229	18361
1	53446	52833
1	53612	12538
1	53616	11796
1	53623	14018
1	53625	53616
1	53628	53623
1	53633	50858
1	53638	11796
1	53724	35494
1	53729	9677
1	53733	53176
1	53893	19858
1	53898	53893
1	54021	34591
1	54025	54021
1	54029	54025
1	54033	34591
1	54044	51110
1	54049	24714
1	54129	17012
1	54133	29868
1	54137	20922
1	54199	30321
1	54203	17760
1	54210	30295
1	54214	17757
1	54222	39865
1	54230	54222
1	54307	18446
1	54311	54307
1	54338	17062
1	54344	30217
1	54351	54344
1	54356	54344
1	54490	14070
1	54497	54490
1	54500	14018
1	54503	54500
1	54506	54503
1	54538	31362
1	54542	28456
1	54562	6499
1	54567	21932
1	54576	17352
1	54581	21937
1	54591	34668
1	54597	54591
1	54716	32195
1	54721	35563
1	54726	35568
1	54753	4268
1	54758	10472
1	54761	54753
1	54764	54761
1	55489	51718
1	55494	51718
1	55498	51718
1	55502	51718
1	55521	38791
1	55555	4878
1	55560	55555
1	55564	55560
1	55568	55564
1	55597	33708
1	55613	25872
1	55622	55555
1	55665	29015
1	55675	8601
1	55678	17328
1	55682	17364
1	55686	54576
1	55690	55686
1	55698	55690
1	55704	55690
1	55708	55678
1	55713	19650
1	55722	30418
1	55728	55690
1	55732	55713
1	55736	33542
1	55747	9693
1	55761	29778
1	55767	38795
1	55773	55747
1	55794	27913
1	55800	55794
1	55805	55800
1	55811	55805
1	55817	55794
1	55823	27967
1	55829	55800
1	55834	55800
1	55840	55805
1	55846	55794
1	55891	32615
1	55915	3584
1	55923	55915
1	56045	23489
1	56052	56045
1	56060	56045
1	56079	6710
1	56083	6765
1	56087	56083
1	56091	56079
1	56096	20838
1	56099	5653
1	56123	30755
1	56138	27773
1	56142	34047
1	56148	56142
1	56151	34059
1	56155	14694
1	56158	56142
1	56161	34059
1	56164	56158
1	56167	56151
1	56170	56151
1	56174	56155
1	56177	56161
1	56748	34996
1	56754	56748
1	56760	56754
1	56765	56754
1	56769	56754
1	56789	27793
1	56793	14218
1	56799	56793
1	56803	56793
1	56809	56793
1	56813	3856
1	56876	55555
1	56880	28316
1	57015	9349
1	57024	53724
1	57030	20848
1	57035	9677
1	57077	22352
1	57081	57077
1	57085	13610
1	57087	21466
1	57157	34813
1	57163	55811
1	57227	54538
1	57263	22482
1	57267	9677
1	57271	57267
1	57275	10968
1	57281	57271
1	57285	9677
1	57289	57267
1	57294	57271
1	57299	57271
1	57304	57271
1	57308	57304
1	57313	57299
1	57319	57267
1	57323	57267
1	57327	57289
1	60606	16702
1	60623	12113
1	60631	16678
1	60764	20838
1	60911	25538
1	61112	33950
1	61198	32533
1	61206	20544
1	61232	49695
1	61242	29848
1	61250	22834
1	61254	4481
1	61327	28006
1	61521	14224
1	61637	37519
1	61640	22811
1	61660	4268
1	61701	2750
1	61790	17417
1	61793	54716
1	61826	52760
1	61837	23418
1	61842	27426
1	61860	11145
1	61872	8601
1	62041	23690
1	62045	27432
1	62049	38756
1	62055	17791
1	62137	11796
1	62140	50432
1	62142	52925
1	62145	62140
1	62147	50432
1	62231	11149
1	62234	11149
1	62253	62234
1	62257	62253
1	62268	62234
1	62274	62234
1	62284	27904
1	62288	34688
1	62294	12660
1	62298	52272
1	62304	62284
1	62308	62288
1	62313	62308
1	62414	10373
1	62419	62414
1	62424	62419
1	62428	62424
1	62432	62419
1	62436	11042
1	62737	54307
1	62783	33774
1	62799	34492
1	62809	62799
1	62814	62809
1	62952	12538
1	62958	12551
1	62966	52833
1	62982	29677
1	63028	3259
1	63032	18361
1	63078	4314
1	63314	30656
1	63406	34579
1	63414	19858
1	63421	61837
1	63427	13551
1	63433	52373
1	63521	14070
1	63527	12538
1	63533	63527
1	63538	62313
1	63679	27901
1	63807	8141
1	63814	10384
1	63820	54538
1	63826	63814
1	63921	31463
1	63927	52876
1	63932	10122
1	63935	38788
1	63982	29778
1	63987	38795
1	63993	63987
1	64002	63982
1	64006	64002
1	64061	3259
1	64065	18361
1	64070	11541
1	64074	52876
1	64078	23087
1	64084	11541
1	64089	37059
1	64094	11558
1	64125	35568
1	64130	56099
1	64132	56177
1	64136	20838
1	64140	61640
1	64148	24995
1	64211	53112
1	64217	54542
1	64221	64217
1	64225	17352
1	64229	21349
1	64234	63932
1	64237	23000
1	64241	19638
1	64245	11110
1	64250	11106
1	64254	22982
1	64259	64237
1	64264	54567
1	64268	11133
1	64272	54567
1	64276	11106
1	64280	64254
1	64285	18286
1	64289	64241
1	64294	64285
1	64335	25403
1	64340	63927
1	64343	11529
1	64348	11558
1	64547	50373
1	64560	16622
1	64569	64560
1	64582	22360
1	64695	11009
1	64730	19633
1	64734	19646
1	64738	18286
1	64742	19654
1	64746	64272
1	64752	35720
1	64757	17348
1	64761	55678
1	64765	22982
1	64769	17383
1	64773	64746
1	64778	64250
1	64782	64769
1	64786	11106
1	64790	64769
1	64794	64778
1	64798	55682
1	64806	64285
1	64811	54581
1	64815	64782
1	64819	64806
1	64823	34039
1	64827	64769
1	64831	64285
1	64835	64815
1	64839	64742
1	64844	64769
1	64853	23000
1	64859	64823
1	64864	54581
1	64868	64765
1	64872	64859
1	64876	64839
1	64880	64790
1	64884	64827
1	65321	23240
1	65333	4268
1	65336	667
1	65339	25538
1	65350	28924
1	65387	12688
1	65391	50423
1	65395	65391
1	65399	11799
1	65402	65391
1	65404	65387
1	65407	65391
1	65410	65402
1	65598	14537
1	65610	57227
1	65614	13803
1	65618	11799
1	65689	34813
1	65701	25294
1	65708	11065
1	65769	37948
1	65781	54351
1	65854	11823
1	65859	10460
1	66039	20510
1	66045	25329
1	66049	64582
1	66181	65610
1	66186	66181
1	66190	66186
1	66197	66186
1	66202	66190
1	66212	66197
1	66216	66181
1	66220	66186
1	66225	61640
1	66232	66225
1	66407	56748
1	66469	52026
1	66504	63921
1	66508	66504
1	66568	5105
1	66668	24107
1	66674	50657
1	66678	39239
1	66690	35049
1	66744	64695
1	66750	10323
1	66755	66750
1	66761	66750
1	66785	57263
1	66790	57299
1	66795	57289
1	66800	57308
1	66805	66790
1	66810	66800
1	66815	66805
1	66820	66785
1	66825	66820
1	66830	66820
1	66835	66815
1	66840	66800
1	66846	66790
1	66858	66810
1	66863	66805
1	66868	57299
1	66873	66830
1	66877	66863
1	66882	31333
1	66885	66882
1	66955	49695
1	66961	32591
1	66966	32595
1	66971	66966
1	67047	19814
1	67052	67047
1	67057	55761
1	67061	55767
1	67065	67057
1	67075	37526
1	67135	56096
1	67158	30225
1	67161	23735
1	67166	34579
1	67171	49559
1	67250	28393
1	67430	13396
1	67499	57024
1	67535	35285
1	67655	14378
1	67659	3151
1	67662	67659
1	67756	60764
1	67771	52866
1	67775	60631
1	67799	67655
1	67804	2645
1	67808	67804
1	67814	67804
1	67819	67804
1	67824	67804
1	67829	67824
1	67834	67824
1	67838	67804
1	67842	67804
1	67847	67838
1	67891	61250
1	67895	67891
1	67899	55489
1	67944	34047
1	67947	67659
1	67951	67944
1	68040	8141
1	68047	68040
1	68103	65769
1	68156	66504
1	68160	23000
1	68165	22991
1	68433	63679
1	68440	29801
1	68447	35568
1	68461	68447
1	68465	20957
1	68483	4314
1	68491	13190
1	68499	30225
1	68505	68499
1	68508	68505
1	68516	68505
1	68520	68516
1	68613	9693
1	68658	10151
1	68662	56079
1	68666	20776
1	68670	28801
1	68675	68666
1	69070	52752
1	69075	8892
1	69174	62737
1	69178	11796
1	69182	10774
1	69186	69182
1	69189	69182
1	69196	69189
1	69200	13239
1	69206	9822
1	69213	9822
1	69236	4649
1	69240	49551
1	69245	49559
1	69249	69236
1	69253	49538
1	69257	49577
1	69264	49581
1	69268	69236
1	69654	17143
1	69863	10264
1	69869	69863
1	69873	24536
1	69879	63807
1	69884	69240
1	69889	52856
1	69932	29183
1	69952	36525
1	69957	11828
1	69961	4890
1	70027	21320
1	70029	11149
1	70032	70029
1	70034	50409
1	70039	31724
1	70041	70032
1	70043	70034
1	70045	70039
1	70048	70034
1	70050	70034
1	70052	70050
1	70054	2750
1	70059	70054
1	70063	23955
1	70070	37360
1	70075	5600
1	70079	23087
1	70091	52026
1	70145	32549
1	70154	3139
1	70158	3145
1	70163	70158
1	70167	70145
1	70172	70158
1	70176	11500
1	70180	70167
1	70184	70167
1	70188	70154
1	70192	37509
1	70197	61790
1	70200	3259
1	70204	60623
1	70212	61793
1	70232	3584
1	70245	4290
1	70251	33345
1	70256	3659
1	70261	3664
1	70266	70261
1	70278	3676
1	70284	70261
1	70289	70261
1	70294	70261
1	70305	70289
1	70314	70294
1	70319	70284
1	70325	70266
1	70339	3732
1	70342	69178
1	70346	69178
1	70348	56813
1	70380	70245
1	70384	70380
1	70387	70384
1	70391	70384
1	70395	70391
1	70399	70391
1	70407	70395
1	70412	70395
1	70416	70380
1	70421	70399
1	70426	70399
1	70430	70395
1	70434	70391
1	70437	70430
1	70448	70430
1	70454	70399
1	70457	70387
1	70461	70421
1	70465	70461
1	70468	70407
1	70472	70391
1	70475	70426
1	70480	70176
1	70485	70421
1	70489	70399
1	70492	70430
1	70496	70457
1	70499	70457
1	70503	70457
1	70507	70384
1	70511	70499
1	70514	70457
1	70517	70412
1	70521	70511
1	70525	70407
1	70529	70496
1	70538	68491
1	70590	4277
1	70595	70590
1	70600	70595
1	70605	70595
1	70611	70595
1	70616	54753
1	70622	70232
1	70632	70212
1	70636	70632
1	70641	14224
1	70645	14694
1	70648	51110
1	70655	4320
1	70661	69070
1	70668	70661
1	70672	70668
1	70677	70266
1	70681	55915
1	70687	4395
1	70692	70681
1	70700	70681
1	70706	70687
1	70724	50546
1	70729	11214
1	70737	4476
1	70743	69178
1	70746	70743
1	70749	70746
1	70768	25311
1	70776	4649
1	70781	70776
1	70785	70776
1	70820	27186
1	70827	51060
1	70841	61860
1	70844	70616
1	70849	70844
1	70854	70849
1	70859	23713
1	70864	70854
1	70869	70849
1	70876	70864
1	70881	70854
1	70886	70854
1	70891	70869
1	70896	70854
1	70908	70886
1	70912	70881
1	70917	70912
1	70928	13077
1	70933	70204
1	70958	5600
1	70964	70192
1	70970	33551
1	70975	70079
1	70980	70975
1	70984	5293
1	71012	20576
1	71022	70192
1	71026	14228
1	71038	36938
1	71044	18446
1	71049	70636
1	71054	23418
1	71060	10934
1	71066	28599
1	71071	33551
1	71077	70964
1	71081	71077
1	71085	71081
1	71095	70841
1	71099	30960
1	71118	67499
1	71122	71060
1	71129	71122
1	71135	18057
1	71141	12581
1	71146	18797
1	71151	37360
1	71155	70180
1	71159	71155
1	71163	71155
1	71167	71163
1	71177	34221
1	71181	71167
1	71186	71155
1	71190	6036
1	71194	70176
1	71198	71155
1	71202	71198
1	71206	71163
1	71211	37368
1	71216	71190
1	71221	71216
1	71226	71167
1	71234	71159
1	71238	71190
1	71243	71226
1	71255	32533
1	71260	71012
1	71265	70158
1	71270	71060
1	71277	24836
1	71282	71277
1	71288	71282
1	71294	71277
1	71300	14074
1	71308	30589
1	71310	70844
1	71316	71135
1	71327	70859
1	71345	10875
1	71352	25403
1	71357	69240
1	71364	70091
1	71372	71364
1	71390	11500
1	71397	71390
1	71410	67171
1	71415	19791
1	71427	3856
1	71431	36766
1	71458	39456
1	71463	33551
1	71468	34047
1	71479	6689
1	71524	71060
1	71530	70289
1	71536	70590
1	71541	969
1	71545	71541
1	71550	71545
1	71556	71541
1	71561	71545
1	71566	71545
1	71571	71545
1	71576	71541
1	71580	71541
1	71584	71556
1	71589	71566
1	71594	71584
1	71599	71550
1	71609	71580
1	71613	71561
1	71618	71609
1	71622	71545
1	71640	71277
1	71651	31362
1	71658	71651
1	71702	8328
1	71719	71702
1	71751	8400
1	71777	71719
1	71874	52200
1	71879	8779
1	71884	71879
1	71889	71884
1	71910	8685
1	71972	71874
1	71978	71972
1	72127	49695
1	72133	70261
1	72138	70180
1	72142	70980
1	72149	72138
1	72156	71194
1	72164	71190
1	72169	72164
1	72174	71238
1	72182	71099
1	72186	53168
1	72189	30960
1	72193	72189
1	72197	19377
1	72201	23263
1	72205	71536
1	72210	72205
1	72220	72210
1	72225	70192
1	72230	70212
1	72234	72230
1	72258	67499
1	72262	70180
1	72267	39783
1	72276	72258
1	72284	72164
1	72290	72164
1	72296	72284
1	72300	60631
1	72306	72300
1	72312	72300
1	72318	72306
1	72324	72312
1	72354	2788
1	72358	37069
1	72363	70655
1	72370	52045
1	72376	4320
1	72382	18354
1	72391	72258
1	72396	34034
1	72406	14611
1	72412	21932
1	72416	56083
1	72421	72416
1	72426	37069
1	72431	71066
1	72437	70180
1	72441	72437
1	72444	70070
1	72459	64340
1	72463	72459
1	72467	70192
1	72473	66744
1	72477	39559
1	72487	52026
1	72499	72487
1	72504	72499
1	72508	12113
1	72514	72508
1	72519	72508
1	72529	72258
1	72534	72529
1	72538	71282
1	72542	71288
1	72547	72258
1	72551	72267
1	72556	72534
1	72561	72267
1	72565	71288
1	72569	71277
1	72573	72547
1	72577	72267
1	72582	72542
1	72586	72542
1	72591	72258
1	72595	72556
1	72600	72547
1	72604	72569
1	72612	72138
1	72617	72612
1	72622	72612
1	72627	72612
1	72631	72622
1	72642	66678
1	72646	72642
1	72651	72642
1	72655	72646
1	72659	62284
1	72664	72646
1	72668	37014
1	72678	72276
1	72700	72382
1	72731	19791
1	72736	72731
1	72741	72736
1	72746	52851
1	72755	72138
1	72767	72755
1	72772	72767
1	72775	72258
1	72782	70984
1	72787	71038
1	72801	10323
1	72827	72787
1	72834	32615
1	72839	72827
1	72844	72839
1	72849	72839
1	72855	72849
1	72859	72839
1	72864	33551
1	72874	71194
1	72878	33551
1	72884	72878
1	72890	72296
1	72894	72182
1	72899	72225
1	72944	72197
1	72957	53893
1	72962	10460
1	72968	72962
1	72973	65854
1	72978	72962
1	72982	52752
1	72990	72982
1	72995	3732
1	72998	70339
1	73000	72998
1	73003	73000
1	73007	73000
1	73009	73003
1	73012	72197
1	73017	71415
1	73023	71352
1	73027	73017
1	73031	73017
1	73036	73027
1	73040	73017
1	73045	73031
1	73050	73027
1	73054	73017
1	73058	73031
1	73062	73027
1	73075	73058
1	73080	73017
1	73085	73050
1	73089	73085
1	73094	73031
1	73118	23924
1	73123	51718
1	73138	71651
1	73145	73138
1	73151	73145
1	73158	73145
1	73163	73151
1	73167	73151
1	73173	73151
1	73181	73167
1	73186	71352
1	73190	73181
1	73195	73158
1	73201	73181
1	73210	73163
1	73216	73158
1	73226	73195
1	73231	73173
1	73235	54753
1	73245	72801
1	73251	73235
1	73256	73245
1	73261	10985
1	73275	57024
1	73281	14315
1	73294	62809
1	73298	72782
1	73302	10934
1	73308	72973
1	73320	72133
1	73326	73320
1	73330	73326
1	73335	73320
1	73339	73335
1	73343	73326
1	73347	73330
1	73351	73347
1	73356	73320
1	73360	73335
1	73364	73343
1	73368	73335
1	73372	73364
1	73377	73360
1	73431	70232
1	73438	53724
1	73444	33282
1	73449	73438
1	73454	11094
1	73459	11110
1	73463	73459
1	73467	73459
1	73477	28154
1	73484	3199
1	73487	34996
1	73492	73487
1	73497	73487
1	73502	73497
1	73507	70091
1	73512	72487
1	73526	70768
1	73531	70616
1	73545	72982
1	73551	70632
1	73556	11047
1	73568	73556
1	73572	73556
1	73588	73556
1	73594	73588
1	73605	73568
1	73611	73568
1	73617	73611
1	73623	73594
1	73639	19382
1	73644	71390
1	73649	11500
1	73653	11506
1	73656	72627
1	73666	9652
1	73671	31132
1	73677	73671
1	73687	73677
1	73692	73671
1	73696	73692
1	73702	73696
1	73717	55597
1	73725	71012
1	73730	72358
1	73736	11815
1	73743	73730
1	73748	73730
1	73753	73748
1	73758	73730
1	73763	73758
1	73768	73736
1	73774	73748
1	73779	73768
1	73786	73743
1	73791	73763
1	73796	73748
1	73801	73791
1	73805	3151
1	73810	22834
1	73821	10055
1	73826	72508
1	73834	12159
1	73839	73834
1	73843	49720
1	73850	12557
1	73857	73843
1	73864	12551
1	73870	73843
1	73876	73864
1	73882	73857
1	73887	73864
1	73893	73857
1	73897	73893
1	73911	35014
1	73918	12581
1	73928	18797
1	73933	72300
1	73940	73653
1	73953	27913
1	73957	73696
1	73961	73953
1	73966	73961
1	73971	73953
1	73976	73966
1	73986	73971
1	73990	73957
1	73994	73990
1	73998	73961
1	74003	73990
1	74007	73966
1	74014	73953
1	74019	73961
1	74028	74019
1	74036	73971
1	74040	73994
1	74044	73957
1	74070	17417
1	74085	73666
1	74091	70059
1	74096	70348
1	74100	74096
1	74103	70768
1	74118	71038
1	74123	18057
1	74128	74123
1	74135	74123
1	74145	70480
1	74150	37014
1	74156	74150
1	74161	12931
1	74166	74161
1	74171	70054
1	74175	71151
1	74180	74145
1	74184	72755
1	74198	4649
1	74224	71135
1	74254	74175
1	74260	72290
1	74266	72284
1	74272	74266
1	74278	71198
1	74282	54307
1	74307	13512
1	74313	73671
1	74319	74313
1	74323	74313
1	74328	73687
1	74334	74323
1	74339	74323
1	74343	74319
1	74347	74343
1	74351	74339
1	74355	74319
1	74359	74351
1	74363	74313
1	74367	74334
1	74378	74343
1	74382	74313
1	74386	72962
1	74390	74386
1	74394	74390
1	74398	74386
1	74403	34043
1	74408	34591
1	74413	11145
1	74427	37948
1	74433	65614
1	74436	13806
1	74438	70841
1	74440	74433
1	74443	73639
1	74458	72149
1	74463	72874
1	74469	74260
1	74500	71211
1	74517	73588
1	74529	73594
1	74536	74529
1	74546	72565
1	74550	72586
1	74554	71288
1	74558	74554
1	74562	71300
1	74604	72801
1	74611	3664
1	74648	14234
1	74657	35761
1	74671	70896
1	74677	70908
1	74682	74135
1	74697	72678
1	74704	72612
1	74709	74704
1	74713	74709
1	74718	72612
1	74722	74260
1	74725	72755
1	74728	74704
1	74732	74704
1	74736	70176
1	74740	74736
1	74743	72138
1	74750	74743
1	74754	74743
1	74758	38431
1	74762	23346
1	74767	73138
1	74772	71352
1	74776	52760
1	74785	74776
1	74792	74785
1	74797	74776
1	74802	74792
1	74807	74785
1	74812	74802
1	74819	74792
1	74823	54044
1	74831	74797
1	74838	70681
1	74843	70692
1	74849	74843
1	74854	14522
1	74858	74843
1	74874	65598
1	74880	73801
1	74885	74874
1	74889	74885
1	74894	71066
1	74900	71159
1	74905	74443
1	74910	72156
1	74915	73656
1	74940	70632
1	74949	74940
1	74953	74949
1	74957	74949
1	74961	14688
1	74967	74949
1	74971	34030
1	74975	74949
1	74983	71012
1	74989	70984
1	74993	10278
1	75001	72396
1	75007	14800
1	75018	75007
1	75023	75018
1	75027	70256
1	75034	74103
1	75040	29183
1	75044	72382
1	75092	71135
1	75116	72318
1	75122	75116
1	75128	75122
1	75135	75122
1	75149	71364
1	75177	75034
1	75288	75135
1	75299	74677
1	75310	14611
1	75316	71777
1	75333	16622
1	75344	12538
1	75349	75344
1	75366	17935
1	75373	73487
1	75415	56876
1	75440	61660
1	75591	75415
1	75597	75333
1	75678	70091
1	75697	14800
1	75726	8375
1	75783	75726
1	75842	70768
1	75853	75697
1	75876	75092
1	75986	75344
1	75992	75299
1	76000	75986
1	76082	75986
1	76137	75678
1	76173	16780
1	76197	29834
1	76200	76197
1	76235	75092
1	76246	70933
1	76251	70933
1	76258	70933
1	76263	53168
1	76269	72406
1	76274	30217
1	76281	66678
1	76285	76281
1	76289	76281
1	76296	76274
1	76301	72678
1	76307	71238
1	76312	70163
1	76316	29868
1	76331	71012
1	76345	3259
1	76350	73639
1	76356	76350
1	76361	74443
1	76374	70180
1	76382	74915
1	76390	72772
1	76399	29004
1	76403	73009
1	76406	56099
1	76410	13803
1	76414	66049
1	76418	74313
1	76433	14315
1	76437	76361
1	76452	14218
1	76457	76452
1	76462	76452
1	76467	34652
1	76472	33021
1	76476	17333
1	76485	73123
1	76490	75044
1	76509	74171
1	76521	29183
1	76524	75344
1	76542	72318
1	76549	73897
1	76559	73666
1	76564	74403
1	76570	72834
1	76575	2801
1	76581	17722
1	76601	74175
1	76606	76437
1	76616	17935
1	76628	56765
1	76633	70729
1	76638	76633
1	76647	74224
1	76652	74427
1	76657	74408
1	76664	70776
1	76671	73151
1	76677	55489
1	76683	14234
1	76697	14074
1	76703	2686
1	76715	74648
1	76726	76345
1	76730	19114
1	76734	76730
1	76738	76307
1	76743	28599
1	76748	76743
1	76753	76748
1	76757	18333
1	76762	76757
1	76766	18377
1	76796	73431
1	76802	72225
1	76807	2793
1	76822	31132
1	76828	74403
1	76833	73696
1	76839	76833
1	76844	76839
1	76855	76833
1	76866	76350
1	76871	8375
1	76881	53724
1	76886	25249
1	76891	70176
1	76924	73545
1	76937	73666
1	76941	76937
1	76945	76941
1	76949	76941
1	76953	73666
1	76957	76953
1	76961	76949
1	76965	76945
1	76969	76961
1	76974	70192
1	76983	74403
1	76988	73545
1	76995	76988
1	77010	72827
1	77016	77010
1	77022	77010
1	77043	55521
1	77048	77043
1	77053	77048
1	77059	77053
1	77072	77048
1	77081	77053
1	77085	77048
1	77089	77048
1	77098	77081
1	77102	77081
1	77106	77072
1	77128	77053
1	77132	77072
1	77141	71571
1	77146	71618
1	77151	77141
1	77157	77146
1	77163	77141
1	77168	77163
1	77173	77168
1	77178	71550
1	77184	77146
1	77188	76683
1	77192	75415
1	77197	77192
1	77204	73933
1	77210	77204
1	77215	77210
1	77222	74408
1	77227	77222
1	77232	19110
1	77237	77227
1	77249	54338
1	77259	76730
1	77263	71390
1	77292	63078
1	77300	66755
1	77327	74171
1	77331	77327
1	77361	68040
1	77367	77361
1	77372	71357
1	77383	77367
1	77388	77367
1	77393	77388
1	77405	77388
1	77409	20057
1	77414	77405
1	77419	77383
1	77441	74874
1	77447	71345
1	77452	77447
1	77456	76521
1	77501	62041
1	77511	70590
1	77517	77511
1	77521	77511
1	77526	77517
1	77530	77517
1	77534	77530
1	77538	77517
1	77542	77534
1	77547	76969
1	77551	77530
1	77555	77517
1	77560	72358
1	77566	71077
1	77577	65614
1	77581	65614
1	77584	74440
1	77587	76399
1	77607	51746
1	77611	29004
1	77614	20715
1	77623	77614
1	77630	77623
1	77641	71122
1	77656	20776
1	77667	76715
1	77673	77656
1	77678	77667
1	77689	76345
1	77694	62737
1	77698	72894
1	77701	64340
1	77706	74732
1	77711	77706
1	77729	71099
1	77734	77729
1	77738	77729
1	77743	72138
1	77747	9822
1	77751	77747
1	77755	77743
1	77759	77755
1	77767	77759
1	77771	73454
1	77792	49695
1	77798	75333
1	77815	65598
1	77835	73497
1	77842	77798
1	77847	77842
1	77852	76738
1	77860	21457
1	77866	77835
1	77871	77566
1	77876	77871
1	77882	77876
1	77887	77876
1	77897	77882
1	77901	77882
1	77906	77887
1	77911	77882
1	77915	77882
1	77923	70348
1	77926	76490
1	77946	73666
1	77952	77946
1	77956	76974
1	77962	76472
1	77967	55708
1	77971	21947
1	77976	73459
1	77981	64864
1	77986	3145
1	77990	77986
1	77994	77990
1	77998	77986
1	78002	77990
1	78006	77994
1	78012	77986
1	78016	77998
1	78020	78006
1	78025	77986
1	78029	77994
1	78033	78012
1	78041	78033
1	78047	78033
1	78054	77998
1	78058	78002
1	78062	77990
1	78066	77998
1	78070	78006
1	78078	73810
1	78090	74096
1	78101	67250
1	78135	71277
1	78139	74386
1	78150	78101
1	78155	74403
1	78164	74697
1	78169	72894
1	78174	77729
1	78186	67756
1	78216	77860
1	78221	22834
1	78231	72801
1	78237	74517
1	78243	73594
1	78250	73568
1	78256	78243
1	78269	78256
1	78275	78237
1	78281	78250
1	78287	73594
1	78293	78237
1	78299	73588
1	78305	78293
1	78316	78275
1	78322	78305
1	78328	78243
1	78334	78250
1	78340	75288
1	78346	78328
1	78352	78256
1	78358	73594
1	78363	70197
1	78365	76197
1	78368	22951
1	78372	64738
1	78376	55682
1	78380	78372
1	78384	22982
1	78390	64225
1	78394	73459
1	78398	64259
1	78402	14315
1	78407	70841
1	78418	23065
1	78423	78418
1	78428	78418
1	78432	78418
1	78438	78428
1	78443	78418
1	78448	78418
1	78453	78432
1	78458	78423
1	78463	78438
1	78468	78423
1	78472	78468
1	78476	78463
1	78481	78468
1	78485	78453
1	78490	78481
1	78494	78432
1	78499	70600
1	78503	78448
1	78508	78503
1	78513	78428
1	78522	78513
1	78527	78443
1	78532	78485
1	78538	78476
1	78550	23087
1	78554	33551
1	78558	74736
1	78562	74709
1	78567	78558
1	78574	78558
1	78578	33551
1	78592	76403
1	78595	69186
1	78673	62737
1	78677	78673
1	78691	70348
1	78699	56060
1	78715	23631
1	78720	78715
1	78724	23107
1	78729	70192
1	78734	74091
1	78739	70933
1	78745	70933
1	78765	70197
1	78775	18043
1	78780	72133
1	78784	23852
1	78789	78784
1	78799	33411
1	78805	37519
1	78809	23924
1	78817	23947
1	78822	78809
1	78827	56876
1	78833	11766
1	78877	24107
1	78882	73821
1	78888	76575
1	78896	78882
1	78900	72519
1	78906	78882
1	78910	78882
1	78918	78882
1	78924	74403
1	78929	24416
1	78980	72487
1	78986	78980
1	78992	78986
1	78997	78992
1	79000	74989
1	79004	72133
1	79009	77447
1	79013	79009
1	79017	70266
1	79022	79009
1	79026	74123
1	79032	79026
1	79037	76638
1	79042	75299
1	79047	79042
1	79052	74758
1	79061	74758
1	79065	79052
1	79069	79065
1	79073	79069
1	79078	79065
1	79082	79069
1	79090	79078
1	79098	74989
1	79103	22977
1	79107	78006
1	79113	74989
1	79118	70984
1	79127	74378
1	79131	79127
1	79135	79131
1	79139	74367
1	79143	79139
1	79147	79139
1	79151	79143
1	79155	79131
1	79159	79155
1	79163	79147
1	79169	79155
1	79173	79131
1	79177	79173
1	79185	79147
1	79189	79169
1	79193	79159
1	79197	79177
1	79201	79193
1	79210	73736
1	79214	77327
1	79222	79214
1	79229	70200
1	79233	79082
1	79238	72267
1	79243	70192
1	79248	72225
1	79254	79248
1	79257	72801
1	79274	8248
1	79279	25006
1	79292	2750
1	79296	70059
1	79301	79296
1	79334	71099
1	79340	79334
1	79344	77738
1	79360	77738
1	79366	20848
1	79371	79340
1	79375	77300
1	79379	71122
1	79395	20576
1	79402	76886
1	79407	74145
1	79420	72276
1	79425	74278
1	79429	74386
1	79433	79429
1	79439	70204
1	79446	79439
1	79452	76983
1	79458	72801
1	79474	74156
1	79479	71146
1	79485	71260
1	79490	73928
1	79495	79474
1	79501	79485
1	79511	70743
1	79515	77010
1	79527	77614
1	79532	71060
1	79537	78924
1	79547	78780
1	79554	78090
1	79560	62799
1	79565	74070
1	79657	73275
1	79666	70475
1	79670	25872
1	79675	77222
1	79681	77237
1	79687	79681
1	79693	79681
1	79699	77614
1	79716	39177
1	79749	73477
1	79751	78805
1	79763	78805
1	79765	79763
1	79767	79763
1	79780	35014
1	79788	70054
1	79792	79296
1	79797	79788
1	79802	79797
1	79806	79296
1	79810	2801
1	79817	74838
1	79822	71316
1	79827	77842
1	79832	74858
1	79842	74854
1	79846	79827
1	79852	72138
1	79857	72164
1	83297	69236
1	83301	77456
1	83304	27904
1	83309	27904
1	83314	83304
1	83318	83304
1	83327	76937
1	83332	73118
1	83348	71066
1	83372	39865
1	83379	73431
1	83384	70622
1	83389	70232
1	83414	62737
1	83418	71651
1	83434	11506
1	83443	56793
1	83447	68103
1	83451	74611
1	83457	83443
1	83461	83457
1	83488	34025
1	83492	55698
1	83496	83492
1	83500	70641
1	83510	70636
1	83520	79670
1	83550	71255
1	84169	28706
1	84173	28764
1	84177	84169
1	84189	84169
1	84198	84177
1	84202	84198
1	84206	84198
1	84210	84169
1	84214	84198
1	84218	84210
1	84227	77678
1	84232	84189
1	84237	84218
1	84241	84202
1	84250	84198
1	84254	84214
1	84258	84177
1	84262	84214
1	84266	84218
1	84274	84210
1	84282	84198
1	84290	70841
1	84306	4268
1	84314	28924
1	84338	71012
1	84343	78216
1	84349	71364
1	84387	29004
1	84391	70648
1	84402	37952
1	84407	84402
1	84417	84407
1	84422	84402
1	84427	84417
1	84432	84402
1	84437	84422
1	84442	84402
1	84447	84422
1	84452	84442
1	84457	75591
1	84462	84417
1	84467	84462
1	84502	72487
1	84509	20515
1	84513	84509
1	84518	84391
1	84526	74697
1	84531	71294
1	84540	74767
1	84548	76269
1	84556	84548
1	84561	84556
1	84568	84561
1	84577	72276
1	84583	76312
1	84588	84577
1	84593	84588
1	84598	84593
1	84622	71255
1	84627	70167
1	84632	77614
1	84643	76307
1	84648	12113
1	84653	84648
1	84662	84648
1	84665	78765
1	84668	78078
1	84675	84668
1	84682	78216
1	84687	84682
1	84694	70729
1	84700	84687
1	84706	70616
1	84710	70896
1	84715	73805
1	84721	72801
1	84725	84721
1	84743	68491
1	84750	74812
1	84763	84632
1	84771	73545
1	84776	84771
1	84783	84648
1	84789	30225
1	84792	71135
1	84805	72827
1	84817	77852
1	84823	72156
1	84836	70964
1	84870	30383
1	84875	30960
1	84879	24696
1	84884	84879
1	84889	79429
1	84901	37069
1	84905	70325
1	84912	84905
1	84917	71066
1	84922	74463
1	84932	84391
1	84937	84457
1	84942	77192
1	84952	71054
1	84959	84932
1	84964	79751
1	84970	71390
1	84979	72944
1	84983	84979
1	84991	73666
1	84996	84991
1	85000	84996
1	85005	85000
1	85010	76957
1	85015	78729
1	85019	85015
1	85023	78734
1	85034	78139
1	85038	71530
1	85042	20776
1	85047	85042
1	85052	79257
1	85063	73275
1	85068	79360
1	85072	70681
1	85077	70692
1	85083	30755
1	85097	84668
1	85112	30844
1	85117	77738
1	85121	33287
1	85126	85117
1	85130	20848
1	85139	85117
1	85143	79340
1	85152	85112
1	85162	85130
1	85172	79360
1	85177	72467
1	85186	77771
1	85194	79780
1	85200	71135
1	85204	30960
1	85208	30960
1	85213	72205
1	85218	85213
1	85224	85218
1	85228	85224
1	85232	85228
1	85236	85232
1	85240	85228
1	85244	85218
1	85250	85228
1	85259	6755
1	85314	70964
1	85323	78432
1	85328	85323
1	85333	85323
1	85338	85328
1	85343	85338
1	85348	85314
1	85358	74367
1	85362	85358
1	85367	77456
1	85422	4898
1	85427	79716
1	85431	70820
1	85443	71651
1	85477	79379
1	85486	70204
1	85493	83418
1	85498	85493
1	85504	74443
1	85509	69206
1	85514	74171
1	85519	70059
1	85523	72358
1	85528	72363
1	85540	84427
1	85545	72827
1	85552	72839
1	85557	72849
1	85562	72149
1	85567	79780
1	85572	14218
1	85576	76452
1	85580	74611
1	85594	70841
1	85601	83304
1	85606	73957
1	85611	85606
1	85619	85606
1	85624	72775
1	85648	76521
1	85651	51746
1	85662	70820
1	85669	19377
1	85673	3259
1	85680	72396
1	85689	32615
1	85700	4395
1	85704	85700
1	85715	76331
1	85722	78186
1	85731	70681
1	85741	70145
1	85746	76301
1	85751	32539
1	85756	72787
1	85762	85756
1	85767	85756
1	85773	85762
1	85777	85773
1	85782	71463
1	85788	72225
1	85804	74096
1	85826	78691
1	85834	75310
1	85841	36532
1	85846	74989
1	85850	79257
1	85862	73302
1	85868	85862
1	85873	55622
1	85880	85873
1	85885	77815
1	85890	85880
1	85896	85880
1	85905	85880
1	85916	85880
1	85922	55564
1	85928	85528
1	85936	74989
1	85940	85936
1	85961	72182
1	85968	23346
1	85973	72267
1	85983	79103
1	85988	72591
1	85993	76331
1	85999	72262
1	86008	85993
1	86012	86008
1	86018	33551
1	86022	72444
1	86025	86022
1	86029	86018
1	86032	33551
1	86036	71066
1	86041	72878
1	86044	29826
1	86049	71415
1	86055	71410
1	86063	77923
1	86066	17460
1	86076	62737
1	86079	70964
1	86084	77547
1	86103	85498
1	86114	70590
1	86119	84509
1	86123	86114
1	86128	86114
1	86133	32958
1	86138	86133
1	86143	73308
1	86148	86133
1	86166	64560
1	86175	8649
1	86179	74776
1	86189	34025
1	86193	78006
1	86200	34039
1	86204	78006
1	86211	77967
1	86215	86211
1	86219	34043
1	86224	72944
1	86227	77614
1	86233	85063
1	86238	9840
1	86273	79395
1	86280	74224
1	86286	28380
1	86293	74854
1	86305	30589
1	86308	68491
1	86326	84870
1	86330	78715
1	86334	86330
1	86338	86330
1	86342	86330
1	86346	86330
1	86370	57263
1	86375	86370
1	86380	86375
1	86385	77151
1	86393	86370
1	86398	86393
1	86403	72731
1	86409	86403
1	86413	86409
1	86420	86413
1	86426	86409
1	86432	34591
1	86447	85572
1	86458	73671
1	86464	70648
1	86468	84889
1	86503	57157
1	86509	73320
1	86513	86509
1	86517	86513
1	86521	86513
1	86525	86513
1	86529	86521
1	86534	84343
1	86539	77587
1	86543	78231
1	86547	74224
1	86552	73487
1	86557	85072
1	86584	79243
1	86588	86584
1	86592	77876
1	86597	86588
1	86602	86588
1	86606	74145
1	86612	72878
1	86618	86612
1	86622	84588
1	86626	86612
1	86642	73017
1	86658	73431
1	86663	72944
1	86674	72382
1	86683	35480
1	86690	76766
1	86695	76748
1	86702	74910
1	86707	72542
1	86712	77456
1	86723	72487
1	86729	75678
1	86742	76399
1	86751	85669
1	86756	65614
1	86760	67804
1	86767	72363
1	86792	21320
1	86794	75299
1	86803	13077
1	86810	86803
1	86814	86810
1	86819	27426
1	86832	74224
1	86837	74758
1	86910	79098
1	86916	76331
1	86920	76307
1	86924	84889
1	86943	17417
1	86946	79214
1	86981	77738
1	86991	83332
1	86996	83332
1	87001	77694
1	87005	70192
1	87010	77010
1	87015	87010
1	87021	76871
1	87027	87021
1	87031	39172
1	87036	36532
1	87047	87036
1	87052	87031
1	87058	36532
1	87064	85885
1	87069	85841
1	87074	71066
1	87089	78101
1	87106	29004
1	87110	71012
1	87122	71141
1	87127	79501
1	87132	86606
1	87137	86606
1	87143	87137
1	87148	74463
1	87155	79857
1	87159	74180
1	87180	85042
1	87185	87180
1	87188	37014
1	87193	87188
1	87198	87193
1	87203	87193
1	87221	70841
1	87224	87221
1	87226	73653
1	87231	74145
1	87235	65387
1	87239	86063
1	87243	86063
1	87254	86447
1	87259	87010
1	87266	11500
1	87271	76307
1	87275	71390
1	87280	70167
1	87286	70070
1	87291	87286
1	87300	79797
1	87306	85514
1	87310	85545
1	87318	73186
1	87322	33551
1	87329	74709
1	87339	87329
1	87344	70980
1	87348	84879
1	87364	39150
1	87368	76350
1	87380	78186
1	87422	54490
1	87440	86943
1	87443	78805
1	87450	76345
1	87455	74743
1	87459	87450
1	87464	87455
1	87474	69654
1	87479	74758
1	87485	74762
1	87489	79113
1	87493	87485
1	87498	87493
1	87502	70232
1	87507	79257
1	87512	87507
1	87517	87010
1	87525	87517
1	87532	87517
1	87537	87532
1	87545	87517
1	87552	53187
1	87557	87517
1	87563	87532
1	87570	87517
1	87576	87570
1	87588	87545
1	87594	87537
1	87613	70232
1	87622	84789
1	87626	66181
1	87631	87626
1	87635	87626
1	87657	71151
1	87663	70079
1	87668	85746
1	87692	76316
1	87696	87692
1	87703	85669
1	87706	83447
1	87711	74408
1	87717	86432
1	87721	87711
1	87732	70212
1	87737	86227
1	87744	87737
1	87756	74758
1	87761	74762
1	87765	70984
1	87769	76757
1	87773	74910
1	87780	75007
1	87787	76263
1	87796	38508
1	87805	38479
1	87810	85152
1	87815	57030
1	87820	78174
1	87825	87815
1	87851	86751
1	87855	70776
1	87860	70781
1	87865	87855
1	87874	70841
1	87898	50566
1	87910	85834
1	87919	73779
1	87925	87919
1	87934	36705
1	87939	9365
1	87944	77738
1	87950	72225
1	87962	3187
1	87966	70590
1	87971	87966
1	87976	77547
1	87980	78809
1	87984	70172
1	87989	76891
1	87994	86946
1	88008	63921
1	88023	76871
1	88028	87910
1	88033	87036
1	88043	87047
1	88048	87036
1	88052	88028
1	88057	88033
1	88062	88043
1	88067	88052
1	88072	88052
1	88077	85431
1	88087	79379
1	88096	70933
1	88102	74224
1	88108	73671
1	88115	72358
1	88120	88115
1	88124	73308
1	88129	15322
1	88135	73302
1	88142	39361
1	88148	73957
1	88154	88148
1	88160	74040
1	88165	88148
1	88169	86756
1	88177	70749
1	88183	88169
1	88186	76403
1	88189	77587
1	88192	74096
1	88195	72477
1	88198	87703
1	88206	76524
1	88213	77292
1	88219	88135
1	88225	72668
1	88231	87198
1	88235	88231
1	88240	72487
1	88246	71972
1	88254	88240
1	88268	70781
1	88274	79474
1	88279	71390
1	88284	79229
1	88288	70200
1	88292	88284
1	88296	88292
1	88301	88292
1	88306	88301
1	88311	88292
1	88316	88306
1	88321	88316
1	88327	88284
1	88331	88321
1	88336	88316
1	88340	88321
1	88344	88336
1	88348	88306
1	88352	88306
1	88360	88306
1	88365	88360
1	88369	88360
1	88379	88336
1	88383	88348
1	88387	88327
1	88391	88284
1	88395	88360
1	88399	21320
1	88457	71038
1	88462	70984
1	88471	76331
1	88477	86916
1	88481	88471
1	88485	79069
1	88489	70984
1	88494	86916
1	88499	88494
1	88510	79429
1	88523	86273
1	88553	73054
1	88557	78924
1	88562	85097
1	88574	71194
1	88578	87231
1	88584	86018
1	88590	72878
1	88595	86041
1	88600	74910
1	88605	79560
1	88610	85244
1	88616	88605
1	88621	88616
1	88640	69236
1	88646	49551
1	88650	49567
1	88656	88646
1	88685	49720
1	88691	73843
1	88709	88691
1	88722	72318
1	88728	88722
1	88735	88728
1	88741	88691
1	88747	73887
1	88770	74282
1	88777	84622
1	88797	79817
1	88803	88797
1	88807	88803
1	88822	85788
1	88826	14315
1	88866	73843
1	88873	14800
1	88878	88169
1	88882	50432
1	88886	79375
1	88914	77835
1	88919	73502
1	88923	88919
1	88928	76197
1	88937	72995
1	88941	83520
1	88957	86606
1	88977	84632
1	88983	88977
1	88994	84568
1	89006	88124
1	89047	87010
1	89052	89047
1	89057	77372
1	89075	77456
1	89077	70841
1	89088	66049
1	89092	76399
1	89100	8248
1	89126	88866
1	89132	74677
1	89178	76246
1	89184	74282
1	89189	61790
1	89201	70204
1	89207	84776
1	89222	19078
1	89226	33411
1	89238	84502
1	89248	83304
1	89255	85619
1	89259	83304
1	89263	89259
1	89268	89255
1	89272	85611
1	89319	79780
1	89337	72787
1	89404	18197
1	89408	72839
1	89420	16912
1	89443	25683
1	89450	87517
1	89456	87576
1	89461	89450
1	89467	89450
1	89472	89450
1	89479	87780
1	89487	88557
1	89492	86432
1	89496	87717
1	89528	30755
1	89538	87984
1	89542	89538
1	89546	72463
1	89550	85751
1	89554	86723
1	89560	75597
1	89566	89560
1	89578	74135
1	89584	73431
1	89589	89560
1	89595	89566
1	89601	89566
1	89606	89560
1	89611	89606
1	89615	89554
1	89641	85443
1	89648	85651
1	89652	31337
1	89655	31340
1	89658	72957
1	89662	79248
1	89666	77876
1	89670	52308
1	89674	89670
1	89678	89666
1	89682	89674
1	89695	89670
1	89699	89674
1	89704	89699
1	89708	89670
1	89712	89682
1	89716	89662
1	89720	89712
1	89736	74443
1	89745	76606
1	89750	72874
1	89754	76866
1	89759	74103
1	89776	14074
1	89781	20776
1	89787	87198
1	89792	89787
1	89797	70145
1	89802	89797
1	89807	2926
1	89812	78164
1	89855	52706
1	89859	71177
1	89867	89859
1	89871	34221
1	89875	89867
1	89881	89875
1	89885	89871
1	89889	89881
1	89893	89875
1	89905	89871
1	89916	89889
1	89920	89859
1	89924	89859
1	89928	89889
1	89932	89871
1	89936	71211
1	89940	89881
1	89945	89905
1	89949	89885
1	89953	89916
1	89957	89945
1	89961	89928
1	89969	89885
1	89973	89859
1	89977	37360
1	89981	89905
1	89985	89893
1	89989	89949
1	89993	89916
1	89997	89981
1	90002	89924
1	90006	89989
1	90010	90002
1	90014	89969
1	90018	89889
1	90022	90014
1	90026	89920
1	90030	89961
1	90034	89893
1	90038	89945
1	90042	89949
1	90059	89893
1	90063	89949
1	90067	89981
1	90071	89871
1	90075	89973
1	90079	89945
1	90083	90002
1	90087	89881
1	90091	90010
1	90095	89993
1	90099	89885
1	90103	89920
1	90107	89932
1	90111	85756
1	90118	52752
1	90130	88941
1	90135	72300
1	90141	90135
1	90148	89487
1	90153	71054
1	90165	52829
1	90170	87005
1	90175	77906
1	90180	79296
1	90185	90170
1	90190	90185
1	90195	79792
1	90201	90170
1	90205	90175
1	90209	90201
1	90215	90205
1	90220	90185
1	90224	52876
1	90228	77792
1	90234	9709
1	90239	86756
1	90243	72775
1	90248	85624
1	90253	90248
1	90258	88148
1	90262	74028
1	90266	87021
1	90270	90258
1	90277	73986
1	90281	90277
1	90285	90281
1	90289	90281
1	90293	83304
1	90298	90285
1	90306	88977
1	90319	89648
1	90322	85523
1	90332	85034
1	90336	86233
1	90340	87074
1	90343	90340
1	90347	53181
1	90355	87525
1	90361	90355
1	90367	90361
1	90373	90361
1	90379	90361
1	90395	53199
1	90405	90355
1	90411	90361
1	90416	90395
1	90422	90373
1	90447	88640
1	90456	90447
1	90461	90456
1	90467	90456
1	90480	86792
1	90493	90135
1	90503	79334
1	90508	85788
1	90512	14537
1	90518	70590
1	90523	71550
1	90528	71576
1	90533	70600
1	90541	71571
1	90546	90528
1	90552	90541
1	90557	90518
1	90562	90528
1	90567	90557
1	90573	90567
1	90578	84668
1	90590	51338
1	90596	87711
1	90605	74328
1	90611	74328
1	90616	90605
1	90624	85834
1	90641	2936
1	90645	83510
1	90650	86464
1	90665	83414
1	90669	85493
1	90674	85722
1	90676	76281
1	90686	90676
1	90707	86166
1	90712	85443
1	90738	76677
1	90742	71044
1	90749	90742
1	90754	19662
1	90782	54562
1	90786	78058
1	90790	34039
1	90795	76476
1	90799	86211
1	90804	17343
1	90808	77998
1	90812	90782
1	90820	77560
1	90827	76331
1	90841	70256
1	90845	70163
1	90853	90841
1	90856	85746
1	90860	73526
1	90865	73235
1	90990	71118
1	90994	90990
1	90998	87692
1	91004	90990
1	91009	90994
1	91013	91004
1	91017	84668
1	91022	91017
1	91027	91022
1	91031	87898
1	91036	84668
1	91042	75876
1	91047	85097
1	91053	91017
1	91062	91047
1	91067	91027
1	91072	91067
1	91077	91067
1	91092	73484
1	91096	83297
1	91100	85545
1	91105	55555
1	91111	85922
1	91122	84952
1	91129	91105
1	91134	91129
1	91146	85493
1	91152	76564
1	91160	55622
1	91177	72508
1	91184	90738
1	91192	91184
1	91196	70645
1	91212	14224
1	91221	74949
1	91225	91196
1	91229	91196
1	91234	91229
1	91249	14694
1	91253	91234
1	91262	91212
1	91273	91229
1	91277	55747
1	91283	91277
1	91289	76564
1	91302	32958
1	91328	88807
1	91333	88807
1	91342	70681
1	91349	86539
1	91353	84548
1	91359	91353
1	91365	84556
1	91371	84568
1	91376	70648
1	91381	91353
1	91387	77587
1	91396	88186
1	91400	91396
1	91407	75299
1	91412	74123
1	91418	74682
1	91424	88192
1	91560	77860
1	91565	87706
1	91570	84901
1	91597	51338
1	91616	83457
1	91622	56799
1	91626	91622
1	91648	89047
1	91660	91648
1	91664	91660
1	91674	84540
1	91692	86606
1	91696	72612
1	91715	76345
1	91720	79334
1	91726	73449
1	91732	87939
1	91748	87825
1	91765	61637
1	91769	91424
1	91773	88108
1	91785	89255
1	91795	89248
1	91801	91785
1	91822	90322
1	91886	61112
1	91898	71651
1	91909	91898
1	91914	83418
1	91919	91898
1	91928	57304
1	91932	76331
1	91937	91932
1	91943	87489
1	91947	86924
1	91954	91937
1	91960	70070
1	91964	86018
1	91991	77456
1	91999	85922
1	92004	85885
1	92009	84942
1	92015	14228
1	92021	92015
1	92026	92015
1	92032	92021
1	92037	92032
1	92041	92015
1	92046	84648
1	92051	90135
1	92059	88747
1	92064	90148
1	92069	73897
1	92075	92069
1	92097	83327
1	92128	61198
1	92133	86924
1	92139	76307
1	92145	84593
1	92166	86534
1	92172	70729
1	92188	61250
1	92199	92172
1	92209	92188
1	92222	86447
1	92226	88129
1	92237	76457
1	92254	84715
1	92278	79439
1	92284	79446
1	92295	89528
1	92307	92295
1	92312	92295
1	92318	78805
1	92339	61793
1	92343	89662
1	92351	14611
1	92358	71463
1	92364	71066
1	92373	70743
1	92377	70743
1	92380	91396
1	92384	87132
1	92389	72156
1	92396	87148
1	92402	92396
1	92408	92402
1	92427	23690
1	92431	77192
1	92436	84932
1	92447	92431
1	92458	90165
1	92463	70616
1	92482	76886
1	92487	76886
1	92492	92487
1	92497	92492
1	92502	92487
1	92507	74096
1	92511	85968
1	92516	85993
1	92525	72569
1	92529	92389
1	92562	73017
1	92566	86642
1	92578	70348
1	92590	91597
1	92608	73961
1	92613	85619
1	92655	72659
1	92659	73994
1	92663	74040
1	92668	92663
1	92695	89259
1	92708	74044
1	92718	92613
1	92737	85968
1	92744	72284
1	92754	87329
1	92760	89750
1	92764	72874
1	92771	72205
1	92776	92771
1	92781	92771
1	92804	62414
1	92844	90130
1	92850	73876
1	92856	85097
1	92869	73671
1	92875	73687
1	92880	92875
1	92885	92880
1	92889	92875
1	92893	92875
1	92897	92875
1	92901	85611
1	92906	92889
1	92911	92901
1	92916	92906
1	92921	92901
1	92932	92875
1	92936	92875
1	92940	92936
1	92944	92936
1	92948	92921
1	92953	92906
1	92957	76289
1	92962	92885
1	92969	92940
1	92973	92957
1	92977	92901
1	92983	92977
1	92988	92953
1	92992	92977
1	92997	73671
1	93003	79248
1	93010	93003
1	93016	73080
1	93062	74096
1	93097	84763
1	93104	76524
1	93110	88691
1	93123	73897
1	93130	93123
1	93137	93110
1	93148	78877
1	93155	84662
1	93162	78896
1	93168	93148
1	93174	76664
1	93180	85052
1	93185	70590
1	93189	70600
1	93194	70611
1	93199	93185
1	93203	93189
1	93208	93189
1	93213	93189
1	93218	93213
1	93223	93203
1	93228	93199
1	93232	70590
1	93236	93208
1	93241	93228
1	93246	93232
1	93253	93218
1	93258	93218
1	93263	93223
1	93268	93223
1	93273	93268
1	93278	93246
1	93283	93278
1	93287	93189
1	93292	88886
1	93315	52706
1	93321	84548
1	93326	84568
1	93333	93326
1	93339	91353
1	93345	93339
1	93351	84561
1	93358	93339
1	93364	86712
1	93374	77860
1	93432	76361
1	93440	79857
1	93446	76390
1	93493	88640
1	93498	85023
1	93504	93498
1	93522	85362
1	93551	88195
1	93555	79229
1	93560	85562
1	93566	71294
1	93573	72878
1	93578	71026
1	93582	89404
1	93589	85545
1	93596	72827
1	93602	71651
1	93609	93589
1	93615	93582
1	93622	74103
1	93764	87761
1	93768	20776
1	93773	70070
1	93778	87455
1	93783	76891
1	93788	87459
1	93794	74096
1	93799	74103
1	93822	72258
1	93827	64070
1	93832	77747
1	93836	64078
1	93840	77456
1	93881	18158
1	93885	79009
1	93889	72787
1	93896	93889
1	93901	93889
1	93907	93889
1	93913	93889
1	93919	93889
1	93925	93919
1	93932	93913
1	93938	93925
1	93944	93938
1	93960	74838
1	93966	73454
1	93971	78376
1	93980	93966
1	93988	83304
1	93992	90262
1	93998	91801
1	94003	93998
1	94010	93998
1	94015	89248
1	94027	74767
1	94032	74767
1	94037	94027
1	94041	91692
1	94045	87459
1	94050	72612
1	94055	64348
1	94096	78677
1	94114	72801
1	94123	74413
1	94133	87711
1	94138	94133
1	94163	87137
1	94168	87286
1	94173	87137
1	94177	78078
1	94183	88741
1	94189	94177
1	94193	94183
1	94199	78368
1	94204	94199
1	94208	79107
1	94212	21353
1	94217	64769
1	94221	94217
1	94225	94217
1	94229	64738
1	94233	72631
1	94238	94221
1	94280	73821
1	94287	90118
1	94293	78402
1	94298	78402
1	94303	78402
1	94308	73281
1	94313	78402
1	94318	87368
1	94323	92015
1	94327	85042
1	94339	77673
1	94343	79495
1	94348	85756
1	94353	94348
1	94363	94353
1	94369	69174
1	94415	76269
1	94429	91371
1	94436	94429
1	94443	79817
1	94448	88807
1	94451	94443
1	94456	79832
1	94461	94448
1	94465	94448
1	94469	70844
1	94484	72731
1	94488	94484
1	94494	87780
1	94500	74874
1	94506	94500
1	94516	65610
1	94520	87322
1	94525	94520
1	94544	86503
1	94549	79429
1	94553	94549
1	94557	94549
1	94565	70661
1	94569	94553
1	94574	87479
1	94579	22432
1	94583	22390
1	94587	73302
1	94619	91302
1	94624	72978
1	94629	75007
1	94639	94280
1	94645	55891
1	94649	9693
1	94662	73933
1	94668	70339
1	94671	70749
1	94673	66049
1	94675	94673
1	94679	70749
1	94681	88557
1	94685	66186
1	94690	86723
1	94696	70091
1	94700	94696
1	94710	62737
1	94743	72276
1	94748	74282
1	94758	64695
1	95310	37357
1	95312	84743
1	95339	76331
1	95360	72149
1	95365	72174
1	95371	95365
1	95375	92396
1	95380	77292
1	95389	87074
1	95413	88977
1	95420	75040
1	95424	19048
1	95429	66882
1	95465	88169
1	95469	74438
1	95473	95469
1	95476	88169
1	95499	65610
1	95503	95499
1	95509	71972
1	95518	72504
1	95524	93374
1	95529	67166
1	95533	90456
1	95539	95533
1	95544	86432
1	95578	73666
1	95582	90185
1	95588	90201
1	95593	95588
1	95598	95578
1	95603	95598
1	95608	95588
1	95612	95598
1	95616	73545
1	95637	91146
1	95649	87380
1	95651	85850
1	95657	72467
1	95678	88206
1	95708	74709
1	95713	71234
1	95716	76437
1	95722	72767
1	95735	73725
1	95741	79495
1	95747	70172
1	95752	95747
1	95764	70232
1	95769	87450
1	95774	78164
1	95777	95774
1	95781	74517
1	95794	88770
1	95798	35049
1	95805	77842
1	95812	93432
1	95818	93440
1	95823	85186
1	95827	72431
1	95830	91696
1	95835	74709
1	95841	84682
1	95848	90153
1	95862	87980
1	95877	73933
1	95897	72318
1	95903	95897
1	95910	88192
1	95920	79402
1	95925	93364
1	95939	87517
1	95945	72787
1	95950	95945
1	95956	89450
1	95962	89450
1	95966	87588
1	95978	85572
1	95984	85572
1	95988	91616
1	95993	95978
1	95997	95978
1	96002	95978
1	96007	95997
1	96011	91622
1	96016	96007
1	96021	96016
1	96025	96002
1	96030	96002
1	96087	79098
1	96091	86008
1	96096	71463
1	96105	90130
1	96204	78216
1	96208	84509
1	96212	96208
1	96226	86308
1	96235	71316
1	96250	37957
1	96310	93881
1	96320	87994
1	96325	96320
1	96332	96320
1	96337	87732
1	96352	76924
1	96366	77249
1	96370	94173
1	96376	86751
1	96389	88553
1	96393	79248
1	96424	39669
1	96430	79009
1	96434	93560
1	96439	79107
1	96452	77743
1	96455	25872
1	96460	79681
1	96466	70054
1	96471	70054
1	96475	77946
1	96480	96471
1	96485	87036
1	96490	96485
1	96495	96485
1	96501	87036
1	96507	87058
1	96512	88062
1	96866	64061
1	96944	20934
1	96948	77729
1	97621	79292
1	97863	87622
1	101356	72127
1	101368	24670
1	101384	3676
1	101388	101384
1	101393	101388
1	101397	101388
1	101402	101397
1	101661	67158
1	101715	4471
1	101719	4481
1	101723	101715
1	101836	85662
1	101923	5079
1	101926	70859
1	101990	71012
1	101995	89057
1	102089	37509
1	102109	101356
1	102237	5079
1	102247	65610
1	102374	87934
1	102430	12597
1	102443	15322
1	102447	61250
1	102488	101990
1	102492	76606
1	102496	14228
1	102501	102496
1	102564	52380
1	102635	54753
1	102662	73138
1	102668	102635
1	102698	78139
1	102703	11060
1	102713	52380
1	102725	73487
1	102729	73487
1	102733	102729
1	102737	102733
1	102808	73556
1	102822	101990
1	103059	84648
1	103063	10062
1	103065	73826
1	103068	103063
1	103138	101356
1	103142	83304
1	103234	101356
1	103242	37014
1	103281	13402
1	103391	74386
1	103430	102564
1	103449	61660
1	103501	94163
1	103570	52380
1	103777	64547
1	103783	103777
1	103841	73897
1	103871	66668
1	103908	102247
1	103939	103234
1	103984	79274
1	103990	84901
1	103994	11783
1	104012	91648
1	104018	101715
1	104028	104018
1	104038	102564
1	104195	2801
1	104200	34043
1	104205	77729
1	104226	101715
1	104229	4476
1	104232	95848
1	104248	92804
1	104562	52116
1	104565	104229
1	104574	73556
1	104579	104574
1	104583	78365
1	104633	103234
1	104645	23080
1	104688	23690
1	104691	23694
1	104694	23694
1	104699	104694
1	104702	23720
1	104705	104699
1	104708	23705
1	104713	104699
1	104716	104702
1	104719	104702
1	105208	14794
1	105211	74403
1	105240	61837
1	105245	61793
1	105255	95544
1	105259	105255
1	105387	27186
1	105399	63078
1	105481	27904
1	105490	102698
1	105495	102703
1	105500	105490
1	105505	105500
1	105510	105495
1	105573	103234
1	105577	92458
1	105581	24515
1	105631	101356
1	105637	102713
1	105741	34996
1	105745	102733
1	105750	101723
1	105788	9666
1	105792	103570
1	105888	104038
1	106000	29677
1	106016	104226
1	106019	106016
1	106022	106019
1	106026	106019
1	106029	106019
1	106032	8248
1	106039	89759
1	106057	105792
1	106062	102089
1	106066	106062
1	106102	30383
1	106110	86464
1	106196	102430
1	106202	31784
1	107064	85662
1	107070	4890
1	107074	102564
1	107086	63078
1	107130	101661
1	107140	102430
1	107154	55555
1	107163	85922
1	107236	34492
1	107296	89057
1	107387	102488
1	107391	107074
1	107400	102564
1	107546	102808
1	107551	102729
1	107637	73556
1	107642	35194
1	107645	107642
1	107731	105631
1	107779	103430
1	107784	103430
1	107789	107779
1	107815	71054
1	108082	107064
1	108140	18158
1	108277	102247
1	108407	36938
1	108429	87711
1	108505	104248
1	108509	86219
1	108512	107074
1	108697	105631
1	108732	105255
1	108811	95735
1	108822	104248
1	108839	107731
1	108874	88640
1	108878	69240
1	108881	108874
1	108885	108881
1	108934	12289
1	108941	78924
1	108960	12538
1	109055	88914
1	109067	102733
1	109071	108941
1	109098	103984
1	109340	17791
1	109439	102109
1	109444	105259
1	109603	89641
1	109662	52373
1	109665	106032
1	109684	52706
1	109709	95678
1	109713	12538
1	109717	109709
1	109720	109709
1	109838	90170
1	110036	9666
1	110156	103234
1	110173	14311
1	110197	51338
1	110275	56876
1	110430	54753
1	110433	54764
1	110464	107642
1	110471	14611
1	110475	91105
1	110479	107391
1	110483	91277
1	110488	110483
1	110494	110483
1	110506	110483
1	110574	56045
1	110579	110574
1	110585	110574
1	110670	101356
1	110717	57263
1	110722	57267
1	110797	88866
1	110949	108505
1	111032	108822
1	111042	61793
1	111147	55597
1	111154	111147
1	111327	106000
1	111548	91277
1	111569	37053
1	111574	64140
1	111663	52866
1	111666	90234
1	111682	111569
1	111846	66181
1	111907	108960
1	111973	104248
1	111978	105259
1	112020	95678
1	112081	103501
1	112086	109071
1	112089	108509
1	112092	67804
1	112106	112092
1	112157	101715
1	112227	103939
1	112231	9699
1	112235	105581
1	112284	112020
1	112287	109720
1	112298	108874
1	112302	69249
1	112306	69236
1	112310	112306
1	112314	108878
1	112319	69264
1	113270	87855
1	113316	87855
1	113321	113316
1	116585	27904
1	116593	116585
1	116598	72391
1	116608	35761
1	116613	9822
1	116617	55736
1	116621	104205
1	116625	116621
1	116630	21466
1	116634	87805
1	116638	89855
1	116642	14018
1	116646	50413
1	116648	116646
1	116650	116648
1	116653	76677
1	116657	116608
1	116699	969
1	116703	116699
1	116707	116703
1	143631	61701
1	143635	143631
1	143638	143635
1	143643	143635
1	143647	143635
1	147300	74767
1	147418	17181
1	147752	4128
1	148388	4268
1	148531	111973
1	148629	94318
1	149441	102374
1	149482	111042
1	149525	36766
1	149681	87934
1	149853	20398
1	149982	72197
1	149988	3868
1	149992	4022
1	149998	149988
1	150024	149992
1	150312	14566
1	150428	94516
1	150440	10264
1	150445	21134
1	150449	72138
1	150452	150445
1	150705	21118
1	150871	86557
1	151155	78775
1	151165	73656
1	151171	151165
1	151175	73656
1	151179	11506
1	151184	73656
1	151188	151175
1	151340	102247
1	151822	13190
1	151828	13190
1	152317	18158
1	152323	152317
1	152407	23245
1	152487	149525
1	153012	75344
1	154101	62737
1	154232	152317
1	154429	149441
1	154910	150705
1	154914	76361
1	154972	87613
1	154978	154972
1	155121	92804
1	155344	92046
1	155352	84577
1	155644	77698
1	155648	19114
1	156261	70964
1	156561	155644
1	156767	76559
1	157164	78101
1	157243	149441
1	157468	72127
1	157599	95827
1	157702	86760
1	158136	24416
1	158162	95380
1	158830	78407
1	159045	103570
1	159240	108140
1	159379	102443
1	159662	83434
1	159666	159662
1	159679	13190
1	159712	18446
1	159719	72138
1	159851	86946
1	159864	154972
1	160062	154910
1	160109	155644
1	160413	72487
1	160452	155121
1	160564	148629
1	160568	151155
1	160690	55915
1	161090	94163
1	161152	13803
1	161295	72358
1	161318	116657
1	161322	83332
1	161327	35568
1	163964	157164
1	164073	151165
1	164588	107387
1	164600	154232
1	164829	34652
1	165013	156767
1	165017	151165
1	165026	86622
1	165031	165017
1	165091	148388
1	165095	71060
1	165219	8248
1	165335	91696
1	165514	65598
1	165620	23346
1	165847	90990
1	166427	161318
1	166453	164588
1	166458	95389
1	167092	77698
1	167206	6499
1	167503	163964
1	167701	157243
1	168162	154910
1	168385	166453
1	168702	160109
1	168707	160062
1	168782	149441
1	168795	86751
1	169052	160413
1	169058	169052
1	169064	165335
1	169069	154972
1	169148	159679
1	169505	104688
1	169723	159379
1	169791	160452
1	169937	165091
1	169944	169937
1	170065	159379
1	170208	165091
1	170385	149441
1	170486	152487
1	170490	89736
1	170499	52380
1	170601	105888
1	170607	167701
1	170799	90135
1	170979	151171
1	170984	170979
1	170989	170984
1	170997	151175
1	171001	170997
1	171006	151175
1	171010	165031
1	171014	171006
1	171175	95413
1	171182	2801
1	171279	155121
1	171320	53893
1	171479	50373
1	171577	164588
1	171666	111663
1	171701	70768
1	171711	167701
1	171772	54562
1	174095	16702
1	174111	174095
1	174214	29778
1	174495	89100
1	174966	159679
1	174981	170499
1	174986	149482
1	174996	165514
1	176137	159240
1	176187	165095
1	176640	61701
1	176751	161322
1	176755	161322
1	177198	25403
1	177760	155121
1	178010	72138
1	178016	178010
1	178188	73656
1	178193	64070
1	178197	151188
1	178201	151188
1	178205	151171
1	178209	178201
1	178214	178193
1	178317	152317
1	178322	93885
1	178412	159712
1	178952	166453
1	179054	171175
1	179136	171666
1	179265	85594
1	179536	159679
1	179633	66504
1	179641	18342
1	179645	179633
1	179649	88957
1	180542	18043
1	180560	76173
1	180620	112092
1	180874	170065
1	181239	107400
1	181266	170607
1	181270	174981
1	181277	30849
1	181338	156767
1	181344	181338
1	181418	69869
1	181421	69869
1	181718	667
1	181722	713
1	181781	969
1	182704	12836
1	182706	2645
1	182707	116653
1	182708	2655
1	182709	2660
1	182710	2668
1	182711	2675
1	182712	2680
1	182713	2686
1	182714	2694
1	182715	2697
1	182723	2750
1	182724	2755
1	182725	2760
1	182726	2765
1	182729	2788
1	182730	2793
1	182731	2798
1	182732	2801
1	182738	2841
1	182739	2847
1	182752	2926
1	182753	2931
1	182754	2936
1	182755	2940
1	182756	2944
1	182757	2948
1	182758	2953
1	182759	2957
1	182781	3139
1	182782	3145
1	182783	3151
1	182790	30397
1	182791	3195
1	182792	3199
1	182793	3202
1	182801	3225
1	182802	3229
1	182805	3238
1	182806	3241
1	182955	3584
1	182966	3659
1	182967	3664
1	182968	3671
1	182969	3676
1	182976	3732
1	182992	3856
1	182994	3868
1	182995	3871
1	182997	3876
1	182998	3879
1	182999	3882
1	183009	3935
1	183021	3975
1	183032	4011
1	183033	4014
1	183036	4022
1	183039	4028
1	183040	4031
1	183043	4052
1	183086	4128
1	183113	4268
1	183114	30225
1	183115	4277
1	183117	4290
1	183118	4296
1	183119	4301
1	183121	4314
1	183122	4320
1	183123	4328
1	183124	4334
1	183125	4338
1	183126	4342
1	183127	4349
1	183154	4395
1	183156	4408
1	183166	4471
1	183167	4476
1	183168	4481
1	183169	4485
1	183170	4491
1	183171	4494
1	183192	4649
1	183193	4657
1	183249	4866
1	183251	4878
1	183252	4885
1	183253	4890
1	183255	4898
1	183285	5079
1	183286	5086
1	183289	5105
1	183290	5110
1	183319	5286
1	183320	5293
1	183328	5322
1	183329	5325
1	183332	5335
1	183365	5458
1	183366	5465
1	183373	5509
1	183384	5600
1	183392	5653
1	183393	5657
1	183474	6036
1	183475	6042
1	183478	6057
1	183506	6278
1	183509	6293
1	183510	6296
1	183511	6299
1	183540	6470
1	183544	6499
1	183545	6505
1	183546	6510
1	183547	6514
1	183548	6518
1	183549	6523
1	183550	6527
1	183552	6535
1	183553	6539
1	183572	6689
1	183573	6697
1	183574	6703
1	183575	6710
1	183576	6714
1	183577	6719
1	183578	183576
1	183579	6729
1	183580	6733
1	183583	6742
1	183586	6755
1	183587	6760
1	183588	6765
1	183835	8031
1	183836	8035
1	183837	8038
1	183838	8040
1	183839	8042
1	183840	8044
1	183841	8047
1	183843	8051
1	183844	8053
1	183845	8056
1	183857	8141
1	183858	8149
1	183859	8156
1	183860	8160
1	183861	8165
1	183872	8248
1	183880	8313
1	183881	8317
1	183882	8324
1	183883	8328
1	183884	8339
1	183885	8343
1	183886	8346
1	183887	8350
1	183888	8354
1	183889	8362
1	183890	8367
1	183891	8371
1	183892	8375
1	183893	8382
1	183894	8390
1	183896	8400
1	183898	8412
1	183900	8422
1	183902	8440
1	183903	8753
1	183904	8454
1	183905	8457
1	183906	8461
1	183907	8467
1	183908	8470
1	183909	8473
1	183910	8476
1	183912	8483
1	183913	8486
1	183926	8566
1	183933	8601
1	183938	8628
1	183940	8638
1	183941	8642
1	183942	8646
1	183943	8649
1	183945	8662
1	183946	8669
1	183950	8685
1	183954	8711
1	183955	8715
1	183956	8720
1	183957	8726
1	183958	8730
1	183960	8746
1	183961	8753
1	183962	8758
1	183963	8761
1	183964	8764
1	183965	8768
1	183966	8771
1	183967	8775
1	183968	8779
1	183969	8783
1	183971	8799
1	183972	8803
1	183973	8806
1	183974	8809
1	183975	8814
1	183976	8819
1	183977	8824
1	183979	8840
1	183980	8847
1	183981	8853
1	183983	8865
1	183984	8869
1	183985	8874
1	183986	8878
1	183987	8882
1	183988	8886
1	183989	8892
1	183991	8903
1	183992	8907
1	183993	8913
1	183994	8917
1	183995	8922
1	184001	8967
1	184002	8975
1	184003	8982
1	184004	8988
1	184071	9349
1	184072	9355
1	184073	9360
1	184074	9365
1	184075	9370
1	184076	9375
1	184077	9380
1	184078	9385
1	184079	9390
1	184081	9401
1	184082	9406
1	184083	9412
1	184085	9422
1	184086	9427
1	184087	9432
1	184103	72258
1	184129	9652
1	184130	9656
1	184131	9661
1	184132	9666
1	184133	9671
1	184134	9677
1	184135	9682
1	184137	9693
1	184138	9699
1	184139	9704
1	184140	9709
1	184160	9822
1	184161	9829
1	184162	9834
1	184163	9840
1	184164	9846
1	184172	9901
1	184175	9915
1	184194	10055
1	184195	10062
1	184196	10069
1	184197	10077
1	184198	10083
1	184199	10089
1	184203	10117
1	184204	10122
1	184208	10151
1	184225	10264
1	184226	10272
1	184227	10278
1	184229	10292
1	184236	10323
1	184237	10329
1	184238	10334
1	184240	10342
1	184241	10346
1	184242	10350
1	184243	10354
1	184244	10358
1	184247	10373
1	184249	10384
1	184261	18215
1	184265	72957
1	184266	10460
1	184267	54753
1	184268	10472
1	184269	10475
1	184270	10478
1	184316	10739
1	184320	10766
1	184323	10774
1	184325	10779
1	184349	10875
1	184350	10881
1	184351	10886
1	184352	10892
1	184357	10924
1	184358	10929
1	184359	10934
1	184360	10941
1	184361	10946
1	184363	10956
1	184365	10968
1	184366	10974
1	184367	10979
1	184369	10985
1	184370	10989
1	184371	10992
1	184372	10995
1	184373	10997
1	184376	10985
1	184379	11009
1	184381	11017
1	184382	11021
1	184384	11029
1	184385	11035
1	184386	11042
1	184387	11047
1	184389	11060
1	184390	11065
1	184391	11070
1	184392	11076
1	184393	11081
1	184395	11094
1	184396	11101
1	184397	11106
1	184398	11110
1	184399	11114
1	184400	11118
1	184402	11125
1	184403	11129
1	184404	11133
1	184407	11145
1	184408	11149
1	184416	11207
1	184417	11214
1	184418	11219
1	184419	11223
1	184420	11229
1	184421	11234
1	184452	11454
1	184458	11500
1	184459	11506
1	184460	11512
1	184461	11517
1	184463	11525
1	184464	11529
1	184465	11534
1	184466	11541
1	184467	11545
1	184468	11549
1	184469	11554
1	184470	11558
1	184471	11562
1	184472	11566
1	184473	11570
1	184474	11576
1	184475	11580
1	184477	11589
1	184478	11593
1	184503	11758
1	184504	11766
1	184505	11772
1	184507	11783
1	184510	11796
1	184511	11799
1	184512	11802
1	184515	11815
1	184516	11819
1	184517	11823
1	184518	11828
1	184519	11832
1	184582	12113
1	184583	12121
1	184584	12127
1	184585	12131
1	184586	12134
1	184587	12139
1	184588	12144
1	184589	12147
1	184590	12153
1	184591	12156
1	184592	12159
1	184608	12289
1	184609	12295
1	184610	12300
1	184648	12538
1	184650	12551
1	184651	12557
1	184654	12581
1	184655	12586
1	184657	12597
1	184658	12602
1	184659	12607
1	184660	12611
1	184661	12615
1	184662	12619
1	184664	12629
1	184665	12633
1	184666	12637
1	184667	12643
1	184670	12656
1	184671	12660
1	184675	12688
1	184707	12824
1	184709	12833
1	184710	12836
1	184724	12922
1	184725	12931
1	184734	12965
1	184735	12971
1	184739	12990
1	184740	12996
1	184749	13062
1	184753	13077
1	184771	13190
1	184780	13239
1	184781	13246
1	184804	13396
1	184805	13402
1	184806	13407
1	184807	13412
1	184808	13415
1	184814	13448
1	184843	13512
1	184845	13523
1	184846	13528
1	184848	13538
1	184850	13547
1	184851	13551
1	184858	13602
1	184859	13606
1	184860	13610
1	184879	13726
1	184886	13742
1	184887	13745
1	184888	13748
1	184889	13751
1	184895	13767
1	184896	13770
1	184899	13778
1	184903	13789
1	184904	13792
1	184907	13803
1	184908	13806
1	184937	14004
1	184940	14018
1	184948	14070
1	184949	14074
1	184968	14218
1	184969	14224
1	184970	14228
1	184971	14234
1	184972	14241
1	184973	14245
1	184982	14311
1	184983	14315
1	184986	14331
1	184987	14336
1	184988	14342
1	184989	14351
1	184990	14358
1	184991	14363
1	184993	14378
1	184994	14382
1	184995	14385
1	185017	14522
1	185018	14526
1	185021	14537
1	185027	14566
1	185028	14572
1	185037	14611
1	185054	14688
1	185055	14694
1	185056	14698
1	185058	14708
1	185059	14714
1	185060	14720
1	185062	14728
1	185064	14737
1	185065	14741
1	185074	14794
1	185075	14800
1	185120	15077
1	185122	15086
1	185123	15090
1	185124	15094
1	185126	15102
1	185128	15111
1	185129	15115
1	185130	15119
1	185131	15123
1	185132	15127
1	185136	15143
1	185137	15147
1	185138	15151
1	185178	15322
1	185230	15577
1	185231	15582
1	185232	15588
1	185233	15592
1	185234	15596
1	185274	15842
1	185275	15852
1	185276	15856
1	185277	15859
1	185278	15863
1	185279	15867
1	185280	15871
1	185281	15876
1	185282	15880
1	185283	15884
1	185284	15889
1	185285	15893
1	185286	15897
1	185287	15901
1	185288	15906
1	185289	15911
1	185290	15914
1	185291	15918
1	185292	15921
1	185293	15926
1	185294	15931
1	185297	15942
1	185298	185279
1	185334	16199
1	185417	16622
1	185427	16678
1	185429	16686
1	185430	16689
1	185431	16692
1	185433	16702
1	185443	16780
1	185449	16824
1	185452	16833
1	185453	16836
1	185456	185453
1	185457	16846
1	185464	16883
1	185468	16912
1	185469	16917
1	185482	17012
1	185491	17062
1	185504	17143
1	185505	17148
1	185506	17152
1	185507	17157
1	185508	17161
1	185510	17170
1	185512	17181
1	185513	17185
1	185529	17310
1	185530	17318
1	185532	17328
1	185533	17333
1	185534	17338
1	185535	17343
1	185536	17348
1	185537	17352
1	185538	17356
1	185539	17360
1	185540	17364
1	185542	17369
1	185544	17378
1	185545	17383
1	185552	17417
1	185564	17457
1	185565	17460
1	185566	17463
1	185575	17527
1	185578	17540
1	185604	17715
1	185605	17722
1	185606	17728
1	185607	17734
1	185608	17740
1	185609	17757
1	185610	17748
1	185611	17752
1	185612	17757
1	185613	17760
1	185614	17767
1	185615	17771
1	185616	17776
1	185617	17782
1	185619	17791
1	185620	17795
1	185629	17853
1	185630	17858
1	185642	17935
1	185661	18043
1	185664	18057
1	185665	18061
1	185666	18065
1	185671	18085
1	185673	18097
1	185674	18103
1	185675	18108
1	185676	18115
1	185684	18158
1	185685	18165
1	185691	18194
1	185692	18197
1	185693	18202
1	185694	18209
1	185695	18215
1	185706	185552
1	185708	18263
1	185709	18267
1	185710	18274
1	185711	18280
1	185712	18286
1	185713	18292
1	185714	18296
1	185715	18300
1	185716	18304
1	185717	18308
1	185718	18312
1	185719	18316
1	185720	18320
1	185721	18324
1	185723	18333
1	185724	18338
1	185725	18342
1	185726	18346
1	185727	18350
1	185728	18354
1	185729	18361
1	185730	18367
1	185731	18372
1	185732	18377
1	185733	18384
1	185735	18396
1	185736	18401
1	185737	18407
1	185738	18412
1	185739	18417
1	185740	18422
1	185741	18427
1	185745	18446
1	185773	18593
1	185803	18797
1	185817	18887
1	185819	18895
1	185848	19048
1	185849	19053
1	185856	19078
1	185859	19095
1	185860	19100
1	185861	19105
1	185862	19110
1	185863	19114
1	185864	19118
1	185889	19294
1	185899	62799
1	185902	19359
1	185905	19377
1	185906	19382
1	185942	19638
1	185943	19642
1	185944	19646
1	185945	19650
1	185946	19654
1	185947	19658
1	185948	19662
1	185949	19666
1	185950	19671
1	185951	19675
1	185952	19679
1	185953	19683
1	185954	19687
1	185971	19791
1	185972	19798
1	185976	19814
1	185981	19842
1	185982	19847
1	185985	19858
1	186024	20012
1	186025	20019
1	186026	20025
1	186027	20033
1	186028	20042
1	186029	20048
1	186030	20057
1	186031	20064
1	186032	20071
1	186033	20078
1	186078	20398
1	186089	20481
1	186090	20488
1	186092	20498
1	186093	20502
1	186094	20506
1	186095	20510
1	186096	20515
1	186099	20533
1	186101	20540
1	186102	20544
1	186103	20551
1	186107	20576
1	186126	20715
1	186137	20776
1	186146	20838
1	186147	20842
1	186148	20848
1	186149	20853
1	186150	20858
1	186151	20863
1	186152	20867
1	186153	20871
1	186154	20876
1	186155	20881
1	186156	20885
1	186157	20889
1	186158	20894
1	186159	20898
1	186160	20903
1	186161	186151
1	186162	20911
1	186164	20922
1	186165	20926
1	186167	20934
1	186168	20938
1	186170	20947
1	186171	186167
1	186172	20957
1	186192	21087
1	186193	21094
1	186199	21118
1	186200	21122
1	186201	21127
1	186202	21134
1	186203	21139
1	186204	21144
1	186205	21149
1	186207	21158
1	186233	21320
1	186237	21341
1	186238	21345
1	186239	21349
1	186240	21353
1	186249	185575
1	186259	21457
1	186260	21462
1	186261	21466
1	186308	21734
1	186309	21740
1	186310	21744
1	186311	21749
1	186312	21753
1	186313	21757
1	186314	21763
1	186317	21776
1	186318	21781
1	186319	21785
1	186320	21789
1	186342	21932
1	186343	21937
1	186345	21947
1	186346	21951
1	186377	22159
1	186422	22352
1	186423	22356
1	186424	22360
1	186428	22377
1	186429	22381
1	186430	22386
1	186431	22390
1	186434	22403
1	186436	22411
1	186437	22415
1	186439	22424
1	186440	22428
1	186441	22432
1	186442	22436
1	186443	22440
1	186444	22444
1	186446	22452
1	186447	22457
1	186448	22462
1	186452	22478
1	186453	22482
1	186509	22680
1	186510	22686
1	186511	22691
1	186512	22696
1	186527	22804
1	186528	22811
1	186529	22819
1	186533	22834
1	186546	22903
1	186547	22908
1	186550	22933
1	186553	22951
1	186554	185948
1	186555	22959
1	186556	22963
1	186557	22967
1	186558	22972
1	186559	22977
1	186560	22982
1	186562	22991
1	186563	22996
1	186564	23000
1	186565	23004
1	186566	23008
1	186567	23012
1	186568	23016
1	186569	23020
1	186570	23027
1	186576	23061
1	186577	23065
1	186580	23087
1	186584	23107
1	186601	23240
1	186602	23245
1	186603	23253
1	186604	23263
1	186617	23346
1	186620	23361
1	186622	23369
1	186626	23381
1	186627	23387
1	186628	23394
1	186629	23399
1	186633	23418
1	186634	23424
1	186642	23489
1	186643	23496
1	186663	23635
1	186671	23690
1	186672	23694
1	186673	23697
1	186674	23701
1	186675	23705
1	186676	23709
1	186677	23713
1	186678	23717
1	186679	23720
1	186680	186677
1	186682	23731
1	186683	23735
1	186684	23739
1	186700	23848
1	186701	23852
1	186703	23861
1	186704	23869
1	186714	23924
1	186715	23928
1	186716	23934
1	186717	23939
1	186718	23943
1	186719	23947
1	186720	23951
1	186721	23955
1	186739	24107
1	186741	24121
1	186742	186741
1	186744	24134
1	186800	24416
1	186801	24421
1	186853	24498
1	186854	24502
1	186856	24515
1	186858	24524
1	186860	24532
1	186861	24536
1	186895	24670
1	186896	24675
1	186897	24681
1	186898	186897
1	186899	24691
1	186900	24696
1	186901	24703
1	186902	24709
1	186903	24714
1	186926	24836
1	186954	24995
1	186955	25006
1	186969	25119
1	186988	25192
1	187002	25249
1	187003	25254
1	187011	25289
1	187012	25294
1	187014	25311
1	187015	25316
1	187017	25326
1	187018	25329
1	187019	25333
1	187028	25403
1	187029	25408
1	187035	25429
1	187036	25433
1	187037	25436
1	187040	25442
1	187041	25446
1	187042	25449
1	187043	25452
1	187044	186308
1	187056	25538
1	187081	25683
1	187090	25736
1	187103	25829
1	187104	25833
1	187105	25838
1	187106	25844
1	187108	25857
1	187109	25862
1	187110	25867
1	187111	25872
1	187533	27186
1	187553	27311
1	187575	27426
1	187576	27432
1	187583	27483
1	187585	27495
1	187586	187585
1	187588	27507
1	187589	27511
1	187591	27517
1	187629	27773
1	187634	27793
1	187649	27901
1	187650	27904
1	187652	27913
1	187653	27918
1	187659	27956
1	187660	27962
1	187661	27967
1	187671	27989
1	187674	28006
1	187675	28009
1	187678	28020
1	187705	28154
1	187725	28305
1	187726	28312
1	187727	28316
1	187733	28350
1	187734	28356
1	187737	28373
1	187738	28380
1	187740	182967
1	187741	28393
1	187762	28456
1	187781	28589
1	187783	28599
1	187815	28681
1	187816	28686
1	187817	28690
1	187819	28701
1	187820	28706
1	187821	28710
1	187822	28715
1	187823	28720
1	187825	28730
1	187826	28735
1	187827	28740
1	187829	28749
1	187831	28757
1	187833	28764
1	187834	28768
1	187835	28773
1	187836	28777
1	187837	28782
1	187838	28787
1	187839	28792
1	187840	28797
1	187841	28801
1	187843	28812
1	187845	28819
1	187846	28824
1	187852	28867
1	187853	28871
1	187854	28876
1	187855	28880
1	187861	28911
1	187862	28916
1	187863	28920
1	187864	28924
1	187876	28975
1	187877	28981
1	187883	29004
1	187885	29015
1	187919	29183
1	187920	29187
1	187928	29248
1	187929	29253
1	187955	29408
1	187991	29623
1	187992	29632
1	187993	29640
1	187994	29646
1	187999	29677
1	188000	29681
1	188001	29686
1	188002	29689
1	188003	29694
1	188004	29698
1	188007	29707
1	188008	29710
1	188009	29713
1	188010	29716
1	188011	29719
1	188014	29728
1	188016	29734
1	188025	29754
1	188027	29761
1	188030	29768
1	188032	29778
1	188036	29801
1	188041	29819
1	188042	29826
1	188043	29830
1	188044	29834
1	188046	29842
1	188047	29848
1	188048	29852
1	188049	29856
1	188050	29860
1	188051	29868
1	188055	29888
1	188056	29894
1	188063	29945
1	188066	29955
1	188071	29966
1	188075	29975
1	188076	29980
1	188077	29984
1	188078	29988
1	188079	29992
1	188112	30196
1	188114	30210
1	188115	30217
1	188116	30225
1	188117	30228
1	188119	30239
1	188120	30245
1	188121	30252
1	188122	30257
1	188123	30262
1	188124	30268
1	188125	30273
1	188126	30278
1	188127	30283
1	188128	30290
1	188129	30295
1	188130	30299
1	188132	30307
1	188133	30312
1	188134	30315
1	188135	30321
1	188137	30334
1	188138	30338
1	188139	30346
1	188146	30383
1	188147	30388
1	188148	30391
1	188149	30394
1	188150	30397
1	188152	30402
1	188153	30406
1	188154	30418
1	188156	30418
1	188191	30589
1	188203	30656
1	188204	30661
1	188209	30691
1	188223	30755
1	188237	30834
1	188238	30839
1	188239	30844
1	188240	30849
1	188243	30857
1	188264	30946
1	188267	30960
1	188268	30965
1	188269	30970
1	188304	31042
1	188305	31047
1	188321	31132
1	188322	31138
1	188323	31144
1	188324	31149
1	188388	31333
1	188389	31337
1	188390	31340
1	188395	31362
1	188396	31368
1	188397	31376
1	188398	31385
1	188415	31428
1	188420	31449
1	188423	31463
1	188425	31471
1	188426	31478
1	188427	31485
1	188428	31490
1	188517	31628
1	188528	31677
1	188533	31693
1	188537	31717
1	188538	31720
1	188539	31724
1	188541	31728
1	188546	31743
1	188552	31784
1	188553	31787
1	188554	31791
1	188634	31998
1	188636	32006
1	188652	32121
1	188668	32195
1	188669	185691
1	188695	185711
1	188696	32351
1	188723	32533
1	188724	32539
1	188725	32544
1	188726	32549
1	188734	32591
1	188735	32595
1	188736	32599
1	188737	32603
1	188738	32607
1	188739	32611
1	188740	32615
1	188741	32620
1	188753	32701
1	188754	32707
1	188792	32935
1	188794	32948
1	188796	32958
1	188797	32963
1	188802	32994
1	188804	33008
1	188809	33031
1	188810	33036
1	188812	33049
1	188813	33053
1	188814	33058
1	188816	33066
1	188818	33074
1	188819	33078
1	188820	33082
1	188821	33087
1	188822	33091
1	188823	33095
1	188824	33099
1	188825	33103
1	188826	33107
1	188827	33111
1	188829	33119
1	188831	33127
1	188832	33131
1	188833	33135
1	188834	33139
1	188835	33143
1	188836	33147
1	188837	33151
1	188838	33155
1	188839	33159
1	188840	33163
1	188841	33167
1	188842	33171
1	188864	33282
1	188865	33287
1	188867	33298
1	188868	33305
1	188869	33310
1	188871	33320
1	188872	33325
1	188873	33330
1	188874	33335
1	188875	33340
1	188876	33345
1	188877	33350
1	188878	33355
1	188879	33360
1	188881	33371
1	188882	33376
1	188884	33386
1	188885	33391
1	188886	33396
1	188887	33401
1	188888	33406
1	188889	33411
1	188890	33416
1	188891	33421
1	188892	33426
1	188893	33431
1	188894	33436
1	188895	33441
1	188896	33447
1	188898	33457
1	188899	33462
1	188900	33467
1	188901	33472
1	188902	33477
1	188903	33482
1	188904	33487
1	188905	33492
1	188906	33497
1	188907	33502
1	188908	33507
1	188909	33512
1	188910	33517
1	188912	33527
1	188913	33532
1	188914	33537
1	188915	33542
1	188916	33546
1	188917	33551
1	188924	33600
1	188938	33708
1	188939	33714
1	188948	33774
1	188950	33783
1	188967	33886
1	188968	33891
1	188969	33895
1	188977	33950
1	188985	34004
1	188987	34013
1	188989	34025
1	188990	34030
1	188991	34034
1	188992	34039
1	188993	34043
1	188994	34047
1	188995	34050
1	188996	34055
1	188997	34059
1	188998	34062
1	189024	34216
1	189025	34221
1	189032	34263
1	189034	34276
1	189037	34296
1	189038	34299
1	189039	34308
1	189068	34492
1	189070	34503
1	189071	34508
1	189080	34579
1	189081	34586
1	189082	34591
1	189083	34595
1	189091	34652
1	189093	34668
1	189094	34675
1	189095	34682
1	189096	34688
1	189098	34697
1	189106	34726
1	189109	34733
1	189110	34739
1	189111	34743
1	189112	34747
1	189113	34751
1	189121	34813
1	189152	34992
1	189153	34996
1	189154	35001
1	189155	35006
1	189157	35014
1	189163	35049
1	189181	35160
1	189182	35167
1	189183	35174
1	189184	35178
1	189186	35194
1	189210	35285
1	189245	35480
1	189248	35494
1	189249	35502
1	189254	86742
1	189262	185745
1	189263	35563
1	189264	35568
1	189265	35573
1	189266	35578
1	189283	35683
1	189284	35687
1	189285	35691
1	189286	35695
1	189287	35700
1	189288	35704
1	189289	35708
1	189290	35712
1	189292	35720
1	189293	35724
1	189294	35728
1	189295	35732
1	189296	35738
1	189300	35761
1	189312	35807
1	189336	35968
1	189337	35974
1	189338	35978
1	189392	36258
1	189399	36294
1	189400	36299
1	189401	36305
1	189403	36313
1	189405	36322
1	189407	36328
1	189408	36332
1	189409	36336
1	189410	36340
1	189418	36393
1	189419	36398
1	189420	36405
1	189424	36427
1	189438	36525
1	189439	36532
1	189440	36536
1	189441	36540
1	189462	36685
1	189466	36705
1	189476	36766
1	189477	36775
1	189478	36781
1	189507	36938
1	189515	37005
1	189516	37009
1	189517	37014
1	189518	37018
1	189519	37022
1	189521	37030
1	189534	37053
1	189535	37059
1	189536	37064
1	189537	37069
1	189538	37075
1	189539	37082
1	189540	37089
1	189541	37096
1	189567	37281
1	189579	37357
1	189580	37360
1	189581	37364
1	189582	37368
1	189619	37503
1	189620	37509
1	189622	37519
1	189623	37522
1	189624	37526
1	189625	37531
1	189626	37535
1	189634	37584
1	189663	37713
1	189664	37717
1	189665	37722
1	189666	37727
1	189667	37731
1	189692	37897
1	189694	37907
1	189700	37948
1	189701	37952
1	189702	37957
1	189736	38169
1	189737	38173
1	189760	38318
1	189761	38324
1	189762	38330
1	189776	38397
1	189778	38407
1	189779	38412
1	189782	38431
1	189783	38437
1	189786	38454
1	189788	38460
1	189790	38466
1	189791	38470
1	189792	38474
1	189793	38479
1	189795	38485
1	189796	38490
1	189797	38494
1	189798	38498
1	189799	38503
1	189800	38508
1	189801	38513
1	189802	38517
1	189803	38522
1	189804	38527
1	189805	38531
1	189806	38536
1	189838	38750
1	189839	38756
1	189843	38788
1	189844	38791
1	189845	38795
1	189849	38814
1	189853	38845
1	189860	38893
1	189865	38925
1	189866	38934
1	189867	38938
1	189868	38942
1	189870	38950
1	189871	38954
1	189872	38957
1	189874	38968
1	189898	38979
1	189931	39150
1	189936	39172
1	189937	39177
1	189939	39185
1	189949	39212
1	189950	39217
1	189955	39239
1	189988	39361
1	189989	39369
1	189990	39375
1	190001	39456
1	190002	39461
1	190029	39553
1	190030	39556
1	190031	39559
1	190032	39562
1	190033	39566
1	190050	39650
1	190056	39669
1	190095	39775
1	190096	39783
1	190110	39865
1	190111	39870
1	190112	39875
1	190115	39892
1	190116	39899
1	190117	39904
1	190119	39915
1	190121	39921
1	190122	39924
1	190123	39927
1	190124	39930
1	190127	39937
1	190138	39977
1	190139	39981
1	190142	39989
1	190203	40341
1	193420	49530
1	193421	49538
1	193422	49544
1	193423	49548
1	193424	49551
1	193425	49555
1	193426	49559
1	193428	49567
1	193429	49572
1	193430	49577
1	193431	49581
1	193444	49668
1	193449	49678
1	193450	49683
1	193451	49689
1	193452	49695
1	193456	49720
1	193457	49726
1	193476	49774
1	193477	49780
1	193509	50003
1	193510	50007
1	193588	101368
1	193589	50373
1	193596	50409
1	193597	50413
1	193598	50418
1	193599	50421
1	193600	50423
1	193601	50427
1	193602	50432
1	193603	50435
1	193618	50546
1	193620	50554
1	193621	50560
1	193622	50566
1	193624	50575
1	193637	50657
1	193654	50739
1	193655	50745
1	193656	50751
1	193657	50756
1	193658	50762
1	193659	50769
1	193660	50773
1	193662	50784
1	193663	50789
1	193672	50855
1	193673	50858
1	193705	50986
1	193706	50989
1	193719	51056
1	193720	51060
1	193730	51110
1	193769	51338
1	193775	51370
1	193782	51407
1	193783	51412
1	193784	51416
1	193785	51420
1	193786	51424
1	193788	51432
1	193789	51436
1	193808	51566
1	193809	51569
1	193810	51573
1	193830	51700
1	193832	51709
1	193833	51714
1	193834	51718
1	193837	51746
1	193839	51756
1	193887	51929
1	193901	52026
1	193903	52036
1	193904	52039
1	193905	52045
1	193906	52048
1	193907	52051
1	193908	52056
1	193909	52060
1	193911	52070
1	193912	52074
1	193914	52086
1	193915	52094
1	193916	52100
1	193917	52103
1	193918	52106
1	193919	52110
1	193920	52116
1	193921	52120
1	193922	52123
1	193923	52127
1	193925	52136
1	193930	52161
1	193931	52164
1	193933	52171
1	193934	52174
1	193935	52181
1	193936	52187
1	193937	52191
1	193938	52196
1	193940	52204
1	193941	52208
1	193942	52211
1	193944	52219
1	193945	52222
1	193946	52226
1	193947	52229
1	193949	52239
1	193950	52244
1	193951	52247
1	193952	52250
1	193953	52254
1	193954	52259
1	193955	52265
1	193956	52272
1	193959	52286
1	193960	52290
1	193962	52304
1	193963	52308
1	193965	52317
1	193966	52321
1	193974	52373
1	193976	52380
1	193988	52463
1	194011	52577
1	194029	52706
1	194030	52711
1	194037	52752
1	194038	52760
1	194043	52785
1	194054	52829
1	194055	52833
1	194056	182723
1	194057	52842
1	194058	52846
1	194059	52851
1	194060	52856
1	194062	52866
1	194063	52871
1	194064	52876
1	194065	52881
1	194066	52886
1	194067	52890
1	194068	52897
1	194069	52900
1	194073	52918
1	194074	52921
1	194075	52925
1	194099	53112
1	194106	53153
1	194107	53158
1	194108	53164
1	194109	53168
1	194110	53171
1	194111	53176
1	194112	53181
1	194113	53187
1	194114	53193
1	194115	53199
1	194116	53206
1	194117	53211
1	194118	53217
1	194119	53222
1	194120	53229
1	194157	53446
1	194181	53612
1	194182	53616
1	194185	53623
1	194186	53625
1	194187	53628
1	194189	53633
1	194191	53638
1	194205	53724
1	194207	53733
1	194232	53893
1	194233	53898
1	194257	54021
1	194258	54025
1	194259	54029
1	194260	54033
1	194261	194257
1	194262	54044
1	194263	54049
1	194285	54129
1	194286	54133
1	194287	54137
1	194296	54199
1	194297	54203
1	194298	54210
1	194299	54214
1	194300	54222
1	194301	54230
1	194313	54307
1	194314	54311
1	194318	54338
1	194319	54344
1	194320	54351
1	194321	54356
1	194348	54490
1	194350	54497
1	194351	54500
1	194352	54503
1	194353	54506
1	194359	54538
1	194360	54542
1	194363	54562
1	194364	54567
1	194366	54576
1	194367	54581
1	194369	54591
1	194370	54597
1	194401	54716
1	194402	54721
1	194403	54726
1	194409	54753
1	194410	54758
1	194411	54761
1	194412	54764
1	194533	55489
1	194534	55494
1	194535	55498
1	194536	55502
1	194539	55521
1	194546	55555
1	194547	55560
1	194548	55564
1	194549	55568
1	194553	55597
1	194555	55613
1	194557	55622
1	194564	55665
1	194566	55675
1	194567	55678
1	194568	55682
1	194569	55686
1	194570	55690
1	194572	55698
1	194573	55704
1	194574	55708
1	194575	55713
1	194578	55722
1	194579	55728
1	194580	55732
1	194581	55736
1	194584	55747
1	194587	55761
1	194588	55767
1	194589	55773
1	194592	194546
1	194594	55794
1	194595	55800
1	194596	55805
1	194597	55811
1	194598	55817
1	194599	55823
1	194600	55829
1	194601	55834
1	194602	55840
1	194603	55846
1	194607	187999
1	194610	55891
1	194614	55915
1	194616	55923
1	194633	56045
1	194634	56052
1	194635	56060
1	194638	56079
1	194639	56083
1	194640	56087
1	194641	56091
1	194642	56096
1	194643	56099
1	194648	56123
1	194651	56138
1	194652	56142
1	194653	188994
1	194654	56148
1	194655	56151
1	194656	56155
1	194657	56158
1	194658	56161
1	194659	56164
1	194660	56167
1	194661	56170
1	194662	56174
1	194663	56177
1	194799	56748
1	194800	56754
1	194801	56760
1	194802	56765
1	194803	56769
1	194808	56789
1	194809	56793
1	194810	56799
1	194811	56803
1	194812	56809
1	194813	56813
1	194825	56876
1	194826	56880
1	194846	57015
1	194848	57024
1	194849	57030
1	194850	57035
1	194856	57077
1	194857	57081
1	194858	57085
1	194859	57087
1	194869	57157
1	194870	194598
1	194875	57163
1	194884	57227
1	194890	57263
1	194891	57267
1	194892	57271
1	194893	57275
1	194894	57281
1	194895	57285
1	194896	57289
1	194897	57294
1	194898	57299
1	194899	57304
1	194900	57308
1	194901	57313
1	194902	57319
1	194903	57323
1	194904	57327
1	195468	60606
1	195472	60623
1	195473	60631
1	195493	60764
1	195513	60911
1	195542	61112
1	195557	61206
1	195561	61232
1	195563	61242
1	195565	61250
1	195566	61254
1	195581	61327
1	195610	61521
1	195627	61637
1	195628	61640
1	195632	61660
1	195750	61701
1	195774	61793
1	195785	61837
1	195786	61842
1	195790	61860
1	195792	61872
1	195820	62041
1	195821	62045
1	195822	62049
1	195823	62055
1	195839	62137
1	195840	62140
1	195841	62142
1	195842	62145
1	195843	62147
1	195862	62231
1	195863	62234
1	195869	62274
1	195870	62253
1	195871	62257
1	195875	62268
1	195877	62274
1	195879	62284
1	195880	62288
1	195881	62294
1	195882	62298
1	195883	62304
1	195884	62308
1	195885	62313
1	195894	62414
1	195895	62419
1	195896	62424
1	195897	62428
1	195898	62432
1	195899	62436
1	195945	62737
1	195957	62783
1	195960	62799
1	195962	62809
1	195963	62814
1	196010	62952
1	196011	62958
1	196013	62966
1	196016	62982
1	196023	63028
1	196024	63032
1	196033	63078
1	196073	63314
1	196087	63406
1	196088	63414
1	196089	63421
1	196090	63427
1	196091	63433
1	196107	63521
1	196108	63527
1	196109	63533
1	196110	63538
1	196131	63679
1	196161	63807
1	196162	63814
1	196163	63820
1	196164	63826
1	196182	63921
1	196183	63927
1	196184	63932
1	196185	63935
1	196192	63982
1	196193	63987
1	196194	63993
1	196196	64002
1	196197	64006
1	196208	64065
1	196209	64070
1	196210	64074
1	196211	64078
1	196212	64084
1	196213	64089
1	196214	64094
1	196222	64125
1	196223	64130
1	196224	64132
1	196225	64136
1	196226	64140
1	196227	64148
1	196248	64211
1	196249	64217
1	196250	64221
1	196251	64225
1	196252	64229
1	196253	64234
1	196254	64237
1	196255	64241
1	196256	64245
1	196257	64250
1	196258	64254
1	196259	64259
1	196260	64264
1	196261	64268
1	196262	64272
1	196263	64276
1	196264	64280
1	196265	64285
1	196266	64289
1	196267	64294
1	196273	64335
1	196274	64340
1	196275	64343
1	196276	64348
1	196309	64547
1	196311	64560
1	196313	64569
1	196316	64582
1	196338	64695
1	196344	64730
1	196345	64734
1	196346	64738
1	196347	64742
1	196348	64746
1	196349	64752
1	196350	64757
1	196351	64761
1	196352	64765
1	196353	64769
1	196354	64773
1	196355	64778
1	196356	64782
1	196357	64786
1	196358	64790
1	196359	64794
1	196360	64798
1	196362	64806
1	196363	64811
1	196364	64815
1	196365	64819
1	196366	64823
1	196367	64827
1	196368	64831
1	196369	64835
1	196370	64839
1	196371	64844
1	196373	64853
1	196374	64859
1	196375	64864
1	196376	64868
1	196377	64872
1	196378	64876
1	196379	64880
1	196380	64884
1	196447	65321
1	196449	65333
1	196450	65336
1	196451	65339
1	196453	65350
1	196460	65387
1	196461	65391
1	196462	65395
1	196463	65399
1	196464	65402
1	196465	65404
1	196466	65407
1	196467	65410
1	196494	65598
1	196496	65610
1	196497	65614
1	196498	65618
1	196508	65689
1	196510	65701
1	196511	65708
1	196521	65769
1	196523	65781
1	196536	65854
1	196537	65859
1	196566	66039
1	196568	66049
1	196589	66181
1	196590	66186
1	196591	66190
1	196592	66197
1	196593	66202
1	196594	66212
1	196595	66212
1	196596	66216
1	196597	66220
1	196598	66225
1	196599	66232
1	196629	66407
1	196644	66469
1	196652	66504
1	196653	66508
1	196676	66568
1	196694	66668
1	196695	66674
1	196696	66678
1	196698	66690
1	196707	66744
1	196709	66750
1	196710	66755
1	196711	66761
1	196715	66785
1	196716	66790
1	196717	66795
1	196718	66800
1	196719	66805
1	196720	66810
1	196721	66815
1	196722	66820
1	196723	66825
1	196724	66830
1	196725	66835
1	196726	66840
1	196727	66846
1	196729	66858
1	196730	66863
1	196731	66868
1	196732	66873
1	196733	66877
1	196734	66882
1	196735	66885
1	196745	188696
1	196746	66955
1	196747	66961
1	196748	66966
1	196749	66971
1	196761	67047
1	196762	67052
1	196763	67057
1	196764	67061
1	196765	67065
1	196767	67075
1	196781	67135
1	196785	67158
1	196786	67161
1	196787	67166
1	196788	67171
1	196800	67250
1	196831	67430
1	196844	67499
1	196852	67535
1	196869	67655
1	196870	67659
1	196871	67662
1	196887	67756
1	196890	67771
1	196891	67775
1	196895	67799
1	196896	67804
1	196897	67808
1	196898	67814
1	196899	67819
1	196900	67824
1	196902	67834
1	196903	67838
1	196904	67842
1	196905	67847
1	196925	67891
1	196926	67895
1	196927	67899
1	196934	67944
1	196935	67947
1	196936	67951
1	196949	68040
1	196950	68047
1	196958	68103
1	196966	68156
1	196967	68160
1	196968	68165
1	197006	68433
1	197010	68447
1	197014	68461
1	197015	68465
1	197020	68483
1	197022	68491
1	197023	68499
1	197024	68505
1	197025	68508
1	197027	68516
1	197028	68520
1	197042	68613
1	197048	68658
1	197049	68662
1	197050	68666
1	197051	68670
1	197052	68675
1	197112	69070
1	197113	69075
1	197128	69174
1	197129	69178
1	197130	69182
1	197131	69186
1	197132	69189
1	197134	69196
1	197135	69200
1	197136	69206
1	197137	69213
1	197142	69236
1	197143	69240
1	197144	69245
1	197145	69249
1	197146	69253
1	197147	69257
1	197148	69264
1	197149	69268
1	197228	69654
1	197264	69863
1	197265	69869
1	197266	69873
1	197268	69879
1	197269	69884
1	197270	69889
1	197277	69932
1	197281	69952
1	197282	69957
1	197283	69961
1	197293	70027
1	197294	70029
1	197295	70032
1	197296	70034
1	197298	70039
1	197299	70041
1	197300	70043
1	197301	70045
1	197302	70048
1	197303	70050
1	197304	70052
1	197305	70054
1	197306	70059
1	197307	70063
1	197308	70070
1	197309	70075
1	197310	70079
1	197312	70091
1	197319	70145
1	197321	70154
1	197322	70158
1	197323	70163
1	197324	70167
1	197325	70172
1	197326	70176
1	197327	70180
1	197328	70184
1	197329	70188
1	197330	70192
1	197331	70197
1	197332	70200
1	197333	70204
1	197334	70212
1	197338	70232
1	197340	70245
1	197341	70251
1	197342	70256
1	197343	70261
1	197344	70266
1	197346	70278
1	197347	70284
1	197348	70289
1	197349	70294
1	197350	197344
1	197351	70305
1	197353	70314
1	197354	70319
1	197355	70325
1	197357	70339
1	197358	70342
1	197359	70346
1	197360	70348
1	197368	70380
1	197369	70384
1	197370	70387
1	197371	70391
1	197372	70395
1	197373	70399
1	197374	70511
1	197375	70407
1	197376	70412
1	197377	70416
1	197378	70421
1	197379	70426
1	197380	70430
1	197381	70434
1	197382	70437
1	197384	197376
1	197385	70448
1	197386	70454
1	197387	70457
1	197388	70461
1	197389	70465
1	197390	70468
1	197391	70472
1	197392	70475
1	197393	70480
1	197394	70485
1	197395	70489
1	197396	70492
1	197397	70496
1	197398	70499
1	197399	70503
1	197400	70507
1	197401	70511
1	197402	70514
1	197403	70517
1	197404	70521
1	197405	70525
1	197406	70529
1	197408	70538
1	197416	70590
1	197417	70595
1	197418	70600
1	197419	70605
1	197420	70611
1	197421	70616
1	197422	70622
1	197424	70632
1	197425	70636
1	197426	70641
1	197427	70645
1	197428	70648
1	197429	70655
1	197430	70661
1	197431	70668
1	197432	70672
1	197433	70677
1	197434	70681
1	197435	70687
1	197436	70692
1	197437	70700
1	197438	70706
1	197441	70724
1	197442	70729
1	197443	70737
1	197444	70743
1	197445	70746
1	197446	70749
1	197449	70768
1	197450	70776
1	197451	70781
1	197452	70785
1	197457	70820
1	197458	70827
1	197460	70841
1	197461	70844
1	197462	70849
1	197463	70854
1	197464	70859
1	197465	70864
1	197466	70869
1	197467	70876
1	197468	70881
1	197469	70886
1	197470	70891
1	197471	70896
1	197473	70908
1	197474	70912
1	197475	70917
1	197477	70928
1	197478	70933
1	197481	70958
1	197482	70964
1	197483	70970
1	197484	70975
1	197485	70980
1	197486	70984
1	197491	71012
1	197493	71022
1	197494	71026
1	197497	71038
1	197498	71044
1	197499	71049
1	197500	71054
1	197501	71060
1	197502	71066
1	197503	71071
1	197504	71077
1	197505	71081
1	197506	71085
1	197508	71095
1	197509	71099
1	197512	71118
1	197513	71122
1	197514	71129
1	197515	71135
1	197516	71141
1	197517	71146
1	197518	71151
1	197519	71155
1	197520	71159
1	197521	71163
1	197522	71167
1	197524	71177
1	197525	71181
1	197526	71186
1	197527	71190
1	197528	71194
1	197529	71198
1	197530	71202
1	197531	71206
1	197532	71211
1	197533	71216
1	197534	71221
1	197535	71226
1	197537	71234
1	197538	71238
1	197539	71243
1	197541	71255
1	197542	71260
1	197543	71265
1	197544	71270
1	197545	71277
1	197546	71282
1	197547	71288
1	197548	71294
1	197550	71308
1	197551	71310
1	197552	71316
1	197554	71327
1	197558	71345
1	197559	71352
1	197560	71357
1	197561	71364
1	197562	71372
1	197565	71390
1	197566	71397
1	197569	71410
1	197570	71415
1	197572	71427
1	197574	71431
1	197576	197332
1	197579	71463
1	197580	71468
1	197582	71479
1	197588	71524
1	197589	71530
1	197590	71536
1	197591	71541
1	197592	71545
1	197593	71550
1	197594	71556
1	197595	71561
1	197596	71566
1	197597	71571
1	197598	71576
1	197599	71580
1	197600	71584
1	197601	71589
1	197602	71594
1	197603	71599
1	197605	71609
1	197606	71613
1	197607	71618
1	197608	71622
1	197611	71640
1	197613	71651
1	197614	71658
1	197620	71702
1	197623	71719
1	197627	71751
1	197631	71777
1	197650	71874
1	197651	71879
1	197652	71884
1	197653	71889
1	197658	71910
1	197668	71972
1	197669	71978
1	197703	72127
1	197704	72133
1	197705	72138
1	197706	72142
1	197707	72149
1	197708	72156
1	197709	72164
1	197710	72169
1	197711	72174
1	197712	72182
1	197713	72186
1	197714	72189
1	197715	72193
1	197716	72197
1	197717	72201
1	197718	72205
1	197719	72210
1	197720	197719
1	197721	72220
1	197722	72225
1	197723	72230
1	197724	72234
1	197729	72258
1	197730	72262
1	197731	72267
1	197733	72276
1	197734	72284
1	197735	72290
1	197736	72296
1	197737	72300
1	197738	72306
1	197739	72312
1	197740	72318
1	197741	72324
1	197746	72354
1	197747	72358
1	197748	72363
1	197749	72370
1	197750	72376
1	197751	72382
1	197753	72396
1	197755	72406
1	197756	72412
1	197757	72416
1	197758	72421
1	197759	72426
1	197760	72431
1	197761	72437
1	197762	72441
1	197763	72444
1	197768	72459
1	197769	72463
1	197770	72467
1	197772	72473
1	197773	72477
1	197775	72487
1	197777	72499
1	197778	72504
1	197779	72508
1	197780	72514
1	197781	72519
1	197782	197780
1	197783	72529
1	197784	72534
1	197785	72538
1	197786	72542
1	197787	72547
1	197788	72551
1	197789	72556
1	197790	72561
1	197791	72565
1	197792	72569
1	197793	72573
1	197794	72577
1	197795	72582
1	197796	72586
1	197797	72591
1	197798	72595
1	197799	72600
1	197800	72604
1	197802	72612
1	197803	72617
1	197804	72622
1	197805	72627
1	197806	72631
1	197808	72642
1	197809	72646
1	197810	72651
1	197811	72655
1	197812	72659
1	197814	72668
1	197816	72678
1	197820	72700
1	197824	72731
1	197825	72736
1	197826	72741
1	197827	72746
1	197828	197705
1	197829	72755
1	197832	72767
1	197833	72772
1	197834	72775
1	197835	72782
1	197836	72787
1	197839	72801
1	197844	72827
1	197845	72834
1	197846	72839
1	197847	72844
1	197848	72849
1	197849	72855
1	197850	72859
1	197851	72864
1	197853	72874
1	197854	72878
1	197855	72884
1	197856	72890
1	197857	72894
1	197858	72899
1	197859	183290
1	197869	72944
1	197872	72957
1	197873	72962
1	197874	72968
1	197875	72973
1	197876	72978
1	197877	72982
1	197878	72990
1	197879	72995
1	197880	72998
1	197881	73000
1	197882	73003
1	197883	73007
1	197884	73009
1	197885	73012
1	197886	73017
1	197887	73023
1	197888	73027
1	197889	73031
1	197890	73036
1	197892	197890
1	197893	73045
1	197894	73050
1	197895	73054
1	197896	73058
1	197897	73062
1	197900	73075
1	197901	73080
1	197902	73085
1	197903	73089
1	197904	73094
1	197910	73118
1	197911	73123
1	197914	73138
1	197915	73145
1	197916	73151
1	197917	73158
1	197918	73163
1	197919	73167
1	197920	73173
1	197921	73181
1	197922	73186
1	197923	73190
1	197924	73195
1	197925	73201
1	197926	73210
1	197927	73216
1	197929	73226
1	197930	73231
1	197931	73235
1	197933	73245
1	197935	73256
1	197936	73261
1	197940	73275
1	197941	73281
1	197944	73294
1	197945	73298
1	197946	73302
1	197947	73308
1	197949	73320
1	197950	73326
1	197951	73330
1	197952	73335
1	197953	73339
1	197954	73343
1	197955	73347
1	197956	73351
1	197957	73356
1	197958	73360
1	197959	73364
1	197960	73368
1	197961	73372
1	197962	73377
1	197971	73431
1	197974	73444
1	197975	73449
1	197976	73454
1	197977	73459
1	197978	73463
1	197979	73467
1	197981	73477
1	197984	73484
1	197985	73487
1	197986	73492
1	197987	73497
1	197988	73502
1	197989	73507
1	197990	73512
1	197992	73526
1	197993	73531
1	197995	73545
1	197996	73551
1	197997	73556
1	197999	73568
1	198000	73572
1	198003	73588
1	198004	73594
1	198006	73605
1	198007	73611
1	198008	73617
1	198009	73623
1	198012	73639
1	198013	73644
1	198014	73649
1	198015	73653
1	198016	73656
1	198018	73666
1	198019	73671
1	198020	73677
1	198021	198019
1	198022	73687
1	198023	73692
1	198024	73696
1	198025	73702
1	198027	73717
1	198028	73725
1	198029	73730
1	198030	73736
1	198031	73743
1	198032	73748
1	198033	73753
1	198034	73758
1	198035	73763
1	198036	73768
1	198037	73774
1	198038	73779
1	198039	73786
1	198040	73791
1	198041	73796
1	198042	73801
1	198043	73805
1	198044	73810
1	198055	73821
1	198056	73826
1	198057	73834
1	198058	73839
1	198059	73843
1	198060	73850
1	198061	73857
1	198062	73864
1	198063	73870
1	198065	73882
1	198066	73887
1	198067	73893
1	198068	73897
1	198070	73911
1	198071	73918
1	198072	183365
1	198073	73928
1	198074	73933
1	198075	73940
1	198078	73953
1	198079	73957
1	198080	73961
1	198081	73966
1	198082	73971
1	198083	73976
1	198084	198080
1	198085	73986
1	198086	73990
1	198087	73994
1	198088	73998
1	198089	74003
1	198090	74007
1	198092	74014
1	198093	74019
1	198095	74028
1	198097	74036
1	198098	74040
1	198099	74044
1	198103	74070
1	198106	74085
1	198107	74091
1	198108	74096
1	198109	74100
1	198110	74103
1	198111	197820
1	198112	74118
1	198113	74123
1	198114	74128
1	198115	74135
1	198117	74145
1	198118	74150
1	198119	74156
1	198120	74161
1	198121	74166
1	198122	74171
1	198123	74175
1	198124	74180
1	198125	74184
1	198129	74198
1	198132	74224
1	198140	74254
1	198141	74260
1	198142	74266
1	198143	74272
1	198144	74278
1	198145	74282
1	198149	74307
1	198150	74313
1	198151	74319
1	198152	74323
1	198153	74328
1	198154	74334
1	198155	74339
1	198156	74343
1	198157	74347
1	198158	74351
1	198159	74355
1	198160	74359
1	198161	74363
1	198162	74367
1	198164	74378
1	198165	74382
1	198166	74386
1	198167	74390
1	198168	74394
1	198169	74398
1	198170	74403
1	198171	74408
1	198172	74413
1	198174	74427
1	198175	74433
1	198176	74436
1	198177	74438
1	198178	74440
1	198179	74443
1	198182	74458
1	198183	74463
1	198184	74469
1	198189	74500
1	198192	74517
1	198194	74529
1	198195	74536
1	198197	74546
1	198198	74550
1	198199	74554
1	198200	74558
1	198201	74562
1	198209	74604
1	198210	74611
1	198220	74648
1	198225	74671
1	198226	74677
1	198227	74682
1	198231	74697
1	198233	74704
1	198234	74709
1	198235	74713
1	198236	74718
1	198237	74722
1	198238	74725
1	198239	74728
1	198240	74732
1	198241	74736
1	198242	74740
1	198243	74743
1	198245	74750
1	198246	74754
1	198247	74758
1	198248	74762
1	198249	74767
1	198250	74772
1	198251	74776
1	198252	74785
1	198253	74792
1	198254	74797
1	198255	74802
1	198256	74807
1	198257	74812
1	198258	74819
1	198259	74823
1	198260	74831
1	198261	74838
1	198262	74843
1	198263	74849
1	198264	74854
1	198265	74858
1	198267	94629
1	198268	74874
1	198269	74880
1	198270	74885
1	198271	74889
1	198272	74894
1	198273	74900
1	198274	74905
1	198275	74910
1	198276	74915
1	198281	74940
1	198282	74940
1	198283	74949
1	198284	74953
1	198285	74957
1	198286	74961
1	198287	74967
1	198288	74971
1	198289	74975
1	198291	74983
1	198292	74989
1	198293	74993
1	198295	75001
1	198296	75007
1	198298	75018
1	198299	75023
1	198300	75027
1	198301	75034
1	198302	75040
1	198303	75044
1	198312	75092
1	198316	75116
1	198317	75122
1	198318	75128
1	198319	75135
1	198321	75149
1	198327	75177
1	198343	75288
1	198345	75299
1	198347	75310
1	198348	75316
1	198349	185075
1	198350	75333
1	198352	75344
1	198353	75349
1	198356	75366
1	198357	75373
1	198366	75415
1	198394	75591
1	198395	75597
1	198407	75678
1	198410	75697
1	198414	75726
1	198422	75783
1	198432	75842
1	198434	75853
1	198437	75876
1	198456	75986
1	198457	75992
1	198458	76000
1	198470	76082
1	198478	76137
1	198489	76197
1	198490	76200
1	198495	76235
1	198497	76246
1	198498	76251
1	198499	76258
1	198500	76263
1	198501	76269
1	198502	76274
1	198503	76281
1	198504	76285
1	198505	76289
1	198506	76296
1	198507	76301
1	198508	76307
1	198509	76312
1	198510	76316
1	198511	198500
1	198513	76331
1	198516	76345
1	198517	76350
1	198518	76356
1	198519	76361
1	198521	76374
1	198522	76382
1	198523	76390
1	198525	76399
1	198526	76403
1	198527	76406
1	198528	76410
1	198529	76414
1	198530	76418
1	198532	76433
1	198533	76437
1	198535	76452
1	198536	76457
1	198537	76462
1	198538	76467
1	198539	76472
1	198540	76476
1	198542	76485
1	198543	76490
1	198546	76509
1	198548	76521
1	198549	76524
1	198550	198060
1	198552	76542
1	198553	76549
1	198555	76559
1	198556	76564
1	198557	76570
1	198558	76575
1	198559	76581
1	198563	76601
1	198564	76606
1	198566	76616
1	198568	76628
1	198569	76633
1	198570	76638
1	198572	76647
1	198573	76652
1	198575	76664
1	198576	76671
1	198577	76677
1	198578	76683
1	198581	76697
1	198582	76703
1	198584	76715
1	198586	76726
1	198587	76730
1	198588	76734
1	198589	76738
1	198590	76743
1	198591	76748
1	198592	76753
1	198593	76757
1	198594	76762
1	198595	76766
1	198601	76796
1	198602	76802
1	198603	76807
1	198606	76822
1	198608	76833
1	198609	76839
1	198610	76844
1	198612	76855
1	198614	76866
1	198615	76871
1	198617	76881
1	198618	76886
1	198619	76891
1	198624	76924
1	198626	76937
1	198627	76941
1	198628	76945
1	198629	76949
1	198630	76953
1	198631	76957
1	198632	76961
1	198633	76965
1	198634	76969
1	198635	76974
1	198637	76983
1	198639	76995
1	198642	77010
1	198643	77016
1	198644	77022
1	198647	77043
1	198648	77048
1	198649	77053
1	198650	77059
1	198652	198649
1	198653	77072
1	198655	77081
1	198656	77085
1	198657	77089
1	198659	77098
1	198660	77102
1	198661	77106
1	198665	77128
1	198666	77132
1	198668	77141
1	198669	77146
1	198670	77151
1	198671	77157
1	198672	77163
1	198673	77168
1	198674	77173
1	198675	77178
1	198676	77184
1	198677	77188
1	198678	77192
1	198679	77197
1	198680	77204
1	198681	77210
1	198682	77215
1	198683	77222
1	198684	77227
1	198685	77232
1	198686	77237
1	198688	77249
1	198690	77259
1	198691	77263
1	198696	77292
1	198697	77300
1	198702	77327
1	198703	77331
1	198709	77361
1	198710	77367
1	198711	77372
1	198713	77383
1	198715	77393
1	198717	77405
1	198718	77409
1	198719	77414
1	198720	77419
1	198724	77441
1	198725	77447
1	198727	77456
1	198734	77501
1	198736	77511
1	198737	77517
1	198738	77521
1	198739	77526
1	198740	77530
1	198741	77534
1	198742	77538
1	198743	77542
1	198744	77547
1	198745	77551
1	198746	77555
1	198747	77560
1	198748	77566
1	198750	77577
1	198752	77584
1	198753	77587
1	198757	77607
1	198758	77611
1	198759	77614
1	198760	77623
1	198761	77630
1	198763	77641
1	198766	77656
1	198768	77667
1	198769	77673
1	198770	77678
1	198772	77689
1	198773	77694
1	198774	77698
1	198775	77701
1	198776	77706
1	198777	77711
1	198781	77729
1	198782	77734
1	198783	77738
1	198784	77743
1	198785	77747
1	198786	77751
1	198787	77755
1	198788	77759
1	198790	77767
1	198791	77771
1	198797	77792
1	198798	77798
1	198801	77815
1	198805	77835
1	198806	77842
1	198807	77847
1	198808	77852
1	198810	77860
1	198811	77866
1	198812	77871
1	198813	77876
1	198814	77882
1	198815	77887
1	198817	77897
1	198818	77901
1	198819	77906
1	198820	77911
1	198821	77915
1	198822	198819
1	198823	77923
1	198824	77926
1	198827	77946
1	198828	77952
1	198829	77956
1	198830	77962
1	198831	77967
1	198832	77971
1	198833	77976
1	198834	77981
1	198835	77986
1	198836	77990
1	198837	77994
1	198838	77998
1	198839	78002
1	198840	78006
1	198841	78012
1	198842	78016
1	198843	78020
1	198844	78025
1	198845	78029
1	198846	78033
1	198848	78041
1	198851	78047
1	198853	78054
1	198854	78058
1	198855	78062
1	198856	78066
1	198857	78070
1	198858	198839
1	198859	78078
1	198861	78090
1	198863	78101
1	198868	78135
1	198869	78139
1	198871	78150
1	198872	78155
1	198874	78164
1	198875	78169
1	198876	78174
1	198878	78186
1	198884	78216
1	198885	78221
1	198887	78231
1	198888	78237
1	198889	78243
1	198890	78250
1	198891	78256
1	198893	78269
1	198894	78275
1	198895	78281
1	198896	78287
1	198897	78293
1	198898	78299
1	198899	78305
1	198901	78316
1	198902	78322
1	198903	78328
1	198904	78334
1	198905	78340
1	198906	78346
1	198907	78352
1	198908	78358
1	198909	78363
1	198910	78365
1	198911	78368
1	198912	78372
1	198913	78376
1	198914	78380
1	198915	78384
1	198916	78390
1	198917	78394
1	198918	78398
1	198920	78407
1	198923	78418
1	198924	78423
1	198925	78428
1	198926	78432
1	198927	78438
1	198928	78443
1	198929	78448
1	198930	78453
1	198931	78458
1	198932	78463
1	198933	78468
1	198934	78472
1	198935	78476
1	198936	78481
1	198937	78485
1	198938	78490
1	198939	78494
1	198940	78499
1	198941	78503
1	198942	78508
1	198943	78513
1	198945	78522
1	198946	78527
1	198947	78532
1	198948	78538
1	198951	78550
1	198952	78554
1	198953	78558
1	198954	78562
1	198955	78567
1	198956	78574
1	198957	78578
1	198960	78592
1	198961	78595
1	198977	78673
1	198978	78677
1	198980	78691
1	198984	78715
1	198985	78720
1	198986	78724
1	198987	78729
1	198988	78734
1	198989	78739
1	198990	78745
1	198991	197461
1	198994	78765
1	198996	78775
1	198997	78780
1	198998	78784
1	198999	78789
1	199002	78799
1	199003	78805
1	199004	78809
1	199006	78817
1	199007	78822
1	199008	78827
1	199009	78833
1	199015	78877
1	199016	78882
1	199017	78888
1	199018	78896
1	199019	78900
1	199020	78906
1	199021	78910
1	199022	78918
1	199023	78924
1	199024	78929
1	199032	78980
1	199033	78986
1	199034	78992
1	199035	78997
1	199036	79000
1	199037	79004
1	199038	79009
1	199039	79013
1	199040	79017
1	199041	79022
1	199042	79026
1	199043	79032
1	199044	79037
1	199045	79042
1	199046	79047
1	199047	79052
1	199049	79061
1	199050	79065
1	199051	79069
1	199052	79073
1	199053	79078
1	199054	79082
1	199056	79090
1	199057	199049
1	199058	79098
1	199059	79103
1	199060	79107
1	199061	79113
1	199062	79118
1	199064	79127
1	199065	79131
1	199066	79135
1	199067	79139
1	199068	79143
1	199069	79147
1	199070	79151
1	199072	79159
1	199073	79163
1	199074	79169
1	199075	79173
1	199076	79177
1	199078	79185
1	199079	79189
1	199080	79193
1	199081	79197
1	199082	79201
1	199084	79210
1	199085	79214
1	199086	79222
1	199087	79229
1	199088	79233
1	199089	79238
1	199090	79243
1	199091	79248
1	199092	79254
1	199093	79257
1	199098	79274
1	199099	79279
1	199101	79292
1	199102	79296
1	199103	79301
1	199109	79334
1	199110	79340
1	199111	79344
1	199112	79366
1	199114	79360
1	199115	79366
1	199116	79371
1	199117	79375
1	199118	79379
1	199121	79395
1	199122	79402
1	199123	79407
1	199125	79420
1	199126	79425
1	199127	79429
1	199128	79433
1	199129	79439
1	199130	79446
1	199131	79452
1	199132	79458
1	199136	79474
1	199137	79479
1	199138	79485
1	199139	79490
1	199140	79495
1	199141	79501
1	199143	79511
1	199144	79515
1	199145	198718
1	199146	79527
1	199147	79532
1	199148	79537
1	199150	79547
1	199151	79554
1	199153	79560
1	199154	79565
1	199169	79657
1	199171	79666
1	199172	79670
1	199173	79675
1	199174	79681
1	199175	79687
1	199176	79693
1	199177	79699
1	199179	185021
1	199180	79716
1	199186	79749
1	199187	79751
1	199192	79763
1	199193	79765
1	199194	79767
1	199197	79780
1	199199	79788
1	199200	79792
1	199201	79797
1	199202	79802
1	199203	79806
1	199204	79810
1	199205	79817
1	199206	79822
1	199207	79827
1	199208	79832
1	199210	79842
1	199211	79846
1	199212	79852
1	199213	79857
1	201105	83297
1	201106	83301
1	201107	83304
1	201108	83309
1	201109	83314
1	201110	83318
1	201112	83327
1	201113	83332
1	201116	83348
1	201121	83372
1	201122	83379
1	201123	83384
1	201124	83389
1	201129	83414
1	201130	83418
1	201132	187081
1	201133	83434
1	201134	198535
1	201135	83443
1	201136	83447
1	201138	83457
1	201139	83461
1	201140	201135
1	201145	83488
1	201146	83492
1	201147	83496
1	201148	83500
1	201150	83510
1	201152	83520
1	201156	83550
1	201551	84173
1	201552	84177
1	201554	84189
1	201556	84198
1	201558	84206
1	201559	84210
1	201560	84214
1	201561	84218
1	201563	84227
1	201564	84232
1	201565	84237
1	201566	84241
1	201568	84250
1	201569	84254
1	201570	84258
1	201571	84262
1	201572	84266
1	201574	84274
1	201576	84282
1	201578	84290
1	201579	197914
1	201581	84306
1	201582	84314
1	201587	84338
1	201588	84343
1	201589	84349
1	201596	84387
1	201597	84391
1	201599	84402
1	201600	84407
1	201602	84417
1	201603	84422
1	201604	84427
1	201605	84432
1	201606	84437
1	201607	84442
1	201608	84447
1	201609	84452
1	201610	84457
1	201611	84462
1	201612	84467
1	201618	84502
1	201619	84509
1	201620	84513
1	201621	84518
1	201623	84526
1	201624	84531
1	201625	84540
1	201626	84548
1	201627	84556
1	201628	84561
1	201629	84568
1	201631	84577
1	201632	84583
1	201633	84588
1	201634	84593
1	201635	84598
1	201639	84622
1	201640	84627
1	201641	84632
1	201643	84643
1	201644	84648
1	201645	84653
1	201647	84662
1	201648	84665
1	201649	84668
1	201650	84675
1	201651	84682
1	201652	84687
1	201653	84694
1	201654	84700
1	201655	84706
1	201656	84710
1	201657	84715
1	201658	84721
1	201659	84725
1	201662	84743
1	201663	84750
1	201665	84763
1	201667	84771
1	201668	84776
1	201669	84783
1	201670	84789
1	201671	84792
1	201673	84805
1	201675	84817
1	201679	84836
1	201684	84870
1	201685	84875
1	201686	84879
1	201687	84884
1	201688	84889
1	201690	84901
1	201691	84905
1	201692	84912
1	201693	84917
1	201694	84922
1	201696	84932
1	201697	84937
1	201698	84942
1	201700	84952
1	201701	84959
1	201702	84964
1	201704	84970
1	201705	198727
1	201706	84979
1	201707	84983
1	201709	84991
1	201710	84996
1	201711	85000
1	201712	85005
1	201713	85010
1	201714	85015
1	201715	85019
1	201716	85023
1	201718	85034
1	201719	85038
1	201720	85042
1	201721	85047
1	201722	85052
1	201724	85063
1	201725	85068
1	201726	85072
1	201727	85077
1	201728	85083
1	201730	85097
1	201733	85112
1	201734	85117
1	201735	85121
1	201736	85126
1	201737	85130
1	201739	85139
1	201740	85143
1	201742	85152
1	201744	85162
1	201746	85172
1	201748	85177
1	201750	85186
1	201752	85194
1	201753	85200
1	201754	85204
1	201755	85208
1	201756	85213
1	201757	85218
1	201758	85224
1	201759	85228
1	201760	85232
1	201761	85236
1	201762	85240
1	201763	85244
1	201764	85250
1	201766	85259
1	201775	85314
1	201777	85323
1	201778	85328
1	201779	85333
1	201780	85338
1	201781	85343
1	201782	85348
1	201784	85358
1	201785	85362
1	201786	85367
1	201798	85422
1	201799	85427
1	201800	85431
1	201802	85443
1	201807	85477
1	201808	85486
1	201809	85493
1	201810	85498
1	201811	85504
1	201812	85509
1	201813	85514
1	201814	85519
1	201815	85523
1	201818	85540
1	201819	85545
1	201820	85552
1	201821	85557
1	201822	85562
1	201823	85567
1	201824	85572
1	201825	85576
1	201826	85580
1	201829	85594
1	201831	85601
1	201832	85606
1	201833	85611
1	201834	85619
1	201835	85624
1	201839	85648
1	201840	85651
1	201842	85662
1	201843	85669
1	201844	85673
1	201845	85680
1	201847	85689
1	201849	85700
1	201850	85704
1	201852	85715
1	201853	85722
1	201855	85731
1	201857	85741
1	201858	85746
1	201859	85751
1	201860	85756
1	201861	85762
1	201862	85767
1	201863	85773
1	201864	85777
1	201865	85782
1	201866	85788
1	201867	197541
1	201868	197327
1	201870	85804
1	201873	93551
1	201875	85826
1	201877	85834
1	201878	85841
1	201879	85846
1	201880	85850
1	201882	85862
1	201883	85868
1	201884	85873
1	201885	85880
1	201886	85885
1	201887	85890
1	201888	85896
1	201889	85905
1	201891	85916
1	201892	85922
1	201893	85928
1	201894	85936
1	201895	85940
1	201898	85961
1	201900	85968
1	201901	85973
1	201902	199062
1	201903	85983
1	201904	85988
1	201905	85993
1	201906	85999
1	201908	86008
1	201909	86012
1	201910	86018
1	201911	86022
1	201912	86025
1	201913	86029
1	201914	86032
1	201915	86036
1	201916	86041
1	201917	86044
1	201918	86049
1	201919	86055
1	201921	86063
1	201922	86066
1	201924	86076
1	201925	86079
1	201926	86084
1	201927	89450
1	201928	201927
1	201929	86103
1	201932	86114
1	201933	86119
1	201934	86123
1	201935	86128
1	201936	86133
1	201937	86138
1	201938	86143
1	201939	86148
1	201943	86166
1	201944	86175
1	201945	86179
1	201947	86189
1	201948	86193
1	201949	86200
1	201950	86204
1	201951	86211
1	201952	86215
1	201953	86219
1	201954	86224
1	201955	86227
1	201956	86233
1	201957	86238
1	201963	86273
1	201964	86280
1	201965	86286
1	201966	86293
1	201969	86305
1	201970	86308
1	201973	86326
1	201974	86330
1	201975	86334
1	201976	86338
1	201977	86342
1	201978	86346
1	201982	86370
1	201983	86375
1	201984	86380
1	201985	86385
1	201986	86393
1	201987	86398
1	201988	86403
1	201989	86409
1	201990	86413
1	201991	86420
1	201992	86426
1	201993	86432
1	201994	86447
1	201996	86458
1	201997	86464
1	201998	86468
1	202003	86503
1	202004	86509
1	202005	86513
1	202007	86521
1	202008	86525
1	202009	86529
1	202011	86534
1	202012	86539
1	202013	86543
1	202014	86547
1	202015	86552
1	202016	86557
1	202022	86584
1	202023	86588
1	202024	86592
1	202025	86597
1	202026	86602
1	202027	86606
1	202028	86612
1	202029	86618
1	202030	86622
1	202031	86626
1	202034	86642
1	202037	86658
1	202038	86663
1	202040	86674
1	202041	86683
1	202042	86690
1	202043	86695
1	202044	86702
1	202045	86707
1	202046	86712
1	202049	86723
1	202050	86729
1	202055	86751
1	202056	86756
1	202057	86760
1	202058	86767
1	202063	86792
1	202064	86794
1	202066	86803
1	202067	86810
1	202068	86814
1	202069	86819
1	202072	86837
1	202081	86910
1	202082	86916
1	202083	86920
1	202084	86924
1	202088	86943
1	202089	86946
1	202094	86981
1	202096	86991
1	202097	86996
1	202098	87001
1	202099	87005
1	202100	87010
1	202101	87015
1	202102	87021
1	202103	87027
1	202104	87031
1	202105	87036
1	202107	87047
1	202108	87052
1	202109	87058
1	202110	87064
1	202111	87069
1	202112	87074
1	202114	87089
1	202117	87106
1	202118	87110
1	202120	87122
1	202121	87127
1	202122	87132
1	202123	87137
1	202124	87143
1	202125	87148
1	202126	87155
1	202127	87159
1	202130	87180
1	202132	87188
1	202133	87193
1	202134	87198
1	202135	87203
1	202140	87221
1	202141	87224
1	202142	87226
1	202143	87231
1	202144	87235
1	202145	87239
1	202146	87243
1	202148	87254
1	202149	87259
1	202150	87266
1	202151	87271
1	202152	87275
1	202153	87280
1	202155	87286
1	202156	87291
1	202157	201813
1	202158	87300
1	202159	87306
1	202160	87310
1	202161	87318
1	202162	87322
1	202163	87329
1	202165	87339
1	202167	87348
1	202170	87364
1	202171	87368
1	202173	87380
1	202187	87422
1	202189	185552
1	202190	87443
1	202192	87450
1	202193	87455
1	202194	87459
1	202195	87464
1	202197	87474
1	202198	87479
1	202199	87485
1	202200	87489
1	202201	87493
1	202202	87498
1	202203	87502
1	202204	87507
1	202205	87512
1	202206	87517
1	202207	87525
1	202208	87532
1	202209	87537
1	202210	87545
1	202211	87552
1	202212	87557
1	202213	87563
1	202214	87570
1	202215	87576
1	202217	87588
1	202218	87594
1	202222	87613
1	202224	87622
1	202225	87626
1	202227	87635
1	202228	201921
1	202230	87657
1	202231	87663
1	202232	87668
1	202237	87692
1	202238	87696
1	202239	87703
1	202240	87706
1	202241	87711
1	202242	87717
1	202243	87721
1	202245	87732
1	202246	87737
1	202247	87744
1	202249	87756
1	202250	87761
1	202251	87765
1	202252	87769
1	202253	87773
1	202254	87780
1	202255	87787
1	202257	87796
1	202259	87805
1	202260	87810
1	202261	87815
1	202262	87820
1	202263	87825
1	202268	87855
1	202269	87860
1	202270	87865
1	202272	87874
1	202276	87898
1	202279	87910
1	202281	87919
1	202282	87925
1	202284	87934
1	202285	87939
1	202286	87944
1	202287	87950
1	202289	87962
1	202290	87966
1	202291	87971
1	202292	87976
1	202293	87980
1	202294	87984
1	202295	87989
1	202296	87994
1	202299	88008
1	202302	88023
1	202303	88028
1	202304	88033
1	202305	88048
1	202306	88043
1	202307	88048
1	202308	88052
1	202309	88057
1	202310	88062
1	202311	88067
1	202312	88072
1	202313	88077
1	202314	201670
1	202315	88087
1	202316	88096
1	202317	88102
1	202318	88108
1	202319	88115
1	202320	88120
1	202321	88124
1	202322	88129
1	202323	88135
1	202324	88142
1	202325	88148
1	202326	88154
1	202327	88160
1	202328	88165
1	202329	88169
1	202331	88177
1	202333	88183
1	202334	88186
1	202335	88189
1	202336	88192
1	202337	88195
1	202338	88198
1	202340	88206
1	202341	88213
1	202342	88219
1	202343	88225
1	202344	88231
1	202345	88235
1	202346	88240
1	202347	88246
1	202348	88254
1	202350	88268
1	202351	88274
1	202352	88279
1	202353	88284
1	202354	88288
1	202355	88292
1	202356	88296
1	202357	88301
1	202358	88306
1	202359	88311
1	202360	88316
1	202361	88321
1	202362	88327
1	202363	88331
1	202364	88336
1	202365	88340
1	202366	88344
1	202367	88348
1	202368	88352
1	202370	88360
1	202371	88365
1	202372	88369
1	202374	88379
1	202375	88383
1	202376	88387
1	202377	88391
1	202378	88395
1	202379	88399
1	202383	201945
1	202389	88457
1	202390	88462
1	202392	88471
1	202393	88477
1	202394	88481
1	202395	88485
1	202396	88489
1	202397	88494
1	202398	88499
1	202399	197857
1	202400	88510
1	202402	88523
1	202406	88553
1	202407	88557
1	202408	88562
1	202410	88574
1	202411	88578
1	202412	88584
1	202413	88590
1	202414	88595
1	202415	88600
1	202416	88605
1	202417	88610
1	202418	88616
1	202419	88621
1	202423	88640
1	202424	88646
1	202425	88650
1	202426	88656
1	202433	88691
1	202436	202433
1	202442	88709
1	202444	88722
1	202445	88728
1	202446	88735
1	202447	88741
1	202448	88747
1	202452	88770
1	202454	88777
1	202457	88797
1	202458	88803
1	202459	88807
1	202462	88822
1	202463	88826
1	202469	88866
1	202470	88873
1	202471	88878
1	202472	88882
1	202473	88886
1	202478	88914
1	202479	88919
1	202480	88923
1	202481	88928
1	202483	88937
1	202484	88941
1	202487	88957
1	202490	88977
1	202491	88983
1	202493	88994
1	202495	89006
1	202501	89047
1	202502	89052
1	202503	89057
1	202505	89075
1	202506	89077
1	202508	89088
1	202509	89092
1	202511	89100
1	202515	89126
1	202516	89132
1	202525	89178
1	202526	89184
1	202527	89189
1	202530	89201
1	202531	89207
1	202533	89222
1	202534	89226
1	202536	89238
1	202539	89255
1	202540	89259
1	202541	89263
1	202542	89268
1	202543	89272
1	202550	89319
1	202553	89337
1	202565	89404
1	202566	89408
1	202567	202565
1	202568	89420
1	202571	198577
1	202573	89443
1	202574	89450
1	202575	89456
1	202576	89461
1	202577	89467
1	202578	89472
1	202579	89479
1	202580	89487
1	202581	89492
1	202582	89496
1	202588	89528
1	202589	89538
1	202590	89542
1	202591	89546
1	202592	89550
1	202593	89554
1	202594	89560
1	202595	89566
1	202597	89578
1	202598	89584
1	202599	89589
1	202600	89595
1	202601	89601
1	202602	89606
1	202603	89611
1	202604	89615
1	202608	89641
1	202609	89648
1	202610	89652
1	202611	89655
1	202612	89658
1	202613	89662
1	202614	89666
1	202615	89670
1	202616	89674
1	202617	89678
1	202618	89682
1	202619	89716
1	202621	89695
1	202622	89699
1	202623	89704
1	202624	89708
1	202625	89712
1	202626	89716
1	202627	89720
1	202630	89736
1	202632	89745
1	202633	89750
1	202634	89754
1	202635	89759
1	202639	89776
1	202640	89781
1	202641	89787
1	202642	89792
1	202643	89797
1	202644	89802
1	202645	89807
1	202646	89812
1	202654	89855
1	202655	89859
1	202657	89867
1	202658	89871
1	202659	89875
1	202660	89881
1	202661	89885
1	202662	89889
1	202663	89893
1	202665	89905
1	202668	89916
1	202669	89920
1	202670	89924
1	202671	89928
1	202672	89932
1	202673	89936
1	202674	89940
1	202675	89945
1	202676	89949
1	202677	89953
1	202678	89957
1	202679	89961
1	202681	89969
1	202682	89973
1	202683	89977
1	202684	89981
1	202685	89985
1	202686	89989
1	202687	89993
1	202688	89997
1	202689	90002
1	202690	90006
1	202691	90010
1	202692	90014
1	202693	90018
1	202694	90022
1	202695	90026
1	202696	90030
1	202697	90034
1	202698	90038
1	202699	90042
1	202703	90059
1	202705	90067
1	202706	90071
1	202707	90075
1	202708	90079
1	202709	90083
1	202710	90087
1	202711	90091
1	202712	90095
1	202713	90099
1	202714	90103
1	202715	90107
1	202716	90111
1	202717	90118
1	202719	90130
1	202720	90135
1	202721	90141
1	202722	90148
1	202723	90153
1	202725	90165
1	202726	90170
1	202727	90175
1	202728	90180
1	202729	90185
1	202730	90190
1	202731	90195
1	202732	90201
1	202733	90205
1	202734	90209
1	202735	90215
1	202736	90220
1	202737	90224
1	202738	90228
1	202739	90234
1	202740	90239
1	202741	90243
1	202742	90248
1	202743	90253
1	202744	90258
1	202745	90262
1	202746	90266
1	202747	90270
1	202748	90277
1	202749	90281
1	202750	90285
1	202751	90289
1	202752	90293
1	202753	90298
1	202755	90306
1	202757	194808
1	202758	90319
1	202759	90322
1	202761	90332
1	202762	90336
1	202763	90340
1	202764	90343
1	202765	90347
1	202766	90355
1	202767	90361
1	202768	90367
1	202769	90373
1	202770	90379
1	202771	202211
1	202773	90395
1	202775	90405
1	202776	90411
1	202777	90416
1	202778	90422
1	202782	90447
1	202783	90456
1	202784	90461
1	202785	90467
1	202788	90480
1	202791	90493
1	202793	90503
1	202794	90508
1	202795	90512
1	202796	90518
1	202797	90523
1	202798	90528
1	202799	90533
1	202800	90541
1	202801	90546
1	202802	90552
1	202803	90557
1	202804	90562
1	202805	90567
1	202806	90573
1	202807	90578
1	202810	90590
1	202811	90596
1	202812	201690
1	202813	90605
1	202814	90611
1	202815	90616
1	202817	90624
1	202822	90641
1	202823	90645
1	202824	90650
1	202827	90665
1	202828	90669
1	202829	90674
1	202830	90676
1	202832	90686
1	202837	90712
1	202842	90738
1	202843	90742
1	202844	90749
1	202845	90754
1	202851	90782
1	202852	90786
1	202853	90790
1	202854	90795
1	202855	90799
1	202856	90804
1	202857	90808
1	202858	90812
1	202860	90820
1	202861	90827
1	202864	90841
1	202865	90845
1	202867	90853
1	202868	90856
1	202869	90860
1	202870	90865
1	202898	90990
1	202899	90994
1	202900	90998
1	202901	91004
1	202902	91009
1	202903	91013
1	202904	91017
1	202905	91022
1	202906	91027
1	202907	91031
1	202908	91036
1	202909	91042
1	202910	91047
1	202911	91053
1	202913	91062
1	202914	91067
1	202915	91072
1	202916	91077
1	202920	91092
1	202921	91096
1	202922	91100
1	202923	91105
1	202924	91111
1	202926	91122
1	202927	91129
1	202928	91134
1	202930	91146
1	202931	91152
1	202932	91160
1	202935	91177
1	202936	91184
1	202938	91192
1	202939	91196
1	202943	91212
1	202945	91221
1	202946	91225
1	202947	91229
1	202948	91234
1	202951	91249
1	202955	91262
1	202958	91273
1	202959	91277
1	202960	91283
1	202961	91289
1	202964	91302
1	202970	91328
1	202971	91333
1	202973	91342
1	202975	91349
1	202976	91353
1	202977	91359
1	202978	91365
1	202979	91371
1	202980	91376
1	202981	91381
1	202982	91387
1	202984	91396
1	202985	91400
1	202987	91407
1	202988	91412
1	202989	91418
1	202990	91424
1	203017	91560
1	203018	91565
1	203019	91570
1	203024	91597
1	203026	194809
1	203027	91616
1	203028	91622
1	203029	91626
1	203033	91648
1	203035	91660
1	203036	91664
1	203037	203036
1	203038	91674
1	203040	198801
1	203041	91692
1	203042	91696
1	203047	91715
1	203048	91720
1	203049	91726
1	203050	91732
1	203053	91748
1	203056	91765
1	203057	91769
1	203058	91773
1	203060	91785
1	203062	91795
1	203063	91801
1	203066	91822
1	203078	91886
1	203080	91898
1	203082	91909
1	203083	91914
1	203084	91919
1	203086	91928
1	203087	91932
1	203088	91937
1	203089	91943
1	203090	91947
1	203091	91954
1	203092	91960
1	203093	91964
1	203098	91991
1	203100	91999
1	203101	92004
1	203102	92009
1	203103	92015
1	203104	92021
1	203105	92026
1	203106	92032
1	203107	92037
1	203108	92041
1	203109	92046
1	203110	92051
1	203111	92059
1	203112	92064
1	203113	92069
1	203114	92075
1	203118	92097
1	203123	92128
1	203124	92133
1	203125	92139
1	203126	92145
1	203130	92166
1	203131	92172
1	203134	92188
1	203136	92199
1	203138	92209
1	203140	92222
1	203141	92226
1	203143	92237
1	203147	92254
1	203155	92278
1	203156	92284
1	203166	92295
1	203168	92307
1	203169	92312
1	203175	92339
1	203176	92343
1	203178	92351
1	203179	92358
1	203180	92364
1	203182	92373
1	203183	92377
1	203184	92380
1	203185	92384
1	203186	92389
1	203187	92396
1	203188	92402
1	203189	92408
1	203192	92427
1	203193	92431
1	203194	92436
1	203196	92447
1	203198	92458
1	203199	92463
1	203201	198688
1	203202	92482
1	203203	92487
1	203204	92492
1	203205	92497
1	203206	92502
1	203207	92507
1	203208	92511
1	203209	92516
1	203211	92525
1	203212	92529
1	203221	92562
1	203222	92566
1	203226	85804
1	203227	92578
1	203233	92590
1	203236	92608
1	203237	92613
1	203246	92655
1	203247	92659
1	203248	92663
1	203249	92668
1	203255	92695
1	203258	92708
1	203260	92718
1	203264	92737
1	203265	92744
1	203267	92754
1	203268	92760
1	203269	92764
1	203270	92771
1	203271	92776
1	203272	92781
1	203276	92804
1	203286	92844
1	203287	92850
1	203288	92856
1	203290	92869
1	203291	92875
1	203292	92880
1	203293	92885
1	203294	92889
1	203295	92893
1	203296	92897
1	203297	92901
1	203298	92906
1	203299	92911
1	203300	92916
1	203301	92921
1	203302	92969
1	203303	92932
1	203304	92936
1	203305	92940
1	203306	92944
1	203307	92948
1	203308	92953
1	203309	92957
1	203310	92962
1	203311	92969
1	203312	92973
1	203313	92977
1	203314	92983
1	203315	92988
1	203316	92992
1	203317	92997
1	203318	93003
1	203319	93010
1	203320	93016
1	203327	93062
1	203334	93097
1	203335	93104
1	203336	93110
1	203338	93123
1	203339	93130
1	203340	93137
1	203342	93148
1	203343	93155
1	203344	93162
1	203346	93174
1	203347	93180
1	203348	93185
1	203349	93189
1	203350	93194
1	203351	93199
1	203352	93203
1	203353	93208
1	203354	93213
1	203355	93218
1	203356	93223
1	203357	93228
1	203358	93232
1	203359	93236
1	203360	93241
1	203361	93246
1	203362	93253
1	203363	93258
1	203364	93263
1	203365	93268
1	203366	93273
1	203367	93278
1	203368	93283
1	203369	93287
1	203370	93292
1	203374	93315
1	203375	93321
1	203376	93326
1	203377	93333
1	203378	93339
1	203379	93345
1	203380	93351
1	203381	93358
1	203382	93364
1	203385	93374
1	203397	197816
1	203399	93432
1	203400	93440
1	203401	93446
1	203409	93493
1	203410	93498
1	203411	93504
1	203414	93522
1	203417	93551
1	203418	93555
1	203419	93560
1	203420	93566
1	203421	93573
1	203422	93578
1	203423	93582
1	203424	93589
1	203425	93596
1	203426	93602
1	203427	93609
1	203428	93615
1	203429	93622
1	203451	93764
1	203452	93768
1	203453	93773
1	203454	93778
1	203455	93783
1	203456	93788
1	203457	95827
1	203458	93794
1	203459	93799
1	203465	93822
1	203466	93827
1	203467	93832
1	203468	93836
1	203469	93840
1	203477	93881
1	203478	93885
1	203479	93889
1	203480	93896
1	203481	93901
1	203482	93907
1	203483	93913
1	203484	93919
1	203485	93925
1	203486	93932
1	203487	93938
1	203488	93944
1	203491	93960
1	203492	93966
1	203493	93971
1	203495	93980
1	203497	93988
1	203498	93992
1	203499	93998
1	203500	94003
1	203501	94010
1	203502	94015
1	203504	94027
1	203505	94032
1	203506	94037
1	203507	94041
1	203508	94045
1	203509	94050
1	203510	94055
1	203519	94096
1	203523	94114
1	203525	94123
1	203528	94133
1	203529	94138
1	203533	94163
1	203534	94168
1	203535	94173
1	203536	94177
1	203537	94183
1	203538	94189
1	203539	94193
1	203540	94199
1	203541	94204
1	203542	94208
1	203543	94212
1	203544	94217
1	203545	94221
1	203546	94225
1	203547	94229
1	203548	94233
1	203549	94238
1	203556	94280
1	203557	94287
1	203558	94293
1	203559	94298
1	203560	94303
1	203561	94308
1	203562	94313
1	203563	94318
1	203564	94323
1	203565	94327
1	203566	203564
1	203567	94339
1	203568	94343
1	203569	94348
1	203570	94353
1	203572	94363
1	203573	94369
1	203581	94415
1	203583	94429
1	203584	94436
1	203585	94443
1	203586	94448
1	203587	94451
1	203588	94456
1	203589	94461
1	203591	94469
1	203594	94484
1	203595	94488
1	203596	94494
1	203597	94500
1	203598	94506
1	203600	94516
1	203601	94520
1	203602	94525
1	203605	94544
1	203606	94549
1	203607	94553
1	203608	94557
1	203610	94565
1	203611	94569
1	203612	94574
1	203613	94579
1	203614	94583
1	203615	94587
1	203623	94619
1	203624	94624
1	203625	94629
1	203627	94639
1	203628	94645
1	203629	94649
1	203631	94662
1	203632	94668
1	203633	94671
1	203634	94673
1	203635	94675
1	203636	94679
1	203637	94681
1	203638	94685
1	203639	94690
1	203640	94696
1	203641	94700
1	203653	94743
1	203654	94748
1	203657	94758
1	203827	95310
1	203828	95312
1	203832	95339
1	203837	95360
1	203838	95365
1	203839	95371
1	203840	95375
1	203841	95380
1	203842	95389
1	203854	95413
1	203855	95420
1	203856	95424
1	203857	95429
1	203863	95465
1	203864	95469
1	203865	95473
1	203866	95476
1	203871	95499
1	203872	95503
1	203873	95509
1	203874	95518
1	203875	95524
1	203876	95529
1	203877	95533
1	203878	95539
1	203879	95544
1	203886	95578
1	203887	95582
1	203888	95588
1	203889	95593
1	203890	95598
1	203891	95603
1	203892	95608
1	203893	95612
1	203894	95616
1	203898	95637
1	203900	95649
1	203901	95651
1	203902	95657
1	203906	95678
1	203911	95708
1	203912	95713
1	203913	95716
1	203914	95722
1	203916	95735
1	203917	95741
1	203918	95747
1	203919	95752
1	203921	95764
1	203922	95769
1	203923	95774
1	203924	95777
1	203925	95781
1	203927	95794
1	203928	95798
1	203929	95805
1	203930	95812
1	203931	95818
1	203932	95823
1	203933	95827
1	203934	95830
1	203935	95835
1	203936	95841
1	203937	95848
1	203940	95862
1	203942	95877
1	203945	95897
1	203946	95903
1	203947	95910
1	203949	95920
1	203950	95925
1	203953	95939
1	203954	95945
1	203955	95950
1	203956	95956
1	203957	95962
1	203958	95966
1	203960	95978
1	203961	95984
1	203962	95988
1	203963	95993
1	203964	95997
1	203965	96002
1	203966	96007
1	203967	96011
1	203968	96016
1	203969	96021
1	203970	96025
1	203971	96030
1	203980	96087
1	203981	96091
1	203982	96096
1	203984	96105
1	204007	96204
1	204008	96208
1	204009	96212
1	204012	96226
1	204014	96235
1	204017	96250
1	204027	96310
1	204029	96320
1	204030	96325
1	204031	96332
1	204032	96337
1	204035	96352
1	204037	96366
1	204038	96370
1	204039	96376
1	204041	96389
1	204042	96393
1	204049	96424
1	204050	96430
1	204051	96434
1	204052	96439
1	204054	96452
1	204055	96455
1	204056	96460
1	204057	96466
1	204058	96471
1	204059	96475
1	204060	96480
1	204061	96485
1	204062	96490
1	204063	96495
1	204064	96501
1	204065	96507
1	204066	96512
1	204236	96866
1	204260	96944
1	204261	96948
1	204525	97621
1	204651	97863
1	205511	101356
1	205513	101368
1	205516	101384
1	205517	101388
1	205518	101393
1	205519	101397
1	205520	101402
1	205573	101661
1	205593	101715
1	205594	101719
1	205595	101723
1	205649	101836
1	205683	101923
1	205684	101926
1	205690	101990
1	205691	101995
1	205751	102089
1	205754	102109
1	205793	102237
1	205796	102247
1	205818	102374
1	205831	102430
1	205834	102443
1	205835	102447
1	205843	102488
1	205844	102492
1	205845	102496
1	205846	102501
1	205856	102564
1	205867	102635
1	205872	102662
1	205873	102668
1	205879	102698
1	205880	102703
1	205882	102713
1	205884	102725
1	205885	102729
1	205886	102733
1	205887	102737
1	205899	102808
1	205902	102822
1	205955	205856
1	205956	103059
1	205957	103063
1	205958	103065
1	205959	103068
1	205970	103138
1	205971	103142
1	205998	103234
1	206000	103242
1	206008	103281
1	206033	103391
1	206039	103430
1	206044	103449
1	206051	103501
1	206082	103570
1	206132	103777
1	206133	103783
1	206193	103841
1	206198	103871
1	206210	103908
1	206220	103990
1	206221	103994
1	206224	104012
1	206225	104018
1	206227	104028
1	206229	104038
1	206284	104195
1	206285	104200
1	206286	104205
1	206290	104226
1	206291	104229
1	206292	104232
1	206296	104248
1	206422	104562
1	206423	104565
1	206425	104574
1	206426	104579
1	206427	104583
1	206435	104633
1	206437	104645
1	206453	205867
1	206456	104688
1	206458	104694
1	206460	104699
1	206461	104702
1	206462	104705
1	206463	104708
1	206464	104713
1	206465	104716
1	206466	104719
1	206628	105208
1	206629	105211
1	206635	105240
1	206636	105245
1	206639	105259
1	206701	105387
1	206704	105399
1	206742	105481
1	206744	105490
1	206745	105495
1	206746	105500
1	206747	105505
1	206748	105510
1	206760	105573
1	206761	105577
1	206762	105581
1	206786	105631
1	206787	105637
1	206840	105741
1	206841	105745
1	206842	105750
1	206845	105788
1	206846	105792
1	206906	105888
1	206965	106000
1	206968	106016
1	206970	106022
1	206971	106026
1	206972	106029
1	206973	106032
1	206974	106039
1	206978	106057
1	206979	106062
1	206980	106066
1	207012	106102
1	207014	106110
1	207029	106196
1	207030	106202
1	207642	107064
1	207643	107070
1	207644	107074
1	207646	107086
1	207652	107130
1	207654	107140
1	207657	107154
1	207659	107163
1	207682	107236
1	207690	107296
1	207703	107387
1	207704	107391
1	207706	107400
1	207775	107546
1	207776	107551
1	207790	107637
1	207791	107642
1	207792	107645
1	207808	107731
1	207812	107779
1	207813	107784
1	207814	107789
1	207819	206082
1	207820	107815
1	207933	108082
1	207945	108140
1	207991	108277
1	208029	108407
1	208038	184267
1	208041	108429
1	208081	108505
1	208082	108509
1	208083	108512
1	208130	108697
1	208149	108732
1	208263	108811
1	208266	108822
1	208270	108839
1	208275	108874
1	208276	108878
1	208277	108881
1	208278	108885
1	208285	108934
1	208287	108941
1	208303	108960
1	208335	109055
1	208338	109067
1	208339	109071
1	208344	109098
1	208437	109340
1	208453	109439
1	208454	109444
1	208487	109603
1	208495	109662
1	208496	109665
1	208500	109684
1	208532	109709
1	208533	109713
1	208534	109717
1	208535	109720
1	208556	109838
1	208625	110036
1	208648	110156
1	208652	110173
1	208658	110197
1	208674	110275
1	208704	110430
1	208705	110433
1	208713	110464
1	208715	110471
1	208716	110475
1	208717	110479
1	208718	110483
1	208719	110488
1	208720	110494
1	208723	110506
1	208734	110574
1	208736	110585
1	208750	110670
1	208756	110717
1	208757	110722
1	208770	110797
1	208819	110949
1	208859	111032
1	209112	111042
1	209140	111147
1	209141	111154
1	209220	111327
1	209301	111548
1	209308	111569
1	209309	111574
1	209325	111663
1	209326	111666
1	209331	111682
1	209372	111846
1	209422	111907
1	209434	111973
1	209435	111978
1	209442	112020
1	209451	112081
1	209452	112086
1	209453	112089
1	209454	112092
1	209455	112106
1	209457	112106
1	209469	112157
1	209481	112227
1	209482	112231
1	209483	112235
1	209490	112284
1	209491	112287
1	209493	112298
1	209494	112302
1	209495	112306
1	209496	112310
1	209497	112314
1	209498	112319
1	209810	113270
1	209819	113316
1	209820	113321
1	210815	116585
1	210816	116593
1	210817	116598
1	210819	116608
1	210820	116613
1	210821	116617
1	210822	116621
1	210823	116625
1	210824	116630
1	210825	116634
1	210828	116646
1	210829	116648
1	210830	116650
1	210831	116653
1	210832	116657
1	210867	116699
1	210868	116703
1	210869	116707
1	216594	143631
1	216595	143635
1	216596	143638
1	216597	143643
1	216598	143647
1	217448	147300
1	217474	147418
1	217531	147752
1	217721	148388
1	217752	148531
1	217770	148629
1	217927	149441
1	217934	149482
1	217942	149525
1	217977	149681
1	218010	149853
1	218041	149988
1	218042	149992
1	218053	150024
1	218112	150312
1	218134	150428
1	218136	150440
1	218137	150445
1	218138	150449
1	218139	150452
1	218191	150705
1	218224	150871
1	218276	151155
1	218278	151165
1	218279	151171
1	218280	151175
1	218281	151179
1	218282	151184
1	218283	151188
1	218315	151340
1	218413	151828
1	218509	152317
1	218510	152323
1	218528	152407
1	218543	152487
1	218900	154232
1	218941	154429
1	219042	154910
1	219043	154914
1	219059	154972
1	219060	154978
1	219092	155121
1	219148	155344
1	219149	155352
1	219211	155644
1	219212	155648
1	219349	156261
1	219408	156561
1	219449	156767
1	219532	157164
1	219613	157468
1	219640	157599
1	219660	157702
1	219752	158136
1	219757	158162
1	219882	158830
1	219922	159045
1	219965	159240
1	219994	159379
1	220052	159662
1	220053	159666
1	220056	159679
1	220062	159712
1	220072	184203
1	220099	159851
1	220101	159864
1	220140	160062
1	220151	160109
1	220218	160413
1	220226	160452
1	220246	160564
1	220247	160568
1	220272	160690
1	220378	161152
1	220412	161295
1	220418	161322
1	220419	161327
1	221376	163964
1	221395	164073
1	221511	164588
1	221512	207704
1	221513	164600
1	221561	164829
1	221595	165013
1	221596	165017
1	221598	165026
1	221599	165031
1	221611	165091
1	221612	165095
1	221639	165219
1	221662	165335
1	221704	165514
1	221712	186308
1	221725	165620
1	221734	186199
1	221775	165847
1	221805	154101
1	221895	166427
1	221901	166453
1	221902	166458
1	222048	185673
1	222049	167092
1	222079	167206
1	222141	167503
1	222177	167701
1	222292	168162
1	222352	168385
1	222412	168702
1	222413	168707
1	222428	168782
1	222430	168795
1	222485	169052
1	222486	169058
1	222487	169064
1	222488	169069
1	222508	169148
1	222587	169505
1	222642	169723
1	222654	169791
1	222693	169937
1	222694	169944
1	222715	170065
1	222748	170208
1	222783	170385
1	222798	170486
1	222799	170490
1	222801	170499
1	222822	170601
1	222823	170607
1	222862	170799
1	222903	221596
1	222904	170979
1	222905	170984
1	222906	170989
1	222908	170997
1	222909	171001
1	222910	171006
1	222911	171010
1	222912	171014
1	222944	171175
1	222945	171182
1	222962	171279
1	222968	171320
1	223000	171479
1	223023	171577
1	223043	171666
1	223048	171701
1	223050	171711
1	223064	171772
1	223520	174095
1	223523	174111
1	223541	174214
1	223604	174495
1	223750	174966
1	223752	174981
1	223755	174996
1	223967	176137
1	224086	176640
1	224110	176751
1	224111	176755
1	224203	177198
1	224332	177760
1	224392	178010
1	224393	178016
1	224432	178188
1	224433	178193
1	224434	178197
1	224435	178201
1	224436	178205
1	224437	178209
1	224438	178214
1	224458	178317
1	224459	178322
1	224477	178412
1	224597	178952
1	224619	179054
1	224636	179136
1	224658	179265
1	224715	179536
1	224737	179633
1	224738	179641
1	224739	179645
1	224740	179649
1	224940	180542
1	224944	180560
1	224957	180620
1	224975	222430
1	225016	180874
1	225092	181239
1	225095	181266
1	225096	181270
1	225097	181277
1	225112	181344
1	225127	181418
1	225128	181421
2	8	-1
2	21	8
2	44	8
2	58	47
2	79	21
2	85	44
2	99	47
2	122	99
2	136	79
2	173	99
2	184	107
2	199	149
2	203	159
2	208	47
2	242	99
2	264	178
2	281	264
2	285	264
2	289	229
2	294	50
2	299	258
2	318	47
2	320	318
2	325	299
2	337	318
2	350	178
2	371	273
2	379	371
2	380	47
2	383	184
2	400	380
2	416	44
2	421	350
2	426	318
2	436	264
2	441	325
2	450	318
2	718	21
2	727	418
2	747	8
2	765	747
2	775	747
2	786	747
2	808	775
2	833	808
2	844	833
2	854	833
2	860	854
2	867	854
2	880	833
2	889	808
2	920	906
2	934	808
2	942	906
2	996	178
2	1996	765
2	2103	844
2	2110	2103
2	2171	889
2	2300	2119
2	2308	2300
2	2328	2300
2	2365	2328
2	2379	2349
2	2386	2379
2	2405	342
2	2525	2447
2	2533	2525
2	2583	47
2	2594	906
2	2703	270
2	2878	2226
2	2889	2308
2	2962	2778
2	2984	2778
2	3004	2984
2	3027	2984
2	3047	2984
2	3056	3004
2	3065	3047
2	3079	3056
2	3103	2889
2	3165	2778
2	3174	3165
2	3181	3165
2	3313	2447
2	3352	21
2	3371	3313
2	3469	3387
2	3508	3443
2	3543	3406
2	3591	3165
2	3681	2984
2	3690	3027
2	3718	3709
2	3726	3087
2	4165	2226
2	4174	3810
2	4182	4174
2	4189	3825
2	4198	4189
2	4206	4174
2	4213	4198
2	4220	4189
2	4363	3543
2	4384	3165
2	4505	3313
2	4512	4384
2	4523	4384
2	4532	4523
2	4543	4532
2	4555	4523
2	4564	2365
2	4570	4512
2	4591	4543
2	4599	4585
2	4662	2878
2	4794	3352
2	4844	3371
2	4852	4512
2	4937	2984
2	4945	3004
2	4953	289
2	4958	3073
2	4965	4958
2	4981	4958
2	4988	4958
2	5009	4662
2	5050	4794
2	5115	4384
2	5175	4198
2	5187	5175
2	5197	4213
2	5205	5175
2	5213	4165
2	5222	5197
2	5228	5222
2	5234	5222
2	5264	4363
2	5280	5264
2	5357	3591
2	5679	5115
2	5709	3165
2	5717	5709
2	5725	4555
2	5750	5725
2	5757	5709
2	5764	5717
2	5847	3591
2	5856	3605
2	5918	3027
2	5926	4505
2	5992	3543
2	6008	5992
2	6025	6008
2	6077	6071
2	6161	4198
2	6174	4174
2	6180	6174
2	6245	2962
2	6255	6245
2	6333	4428
2	6338	6333
2	6343	6338
2	6354	2984
2	6363	6333
2	6368	3047
2	6378	6333
2	6388	3004
2	6396	6343
2	6401	6333
2	6406	6343
2	6429	4965
2	6436	6411
2	6456	6436
2	6545	3103
2	6656	6429
2	6663	6436
2	6676	6411
2	6898	6656
2	6913	4564
2	6920	4585
2	6927	6913
2	6934	2984
2	6941	6934
2	6946	6941
2	6951	4421
2	6972	3087
2	6994	6946
2	7012	7001
2	7069	1996
2	7094	1996
2	7112	7107
2	7128	3508
2	7148	7069
2	7180	7094
2	7259	21
2	7317	7107
2	7375	4953
2	7410	7267
2	7425	7417
2	7477	7410
2	7503	3352
2	7508	7069
2	7587	7417
2	7608	7595
2	7639	7508
2	7912	7608
2	7918	7912
2	8088	7508
2	8122	3709
2	8261	6411
2	8293	8269
2	8491	8241
2	8522	8491
2	8531	8491
2	8547	8522
2	8572	8531
2	8583	8491
2	8589	8531
2	8676	8589
2	8707	8522
2	8939	4384
2	9087	9044
2	9092	9087
2	9262	2778
2	9294	5280
2	9528	7012
2	9536	2984
2	9543	6972
2	9559	9543
2	9640	6920
2	9771	5709
2	9777	5690
2	9784	9777
2	9805	5679
2	9867	9262
2	9887	9858
2	10002	4512
2	10019	5717
2	10033	5742
2	10039	5709
2	10157	3165
2	10167	4384
2	10193	4512
2	10201	9536
2	10208	10201
2	10224	6656
2	10231	10208
2	10238	10201
2	10249	10201
2	10257	10224
2	10397	8
2	10421	5639
2	10742	8261
2	10916	7477
2	11315	6456
2	11426	7477
2	11470	11463
2	11604	6951
2	11620	8132
2	11649	11643
2	11655	11627
2	11669	11620
2	11850	5862
2	11862	11850
2	11869	3605
2	11887	5992
2	11989	3047
2	12183	12166
2	12199	12183
2	12239	12183
2	12248	12239
2	12263	10039
2	12281	12271
2	12382	6429
2	12396	3004
2	12404	12389
2	12411	12376
2	12417	6456
2	12509	7443
2	12591	6063
2	12672	6951
2	12679	11998
2	12853	2103
2	12858	7477
2	12864	12858
2	12882	12864
2	12889	12864
2	12896	12858
2	12901	12882
2	12908	12882
2	12914	12864
2	13453	4505
2	13477	4376
2	13557	12591
2	13819	3047
2	13834	10750
2	13843	7012
2	13859	13834
2	13925	6490
2	13988	4833
2	14371	9771
2	14853	3004
2	14862	3056
2	14871	3095
2	14876	14871
2	14883	3181
2	14930	5115
2	14941	5175
2	14948	4604
2	14956	5690
2	14971	11869
2	14985	6343
2	15023	8531
2	15044	9797
2	15050	9887
2	15058	4165
2	15168	3165
2	15267	5626
2	15344	4662
2	15413	9559
2	15438	6772
2	15451	15362
2	15462	3709
2	15471	12664
2	15535	8531
2	15561	13850
2	15658	14941
2	15690	13834
2	15707	14948
2	15716	15707
2	15730	15707
2	15747	8269
2	15760	15168
2	15770	14948
2	15802	15760
2	15989	14189
2	15997	15570
2	16031	15707
2	16061	15492
2	16086	14930
2	16120	14948
2	16138	16130
2	16185	15023
2	16213	6951
2	16345	8261
2	16354	10201
2	16408	15802
2	16415	15997
2	16447	14189
2	16532	2181
2	16536	16185
2	16567	3591
2	16591	16086
2	16635	16408
2	16720	14189
2	16730	16138
2	16744	15997
2	16751	13834
2	16774	16738
2	16817	16354
2	16857	15737
2	16904	16895
2	16987	6545
2	17092	15760
2	17101	6951
2	17108	17101
2	17128	17108
2	17136	17101
2	17175	8531
2	17302	2962
2	17420	12367
2	17439	2984
2	17449	10208
2	17487	15362
2	17502	17487
2	17507	17480
2	17514	17502
2	17520	17507
2	17558	5228
2	17574	17566
2	17582	17566
2	17591	17566
2	17601	17582
2	17609	17574
2	17624	17558
2	17640	17582
2	17648	17558
2	17653	17558
2	17659	17648
2	17672	9771
2	17806	16031
2	17821	17799
2	17827	13557
2	17839	6920
2	17893	5115
2	17902	17893
2	17909	17902
2	18089	15997
2	18255	9640
2	18460	4532
2	18470	9789
2	18478	17893
2	18487	18460
2	18497	18470
2	18506	4384
2	18600	14948
2	18645	18609
2	18827	3073
2	18949	9528
2	18956	13827
2	18964	9543
2	19210	3079
2	19218	4564
2	19224	3087
2	19233	19224
2	19265	5709
2	19275	3165
2	19391	17821
2	19414	10157
2	19438	15451
2	19899	18629
2	19920	19905
2	19939	19913
2	19946	19920
2	19958	19946
2	19971	19920
2	20173	15471
2	20201	20115
2	20207	20201
2	20214	20194
2	20230	20139
2	20236	20201
2	20249	20201
2	20302	2878
2	20404	4198
2	20411	20404
2	20427	20411
2	20432	20427
2	20441	20411
2	20450	20427
2	20456	20411
2	20465	20456
2	20474	20441
2	20788	15600
2	20798	6388
2	20968	16635
2	20989	9867
2	20995	16751
2	21003	20242
2	21016	21003
2	21023	13843
2	21044	21009
2	21060	16415
2	21221	11850
2	21226	14758
2	21231	21216
2	21237	14787
2	21251	21245
2	21256	21226
2	21269	21237
2	21276	21261
2	21281	21269
2	21289	14746
2	21358	8531
2	21408	19385
2	21416	21408
2	21430	19424
2	21547	21526
2	21554	8132
2	21617	6913
2	21624	17863
2	21631	17893
2	21650	15492
2	21672	5115
2	21793	16205
2	21819	21799
2	21826	21799
2	21832	20989
2	21838	21812
2	21903	10908
2	21910	9302
2	21977	8088
2	21984	21977
2	22008	7639
2	22165	4144
2	22171	22165
2	22183	4144
2	22189	22183
2	22254	3406
2	22340	21416
2	22346	17839
2	22513	5222
2	22520	22513
2	22527	22520
2	22534	22513
2	22541	17566
2	22552	22541
2	22561	22520
2	22645	19986
2	22783	2984
2	22897	2583
2	22937	10389
2	23115	17566
2	23124	23115
2	23133	23124
2	23140	23124
2	23149	23124
2	23157	23124
2	23166	23149
2	23174	23133
2	23180	23133
2	23186	23115
2	23194	16138
2	23201	23166
2	23209	23186
2	23218	23133
2	23225	23149
2	23233	23186
2	23291	23186
2	23301	23291
2	23308	23291
2	23315	23291
2	23324	23308
2	23331	23291
2	23340	23324
2	23750	15834
2	23808	17833
2	23821	9771
2	23835	9784
2	23875	21408
2	23882	19424
2	23997	10750
2	24007	15570
2	24023	21029
2	24030	3073
2	24037	6965
2	24044	23997
2	24053	24015
2	24060	13850
2	24069	24053
2	24093	15997
2	24100	6951
2	24162	3371
2	24171	6008
2	24237	3165
2	24244	21563
2	24251	21554
2	24259	6368
2	24268	24259
2	24275	8269
2	24283	24275
2	24292	24275
2	24321	15600
2	24329	11989
2	24339	24321
2	24359	19218
2	24373	21044
2	24618	4220
2	24627	24618
2	24636	17591
2	24644	24618
2	24651	24644
2	24848	3165
2	24896	4852
2	24947	17799
2	24962	24947
2	25336	13082
2	25364	21624
2	25372	13850
2	25387	25336
2	25395	25347
2	25739	19233
2	25747	25739
2	25768	25747
2	25775	18848
2	25796	25768
2	25803	3073
2	25810	25775
2	25816	25747
2	25822	25747
2	25877	15023
2	25920	6008
2	25967	2778
2	25975	11432
2	25982	25975
2	26039	3508
2	26068	3543
2	26070	25920
2	26249	26247
2	26456	26079
2	26630	25982
2	26636	25982
2	26858	26249
2	26889	26858
2	27014	15050
2	27043	6411
2	27063	7676
2	27079	27063
2	27088	27071
2	27112	27096
2	27152	27063
2	27161	27144
2	27162	27161
2	27190	15071
2	27202	27196
2	27239	15658
2	27247	27239
2	27254	27239
2	27264	27239
2	27271	27239
2	27280	27247
2	27286	27247
2	27292	27280
2	27299	15658
2	27325	15975
2	27337	27325
2	27344	24856
2	27436	21631
2	27444	21631
2	27454	25372
2	27471	27463
2	27527	26858
2	27551	27527
2	27586	27544
2	27592	27567
2	27618	27567
2	27624	27567
2	27638	27624
2	27645	27618
2	27658	27624
2	27693	18460
2	27710	4532
2	27796	18460
2	27811	18487
2	27829	18487
2	27836	18487
2	27844	18487
2	27867	27829
2	27874	27858
2	27888	27829
2	27895	27874
2	27936	17799
2	27973	7795
2	28001	270
2	28015	99
2	28123	14948
2	28165	16567
2	28173	28165
2	28191	28173
2	28198	28165
2	28205	28198
2	28220	28173
2	28229	28220
2	28334	12870
2	28397	17863
2	28414	10742
2	28421	28414
2	28427	28414
2	28440	28414
2	28445	28440
2	28467	15730
2	28475	24862
2	28495	16817
2	28527	8261
2	28540	28495
2	28566	28540
2	28571	28519
2	28577	28540
2	28583	28519
2	28636	11470
2	28658	28636
2	28836	6456
2	28845	4384
2	28852	28845
2	28860	4512
2	29008	19385
2	29032	11998
2	29047	24359
2	29063	22774
2	29071	29039
2	29078	24093
2	29091	29063
2	29106	29063
2	29200	29192
2	29231	11463
2	29257	24465
2	29313	3709
2	29371	29330
2	29380	17128
2	29388	28495
2	29394	15760
2	29488	6429
2	29494	18698
2	29501	29494
2	29507	6077
2	29520	26575
2	29528	6663
2	29533	6656
2	29670	29657
2	29784	27731
2	29792	4532
2	30357	2181
2	30435	5115
2	30444	28129
2	30453	4599
2	30460	30453
2	30467	30444
2	30482	2778
2	30489	15023
2	30533	7477
2	30541	7477
2	30554	30541
2	30562	30548
2	30685	8024
2	30783	28651
2	30789	99
2	30795	15023
2	31008	3469
2	31322	13557
2	31412	4376
2	31420	4363
2	31508	16164
2	31559	10208
2	31573	19899
2	31710	21903
2	31943	31933
2	31975	31964
2	31990	31975
2	32113	27344
2	32394	4965
2	32427	24339
2	32443	2984
2	32449	22774
2	32510	2778
2	32520	32510
2	32637	17902
2	32789	16086
2	32798	3605
2	32807	32798
2	32816	32798
2	32825	32798
2	32834	32789
2	32841	32798
2	32850	3591
2	32875	16904
2	32884	32875
2	32943	15023
2	33233	15168
2	33243	13566
2	33582	5264
2	33666	28191
2	33830	16650
2	33837	24037
2	33844	6987
2	33852	6987
2	33899	11612
2	33916	24292
2	33931	21631
2	33962	7608
2	34066	15802
2	34123	15168
2	34131	27196
2	34137	9784
2	34158	34131
2	34209	22195
2	34321	6656
2	34329	6669
2	34335	34329
2	34366	12901
2	34438	3047
2	34445	25810
2	34452	13843
2	34513	29032
2	34539	12679
2	34549	34539
2	34826	15058
2	35028	2778
2	35037	12908
2	35043	22177
2	35070	15989
2	35079	10750
2	35088	32449
2	35103	29106
2	35186	6245
2	35214	8531
2	35340	3013
2	35430	25975
2	35437	26569
2	35458	8088
2	35991	5280
2	35997	35991
2	36025	15747
2	36031	24300
2	36038	36031
2	36066	36025
2	36072	36038
2	36080	8269
2	36090	36080
2	36097	36031
2	36106	24237
2	36113	36090
2	36120	33916
2	36221	25920
2	36544	34513
2	36552	34321
2	36610	12417
2	36617	24365
2	36648	32807
2	36663	32807
2	36674	36655
2	36787	27888
2	36793	27811
2	36815	4564
2	36952	4384
2	36973	21430
2	36988	5115
2	36997	2984
2	37102	30789
2	37105	4384
2	37122	27867
2	37168	14871
2	37175	15570
2	37182	13834
2	37196	28334
2	37258	4570
2	37265	14956
2	37374	15561
2	37389	29063
2	37417	24329
2	37449	28182
2	37459	28229
2	37468	32798
2	37476	27190
2	37551	17175
2	37563	9858
2	37599	8531
2	37651	14189
2	37689	4965
2	37735	3591
2	37742	32798
2	37769	28182
2	37785	37769
2	37792	28182
2	37872	30357
2	37890	3681
2	37925	2778
2	37931	37563
2	37939	37931
2	37963	16567
2	37973	37742
2	37979	12281
2	37987	37973
2	38066	3065
2	38073	38066
2	38081	38066
2	38087	20819
2	38094	34452
2	38101	38087
2	38108	24353
2	38116	38081
2	38123	38066
2	38130	38073
2	38137	38066
2	38148	38066
2	38198	10421
2	38204	25739
2	38212	24015
2	38219	24085
2	38226	21060
2	38233	38219
2	38247	38219
2	38254	35124
2	38263	38204
2	38270	38226
2	38346	3065
2	38547	37102
2	38562	21035
2	38571	400
2	38577	28150
2	38580	38577
2	38583	38580
2	38586	3591
2	38596	11856
2	38627	16130
2	38634	23115
2	38642	38627
2	38647	38627
2	38654	17591
2	38662	38627
2	38667	38654
2	38675	38667
2	38683	38675
2	38691	38642
2	38696	23115
2	38705	38667
2	38713	38705
2	38728	21
2	38898	6245
2	38962	15023
2	39020	3591
2	39030	28173
2	39090	13453
2	39096	4376
2	39128	39096
2	39135	39128
2	39392	38148
2	39414	29106
2	39420	39414
2	39427	34452
2	39434	35088
2	39443	28328
2	39449	39399
2	39854	21826
2	39995	12417
2	40212	37640
2	40627	25920
2	40660	6008
2	40675	40529
2	40796	40762
2	40906	6008
2	40940	40856
2	40966	40726
2	40992	40726
2	41007	8088
2	41058	41045
2	41088	21910
2	41118	30554
2	41127	7443
2	41136	34366
2	41178	41118
2	41184	38838
2	41215	41118
2	41223	10916
2	41253	1996
2	41274	41267
2	41289	41253
2	41304	41297
2	41336	12802
2	41366	41304
2	41372	41304
2	41386	21
2	41392	41262
2	41397	41372
2	41403	41304
2	41411	41351
2	41484	4505
2	41495	27973
2	41529	26858
2	41539	41529
2	41548	41539
2	41560	41495
2	41571	28651
2	41581	41505
2	41591	41484
2	41604	41539
2	41614	41581
2	41616	41484
2	41627	41581
2	41630	41604
2	41640	41529
2	41651	41505
2	41653	41539
2	41663	41614
2	41675	41484
2	41686	41630
2	41700	26079
2	41710	41581
2	41719	41700
2	41721	41495
2	41742	41505
2	41770	39135
2	41817	12864
2	41828	41330
2	41836	7526
2	41868	39096
2	41900	41868
2	41930	30533
2	41976	19986
2	41982	41976
2	42022	41330
2	42031	42022
2	42038	41970
2	42044	7180
2	42064	25920
2	42070	39199
2	42095	7443
2	42115	4794
2	42122	4953
2	42123	42122
2	42132	42070
2	42161	40814
2	42184	40557
2	42235	6008
2	42253	41581
2	42289	7375
2	42443	40600
2	42450	41007
2	42523	42483
2	42642	27586
2	42668	41784
2	42691	41274
2	42711	42705
2	42722	42711
2	42728	42711
2	42734	42001
2	42741	42161
2	42761	4363
2	42773	41970
2	42808	9302
2	42842	42808
2	42847	21903
2	42854	42808
2	42871	41215
2	42879	21977
2	42902	7639
2	43026	43000
2	43099	3508
2	43137	42064
2	43165	43151
2	43187	43179
2	43195	6008
2	43204	43179
2	43257	43204
2	43266	43204
2	43284	41411
2	43312	42022
2	43333	43284
2	43394	43380
2	43498	30554
2	43505	43498
2	43548	42450
2	43589	27043
2	43601	43548
2	43606	43595
2	43727	43394
2	43734	42184
2	43767	43179
2	43784	43727
2	43806	43784
2	43828	43727
2	43844	42722
2	43851	41836
2	43873	40966
2	43971	43964
2	43980	43971
2	43996	43988
2	44018	44012
2	44038	44024
2	44066	43151
2	44116	44092
2	44131	44108
2	44274	26247
2	44317	40540
2	44354	43008
2	44463	42407
2	44508	43204
2	44524	43766
2	44554	42443
2	44561	42761
2	44568	44554
2	44591	31819
2	44628	44598
2	44644	44598
2	44693	44591
2	44712	44628
2	44718	44712
2	44778	44752
2	44801	44778
2	44820	44770
2	44830	44644
2	44866	44856
2	44880	44873
2	44919	30554
2	44927	42925
2	44958	44856
2	44982	44919
2	45005	44991
2	45011	45005
2	45030	41982
2	45053	43284
2	45061	43333
2	45101	42095
2	45121	26575
2	45129	44919
2	45148	31710
2	45159	44554
2	45225	40529
2	45241	43026
2	45258	25967
2	45267	45190
2	45283	3443
2	45306	45225
2	45323	45241
2	45351	45283
2	45357	45351
2	45382	41751
2	45504	44943
2	45510	40600
2	45557	45053
2	45617	42741
2	45633	45610
2	45760	42888
2	45847	43767
2	45860	43394
2	45882	42070
2	45896	45882
2	45908	39128
2	45964	45934
2	45978	45934
2	45992	42022
2	46011	45648
2	46061	44540
2	46069	43813
2	46085	43137
2	46100	39096
2	46147	43000
2	46164	46147
2	46190	46171
2	46228	45992
2	46248	46241
2	46256	41411
2	46265	45389
2	46289	44982
2	46306	46289
2	46399	44239
2	46441	46417
2	46534	46441
2	46621	46534
2	46675	43548
2	46690	43548
2	46715	46707
2	46722	46715
2	46737	43548
2	46751	2778
2	46757	44866
2	46770	45420
2	46881	44239
2	46903	42314
2	47005	40660
2	47127	45633
2	47150	43333
2	47156	47127
2	47191	45934
2	47206	47199
2	47212	41154
2	47227	42523
2	47238	42523
2	47286	47238
2	47300	47286
2	47353	41351
2	47361	45964
2	47369	47135
2	47425	45941
2	47496	41581
2	47536	47496
2	47580	43873
2	47596	41843
2	47610	46770
2	47620	44919
2	47635	41372
2	47686	43505
2	47695	46289
2	47736	47731
2	47743	45258
2	47775	3543
2	47885	7694
2	47911	47910
2	47966	46565
2	48028	47860
2	48075	46147
2	48094	47966
2	48138	41441
2	48164	41441
2	48191	44919
2	48206	46675
2	48212	45739
2	48229	42932
2	48280	48229
2	48299	48238
2	48307	48238
2	48331	48238
2	48349	48331
2	48371	48331
2	48379	48264
2	48429	48379
2	48452	26247
2	48521	46086
2	48545	42064
2	48600	46534
2	48607	46534
2	48652	48607
2	48733	47885
2	48797	48776
2	48816	48776
2	48836	43589
2	48917	40529
2	48934	48858
2	49030	7918
2	49036	45531
2	49045	45524
2	49052	41403
2	49072	42505
2	49105	45847
2	49133	49105
2	49148	41982
2	49155	45070
2	49237	41751
2	49288	49265
2	49302	49288
2	49314	49288
2	49320	46011
2	49328	43284
2	49335	49295
2	49341	49335
2	49357	45847
2	49378	45847
2	49393	45847
2	49400	45739
2	49417	42450
2	49428	49408
2	49449	42847
2	49476	35294
2	49491	49476
2	49498	25347
2	49513	25381
2	49591	7587
2	49932	23750
2	49978	24237
2	49985	28421
2	49992	49985
2	50032	37792
2	50467	20214
2	50587	20788
2	50794	28397
2	50801	37265
2	50812	33939
2	50821	50812
2	50829	50821
2	50838	50794
2	50980	28397
2	51130	10742
2	51148	37651
2	51162	6174
2	51168	51162
2	51184	38667
2	51215	3165
2	51224	8286
2	51231	8293
2	51250	35294
2	51271	21416
2	51285	32409
2	51292	12404
2	51298	29055
2	51305	51298
2	51510	21035
2	51576	28334
2	51582	28328
2	51596	21003
2	51616	4384
2	51653	17624
2	51659	23194
2	51665	51653
2	51671	51653
2	51677	51653
2	51691	51665
2	51749	6063
2	51773	15344
2	51849	36604
2	51855	12679
2	52353	27043
2	52402	5709
2	52425	29055
2	52433	11633
2	52448	52433
2	52456	51130
2	52475	9543
2	52698	5187
2	52732	15707
2	52739	25975
2	52905	3013
2	52986	6008
2	53007	52986
2	53030	47093
2	53669	24321
2	53692	29091
2	53698	53669
2	53707	16415
2	53957	3073
2	53984	325
2	54155	20432
2	54174	54166
2	54182	54155
2	54189	54155
2	54249	9858
2	54263	47292
2	54285	37939
2	54293	37939
2	54431	29257
2	54446	51849
2	54510	15050
2	54643	47860
2	54739	51036
2	54815	14908
2	54939	19905
2	55085	15267
2	55119	35110
2	55506	27190
2	55513	29771
2	55605	28001
2	55639	34137
2	55646	55632
2	55979	18609
2	55987	55979
2	56016	56000
2	56023	55979
2	56031	56000
2	56037	56000
2	56261	56253
2	56267	4363
2	56911	16447
2	56918	15267
2	57047	57039
2	57054	33830
2	57061	3056
2	57070	57054
2	57177	39840
2	57184	19210
2	57191	37459
2	57209	50032
2	57241	14862
2	57251	39406
2	57344	57332
2	57367	57344
2	57372	57344
2	57396	57367
2	57419	57367
2	57427	2020
2	57455	57396
2	57470	57344
2	57479	57396
2	57502	57400
2	57512	57502
2	57519	57509
2	57526	57519
2	57537	57509
2	57543	57537
2	57548	57537
2	57573	57495
2	57577	57502
2	57592	57512
2	57608	57512
2	57620	57400
2	57627	57495
2	57643	57585
2	57656	57643
2	57663	57608
2	57669	57455
2	57682	57502
2	57703	57400
2	57710	57553
2	57741	57560
2	57752	57543
2	57763	57748
2	57787	57512
2	57810	57793
2	57815	57656
2	57818	57455
2	57822	57627
2	57826	57419
2	57832	57776
2	57842	57519
2	57849	57741
2	57903	57832
2	57959	57372
2	57989	57855
2	57996	57741
2	58020	57543
2	58031	57643
2	58041	57688
2	58047	57703
2	58059	58041
2	58090	57585
2	58092	58059
2	58102	57669
2	58119	58080
2	58124	57842
2	58132	57519
2	58138	57703
2	58151	57643
2	58154	58031
2	58167	57669
2	58205	57716
2	58208	58059
2	58214	57752
2	58222	57757
2	58229	58080
2	58237	57721
2	58242	58167
2	58266	57419
2	58291	57822
2	58301	57842
2	58318	58237
2	58324	57810
2	58328	57560
2	58334	57553
2	58339	58205
2	58342	58080
2	58347	58205
2	58350	57553
2	58358	57669
2	58376	57669
2	58384	57818
2	58391	57519
2	58412	57849
2	58422	58328
2	58428	57543
2	58435	58047
2	58451	58114
2	58458	57526
2	58464	57763
2	58498	58237
2	58513	57752
2	58542	57849
2	58548	57595
2	58556	57608
2	58562	57849
2	58592	57832
2	58598	57793
2	58608	58350
2	58630	57972
2	58637	57832
2	58646	57726
2	58662	57972
2	58679	57663
2	58689	57669
2	58703	58242
2	58714	58342
2	58727	58668
2	58739	57646
2	58752	58047
2	58766	58662
2	58783	58347
2	58798	58324
2	58814	58637
2	58819	57375
2	58825	57537
2	58844	58422
2	58849	16720
2	58868	58849
2	58874	58865
2	58894	58868
2	58924	58868
2	58929	58846
2	58940	58435
2	58954	57592
2	58959	57752
2	58985	58339
2	59005	57526
2	59010	58350
2	59017	57643
2	59047	57573
2	59062	58237
2	59072	57509
2	59126	57741
2	59133	58519
2	59149	57810
2	59153	58542
2	59159	59116
2	59169	58180
2	59199	57710
2	59204	58350
2	59218	58376
2	59230	57678
2	59233	57669
2	59241	58608
2	59246	57519
2	59255	59017
2	59291	58054
2	59300	58342
2	59309	57721
2	59316	59204
2	59334	58291
2	59348	59316
2	59379	57721
2	59385	57577
2	59397	57620
2	59435	57495
2	59465	58003
2	59516	59417
2	59528	59343
2	59534	58642
2	59551	59116
2	59553	58102
2	59563	58294
2	59571	59218
2	59580	57663
2	59590	57741
2	59595	58041
2	59602	59133
2	59621	59417
2	59628	59274
2	59633	58347
2	59663	58814
2	59674	59010
2	59680	57776
2	59687	58097
2	59754	57741
2	59769	59595
2	59773	59435
2	59781	58205
2	59799	58339
2	59822	57646
2	59861	57864
2	59868	59614
2	59884	57842
2	59890	59680
2	59925	57832
2	59931	59693
2	59937	59204
2	59944	59149
2	59948	57832
2	59958	59159
2	59970	58598
2	59980	57787
2	59989	58324
2	60005	57663
2	60010	58384
2	60016	58428
2	60053	59348
2	60058	59106
2	60071	58286
2	60093	58350
2	60098	59628
2	60105	58339
2	60117	58294
2	60123	59010
2	60131	58205
2	60147	57400
2	60166	58059
2	60189	57669
2	60204	59274
2	60210	58261
2	60220	58525
2	60226	57832
2	60231	59316
2	60247	59799
2	60269	58814
2	60277	58519
2	60288	57620
2	60310	59159
2	60344	59442
2	60357	60058
2	60382	58825
2	60395	58542
2	60413	59595
2	60429	57776
2	60430	59727
2	60435	58261
2	60447	58366
2	60459	59005
2	60469	57553
2	60479	57757
2	60507	60310
2	60570	47731
2	60580	47743
2	60586	60570
2	60689	26249
2	60711	60655
2	60747	60711
2	60756	30989
2	60931	37459
2	60938	28182
2	60947	37459
2	60956	60931
2	60985	51231
2	61007	23291
2	61015	61007
2	61166	19275
2	61190	49469
2	61344	3591
2	61353	16578
2	61833	38198
2	61937	38081
2	61952	3065
2	61960	24023
2	61967	61945
2	61974	38081
2	62000	61952
2	62007	61945
2	62021	51582
2	62027	61974
2	62033	38562
2	62064	15438
2	62156	36617
2	62166	49914
2	62183	3165
2	62192	27344
2	62354	52986
2	62440	28173
2	62456	16578
2	62462	27710
2	62477	37742
2	62546	8531
2	62566	35103
2	62623	21009
2	62631	3095
2	62641	62631
2	62648	62631
2	62654	23997
2	62672	62664
2	62705	62648
2	62867	51250
2	62884	16031
2	62905	62884
2	62950	981
2	63088	4852
2	63138	37563
2	63145	9873
2	63180	48776
2	63182	60711
2	63325	20441
2	63332	63325
2	63339	63332
2	63345	63325
2	63352	63345
2	63361	54174
2	63368	63332
2	63374	63332
2	63381	54166
2	63389	16130
2	63395	63368
2	63401	63374
2	63543	16086
2	63573	61344
2	63587	4564
2	63600	60938
2	63615	61344
2	63620	63565
2	63945	62462
2	63952	37785
2	63959	36648
2	63967	63952
2	64298	9858
2	64312	21984
2	64544	28001
2	64602	16650
2	64616	35895
2	64622	64602
2	64628	6972
2	64652	25810
2	64916	39392
2	64923	64909
2	64930	38240
2	64958	16635
2	64968	20819
2	64974	64916
2	65074	65067
2	65082	5926
2	65244	34826
2	65375	27014
2	65469	50801
2	65505	50829
2	65554	33852
2	65562	39090
2	65575	34513
2	65635	38353
2	65650	65635
2	65660	24023
2	65666	35901
2	65682	64930
2	65721	29771
2	65727	65721
2	65733	51148
2	65835	31508
2	65841	36120
2	65863	57039
2	65869	21657
2	65879	30444
2	65888	65879
2	65896	30444
2	65909	21631
2	65925	65888
2	66052	12263
2	66059	62468
2	66068	37759
2	66078	32841
2	66085	66059
2	66094	32825
2	66104	66059
2	66117	32798
2	66126	66085
2	66135	37792
2	66300	38647
2	66307	17591
2	66316	66307
2	66325	66307
2	66333	66325
2	66340	66300
2	66346	66333
2	66354	66316
2	66361	66340
2	66368	66354
2	66375	66307
2	66384	66368
2	66391	66316
2	66420	4220
2	66429	66420
2	66437	66429
2	66442	24636
2	66450	66420
2	66458	66420
2	66545	19241
2	66559	50587
2	66593	13988
2	66616	64616
2	66623	66559
2	66647	66638
2	66655	66559
2	66713	20207
2	66976	16031
2	66984	62884
2	66991	28414
2	66998	23808
2	67010	66991
2	67016	25372
2	67030	25372
2	67259	5445
2	67331	34703
2	67350	51278
2	67357	12679
2	67366	3027
2	67373	67357
2	67387	29520
2	67394	67373
2	67409	12404
2	67416	67381
2	67423	67394
2	67443	24627
2	67451	67443
2	67465	30789
2	67468	16744
2	67544	38667
2	67553	16774
2	67560	67544
2	67568	67553
2	67574	67553
2	67581	67544
2	67588	67560
2	67597	23115
2	67606	67553
2	67612	66375
2	67621	67553
2	67627	16774
2	67632	67581
2	67641	67612
2	67650	67627
2	67954	29533
2	68061	6161
2	68068	68061
2	68082	6161
2	68091	68068
2	68098	68091
2	68122	19233
2	68131	25739
2	68145	23997
2	68236	60947
2	68254	68236
2	68276	22513
2	68283	68276
2	68290	68276
2	68296	17630
2	68306	68276
2	68312	68276
2	68319	68296
2	68348	8939
2	68354	32419
2	68362	18833
2	68371	68354
2	68377	68362
2	68392	68377
2	68404	68377
2	68410	28487
2	68472	17175
2	68546	9279
2	68651	62631
2	68696	55632
2	68704	54166
2	68713	24651
2	68720	68704
2	68730	68720
2	68738	68713
2	69066	8531
2	69079	55979
2	69087	39529
2	69094	69087
2	69101	32427
2	69776	64902
2	69831	66638
2	69848	69812
2	69855	69831
2	69966	8531
2	70107	66545
2	70126	15997
2	70134	29488
2	70330	34513
2	70555	4213
2	70561	70555
2	70567	70561
2	70573	70561
2	70759	70330
2	71250	70573
2	71380	242
2	71494	27325
2	71517	71501
2	71673	70330
2	71682	71664
2	71688	71673
2	71740	71380
2	71951	25877
2	72020	8572
2	72100	8531
2	73272	67465
2	74060	70126
2	74250	73272
2	74373	8547
2	74473	37102
2	74477	30675
2	75065	70134
2	75081	70555
2	75085	70717
2	75097	71494
2	75251	70717
2	75360	75097
2	75422	75081
2	75447	70759
2	75455	75081
2	75525	13850
2	75643	75447
2	75651	75085
2	75668	75659
2	75683	70717
2	75802	75795
2	75847	52698
2	75975	75085
2	76030	75251
2	76066	75251
2	76113	75683
2	76128	3047
2	76155	70330
2	76228	76030
2	76326	8491
2	76506	73272
2	76897	70717
2	77276	77269
2	77309	75447
2	77471	75422
2	77479	27299
2	77489	77471
2	77496	77471
2	77507	64544
2	78107	718
2	78127	71103
2	78144	71250
2	78190	75251
2	78197	76219
2	78683	23315
2	78768	77802
2	78857	74060
2	78863	75499
2	79590	75755
2	79604	78863
2	79611	79597
2	79618	79590
2	79625	77276
2	79644	79611
2	79721	74250
2	79725	78144
2	79732	79725
2	79738	79725
2	79744	79725
2	79899	60711
2	80009	60711
2	80017	79915
2	80166	79915
2	80246	80208
2	80256	80246
2	80309	30989
2	80320	80208
2	80453	60718
2	80475	80166
2	80493	80166
2	80533	80523
2	80601	3313
2	80642	80453
2	80949	33817
2	81022	13453
2	81177	81022
2	81432	80017
2	81681	80246
2	81752	80493
2	81783	80523
2	81801	81783
2	81827	81783
2	81858	81809
2	81879	81783
2	81889	81858
2	81901	81783
2	81989	80475
2	82091	4794
2	82159	82151
2	82598	81022
2	82636	80166
2	82651	80964
2	82667	82636
2	82839	82823
2	82849	82839
2	82859	82849
2	82905	80453
2	83094	81809
2	83525	71664
2	83533	83525
2	83542	83533
2	83597	83571
2	83658	83649
2	83698	83571
2	83705	83571
2	83803	83571
2	83872	83771
2	83910	83901
2	83918	83901
2	84112	82839
2	84828	76506
2	84967	84828
2	85724	76219
2	85817	37735
2	85965	107
2	86939	74250
2	87080	76155
2	87164	76204
2	87172	76204
2	87247	75683
2	87373	78116
2	87619	74250
2	87837	71250
2	87845	87837
2	88630	25372
2	88774	87619
2	89011	70717
2	89032	79597
2	89040	70107
2	89142	71494
2	89162	83525
2	89171	75720
2	89837	75847
2	89849	89837
2	90655	64544
2	90949	82159
2	91081	87164
2	91140	72709
2	91474	67259
2	91815	75975
2	91904	55605
2	92103	70561
2	92110	92103
2	92116	92103
2	92216	64544
2	92413	76030
2	92419	78197
2	93036	75748
2	93049	93043
2	93071	31658
2	93082	75097
2	93089	83514
2	93304	8491
2	93452	79725
2	93458	93452
2	93464	93452
2	93470	93458
2	93476	93452
2	93482	93470
2	93488	93452
2	93664	81225
2	93671	82636
2	93706	81901
2	93740	93731
2	94143	87247
2	94149	78863
2	94531	92413
2	94927	82159
2	95004	93664
2	95039	85724
2	95172	82839
2	95182	95165
2	95222	82849
2	95279	95172
2	95295	81234
2	95304	70555
2	95393	70717
2	95400	78863
2	95407	76228
2	95432	87164
2	95483	74052
2	95489	77027
2	95621	89231
2	95632	93464
2	95644	38962
2	95671	95621
2	95859	74250
2	95873	56918
2	95933	71494
2	96059	79637
2	96067	96059
2	96111	70555
2	96266	39840
2	96273	78863
2	96279	79590
2	96293	77283
2	96299	96293
2	96359	72709
2	96445	77683
2	96530	981
2	96539	168
2	96553	42095
2	96855	59291
2	96862	59362
2	96918	45941
2	96942	299
2	96962	264
2	96968	96962
2	96985	96980
2	97014	96985
2	97021	97014
2	97027	96985
2	97034	97014
2	97040	97027
2	97080	96980
2	97087	39135
2	97116	97087
2	97168	96985
2	97182	97168
2	97596	981
2	97715	79721
2	97721	96539
2	97725	97721
2	97727	97725
2	97730	97725
2	97732	97725
2	97734	1015
2	97750	418
2	97753	97734
2	97755	97753
2	97756	97753
2	97760	97753
2	97763	97721
2	97767	99
2	97774	97750
2	97785	97734
2	97789	97750
2	97796	97789
2	97802	59116
2	97838	981
2	97839	97796
2	97844	97760
2	97848	97785
2	97854	97750
2	97857	97750
2	97860	97844
2	97867	97767
2	97871	97844
2	97880	97721
2	97882	97732
2	97892	97882
2	97895	97892
2	97897	97725
2	97903	97750
2	97907	97756
2	97912	97903
2	97925	97871
2	97935	58894
2	97940	16447
2	97944	97940
2	97948	97940
2	97952	97948
2	97956	97948
2	97960	97956
2	97964	97940
2	97968	97952
2	97977	97956
2	97981	97964
2	97990	97956
2	97994	97977
2	98000	97940
2	98004	97956
2	98008	97964
2	98012	97940
2	98016	97964
2	98020	97964
2	98072	844
2	98110	833
2	98156	860
2	98170	98110
2	98230	42070
2	98255	98072
2	98280	98265
2	98290	808
2	98297	98265
2	98304	98280
2	98325	98265
2	98339	98304
2	98360	98346
2	98367	98183
2	98375	98339
2	98389	98367
2	98396	98346
2	98403	98396
2	98409	98396
2	98422	98403
2	98428	98346
2	98435	98311
2	98461	98367
2	98489	98461
2	98505	98489
2	98514	98319
2	98538	98325
2	98554	98514
2	98567	98560
2	98580	98567
2	98616	98514
2	98644	98616
2	98667	98653
2	98674	98607
2	98682	808
2	98689	49066
2	98697	98674
2	98713	98183
2	98720	98713
2	98726	98713
2	98732	98726
2	98746	98290
2	98752	98726
2	98764	98738
2	98779	98375
2	98786	98758
2	98793	98786
2	98808	98793
2	98821	98786
2	98842	98786
2	98849	98821
2	98863	98793
2	98899	98156
2	98905	98893
2	98911	98905
2	98924	98893
2	98930	98924
2	98936	844
2	98945	98644
2	98953	98945
2	98961	98936
2	98978	98632
2	98986	98978
2	99002	98978
2	99092	98674
2	99101	98110
2	99116	99108
2	99124	65575
2	99132	99124
2	99142	99124
2	99149	99124
2	99162	99124
2	99187	11755
2	99210	289
2	99498	418
2	99505	159
2	99547	860
2	99561	58874
2	99567	99547
2	99573	99547
2	99580	99561
2	99586	99573
2	99594	99547
2	99607	99547
2	99616	99573
2	99625	99547
2	99630	99573
2	99634	99567
2	99639	99547
2	99647	28198
2	99737	91968
2	99742	59428
2	99781	242
2	99799	242
2	99804	99781
2	99890	99804
2	99922	99804
2	99961	99804
2	99964	99890
2	99984	66599
2	99990	99890
2	99994	99922
2	99998	99990
2	100014	99964
2	100025	99964
2	100034	99998
2	100053	14985
2	100134	43851
2	100147	100140
2	100161	100147
2	100167	100134
2	100202	99994
2	100207	99964
2	100213	99998
2	100216	99964
2	100225	100190
2	100311	100025
2	100318	99964
2	100322	99922
2	100334	99890
2	100339	100014
2	100349	99964
2	100355	99890
2	100367	99804
2	100376	100367
2	100384	100367
2	100397	100202
2	100401	100190
2	100459	100225
2	100493	242
2	100498	97123
2	100521	100493
2	100541	100505
2	100549	100505
2	100576	100397
2	100582	99994
2	100617	100300
2	100620	99998
2	100667	100025
2	100676	99994
2	100681	99998
2	100705	41751
2	100721	100713
2	100727	100721
2	100749	100339
2	100768	100334
2	100773	99961
2	100777	99804
2	100783	100344
2	100787	99922
2	100817	99990
2	100821	100401
2	100840	100034
2	100851	100667
2	100855	100344
2	100859	100401
2	100864	100773
2	100871	100864
2	100876	99804
2	100882	100355
2	100904	97057
2	100935	100190
2	100939	100876
2	100963	57989
2	100969	57553
2	100978	100963
2	101020	318
2	101030	101020
2	101031	100397
2	101068	99964
2	101073	100882
2	101079	100783
2	101083	100783
2	101087	100783
2	101092	99804
2	101101	101079
2	101115	100783
2	101129	100376
2	101133	100207
2	101156	99964
2	101181	100768
2	101198	44540
2	101246	99187
2	101248	418
2	101270	10389
2	101290	75085
2	101297	101290
2	101304	101290
2	101325	101297
2	101332	101297
2	101338	101304
2	101344	101304
2	101350	101344
2	101407	3681
2	101413	40982
2	101519	79899
2	101563	34366
2	101610	97040
2	101624	42161
2	101633	96980
2	101883	46069
2	101891	84133
2	102122	81901
2	102276	833
2	102291	6663
2	102324	101270
2	102339	41045
2	102388	97168
2	102403	102388
2	102415	102403
2	102471	102284
2	102477	102471
2	102514	102291
2	102533	102526
2	102541	13453
2	102577	42095
2	102593	82711
2	102803	102771
2	102827	3313
2	103133	15058
2	103147	74052
2	103168	102403
2	103194	41817
2	103200	101427
2	103217	103194
2	103265	102388
2	103320	103306
2	103368	13453
2	103382	103320
2	103418	98422
2	103424	103418
2	103459	42022
2	103529	103168
2	103593	102741
2	103670	15802
2	103728	103723
2	103740	103168
2	103816	60747
2	103858	49417
2	103865	40982
2	103943	101270
2	103956	47736
2	103970	101544
2	103977	103970
2	104368	3508
2	104522	81022
2	104525	45199
2	104587	102827
2	104739	104658
2	104905	101413
2	104947	103147
2	105015	104345
2	105081	48797
2	105096	104318
2	105103	105096
2	105163	104739
2	105169	81234
2	105176	105137
2	105196	105176
2	105264	3508
2	105287	27043
2	105299	103858
2	105306	43595
2	105326	105287
2	105391	79725
2	105452	103320
2	105476	65835
2	105521	102533
2	105539	102526
2	105548	105476
2	105560	2594
2	105567	103147
2	105598	105150
2	105612	105176
2	105681	13453
2	105700	103320
2	105714	43851
2	105885	104061
2	105948	101610
2	105961	105137
2	105967	105961
2	106004	105476
2	106234	46770
2	106265	103424
2	106272	98403
2	106279	103865
2	106290	106265
2	106554	35186
2	106609	81234
2	106623	106593
2	106635	105096
2	106641	40966
2	106666	106279
2	106862	48028
2	106928	30989
2	106957	44628
2	107020	81901
2	107038	106943
2	107049	81901
2	107100	103977
2	107132	102827
2	107240	104285
2	107359	41392
2	107425	104318
2	107443	107425
2	107456	107438
2	107562	46770
2	107568	107425
2	107581	107568
2	107619	24553
2	107626	102514
2	107735	107240
2	107827	41836
2	107840	26575
2	107847	96918
2	107853	107847
2	107865	45005
2	108132	107595
2	108155	105521
2	108162	108155
2	108170	108162
2	108190	103621
2	108195	102533
2	108220	44568
2	108235	12882
2	108264	108257
2	108368	40982
2	108374	105326
2	108454	5862
2	108469	95295
2	108476	105137
2	108484	108469
2	108525	43338
2	108532	102388
2	108540	747
2	108547	108525
2	108554	108525
2	108640	80453
2	108653	105598
2	108736	107132
2	108743	106464
2	108896	107840
2	108975	103670
2	108984	80264
2	108995	108984
2	109030	24171
2	109041	747
2	109150	107240
2	109158	3508
2	109285	4794
2	109344	102309
2	109352	98924
2	109401	102827
2	109474	54446
2	109483	889
2	109495	109460
2	109546	60711
2	109677	5009
2	109688	103168
2	109905	81225
2	109957	109905
2	109968	105885
2	109978	109968
2	110024	108195
2	110111	102771
2	110117	107997
2	110149	104789
2	110161	67259
2	110167	110162
2	110177	103147
2	110320	110292
2	110340	110320
2	110510	106204
2	110516	103670
2	110528	47596
2	110534	102415
2	110546	47596
2	110554	110534
2	110561	110534
2	110567	110554
2	110603	105521
2	110610	104285
2	110645	56261
2	110742	107840
2	110750	60580
2	110765	110750
2	110778	60599
2	110785	101413
2	110790	47725
2	110965	44344
2	110997	107020
2	111008	110931
2	111018	110997
2	111101	21
2	111109	106912
2	111220	105885
2	111577	106609
2	111585	111577
2	111615	49072
2	111629	111052
2	111694	101270
2	111737	103723
2	111742	103728
2	111752	111742
2	111814	106688
2	111833	107132
2	111873	105681
2	111882	49215
2	111964	67416
2	112002	103865
2	112030	110610
2	112036	7112
2	112043	49320
2	112131	104658
2	112207	102403
2	112220	112207
2	112247	21903
2	112262	105391
2	112291	103147
2	112392	58214
2	112438	98000
2	112455	97123
2	112472	97844
2	112484	49677
2	112485	97756
2	112505	97907
2	112508	97867
2	112514	112491
2	112524	97925
2	112562	97721
2	112567	981
2	112573	13395
2	112584	112524
2	112600	97755
2	112602	112485
2	112608	97848
2	112622	112508
2	112624	97753
2	112627	112624
2	112634	112562
2	112638	112524
2	112643	97854
2	112651	112524
2	112657	112514
2	112660	110161
2	112703	97763
2	112706	112514
2	112710	112624
2	112713	112407
2	112723	112508
2	112728	112723
2	112741	112728
2	112744	97844
2	112758	112640
2	112763	112600
2	112766	112505
2	112769	112640
2	112793	99187
2	112795	112556
2	112798	112634
2	112807	112706
2	112811	112512
2	112813	112531
2	112816	112758
2	112821	112505
2	112824	112821
2	112825	112772
2	112829	112514
2	112837	112811
2	112841	112479
2	112850	112514
2	112867	66154
2	112879	112514
2	112886	112769
2	112896	112763
2	112906	112772
2	112909	112772
2	112915	112821
2	112918	112915
2	112926	8
2	112928	112524
2	112937	97774
2	112939	112524
2	112953	112562
2	112972	112793
2	112987	112657
2	113002	112915
2	113006	113002
2	113007	112879
2	113014	112915
2	113018	113014
2	113024	96530
2	113030	112531
2	113039	112651
2	113046	112939
2	113049	97767
2	113058	112713
2	113061	112703
2	113064	112638
2	113077	112508
2	113081	112825
2	113090	113081
2	113094	112723
2	113103	112505
2	113114	112643
2	113118	112930
2	113122	113118
2	113123	112531
2	113234	808
2	113241	113234
2	113249	42122
2	113260	294
2	113274	40982
2	113292	113280
2	113413	47
2	113521	101129
2	113607	3313
2	113615	808
2	113621	113615
2	113637	33
2	113639	58047
2	113662	99187
2	113694	5537
2	113762	56261
2	113886	6255
2	114065	17302
2	114134	29242
2	114183	6245
2	114863	67331
2	115141	59551
2	115461	114134
2	115817	113886
2	115924	109511
2	116438	96968
2	116507	350
2	116661	4953
2	116663	100001
2	116682	116663
2	116711	289
2	116725	116721
2	116731	59571
2	116746	112673
2	116750	116741
2	116779	116725
2	116803	116741
2	116808	116731
2	116812	116774
2	116815	116779
2	116821	60447
2	116824	116815
2	116828	60447
2	116849	273
2	116852	116849
2	116855	59116
2	116860	116746
2	116868	59030
2	116876	116824
2	116897	116750
2	116910	116731
2	116918	116900
2	116928	59116
2	116938	116711
2	116941	116750
2	116947	116941
2	116955	116815
2	116958	116900
2	116990	116797
2	116995	57643
2	117003	60429
2	117004	116824
2	117014	116779
2	117021	116995
2	117025	57656
2	117033	116812
2	117052	116808
2	117055	117004
2	117058	117033
2	117063	117000
2	117066	116741
2	117082	116815
2	117088	116803
2	117106	117088
2	117113	117004
2	117125	117088
2	117167	117029
2	117182	117052
2	117199	116746
2	117237	116797
2	117252	116721
2	117255	117066
2	117261	117255
2	117271	116990
2	117282	117271
2	117283	116721
2	117288	117283
2	117293	117288
2	117326	116741
2	117332	116746
2	117336	116941
2	117343	450
2	117366	99898
2	117371	116812
2	117388	116918
2	117394	116750
2	117403	117298
2	117407	117082
2	117417	116900
2	117430	59149
2	117449	117082
2	117454	117388
2	117469	117055
2	117481	117055
2	117487	117107
2	117509	117066
2	117514	117332
2	117520	117125
2	117531	117176
2	117545	117531
2	117553	117481
2	117559	117167
2	117569	117559
2	117584	117574
2	117594	117252
2	117600	117066
2	117604	117531
2	117607	117326
2	117610	117531
2	117616	116725
2	117645	117407
2	117655	116725
2	117658	117616
2	117662	117594
2	117669	116725
2	117676	117669
2	117690	117676
2	117691	117669
2	117713	117604
2	117725	117146
2	117738	117600
2	117742	117542
2	117760	117600
2	117767	117765
2	117771	117760
2	117793	57643
2	117831	117725
2	117836	117481
2	117841	117255
2	117845	117841
2	117846	117616
2	117856	117718
2	117865	117531
2	117885	117332
2	117920	117055
2	117924	117874
2	117930	117255
2	117938	117520
2	117977	117107
2	118001	117989
2	118013	117836
2	118032	117514
2	118037	117542
2	118044	116821
2	118060	118001
2	118072	116824
2	118077	117066
2	118092	117725
2	118122	59116
2	118150	117407
2	118164	117025
2	118181	116849
2	118185	118181
2	118189	118172
2	118190	118181
2	118198	117407
2	118224	2030
2	118238	117377
2	118261	116990
2	118285	116938
2	118323	117514
2	118333	117082
2	118344	116824
2	118347	117542
2	118350	118344
2	118351	116741
2	118360	118351
2	118377	117846
2	118398	117594
2	118401	117538
2	118404	117403
2	118418	116941
2	118426	118418
2	118427	117021
2	118446	117125
2	118454	118160
2	118471	118001
2	118474	117000
2	118513	99210
2	118517	117559
2	118525	118489
2	118528	118454
2	118561	118323
2	118567	117915
2	118571	117915
2	118572	116746
2	118575	118018
2	118620	117021
2	118624	118344
2	118635	117662
2	118659	118427
2	118663	118072
2	118670	118122
2	118679	117725
2	118684	117481
2	118689	117514
2	118692	118689
2	118723	116779
2	118751	117058
2	118764	118454
2	118768	118689
2	118789	116897
2	118799	117283
2	118808	118799
2	118809	118243
2	118819	118072
2	118822	118401
2	118824	117454
2	118835	118624
2	118859	117607
2	118863	118427
2	118867	118474
2	118881	118072
2	118895	118795
2	118913	117004
2	118938	118285
2	118942	117691
2	118956	118942
2	118977	118333
2	118983	117176
2	118990	117874
2	118997	118501
2	119009	117725
2	119015	117449
2	119022	117856
2	119043	118304
2	119049	118814
2	119067	117924
2	119071	117725
2	119076	116797
2	119081	118942
2	119098	117718
2	119104	119098
2	119105	118863
2	119110	99210
2	119117	116721
2	119126	118824
2	119137	116910
2	119142	117897
2	119145	58548
2	119158	118822
2	119160	119158
2	119165	116746
2	119203	117920
2	119207	117514
2	119211	116821
2	119224	117088
2	119260	118243
2	119267	117039
2	119274	117874
2	119278	117066
2	119286	117610
2	119290	119286
2	119300	59017
2	119305	117989
2	119317	117033
2	119330	119105
2	119348	432
2	119372	116938
2	119452	117125
2	119478	57643
2	119481	118819
2	119485	118822
2	119489	117058
2	119495	117255
2	119498	119495
2	119504	116779
2	119510	117676
2	119519	119510
2	119530	118323
2	119545	119098
2	119552	118809
2	119556	119552
2	119557	119219
2	119561	119557
2	119568	117033
2	119574	116824
2	119578	119145
2	119585	58366
2	119591	117058
2	119607	119478
2	119611	118913
2	119619	119098
2	119628	116849
2	119635	119619
2	119638	117594
2	119645	119489
2	119656	118401
2	119665	118150
2	119676	117793
2	119687	117713
2	119713	117574
2	119718	118361
2	119724	116779
2	119731	117388
2	119737	118997
2	119742	117600
2	119746	116821
2	119819	116824
2	119824	119326
2	119828	116855
2	119831	118072
2	119835	116821
2	119842	117725
2	119846	119724
2	119871	117731
2	119874	117734
2	119878	119067
2	119888	119478
2	119893	85965
2	119898	117298
2	119912	117326
2	119924	117725
2	119932	117033
2	119940	118959
2	119964	118859
2	119975	119964
2	119976	168
2	119981	118799
2	119991	119981
2	119992	117514
2	120000	117874
2	120002	117874
2	120005	117176
2	120016	118333
2	120046	119278
2	120053	119918
2	120064	120053
2	120076	118859
2	120079	120076
2	120104	117055
2	120108	117718
2	120118	120108
2	120119	116731
2	120128	118819
2	120143	119607
2	120147	117000
2	120150	118088
2	120153	118764
2	120158	117610
2	120181	117662
2	120189	119142
2	120212	119906
2	120224	119713
2	120248	119607
2	120252	118723
2	120261	119545
2	120270	120261
2	120279	60491
2	120284	119871
2	120296	119992
2	120310	119081
2	120317	118764
2	120328	117332
2	120345	118913
2	120372	120279
2	120377	119155
2	120386	117063
2	120404	117492
2	120432	118835
2	120438	117856
2	120444	119126
2	120451	318
2	120456	118764
2	120459	118122
2	120465	119294
2	120474	119568
2	120478	118304
2	120482	118819
2	120487	117538
2	120489	120487
2	120492	120489
2	120495	118824
2	120499	120495
2	120500	119278
2	120530	118077
2	120534	119881
2	120538	119142
2	120545	116990
2	120557	117167
2	120568	120345
2	120582	120557
2	120585	117989
2	120599	117760
2	120614	118181
2	120617	120614
2	120621	117332
2	120626	120046
2	120638	118122
2	120656	118575
2	120671	58583
2	120691	119219
2	120695	120691
2	120696	119330
2	120700	117055
2	120706	119278
2	120716	117531
2	120732	117874
2	120742	119585
2	120773	120284
2	120785	120147
2	120812	119458
2	120821	117874
2	120851	118427
2	120860	119015
2	120864	118471
2	120870	120046
2	120875	120870
2	120876	118446
2	120943	118614
2	120946	120530
2	120950	117924
2	120954	118427
2	120969	120963
2	121011	99210
2	121015	120929
2	121020	118819
2	121023	117725
2	121047	120568
2	121072	117107
2	121079	120929
2	121087	117676
2	121096	121087
2	121097	117924
2	121100	116750
2	121118	120233
2	121122	120835
2	121133	119591
2	121142	119906
2	121145	118489
2	121167	118692
2	121182	60220
2	121200	116990
2	121217	117377
2	121222	116849
2	121224	119630
2	121227	121217
2	121232	120821
2	121245	119309
2	121252	119214
2	121290	120835
2	121294	119656
2	121297	119489
2	121303	119645
2	121308	119333
2	121314	117449
2	121317	118018
2	121328	117610
2	121334	119098
2	121343	121334
2	121351	208
2	121370	118863
2	121382	117594
2	121388	121334
2	121398	121388
2	121409	118723
2	121414	118689
2	121418	99210
2	121424	117874
2	121427	121054
2	121464	118525
2	121471	119918
2	121485	121471
2	121489	120816
2	121533	117366
2	121744	120284
2	121752	116821
2	121755	120474
2	121767	121250
2	121773	121755
2	121783	118624
2	121792	118377
2	121821	117616
2	121835	117604
2	121848	117734
2	121855	117734
2	121856	120076
2	121859	168
2	121885	118689
2	121918	121142
2	121924	120150
2	121934	120474
2	121941	120284
2	121957	119530
2	121963	120404
2	121972	118489
2	121976	117058
2	121982	121217
2	121991	121982
2	121995	117514
2	121998	117658
2	122027	119015
2	122039	122027
2	122065	118977
2	122070	120404
2	122075	119874
2	122079	119160
2	122081	120489
2	122084	122075
2	122085	120732
2	122090	119117
2	122099	117734
2	122105	120864
2	122117	119219
2	122123	117874
2	122129	117836
2	122132	119278
2	122135	121224
2	122148	120614
2	122151	122148
2	122159	122148
2	122161	118859
2	122173	112392
2	122192	118427
2	122198	118072
2	122202	117514
2	122214	119203
2	122282	119992
2	122304	120158
2	122312	119831
2	122316	122217
2	122335	116815
2	122343	119742
2	122346	122161
2	122352	118863
2	122356	120745
2	122384	118077
2	122406	117856
2	122440	120785
2	122444	122343
2	122454	122444
2	122455	116855
2	122465	116821
2	122482	118977
2	122485	117874
2	122500	117465
2	122502	122022
2	122506	119724
2	122512	118243
2	122605	122161
2	122617	117920
2	122621	119207
2	122627	121366
2	122636	136
2	122649	121821
2	122677	119976
2	122685	120474
2	122691	116731
2	122696	118122
2	122702	118938
2	122705	122649
2	122739	120345
2	122749	99945
2	122754	122749
2	122758	122749
2	122769	119203
2	122773	121752
2	122802	118824
2	122808	119665
2	122821	117407
2	122840	121494
2	122853	120816
2	122862	121494
2	122866	119203
2	122871	122866
2	122872	118377
2	122881	120224
2	122892	117874
2	122899	118122
2	122902	117407
2	122910	118942
2	122916	117604
2	122920	120946
2	122925	122705
2	122933	117856
2	122963	122821
2	122970	117846
2	122975	122916
2	122989	120489
2	122999	121020
2	123002	119552
2	123011	116849
2	123013	123011
2	123016	123011
2	123022	119203
2	123041	123035
2	123061	121471
2	123074	123061
2	123089	118474
2	123093	117713
2	123099	123093
2	123107	118997
2	123116	208
2	123125	119253
2	123131	120128
2	123134	117996
2	123156	118127
2	123162	123107
2	123173	120716
2	123180	121835
2	123184	120341
2	123186	119478
2	123219	118344
2	123223	118489
2	123253	112392
2	123258	121778
2	123262	121314
2	123270	120487
2	123272	123270
2	123285	121167
2	123286	122352
2	123297	123290
2	123298	118517
2	123301	122821
2	123316	122117
2	123320	123316
2	123325	120119
2	123336	118624
2	123343	117407
2	123363	119656
2	123367	123363
2	123372	123367
2	123384	121471
2	123419	118072
2	123424	117734
2	123482	119317
2	123499	119574
2	123503	123499
2	123519	117107
2	123548	112392
2	123593	122739
2	123648	122455
2	123651	118122
2	123656	119015
2	123662	122161
2	123666	119878
2	123671	117865
2	123676	117514
2	123680	122677
2	123684	120189
2	123687	121047
2	123690	121402
2	123707	119731
2	123721	120607
2	123730	123721
2	123778	120773
2	123783	123367
2	123793	123778
2	123794	118077
2	123804	117082
2	123817	117952
2	123824	119478
2	123828	121047
2	123835	118689
2	123839	118441
2	123843	116803
2	123872	117063
2	123879	122027
2	123885	118638
2	123902	122963
2	123925	122198
2	123934	118072
2	123942	118072
2	123945	120150
2	123950	2583
2	123960	120478
2	123974	123804
2	123981	123173
2	123986	123981
2	123987	119278
2	124016	119035
2	124030	120128
2	124032	116995
2	124037	123219
2	124044	122910
2	124076	117718
2	124090	117695
2	124093	120963
2	124098	121222
2	124101	124098
2	124104	124093
2	124110	120589
2	124145	117885
2	124157	118731
2	124166	122705
2	124180	117874
2	124205	122500
2	124233	119081
2	124247	124233
2	124249	118032
2	124273	120614
2	124276	120969
2	124286	122925
2	124305	120691
2	124309	124305
2	124310	121924
2	124320	118913
2	124330	124325
2	124331	122933
2	124348	60429
2	124349	123778
2	124352	123793
2	124367	119098
2	124375	119274
2	124379	118575
2	124421	119585
2	124423	118614
2	124436	47
2	124441	124436
2	124450	124441
2	124460	124457
2	124467	124450
2	124469	124436
2	124474	124469
2	124482	124469
2	124485	124457
2	124488	124460
2	124491	124485
2	124494	124485
2	124496	124488
2	124499	124491
2	124501	124436
2	124508	124441
2	124516	124450
2	124518	120284
2	124523	124436
2	124528	124441
2	124536	124450
2	124538	124485
2	124540	124460
2	124548	124467
2	124550	124518
2	124554	124436
2	124557	124508
2	124564	124467
2	124566	124485
2	124569	124488
2	124572	124491
2	124574	124485
2	124577	124496
2	124581	124548
2	124583	124574
2	124585	124577
2	124591	124581
2	124593	124469
2	124597	124593
2	124604	124593
2	124607	124501
2	124611	124441
2	124620	124516
2	124622	124583
2	124625	124460
2	124633	124467
2	124638	124577
2	124643	124591
2	124645	124494
2	124648	124436
2	124650	124499
2	124664	117449
2	124673	123938
2	124675	123061
2	124678	117255
2	124686	124678
2	124687	121821
2	124698	117676
2	124718	120732
2	124722	118304
2	124728	123824
2	124740	116824
2	124756	124305
2	124758	124309
2	124761	118663
2	124771	121418
2	124776	119104
2	124777	120153
2	124787	118614
2	124794	121122
2	124815	120377
2	124823	120538
2	124826	120785
2	124869	119831
2	124926	116812
2	124940	122705
2	124952	119578
2	124969	120414
2	124974	120284
2	124987	120500
2	124997	124273
2	125000	124997
2	125003	125000
2	125012	121087
2	125017	124698
2	125066	119203
2	125069	120557
2	125072	123262
2	125077	119126
2	125085	119831
2	125090	125085
2	125095	118001
2	125108	119137
2	125112	119918
2	125136	120147
2	125142	120758
2	125146	120248
2	125155	118333
2	125160	117594
2	125167	122384
2	125181	118824
2	125196	123343
2	125203	122685
2	125209	125203
2	125210	121020
2	125217	125210
2	125230	118528
2	125240	119309
2	125246	119611
2	125250	121912
2	125267	123253
2	125271	116711
2	125300	117125
2	125309	120317
2	125325	122866
2	125331	125325
2	125332	121467
2	125353	120079
2	125359	125091
2	125363	116824
2	125370	122384
2	125375	125370
2	125376	122627
2	125381	120181
2	125402	125082
2	125405	119665
2	125421	124358
2	125430	125421
2	125442	125098
2	125454	118377
2	125480	120500
2	125488	118575
2	125495	124550
2	125500	117326
2	125504	118181
2	125507	118190
2	125510	117088
2	125530	125507
2	125533	125510
2	125537	124367
2	125542	118351
2	125548	116849
2	125550	125548
2	125552	125542
2	125553	118895
2	125567	121118
2	125585	124673
2	125587	119333
2	125596	123301
2	125603	121145
2	125610	124987
2	125620	118819
2	125636	117948
2	125650	125095
2	125688	125587
2	125724	125146
2	125745	125363
2	125751	119510
2	125762	120946
2	125772	123499
2	125775	125772
2	125776	117052
2	125779	121471
2	125793	117874
2	125800	122925
2	125807	119545
2	125822	124823
2	125824	117000
2	125827	119656
2	125833	120065
2	125845	123061
2	125854	125845
2	125882	116855
2	125889	122821
2	125898	117924
2	125920	119158
2	125923	120489
2	125927	125923
2	125934	118614
2	125940	118489
2	125948	57656
2	125983	117865
2	125991	122866
2	125995	125991
2	125999	124358
2	126006	125999
2	126007	116918
2	126016	119718
2	126025	121118
2	126031	116900
2	126045	117856
2	126082	117514
2	126088	119022
2	126098	126088
2	126099	122123
2	126112	119333
2	126119	124093
2	126123	126119
2	126141	118255
2	126146	124358
2	126155	118489
2	126180	120773
2	126198	122925
2	126204	126031
2	126210	116721
2	126214	118160
2	126220	125095
2	126224	120568
2	126230	122773
2	126234	125066
2	126237	125882
2	126245	116774
2	126258	119628
2	126261	126258
2	126276	125072
2	126304	120354
2	126313	119819
2	126325	118122
2	126331	122777
2	126334	59185
2	126339	116824
2	126357	123180
2	126366	126123
2	126367	124875
2	126369	124673
2	126371	120785
2	126396	116815
2	126404	122685
2	126408	117492
2	126415	122899
2	126418	118938
2	126421	121133
2	126425	117167
2	126428	120345
2	126434	117255
2	126439	126434
2	126445	122978
2	126451	126445
2	126452	120605
2	126458	118819
2	126468	120557
2	126471	116824
2	126517	119713
2	126522	119659
2	126536	119871
2	126539	118997
2	126547	118881
2	126555	118795
2	126558	124759
2	126561	118122
2	126565	126313
2	126576	123013
2	126580	122325
2	126589	118876
2	126595	118333
2	126613	320
2	126622	120816
2	126635	124974
2	126650	117125
2	126654	117856
2	126666	119871
2	126669	122406
2	126678	124305
2	126682	126678
2	126688	126396
2	126706	118990
2	126712	125191
2	126725	120785
2	126734	120605
2	126738	59989
2	126742	119713
2	126753	119749
2	126772	124310
2	126776	117725
2	126785	125585
2	126815	121995
2	126824	2030
2	126828	117004
2	126835	123424
2	126892	118959
2	126899	116731
2	126908	125442
2	126911	122307
2	126921	126112
2	126978	118525
2	126986	118575
2	126994	124016
2	127003	118977
2	127020	119940
2	127030	120495
2	127034	127030
2	127042	119912
2	127047	117874
2	127118	124348
2	127160	117107
2	127180	123662
2	127222	119636
2	127225	125776
2	127227	126371
2	127237	127227
2	127238	124759
2	127248	124187
2	127255	118809
2	127258	117403
2	127260	117021
2	127264	119888
2	127269	120851
2	127275	120943
2	127283	120261
2	127289	127283
2	127299	125864
2	127305	126502
2	127308	127305
2	127309	124815
2	127313	122945
2	127318	119274
2	127336	125807
2	127344	121097
2	127353	122910
2	127388	121200
2	127396	120621
2	127410	122725
2	127422	125916
2	127425	117538
2	127427	127425
2	127433	116855
2	127442	120016
2	127465	121924
2	127475	126442
2	127479	127475
2	127500	117430
2	127503	117000
2	127506	126539
2	127511	101031
2	127524	122978
2	127543	122099
2	127557	126099
2	127569	117915
2	127576	125587
2	127580	116990
2	127585	121792
2	127597	117793
2	127611	122161
2	127619	127557
2	127638	123219
2	127643	122899
2	127645	125889
2	127681	121047
2	127707	125688
2	127714	118881
2	127718	118347
2	127730	101133
2	127745	127730
2	127750	120465
2	127755	126828
2	127767	124759
2	127777	120557
2	127785	118624
2	127791	126706
2	127799	127791
2	127805	124987
2	127813	119951
2	127816	127813
2	127819	127813
2	127831	123835
2	127833	120474
2	127840	119585
2	127850	126994
2	127853	117449
2	127859	123100
2	127866	119749
2	127870	123035
2	127873	127870
2	127883	120950
2	127886	119591
2	127892	116821
2	127912	127908
2	127913	117734
2	127918	126112
2	127934	125889
2	127959	118997
2	127970	127429
2	127978	118942
2	127993	126558
2	127996	119478
2	128004	121308
2	128009	126688
2	128020	123965
2	128048	116990
2	128052	126828
2	128066	119136
2	128107	120016
2	128114	117538
2	128117	128114
2	128120	128107
2	128121	118436
2	128129	127745
2	128136	128129
2	128137	122402
2	128167	123942
2	128175	120621
2	128190	119574
2	128196	119489
2	128210	208
2	128215	120474
2	128218	128215
2	128225	128215
2	128242	128218
2	128247	121934
2	128253	128247
2	128259	128253
2	128264	128253
2	128269	128264
2	128274	128247
2	128280	128253
2	128286	128280
2	128291	128259
2	128296	128264
2	128302	121297
2	128307	128280
2	128324	128225
2	128325	128259
2	128331	118333
2	128338	127238
2	128347	119749
2	128357	122872
2	128372	116821
2	128374	117029
2	128377	120943
2	128384	117924
2	128408	125098
2	128412	123227
2	128431	123107
2	128445	126978
2	128450	99505
2	128473	121807
2	128482	122161
2	128486	128482
2	128487	127475
2	128490	128487
2	128502	117288
2	128505	128502
2	128510	128374
2	128530	116803
2	128533	126045
2	128549	116725
2	128554	120002
2	128568	128554
2	128569	117531
2	128580	117538
2	128583	128580
2	128590	128569
2	128591	128580
2	128594	117607
2	128598	118997
2	128611	120545
2	128619	122335
2	128622	127255
2	128629	124037
2	128632	123684
2	128652	125762
2	128661	127624
2	128664	118829
2	128688	120002
2	128715	117662
2	128719	123839
2	128722	120230
2	128730	119724
2	128741	127645
2	128748	125905
2	128762	128748
2	128781	120076
2	128787	125082
2	128791	128647
2	128797	127450
2	128803	119878
2	128807	126045
2	128833	117885
2	128847	117514
2	128855	128374
2	128857	116955
2	128859	122773
2	128862	124787
2	128865	122899
2	128882	127020
2	128922	119333
2	128932	127475
2	128937	128932
2	128938	125359
2	128946	118819
2	128950	117538
2	128965	125072
2	128977	127959
2	129000	117938
2	129020	118942
2	129029	129020
2	129044	127180
2	129057	125095
2	129067	118333
2	129073	127573
2	129076	119145
2	129121	124166
2	129125	129121
2	129129	125751
2	129141	118575
2	129151	129141
2	129152	125986
2	129155	124358
2	129161	129155
2	129195	125983
2	129207	126418
2	129219	125684
2	129230	119557
2	129235	129230
2	129236	119615
2	129249	119330
2	129257	118122
2	129266	118684
2	129270	126214
2	129293	124815
2	129316	117088
2	129325	124044
2	129334	129325
2	129335	123885
2	129341	126600
2	129343	129257
2	129348	121418
2	129357	116725
2	129362	125813
2	129366	117538
2	129369	129362
2	129381	125684
2	129394	118304
2	129399	122821
2	129406	129399
2	129419	120545
2	129448	125946
2	129450	124110
2	129467	118122
2	129487	122022
2	129496	123286
2	129500	118572
2	129507	128715
2	129546	129370
2	129551	117836
2	129563	121290
2	129567	129563
2	129568	122343
2	129600	119737
2	129612	120732
2	129635	128377
2	129654	122129
2	129662	129431
2	129666	117449
2	129672	118077
2	129676	120732
2	129697	118913
2	129715	122853
2	129720	118367
2	129765	123666
2	129775	120261
2	129782	129775
2	129787	128357
2	129794	122773
2	129798	118614
2	129804	120279
2	129838	127450
2	129859	122325
2	129860	118938
2	129869	119326
2	129889	128626
2	129892	124348
2	129894	121167
2	129905	121494
2	129916	129325
2	129921	129916
2	129922	125905
2	129925	129568
2	129934	116918
2	129940	123671
2	129953	129940
2	129958	119015
2	129962	120153
2	129964	117004
2	129975	126404
2	129981	117989
2	129983	128347
2	130003	127362
2	130006	122970
2	130009	127557
2	130014	130009
2	130020	120230
2	130050	124771
2	130061	119819
2	130065	119076
2	130072	121087
2	130081	130072
2	130082	128357
2	130090	121966
2	130107	125442
2	130118	127791
2	130127	130118
2	130128	119659
2	130133	120053
2	130142	130133
2	130160	125167
2	130165	126045
2	130180	129783
2	130194	123945
2	130197	125146
2	130200	120785
2	130219	120482
2	130229	119155
2	130243	126982
2	130257	124310
2	130278	122853
2	130284	120076
2	130290	119067
2	130292	121835
2	130297	117417
2	130314	129715
2	130319	125587
2	130342	125049
2	130349	116746
2	130352	126539
2	130358	118243
2	130362	126635
2	130369	124698
2	130374	122214
2	130383	129798
2	130403	125332
2	130408	130160
2	130418	128882
2	130433	122853
2	130438	125751
2	130476	127042
2	130535	120946
2	130544	128661
2	130546	121224
2	130555	123744
2	130563	126045
2	130574	128539
2	130585	118795
2	130590	130194
2	130594	129905
2	130597	129798
2	130603	125864
2	130606	126428
2	130634	123828
2	130640	120870
2	130644	130640
2	130645	130603
2	130655	119333
2	130663	125160
2	130688	129563
2	130700	128855
2	130702	128730
2	130710	120076
2	130715	118436
2	130721	121966
2	130724	121294
2	130727	117793
2	130731	126753
2	130742	126141
2	130750	125072
2	130756	117033
2	130763	123336
2	130785	130229
2	130818	122821
2	130826	117125
2	130843	121773
2	130847	120037
2	130853	130847
2	130857	130750
2	130867	130006
2	130870	130867
2	130871	117531
2	130879	119009
2	130890	124885
2	130905	125905
2	130915	130905
2	130916	122910
2	130921	130916
2	130922	117514
2	130953	118513
2	130988	118333
2	131035	118367
2	131039	123223
2	131069	117082
2	131074	131069
2	131075	117856
2	131084	121995
2	131088	117594
2	131091	121912
2	131096	121995
2	131116	118474
2	131130	119831
2	131136	122945
2	131138	123116
2	131139	126408
2	131142	122705
2	131157	126234
2	131162	129325
2	131173	118446
2	131198	124016
2	131213	125072
2	131222	119145
2	131241	60491
2	131253	123061
2	131271	125381
2	131274	121294
2	131277	117052
2	131279	120538
2	131287	129257
2	131320	128384
2	131327	57959
2	131331	125095
2	131338	120538
2	131340	119888
2	131344	125066
2	131347	125905
2	131355	131347
2	131365	119098
2	131369	131365
2	131370	126731
2	131374	120166
2	131382	118150
2	131391	117669
2	131398	117454
2	131401	127908
2	131404	131401
2	131405	117332
2	131412	127624
2	131422	131412
2	131423	131198
2	131428	125072
2	131430	128719
2	131433	127777
2	131435	126828
2	131448	119718
2	131456	120474
2	131459	128626
2	131462	126738
2	131492	116725
2	131501	130921
2	131507	121072
2	131512	130597
2	131517	117669
2	131527	131331
2	131537	131338
2	131541	123191
2	131558	130857
2	131562	125905
2	131573	131562
2	131574	121966
2	131586	117538
2	131589	131586
2	131592	131589
2	131665	125271
2	131681	58422
2	131734	129612
2	131738	121290
2	131742	125827
2	131744	126415
2	131754	123648
2	131763	131046
2	131766	129905
2	131770	125066
2	131777	121792
2	131782	129507
2	131850	123258
2	131864	125120
2	131867	119504
2	131872	127813
2	131875	121224
2	131877	131867
2	131878	128736
2	131903	117930
2	131907	127524
2	131921	116990
2	131925	127624
2	131932	131925
2	131933	121755
2	131940	122117
2	131968	117996
2	131979	117176
2	131985	130916
2	132018	121418
2	132027	119098
2	132032	132027
2	132033	130867
2	132037	132033
2	132038	128688
2	132041	118624
2	132050	119638
2	132056	126210
2	132071	119203
2	132077	125359
2	132082	118614
2	132089	122307
2	132105	117658
2	132107	122705
2	132122	123107
2	132139	117574
2	132151	132139
2	132152	130403
2	132203	125827
2	132210	118863
2	132213	124969
2	132250	126036
2	132258	127154
2	132266	131654
2	132281	131344
2	132307	126742
2	132312	118077
2	132323	117319
2	132388	117553
2	132397	125530
2	132400	125507
2	132405	132400
2	132436	120742
2	132453	129083
2	132466	132226
2	132469	120946
2	132476	131586
2	132482	130724
2	132484	122075
2	132490	130015
2	132495	120317
2	132500	126313
2	132508	119981
2	132519	132508
2	132532	117669
2	132539	125250
2	132544	129044
2	132553	119317
2	132557	117271
2	132566	132557
2	132581	124687
2	132592	117767
2	132598	131241
2	132612	131303
2	132624	120377
2	132634	118513
2	132647	129155
2	132657	121222
2	132659	131875
2	132662	132647
2	132663	132657
2	132671	132624
2	132676	124722
2	132685	124969
2	132689	120785
2	132717	118377
2	132742	125603
2	132749	120487
2	132752	132749
2	132755	132752
2	132757	126731
2	132776	131222
2	132783	126892
2	132789	119591
2	132796	117271
2	132818	126146
2	132823	132818
2	132824	118575
2	132837	130292
2	132840	132837
2	132864	118689
2	132879	117948
2	132886	124523
2	132894	132886
2	132900	132894
2	132908	132894
2	132912	132908
2	132916	132886
2	132921	132916
2	132927	132894
2	132930	132916
2	132935	132912
2	132937	132927
2	132942	132937
2	132946	132930
2	132951	132927
2	132956	132937
2	132960	132912
2	132969	129450
2	132989	123731
2	133003	132996
2	133004	120181
2	133009	121072
2	133041	129676
2	133072	119819
2	133093	126105
2	133096	118377
2	133113	124732
2	133124	127959
2	133130	116741
2	133134	125146
2	133137	116824
2	133148	129491
2	133158	118513
2	133165	116803
2	133207	122872
2	133218	122307
2	133221	121402
2	133226	124815
2	133229	133226
2	133235	117332
2	133238	126131
2	133247	130229
2	133256	133247
2	133264	126428
2	133311	119043
2	133313	130597
2	133346	132742
2	133353	124698
2	133367	117199
2	133391	125442
2	133397	122085
2	133411	130229
2	133414	126442
2	133463	122316
2	133471	118859
2	133478	126600
2	133481	126396
2	133503	125085
2	133508	133503
2	133509	129600
2	133524	122821
2	133527	129612
2	133544	119924
2	133619	130383
2	133623	130319
2	133640	119906
2	133645	123817
2	133654	129370
2	133659	118333
2	133665	120230
2	133678	123902
2	133684	118367
2	133688	126517
2	133692	132520
2	133697	123824
2	133702	128730
2	133709	119341
2	133731	118344
2	133736	123399
2	133757	118863
2	133769	131738
2	133776	133769
2	133784	121370
2	133788	130785
2	133803	125898
2	133808	117088
2	133816	118190
2	133819	133816
2	133824	133808
2	133825	132405
2	133828	130772
2	133831	129381
2	133835	129381
2	133839	120585
2	133843	124037
2	133857	121020
2	133861	126539
2	133898	119915
2	133931	118446
2	133936	120742
2	133949	132122
2	133956	133949
2	133957	122872
2	133963	128408
2	133970	119557
2	133975	133970
2	133986	133414
2	133988	133986
2	133989	120354
2	133996	133989
2	133997	116995
2	134009	132266
2	134014	131271
2	134017	57627
2	134088	118044
2	134098	133839
2	134101	132186
2	134124	131401
2	134129	134124
2	134130	123938
2	134148	133589
2	134162	118561
2	134184	112392
2	134203	129775
2	134207	134203
2	134220	121856
2	134242	116746
2	134245	118692
2	134253	126031
2	134255	121142
2	134260	120864
2	134264	125098
2	134287	129676
2	134307	118333
2	134319	123666
2	134328	122970
2	134332	128384
2	134347	134002
2	134359	122925
2	134375	125745
2	134383	121200
2	134404	123671
2	134410	134130
2	134416	125405
2	134422	122978
2	134429	120158
2	134433	123843
2	134437	133093
2	134448	133184
2	134460	134448
2	134461	118275
2	134467	117924
2	134488	122773
2	134498	117514
2	134504	127047
2	134514	131512
2	134519	125091
2	134540	119819
2	134545	122090
2	134553	126155
2	134560	134553
2	134566	124732
2	134569	118304
2	134600	125430
2	134605	118768
2	134612	129500
2	134633	133153
2	134649	127580
2	134663	127219
2	134667	134663
2	134668	121792
2	134676	117669
2	134680	119458
2	134719	120158
2	134725	121054
2	134737	131456
2	134746	131512
2	134765	126613
2	134768	125999
2	134777	134768
2	134778	117734
2	134783	129050
2	134791	126146
2	134805	129207
2	134810	134805
2	134830	126678
2	134835	134830
2	134836	128540
2	134841	125442
2	134864	125066
2	134871	119278
2	134878	117952
2	134888	129394
2	134896	122065
2	134899	126127
2	134916	134911
2	134923	125203
2	134947	117039
2	134953	134947
2	134954	132312
2	134994	134002
2	135008	117930
2	135016	123824
2	135024	125167
2	135030	126683
2	135036	123301
2	135044	117924
2	135078	120016
2	135085	123671
2	135096	122925
2	135104	128661
2	135110	124687
2	135124	122829
2	135128	123411
2	135138	133697
2	135155	128748
2	135165	135155
2	135166	117394
2	135175	133731
2	135179	125610
2	135183	134294
2	135198	129444
2	135211	128797
2	135215	120716
2	135229	129964
2	135241	135104
2	135248	135241
2	135254	131091
2	135263	120051
2	135266	129622
2	135270	119951
2	135272	135270
2	135275	135270
2	135277	122677
2	135296	130020
2	135318	117520
2	135328	131654
2	135347	133093
2	135355	133414
2	135362	135355
2	135370	131365
2	135375	135370
2	135392	126404
2	135403	120946
2	135407	130180
2	135421	135277
2	135435	123419
2	135461	123794
2	135468	135461
2	135473	126313
2	135476	123310
2	135483	122388
2	135498	126070
2	135514	117865
2	135530	119656
2	135532	131592
2	135552	122773
2	135576	118859
2	135593	123107
2	135610	129775
2	135617	129270
2	135620	119585
2	135623	123687
2	135627	122910
2	135639	126576
2	135642	122129
2	135645	134253
2	135657	122829
2	135665	132484
2	135670	134347
2	135714	2583
2	135726	129057
2	135728	130101
2	135731	118072
2	135736	125203
2	135741	120016
2	135744	131579
2	135759	122475
2	135772	135768
2	135773	121427
2	135779	120224
2	135784	129783
2	135794	117107
2	135808	126099
2	135819	135198
2	135823	130644
2	135824	118863
2	135838	123701
2	135846	135838
2	135847	127238
2	135857	117407
2	135865	124940
2	135919	129502
2	135937	125762
2	135943	120530
2	135951	126600
2	135955	124969
2	135956	118977
2	135966	121178
2	135980	131382
2	135987	133665
2	136001	135263
2	136004	128374
2	136021	127681
2	136036	130284
2	136044	122485
2	136050	121317
2	136063	133816
2	136066	132405
2	136074	134994
2	136101	59958
2	136110	129257
2	136115	134746
2	136118	120354
2	136140	133938
2	136145	125112
2	136157	125072
2	136168	118351
2	136173	127222
2	136175	136168
2	136177	47
2	136182	121957
2	136191	122123
2	136196	118829
2	136198	121471
2	136207	136198
2	136208	125376
2	136212	118824
2	136223	125284
2	136226	123687
2	136230	120051
2	136232	125991
2	136235	136232
2	136242	136140
2	136261	123656
2	136270	123180
2	136273	99210
2	136278	133654
2	136291	128331
2	136308	122506
2	136318	129612
2	136322	136134
2	136325	126276
2	136329	136325
2	136330	123942
2	136342	121835
2	136383	120119
2	136391	118150
2	136409	130700
2	136411	131527
2	136457	132122
2	136470	123310
2	136474	131035
2	136481	126971
2	136498	119049
2	136508	120545
2	136520	136508
2	136532	130278
2	136537	129448
2	136543	130890
2	136547	116725
2	136556	130574
2	136565	129076
2	136578	126025
2	136582	119022
2	136588	122978
2	136601	129940
2	136608	57332
2	136622	129983
2	136631	136438
2	136668	119203
2	136681	133226
2	136698	122061
2	136712	118977
2	136717	135179
2	136723	131907
2	136727	123671
2	136733	136727
2	136759	127047
2	136764	136759
2	136765	131433
2	136770	126589
2	136785	130597
2	136795	129155
2	136813	127396
2	136821	136813
2	136839	126180
2	136862	117107
2	136901	128862
2	136911	136901
2	136912	129507
2	136916	118795
2	136945	128916
2	136950	126753
2	136973	123262
2	136986	131069
2	136996	136986
2	136997	130700
2	137018	132916
2	137029	126753
2	137034	132122
2	137063	127283
2	137070	128114
2	137072	121349
2	137074	137070
2	137081	118351
2	137087	127506
2	137092	127410
2	137096	130006
2	137107	128730
2	137119	132689
2	137136	135620
2	137143	119871
2	137154	124815
2	137158	133688
2	137164	119274
2	137168	133124
2	137178	128384
2	137181	125130
2	137187	124728
2	137191	125824
2	137199	120487
2	137202	137199
2	137205	137202
2	137208	133949
2	137218	134778
2	137221	123938
2	137224	125587
2	137230	123253
2	137245	130535
2	137265	126112
2	137303	117407
2	137317	125359
2	137321	131253
2	137331	122161
2	137338	136145
2	137358	129953
2	137366	125402
2	137372	124830
2	137375	124815
2	137384	121118
2	137417	136744
2	137443	119574
2	137450	120614
2	137458	126795
2	137463	318
2	137468	126146
2	137479	120950
2	137502	126325
2	137598	132831
2	137632	132050
2	137639	121418
2	137644	128722
2	137648	132226
2	137651	137648
2	137654	137651
2	137671	137651
2	137676	136066
2	137683	137676
2	137697	120451
2	137699	131287
2	137706	131331
2	137708	119831
2	137718	129129
2	137724	137718
2	137726	130223
2	137737	131907
2	137745	125585
2	137747	122356
2	137751	318
2	137755	129804
2	137769	126613
2	137786	119846
2	137794	122307
2	137810	129223
2	137814	117003
2	137815	130597
2	137825	134783
2	137840	122696
2	137851	121934
2	137872	127602
2	137898	119656
2	137903	131075
2	137915	137903
2	137916	122217
2	137930	121941
2	137950	121966
2	137954	137178
2	137970	117874
2	137976	133041
2	137990	116900
2	137994	137990
2	137995	120716
2	138027	134888
2	138039	124093
2	138050	138039
2	138082	127580
2	138103	127207
2	138112	121118
2	138120	135179
2	138132	120864
2	138134	123401
2	138158	138134
2	138169	121927
2	138173	127154
2	138181	117538
2	138183	138181
2	138186	138173
2	138187	125751
2	138218	135552
2	138238	135555
2	138241	129219
2	138270	136681
2	138295	120568
2	138303	132210
2	138327	134841
2	138335	133411
2	138341	133909
2	138348	132077
2	138352	134888
2	138356	136698
2	138370	138211
2	138375	131222
2	138386	125620
2	138389	124722
2	138398	136026
2	138402	126576
2	138411	116821
2	138414	131382
2	138418	131433
2	138420	130988
2	138427	137087
2	138437	135096
2	138442	133509
2	138446	128431
2	138453	132789
2	138456	121020
2	138461	124000
2	138466	138461
2	138474	137598
2	138481	125905
2	138492	138481
2	138517	125431
2	138520	130040
2	138528	134347
2	138553	134576
2	138558	127283
2	138571	138558
2	138576	129538
2	138595	136115
2	138611	122506
2	138619	121347
2	138628	138619
2	138630	116995
2	138653	125800
2	138660	135183
2	138686	121489
2	138697	134264
2	138734	129654
2	138772	129141
2	138780	121982
2	138789	138780
2	138790	117058
2	138797	122691
2	138814	129635
2	138819	124310
2	138839	121250
2	138844	133688
2	138849	124325
2	138856	138849
2	138871	123744
2	138880	119912
2	138902	135779
2	138906	117283
2	138914	130061
2	138921	120119
2	138949	117669
2	138971	134323
2	138995	127396
2	139009	128473
2	139016	119545
2	139024	139016
2	139037	136223
2	139045	123793
2	139046	117594
2	139058	119874
2	139062	135272
2	139065	139058
2	139066	121072
2	139072	129964
2	139080	129257
2	139085	125845
2	139095	139085
2	139096	124367
2	139103	139096
2	139107	123343
2	139116	137092
2	139122	126731
2	139129	134294
2	139135	125807
2	139174	123987
2	139177	129357
2	139182	137335
2	139190	130324
2	139208	120354
2	139223	122343
2	139230	138218
2	139240	136140
2	139249	118824
2	139256	117885
2	139261	130942
2	139274	135021
2	139278	122343
2	139285	126982
2	139310	117003
2	139311	130133
2	139328	139311
2	139335	121308
2	139341	131378
2	139346	131462
2	139355	133866
2	139359	117559
2	139378	133093
2	139380	129448
2	139382	138306
2	139387	138814
2	139390	139387
2	139391	127624
2	139437	135096
2	139450	138630
2	139458	117874
2	139473	129073
2	139479	121783
2	139484	117584
2	139489	121317
2	139503	125187
2	139507	132041
2	139512	132598
2	139517	119333
2	139534	128916
2	139562	127934
2	139578	124358
2	139608	131084
2	139615	136759
2	139620	120946
2	139648	117394
2	139653	139274
2	139667	127275
2	139671	130854
2	139686	119145
2	139737	123671
2	139744	139653
2	139748	134753
2	139759	128629
2	139783	120950
2	139797	131279
2	139800	131344
2	139804	131786
2	139809	122022
2	139820	118122
2	139822	133148
2	139838	135665
2	139844	120876
2	139854	129500
2	139862	118517
2	139869	119871
2	139884	125587
2	139890	130531
2	139917	137970
2	139928	117996
2	139931	128167
2	139943	134871
2	139956	127638
2	139961	118863
2	139965	134888
2	139971	120732
2	139998	120732
2	140018	125934
2	140023	124880
2	140068	121941
2	140082	138039
2	140089	124098
2	140091	140089
2	140093	140082
2	140094	135049
2	140102	117449
2	140106	132657
2	140108	140106
2	140110	140102
2	140116	137878
2	140121	125807
2	140129	140121
2	140137	136411
2	140141	137872
2	140151	119022
2	140163	118525
2	140174	140163
2	140183	121100
2	140190	140183
2	140201	120317
2	140203	121250
2	140205	124358
2	140222	122512
2	140366	120969
2	140367	124880
2	140386	129152
2	140417	137708
2	140423	135049
2	140429	140423
2	140433	137136
2	140435	135966
2	140439	119478
2	140443	132368
2	140451	120732
2	140453	130655
2	140458	122821
2	140468	126853
2	140476	122773
2	140478	134888
2	140492	123061
2	140504	134680
2	140508	130890
2	140535	117033
2	140560	138402
2	140562	138819
2	140565	119638
2	140582	123107
2	140603	121807
2	140611	135875
2	140620	126396
2	140627	120950
2	140635	129057
2	140637	120785
2	140642	130668
2	140680	318
2	140691	140680
2	140706	140691
2	140712	140691
2	140717	140712
2	140726	140717
2	140732	140712
2	140741	140726
2	140746	140726
2	140751	140722
2	140759	118122
2	140764	112926
2	140773	119348
2	140778	120454
2	140795	131634
2	140803	140795
2	140804	123180
2	140807	132612
2	140822	122061
2	140826	116955
2	140846	137502
2	140850	131459
2	140866	125480
2	140882	119871
2	140890	131213
2	140909	118172
2	140921	140909
2	140926	129507
2	140931	135030
2	140935	137851
2	140946	138420
2	140956	120769
2	140977	122388
2	140982	118997
2	140988	139943
2	140994	140992
2	140997	140994
2	141000	134359
2	141009	140635
2	141015	125271
2	141018	129873
2	141026	123162
2	141038	137178
2	141044	122455
2	141047	134276
2	141058	139116
2	141061	126434
2	141067	141061
2	141068	138790
2	141084	60022
2	141114	130292
2	141120	118829
2	141130	123363
2	141141	140137
2	141144	138528
2	141147	121382
2	141158	117255
2	141162	141158
2	141163	132152
2	141185	133757
2	141253	141021
2	141258	121047
2	141263	118990
2	141289	117332
2	141305	133256
2	141322	127309
2	141337	137782
2	141344	130750
2	141349	117691
2	141355	120150
2	141359	140504
2	141384	128797
2	141392	116741
2	141396	124759
2	141398	123824
2	141403	116725
2	141408	120444
2	141411	134148
2	141420	127275
2	141432	135183
2	141449	117283
2	141465	136862
2	141484	120568
2	141499	129044
2	141503	137737
2	141544	125250
2	141550	133093
2	141554	124098
2	141556	141554
2	141559	125916
2	141566	140535
2	141597	120474
2	141607	128408
2	141618	134888
2	141622	130324
2	141635	113422
2	141682	126172
2	141705	136330
2	141708	137250
2	141718	137321
2	141725	141718
2	141726	126753
2	141743	135779
2	141760	134994
2	141770	135736
2	141776	129676
2	141782	130768
2	141802	121835
2	141819	128787
2	141834	141829
2	141835	126666
2	141841	125827
2	141872	132226
2	141874	141872
2	141877	136601
2	141886	141874
2	141888	141874
2	141891	122984
2	141895	133623
2	141909	122202
2	141921	133481
2	141928	141921
2	141929	137502
2	141933	138520
2	141938	117055
2	141952	134888
2	141961	140013
2	141967	130531
2	141979	126769
2	141994	120224
2	142003	123824
2	142012	122099
2	142019	117793
2	142023	127602
2	142033	134871
2	142043	120418
2	142059	128408
2	142061	128688
2	142083	129394
2	142089	116815
2	142093	136723
2	142100	131782
2	142105	117514
2	142121	126635
2	142125	128787
2	142128	122356
2	142132	139961
2	142141	142100
2	142158	125066
2	142162	123265
2	142165	132752
2	142168	142162
2	142169	121290
2	142173	126576
2	142175	119992
2	142182	137431
2	142202	133093
2	142207	118575
2	142213	136261
2	142223	124976
2	142232	119076
2	142265	127866
2	142277	133688
2	142282	128797
2	142287	128533
2	142295	118895
2	142305	126276
2	142312	117531
2	142316	125402
2	142321	119749
2	142327	122840
2	142337	122853
2	142357	140102
2	142384	131412
2	142395	131277
2	142398	132213
2	142404	137878
2	142434	138576
2	142444	142439
2	142447	125923
2	142463	130040
2	142472	141607
2	142476	139943
2	142483	141120
2	142489	136532
2	142494	142476
2	142499	141225
2	142506	141130
2	142517	130555
2	142528	137916
2	142536	122316
2	142547	142536
2	142548	117865
2	142552	131398
2	142560	125946
2	142563	119049
2	142566	127996
2	142570	131331
2	142572	132345
2	142583	142188
2	142595	118863
2	142599	135980
2	142606	138579
2	142609	123701
2	142618	142609
2	142622	125376
2	142643	132436
2	142654	121859
2	142665	134255
2	142669	132027
2	142695	136145
2	142712	134994
2	142718	126878
2	142730	117288
2	142736	142730
2	142737	131878
2	142750	142747
2	142751	135865
2	142786	142059
2	142792	134260
2	142795	59974
2	142799	134264
2	142820	125710
2	142833	140137
2	142868	136901
2	142877	142868
2	142878	136631
2	142882	137872
2	142889	139285
2	142917	131167
2	142925	130721
2	142929	130724
2	142932	134504
2	142946	141061
2	142965	137096
2	142970	134332
2	142984	125112
2	143026	120275
2	143038	131069
2	143049	143038
2	143050	117531
2	143056	123272
2	143061	143050
2	143062	125022
2	143072	118938
2	143080	139135
2	143086	122352
2	143090	136223
2	143093	129798
2	143096	140476
2	143108	127638
2	143134	119574
2	143145	117701
2	143157	128862
2	143163	143157
2	143169	133544
2	143178	124815
2	143182	143105
2	143197	120212
2	143229	125376
2	143234	143105
2	143253	137815
2	143266	131742
2	143281	137540
2	143311	137657
2	143318	137683
2	143320	143318
2	143324	143311
2	143325	129316
2	143334	139096
2	143343	122881
2	143350	143343
2	143351	123804
2	143363	129162
2	143374	131543
2	143401	138046
2	143403	143401
2	143406	122705
2	143418	122132
2	143431	121807
2	143436	136765
2	143443	124098
2	143445	121224
2	143455	139267
2	143489	126561
2	143497	131543
2	143519	123424
2	143536	131046
2	143542	130724
2	143545	138183
2	143548	143536
2	143556	119278
2	143562	141378
2	143567	120158
2	143579	131742
2	143582	143579
2	143586	143579
2	143589	129044
2	143601	134911
2	143606	130750
2	143623	47910
2	143737	3313
2	143745	143737
2	143751	97756
2	143755	97756
2	143759	112813
2	143769	143759
2	143777	97796
2	143781	143777
2	143784	143777
2	143791	112514
2	143792	112821
2	143803	112723
2	143806	97596
2	143813	112514
2	143818	113064
2	143836	112485
2	143846	112514
2	143850	143791
2	143857	143781
2	143866	112741
2	143869	112816
2	143890	143769
2	143908	143813
2	143923	113081
2	143926	143777
2	143929	112508
2	143933	143792
2	143939	113030
2	143943	143933
2	143946	143939
2	143957	97802
2	143976	143777
2	143981	97763
2	143986	143759
2	143997	112640
2	144000	143813
2	144004	143926
2	144011	112634
2	144013	143792
2	144015	144013
2	144016	143759
2	144022	143850
2	144030	113118
2	144033	144030
2	144034	143792
2	144037	144034
2	144041	144030
2	144044	112624
2	144050	143777
2	144056	143866
2	144068	143908
2	144070	143866
2	144076	143792
2	144078	144076
2	144079	144041
2	144082	144079
2	144083	144004
2	144096	143869
2	144100	144056
2	144108	143792
2	144117	144082
2	144118	143777
2	144121	144118
2	144124	143759
2	144131	144108
2	144134	112886
2	144137	144068
2	144155	144030
2	144159	144155
2	144165	143777
2	144194	123116
2	144210	37886
2	144211	144210
2	144212	144211
2	144213	144210
2	144214	144211
2	144215	144211
2	144216	144213
2	144217	144216
2	144219	144215
2	144220	144219
2	144221	144213
2	144222	144211
2	144223	144212
2	144224	144222
2	144227	144217
2	144228	144222
2	144229	144213
2	144230	144212
2	144231	144213
2	144232	144230
2	144233	144212
2	144234	144224
2	144235	144221
2	144236	144212
2	144237	144214
2	144238	144216
2	144239	144211
2	144240	144237
2	144241	144222
2	144243	6245
2	144256	144243
2	144290	95621
2	144357	144256
2	144362	144357
2	144385	110161
2	144386	110161
2	144570	144386
2	144805	144570
2	145784	144243
2	145799	144290
2	146617	144290
2	146666	97767
2	146701	112634
2	146714	97767
2	146741	58583
2	146746	133524
2	146751	119317
2	146755	146746
2	146760	120950
2	146780	146741
2	146812	146741
2	146817	139037
2	146827	130890
2	146843	117403
2	146853	131456
2	146861	125049
2	146878	141947
2	146882	126918
2	146898	146893
2	146902	146898
2	146921	141248
2	146923	141248
2	146931	117366
2	147006	146843
2	147009	146843
2	147012	58191
2	147024	138474
2	147029	116941
2	147051	135455
2	147071	130890
2	147075	146812
2	147078	132169
2	147086	128374
2	147126	131456
2	147131	147126
2	147142	146741
2	147149	147126
2	147153	147149
2	147161	136698
2	147171	142113
2	147178	126025
2	147184	126331
2	147188	146853
2	147192	146755
2	147195	128622
2	147250	125684
2	147254	146732
2	147262	146843
2	147273	125684
2	147276	147178
2	147295	123301
2	147311	116438
2	147314	450
2	147321	97844
2	147328	116550
2	147333	147328
2	147334	147328
2	147338	147334
2	147339	147334
2	147343	147328
2	147353	96862
2	147367	8572
2	147435	79721
2	147461	14862
2	147481	147475
2	147487	147475
2	147570	10193
2	147798	103858
2	148037	81022
2	148212	147469
2	148224	147450
2	148231	148224
2	148405	148236
2	148455	147461
2	148470	45101
2	148597	147450
2	148641	148231
2	148648	148236
2	148989	148958
2	149001	148212
2	149237	4937
2	149306	71250
2	149601	148597
2	149607	149601
2	149613	149607
2	149625	148212
2	149631	148970
2	149691	149237
2	149846	148958
2	149861	9139
2	149978	95873
2	150413	150407
2	150434	147487
2	150479	54249
2	150673	71951
2	150724	148989
2	150742	150724
2	151028	148449
2	151041	150413
2	151047	151028
2	151052	147461
2	151059	147450
2	151066	151028
2	151085	151028
2	151192	150434
2	151578	5847
2	151584	150724
2	151601	12199
2	151855	2825
2	152107	147481
2	152113	152101
2	152125	152119
2	152144	74477
2	152194	152144
2	152209	67331
2	152263	152144
2	152845	64916
2	152993	148958
2	153768	152993
2	154572	17609
2	154654	149625
2	154660	154654
2	155040	24848
2	155049	66593
2	155057	152209
2	155457	149237
2	155899	152993
2	155991	13988
2	155997	152144
2	156005	152209
2	156036	155057
2	156116	66593
2	156124	155057
2	156133	155057
2	156191	148455
2	156382	13988
2	156570	152119
2	156771	151192
2	156777	151041
2	157437	156565
2	157443	152131
2	157450	157437
2	157686	151601
2	157695	23186
2	157790	66593
2	157803	30685
2	157956	3165
2	157999	151059
2	158171	109293
2	158209	151601
2	158219	154564
2	158225	154564
2	158233	158219
2	158239	158209
2	158247	158225
2	158255	158233
2	158261	158219
2	158267	158209
2	158395	95873
2	158507	147570
2	158519	158513
2	158530	158513
2	158565	158530
2	158570	158524
2	159051	157977
2	159065	79725
2	159070	158219
2	159593	152119
2	159605	152125
2	159611	159599
2	159617	159605
2	159686	152993
2	159730	148597
2	159959	6255
2	160022	67331
2	160147	160126
2	160309	25877
2	160327	158395
2	160481	149625
2	160487	149625
2	160620	159972
2	160726	157956
2	161134	8572
2	161530	49417
2	161544	161530
2	161550	161536
2	163133	158171
2	163139	163133
2	163159	163133
2	163200	157437
2	163429	152727
2	163461	153768
2	163620	116181
2	163626	163620
2	163645	15462
2	163658	163652
2	163664	163658
2	163857	155899
2	164060	164053
2	164067	163429
2	164497	155899
2	164503	148405
2	164510	157977
2	164607	66593
2	164703	20968
2	165229	165223
2	165668	71951
2	166192	163379
2	166256	56918
2	166421	150267
2	167036	159972
2	167052	167036
2	167070	159972
2	167176	148597
2	167182	159736
2	167295	71951
2	167341	147367
2	167394	3027
2	167402	147469
2	167480	74250
2	167510	157686
2	167730	32943
2	168166	156957
2	168170	152144
2	168220	156005
2	168275	166256
2	168672	164703
2	169011	37925
2	169158	144041
2	169195	149846
2	169779	167176
2	169785	159736
2	169827	169820
2	169971	159593
2	169991	149306
2	170029	151041
2	170249	51683
2	170257	169744
2	170343	149237
2	170349	169785
2	170454	170447
2	170468	170460
2	170480	150434
2	171247	157437
2	171336	66593
2	171355	156133
2	171689	167182
2	171892	148958
2	172856	66593
2	173616	159959
2	173847	116181
2	173883	66442
2	173891	158255
2	174027	150141
2	174084	160147
2	174089	160147
2	174164	163658
2	174335	159051
2	174341	148958
2	174548	58191
2	174565	116661
2	174566	174565
2	174974	166256
2	175267	174335
2	175306	156565
2	175325	163200
2	175349	59036
2	175353	57608
2	175368	57776
2	175373	59343
2	175382	57577
2	175415	91981
2	175423	2583
2	175429	59563
2	175437	60344
2	175444	59316
2	175448	175429
2	175455	175437
2	175466	58809
2	175473	58261
2	175491	60413
2	175506	175415
2	175511	60429
2	175526	57810
2	175531	57849
2	175539	58506
2	175544	175526
2	175549	60204
2	175554	59701
2	175558	175526
2	175580	58422
2	175619	60098
2	175625	60469
2	175629	175569
2	175638	59411
2	175644	58646
2	175646	175644
2	175660	59274
2	175666	175549
2	175672	58312
2	175680	175373
2	175692	175526
2	175703	57721
2	175716	59169
2	175725	57726
2	175729	58614
2	175749	175444
2	175754	175710
2	175761	60053
2	175774	175565
2	175801	60350
2	175819	175455
2	175823	57519
2	175827	59274
2	175832	175685
2	175836	58435
2	175844	175629
2	175853	175473
2	175860	59680
2	175866	57332
2	175871	58662
2	175876	58342
2	175880	175549
2	175891	175749
2	175898	59112
2	175913	59062
2	175919	57519
2	175934	175725
2	175937	58837
2	175943	175415
2	175958	175473
2	175966	175950
2	175971	59551
2	175974	58328
2	175982	175823
2	176008	57479
2	176024	59236
2	176037	59948
2	176042	59937
2	176059	175761
2	176071	175774
2	176088	59047
2	176201	151091
2	176207	176201
2	176213	170480
2	176622	160327
2	176970	157450
2	177077	157022
2	177184	16591
2	177596	66593
2	177829	158267
2	177990	106554
2	177997	38898
2	178022	177184
2	178626	167394
2	178863	168166
2	178908	178888
2	179025	169820
2	179031	174348
2	179048	153768
2	179130	148958
2	179269	164053
2	179275	164060
2	179286	179269
2	179292	179275
2	179482	149306
2	179488	173883
2	179496	173891
2	179503	173883
2	179511	173883
2	179516	179511
2	179521	173891
2	179972	179048
2	180065	152993
2	180349	109293
2	180405	151601
2	180413	95632
2	180419	180405
2	180521	67612
2	180529	180521
2	180537	95662
2	180735	157686
2	180880	149001
2	180912	147487
2	181290	167176
2	181488	112608
2	181495	134307
2	181569	44
2	181578	85
2	181579	99
2	181581	107
2	181591	149
2	181601	199
2	181603	208
2	181607	242
2	181612	264
2	181615	281
2	181617	285
2	181618	289
2	181619	294
2	181620	299
2	181624	318
2	181625	320
2	181627	325
2	181633	337
2	181638	359
2	181639	371
2	181640	379
2	181641	380
2	181654	400
2	181659	416
2	181661	421
2	181662	181596
2	181664	436
2	181665	441
2	181668	450
2	181733	727
2	181738	765
2	181743	775
2	181746	80246
2	181757	181744
2	181761	808
2	181763	833
2	181764	844
2	181765	854
2	181766	860
2	181767	867
2	181769	880
2	181774	920
2	181777	942
2	181786	996
2	182589	1996
2	182610	2103
2	182611	2110
2	182634	2300
2	182635	2308
2	182637	2328
2	182642	2365
2	182644	2379
2	182645	2386
2	182648	2405
2	182671	2447
2	182681	2516
2	182693	2594
2	182762	2984
2	182764	3004
2	182769	3047
2	182770	3056
2	182771	3065
2	182773	3079
2	182786	3165
2	182787	3174
2	182788	3181
2	182820	3313
2	182843	3371
2	182878	44540
2	182932	3543
2	182956	3591
2	182970	3681
2	182975	3726
2	183056	40529
2	183098	4174
2	183153	4384
2	183173	4505
2	183174	4512
2	183175	4523
2	183176	4532
2	183177	4543
2	183178	4555
2	183179	4564
2	183180	4570
2	183183	4591
2	183184	4599
2	183247	4852
2	183269	4945
2	183270	4953
2	183271	4958
2	183272	4965
2	183274	4981
2	183275	4988
2	183291	5115
2	183308	9302
2	183316	5264
2	183318	5280
2	183397	5679
2	183401	5709
2	183402	5717
2	183403	5725
2	183406	5750
2	183407	5757
2	183408	5764
2	183409	5771
2	183422	5856
2	183423	5862
2	183435	5926
2	183456	5992
2	183466	6008
2	183470	6025
2	183481	6077
2	183519	6333
2	183520	6338
2	183521	6343
2	183523	25810
2	183524	183519
2	183525	6368
2	183526	6378
2	183528	6388
2	183529	6396
2	183530	6401
2	183531	6406
2	183534	6429
2	183535	6436
2	183538	6456
2	183567	6656
2	183568	6663
2	183570	6676
2	183608	6898
2	183610	6913
2	183611	6920
2	183612	6927
2	183613	6934
2	183614	6941
2	183615	6946
2	183616	6951
2	183619	6972
2	183622	6994
2	183625	7012
2	183632	7069
2	183635	7094
2	183638	7112
2	183640	7148
2	183654	7180
2	183707	7410
2	183709	7425
2	183715	7477
2	183719	7508
2	183730	7587
2	183733	7608
2	183737	7639
2	183821	7912
2	183822	7918
2	183850	8088
2	183874	8261
2	183878	8293
2	183997	8939
2	184022	9087
2	184023	9092
2	184104	9528
2	184105	9536
2	184106	9543
2	184108	9559
2	184127	9640
2	184152	9771
2	184153	9777
2	184154	9784
2	184155	9789
2	184157	9805
2	184167	9867
2	184170	9887
2	184186	10002
2	184188	10019
2	184190	10033
2	184191	10039
2	184209	10157
2	184210	10167
2	184215	10201
2	184216	10208
2	184218	10224
2	184219	10231
2	184220	10238
2	184223	10249
2	184224	10257
2	184317	10742
2	184356	10916
2	184433	11315
2	184448	11426
2	184450	11439
2	184454	11470
2	184480	11604
2	184482	11620
2	184487	11649
2	184490	11669
2	184522	11850
2	184524	11862
2	184525	11869
2	184567	11989
2	184605	183401
2	184607	12281
2	184627	12382
2	184629	12396
2	184630	12404
2	184631	12411
2	184632	12417
2	184656	12591
2	184673	12672
2	184674	12679
2	184713	12853
2	184714	12858
2	184715	12864
2	184718	12882
2	184719	12889
2	184720	12896
2	184721	12901
2	184722	12908
2	184723	12914
2	184834	13477
2	184913	13834
2	184914	13843
2	184916	13859
2	184992	14371
2	185087	14853
2	185088	14862
2	185089	14871
2	185090	14876
2	185091	14883
2	185096	14908
2	185097	14914
2	185099	14930
2	185101	14948
2	185102	14956
2	185106	14985
2	185115	15044
2	185116	15050
2	185142	15168
2	185196	15413
2	185203	15451
2	185206	15471
2	185208	68410
2	185228	15561
2	185251	15690
2	185253	15707
2	185254	15716
2	185258	15747
2	185260	15760
2	185261	15770
2	185268	15802
2	185307	15997
2	185311	16031
2	185315	16061
2	185319	16086
2	185323	16120
2	185371	16354
2	185380	16408
2	185381	16415
2	185386	16447
2	185408	16567
2	185419	16635
2	185435	16720
2	185438	16744
2	185439	16751
2	185448	16817
2	185460	16857
2	185467	16904
2	185497	17092
2	185498	17101
2	185499	17108
2	185502	17128
2	185503	17136
2	185553	17420
2	185554	17429
2	185562	17439
2	185563	17449
2	185569	17487
2	185571	17502
2	185572	17507
2	185573	17514
2	185597	17672
2	185622	17806
2	185624	17821
2	185627	17839
2	185633	17880
2	185635	17893
2	185636	17902
2	185637	17909
2	185672	18089
2	185707	18255
2	185747	18460
2	185748	18470
2	185749	18478
2	185750	18487
2	185751	18497
2	185752	18506
2	185774	18600
2	185779	18645
2	185807	18827
2	185827	18949
2	185828	18956
2	185829	18964
2	185879	19218
2	185880	19224
2	185881	19233
2	185885	19265
2	185908	19391
2	185914	19414
2	185917	19438
2	186009	19899
2	186012	19920
2	186014	19939
2	186015	19946
2	186017	19958
2	186019	19971
2	186047	20173
2	186051	20201
2	186052	20207
2	186053	20214
2	186055	20230
2	186056	20236
2	186058	20249
2	186060	20262
2	186139	20788
2	186140	20798
2	186174	20968
2	186177	20989
2	186178	20995
2	186179	21003
2	186181	21016
2	186182	21023
2	186185	21044
2	186187	21060
2	186216	21221
2	186217	21226
2	186218	21231
2	186219	21237
2	186221	21251
2	186222	21256
2	186224	21269
2	186225	21276
2	186226	21281
2	186227	21289
2	186250	21408
2	186251	21416
2	186253	21430
2	186273	21547
2	186274	21554
2	186289	21617
2	186290	21624
2	186291	21631
2	186293	21650
2	186296	21672
2	186321	21793
2	186325	21819
2	186326	21826
2	186327	21832
2	186328	21838
2	186338	21903
2	186339	21910
2	186352	21977
2	186353	21984
2	186356	22008
2	186409	43008
2	186420	22340
2	186421	22346
2	186551	22937
2	186694	23808
2	186696	23821
2	186698	23835
2	186705	23875
2	186706	23882
2	186725	23997
2	186726	24007
2	186728	24023
2	186730	24037
2	186731	24044
2	186732	24053
2	186733	24060
2	186734	24069
2	186737	24093
2	186738	24100
2	186776	24237
2	186777	24244
2	186778	24251
2	186779	24259
2	186780	24268
2	186781	24275
2	186782	24283
2	186783	24292
2	186787	24321
2	186788	24329
2	186789	24339
2	186792	24359
2	186794	24373
2	186877	3443
2	186930	24862
2	186933	24884
2	186935	24896
2	186945	24947
2	186947	24962
2	186979	49105
2	187020	25336
2	187023	25364
2	187024	25372
2	187026	25387
2	187027	25395
2	187091	25739
2	187092	25747
2	187094	25768
2	187095	25775
2	187098	25796
2	187100	25810
2	187101	25816
2	187102	25822
2	187120	41262
2	187291	26456
2	187354	26630
2	187355	26636
2	187409	26858
2	187483	41751
2	187495	27043
2	187498	27063
2	187508	27079
2	187509	27088
2	187523	27112
2	187528	27152
2	187529	27161
2	187530	27162
2	187534	27190
2	187536	27202
2	187557	27325
2	187559	27337
2	187560	27344
2	187577	27436
2	187578	27444
2	187579	27454
2	187581	27471
2	187593	27527
2	187596	27551
2	187601	27586
2	187602	27592
2	187606	27618
2	187607	27624
2	187609	27638
2	187610	27645
2	187612	27658
2	187616	27684
2	187617	27693
2	187618	27702
2	187619	27710
2	187635	27796
2	187637	27811
2	187639	27829
2	187640	27836
2	187641	27844
2	187644	27867
2	187645	27874
2	187647	27888
2	187648	27895
2	187656	27936
2	187663	45565
2	187669	29304
2	187700	28123
2	187707	28165
2	187710	28191
2	187711	28198
2	187712	187709
2	187714	28220
2	187715	28229
2	187730	28334
2	187755	28414
2	187756	28421
2	187757	28427
2	187759	28440
2	187760	28445
2	187764	28467
2	187765	28475
2	187767	28495
2	187773	28540
2	187777	28566
2	187778	28571
2	187779	28577
2	187780	28583
2	187808	28636
2	187811	28658
2	187848	28836
2	187849	28845
2	187850	28852
2	187884	29008
2	187887	29032
2	187889	29047
2	187891	29063
2	187892	29071
2	187893	29078
2	187895	29091
2	187897	29106
2	187922	29200
2	187930	29257
2	187950	29371
2	187951	185499
2	187952	29388
2	187953	29394
2	187970	29488
2	187971	29494
2	187972	29501
2	187973	29507
2	187975	29520
2	187976	29528
2	187977	29533
2	187998	29670
2	188033	29784
2	188034	29792
2	188159	30435
2	188160	30444
2	188161	30453
2	188162	30460
2	188163	30467
2	188180	30533
2	188181	30541
2	188183	30554
2	188184	30562
2	188227	30783
2	188228	30789
2	188386	31322
2	188407	81177
2	188414	31420
2	188433	31508
2	188495	60747
2	188508	31559
2	188510	31573
2	188536	31710
2	188590	31858
2	188610	31943
2	188613	188608
2	188624	3508
2	188630	31975
2	188631	31990
2	188651	32113
2	188702	32388
2	188703	32394
2	188708	32427
2	188710	32443
2	188711	32449
2	188721	32510
2	188722	32520
2	188744	187658
2	188774	32789
2	188775	32798
2	188776	32807
2	188777	32816
2	188778	32825
2	188779	32834
2	188780	32841
2	188784	32875
2	188785	32884
2	188855	33233
2	188856	33243
2	188922	33582
2	188932	33666
2	188959	33830
2	188960	33837
2	188961	33844
2	188962	33852
2	188970	33899
2	188972	33916
2	188974	33931
2	188979	33962
2	188999	34066
2	189009	34123
2	189010	34131
2	189011	34137
2	189014	34158
2	189041	34321
2	189042	34329
2	189043	34335
2	189047	34366
2	189058	34438
2	189059	34445
2	189060	34452
2	189072	34513
2	189075	34539
2	189076	34549
2	189161	35037
2	189162	35043
2	189168	35088
2	189170	35103
2	189214	35299
2	189238	35430
2	189239	35437
2	189242	35458
2	189347	35991
2	189348	35997
2	189352	36025
2	189353	36031
2	189354	36038
2	189357	36066
2	189358	36072
2	189359	36080
2	189360	36090
2	189361	36097
2	189363	36113
2	189364	36120
2	189393	36262
2	189442	36544
2	189451	36610
2	189452	36617
2	189457	36648
2	189459	36663
2	189460	36674
2	189479	36787
2	189480	36793
2	189483	36815
2	189509	36952
2	189510	36964
2	189511	36973
2	189513	36988
2	189514	36997
2	189542	37102
2	189543	37105
2	189545	37122
2	189552	37168
2	189553	37175
2	189554	37182
2	189556	37196
2	189564	37258
2	189565	37265
2	189583	37374
2	189585	37389
2	189589	37417
2	189612	37459
2	189613	37468
2	189614	37476
2	189631	37563
2	189652	37651
2	189660	37689
2	189668	37735
2	189669	37742
2	189672	37769
2	189674	37785
2	189675	37792
2	189697	37925
2	189698	37931
2	189699	37939
2	189703	37987
2	189704	37973
2	189705	37979
2	189706	37987
2	189722	38066
2	189724	38081
2	189725	38087
2	189726	38094
2	189727	38101
2	189728	38108
2	189729	38116
2	189730	38123
2	189731	38130
2	189732	38137
2	189733	38148
2	189744	38204
2	189745	38212
2	189746	38219
2	189747	38226
2	189748	38233
2	189750	38247
2	189751	38254
2	189752	38263
2	189753	38270
2	189765	38346
2	189808	38547
2	189810	38562
2	189811	38577
2	189813	38577
2	189814	38580
2	189815	38583
2	189816	182956
2	189817	38596
2	189905	39030
2	189928	39128
2	189929	39135
2	189992	39392
2	189995	39414
2	189996	39420
2	189997	39427
2	189998	39434
2	189999	39443
2	190000	39449
2	190106	39840
2	190108	39854
2	190144	39995
2	190182	40212
2	190283	40627
2	190319	40660
2	190320	40675
2	190424	40906
2	190434	40966
2	190438	40992
2	190440	41007
2	190447	41058
2	190450	41088
2	190454	41118
2	190456	41136
2	190461	41178
2	190462	41184
2	190465	41215
2	190466	41223
2	190470	41253
2	190473	41274
2	190475	41289
2	190477	41304
2	190482	41336
2	190486	41366
2	190487	41372
2	190490	41392
2	190491	41397
2	190492	41403
2	190493	41411
2	190560	41515
2	190571	41616
2	190582	41721
2	190589	41700
2	190590	41710
2	190591	41719
2	190607	41817
2	190609	41828
2	190610	41836
2	190621	41868
2	190631	41900
2	190642	41930
2	190648	41976
2	190649	41982
2	190655	42022
2	190656	42031
2	190657	42038
2	190658	42044
2	190660	42064
2	190667	42070
2	190670	42095
2	190673	42122
2	190674	42123
2	190676	42132
2	190686	42161
2	190695	190676
2	190696	42184
2	190747	42289
2	190839	42450
2	190848	42523
2	190887	42574
2	190917	42642
2	190940	42691
2	190943	42711
2	190945	42722
2	190946	42728
2	190947	42734
2	190948	42741
2	190951	42761
2	190953	42773
2	190972	42808
2	190976	42842
2	190977	42847
2	190978	42854
2	190981	42871
2	190985	42902
2	190998	43026
2	191045	43137
2	191065	43165
2	191068	43187
2	191069	43195
2	191074	43257
2	191076	43266
2	191078	43284
2	191082	43312
2	191085	43333
2	191134	43498
2	191135	43505
2	191137	45882
2	191155	43548
2	191169	43589
2	191171	43601
2	191172	43606
2	191226	190675
2	191272	43727
2	191281	43734
2	191286	43767
2	191288	43784
2	191291	43828
2	191293	43844
2	191294	43851
2	191297	43873
2	191346	43971
2	191347	43980
2	191349	43996
2	191352	44018
2	191355	44038
2	191366	44066
2	191370	44066
2	191378	44116
2	191381	44131
2	191448	44317
2	191562	44463
2	191589	44508
2	191617	44524
2	191650	47966
2	191677	190589
2	191692	191650
2	191746	191737
2	191754	191677
2	191804	191780
2	191821	191692
2	191838	191762
2	191846	44554
2	191847	44561
2	191848	44568
2	191898	44591
2	191917	44712
2	191957	44636
2	191988	44866
2	191990	44880
2	191995	44919
2	191996	44927
2	192000	44958
2	192003	44982
2	192006	45005
2	192007	45011
2	192010	45030
2	192013	45053
2	192014	45061
2	192019	45101
2	192023	45129
2	192025	45148
2	192026	45159
2	192053	45225
2	192055	192053
2	192056	45267
2	192058	45283
2	192069	45306
2	192073	45351
2	192077	45382
2	192103	41784
2	192122	45504
2	192123	45510
2	192125	45524
2	192129	45550
2	192130	45557
2	192138	45617
2	192140	45633
2	192141	45641
2	192159	45760
2	192215	45860
2	192218	45882
2	192227	45896
2	192235	45908
2	192243	45964
2	192245	45978
2	192247	45992
2	192249	46011
2	192254	45524
2	192272	46085
2	192275	46100
2	192324	46147
2	192335	46164
2	192339	46190
2	192344	46228
2	192347	46248
2	192348	46256
2	192368	46289
2	192370	46306
2	192406	46441
2	192413	46534
2	192433	45343
2	192446	46675
2	192448	46690
2	192451	46715
2	192452	46722
2	192454	46737
2	192457	46757
2	192459	46770
2	192471	46881
2	192473	42359
2	192489	46903
2	192541	47005
2	192576	47093
2	192584	47127
2	192587	47150
2	192588	47156
2	192593	47191
2	192595	47206
2	192596	47212
2	192598	47227
2	192599	47238
2	192605	47286
2	192607	47300
2	192614	47353
2	192615	47361
2	192616	47369
2	192623	47425
2	192655	47580
2	192657	47596
2	192659	47610
2	192660	47620
2	192662	47635
2	192669	47686
2	192676	47736
2	192677	47743
2	192707	47911
2	192751	191796
2	192760	48075
2	192796	192760
2	192851	192760
2	192857	7375
2	192914	47966
2	192934	190553
2	192947	192857
2	192949	190747
2	192967	44644
2	193045	192471
2	193062	192967
2	193073	48191
2	193075	48206
2	193076	48212
2	193085	48229
2	193090	48280
2	193092	48299
2	193093	48307
2	193112	48331
2	193113	48349
2	193115	48371
2	193124	48379
2	193163	193086
2	193164	48429
2	193167	48452
2	193181	48521
2	193182	48545
2	193183	48545
2	193196	48600
2	193197	48607
2	193199	48652
2	193245	48797
2	193257	48836
2	193280	48881
2	193310	48917
2	193327	49002
2	193338	49030
2	193339	49036
2	193340	49045
2	193344	49072
2	193349	49105
2	193351	49148
2	193352	49155
2	193361	49237
2	193368	49288
2	193370	49302
2	193372	49314
2	193373	49320
2	193374	49328
2	193375	49335
2	193376	49341
2	193378	49357
2	193386	49378
2	193388	49393
2	193396	49400
2	193398	49417
2	193399	49428
2	193402	49449
2	193412	49476
2	193414	49491
2	193415	49498
2	193417	49513
2	193433	49591
2	193495	49914
2	193506	49985
2	193507	49992
2	193514	50032
2	193608	50467
2	193627	50587
2	193664	50794
2	193665	50801
2	193666	50812
2	193667	50821
2	193668	50829
2	193669	50838
2	193733	51130
2	193735	51148
2	193748	51215
2	193749	51224
2	193750	51231
2	193754	51250
2	193757	51271
2	193758	51278
2	193759	51285
2	193760	51292
2	193761	51298
2	193762	51305
2	193764	51319
2	193800	51510
2	193811	51576
2	193812	51582
2	193814	51596
2	193817	51616
2	193838	51749
2	193854	51849
2	193855	51855
2	193971	52353
2	193980	52402
2	193983	52425
2	193984	52433
2	193986	193984
2	193987	52456
2	193990	52475
2	194034	52732
2	194081	52986
2	194085	53007
2	194197	53669
2	194200	53692
2	194201	53698
2	194202	53707
2	194249	53984
2	194306	54263
2	194309	54285
2	194310	54293
2	194333	54431
2	194335	54446
2	194354	54510
2	194383	54643
2	194406	54739
2	194420	54815
2	194473	184127
2	194537	55506
2	194538	55513
2	194560	55639
2	194561	55646
2	194624	55979
2	194625	55987
2	194629	56016
2	194630	56023
2	194631	56031
2	194632	56037
2	194678	56267
2	194830	56911
2	194852	57047
2	194853	57054
2	194854	57061
2	194855	57070
2	194877	57177
2	194878	57184
2	194879	57191
2	194881	57209
2	194887	57241
2	194888	57251
2	194906	57344
2	194910	57367
2	194911	57372
2	194915	57396
2	194916	57400
2	194919	57419
2	194924	57455
2	194926	57470
2	194929	57502
2	194930	57509
2	194931	57512
2	194932	57519
2	194933	57526
2	194934	57532
2	194935	57537
2	194936	57543
2	194941	57573
2	194942	57577
2	194944	57592
2	194946	57608
2	194948	57620
2	194949	57627
2	194952	57643
2	194955	57656
2	194957	57663
2	194958	57669
2	194960	57682
2	194963	57703
2	194964	57710
2	194970	57741
2	194972	57752
2	194974	57763
2	194979	57787
2	194983	57810
2	194984	57815
2	194986	57822
2	194987	57826
2	194988	57832
2	194990	57842
2	194991	57849
2	194998	57903
2	195009	57959
2	195014	57989
2	195015	57996
2	195018	58020
2	195020	58031
2	195022	58041
2	195023	58047
2	195025	58059
2	195029	58090
2	195030	58092
2	195032	58102
2	195035	58119
2	195036	58124
2	195038	58132
2	195039	58138
2	195041	58151
2	195042	58154
2	195044	58167
2	195051	58205
2	195052	58208
2	195053	58214
2	195054	58222
2	195055	58229
2	195056	58237
2	195057	194945
2	195060	58266
2	195065	58291
2	195067	58301
2	195070	194977
2	195071	58324
2	195072	58328
2	195073	58334
2	195074	58339
2	195075	58342
2	195076	58347
2	195077	58350
2	195078	58358
2	195080	58366
2	195082	58376
2	195083	58384
2	195084	58391
2	195085	58398
2	195087	58412
2	195089	58422
2	195090	58428
2	195091	58435
2	195094	58451
2	195096	58458
2	195097	58464
2	195100	58483
2	195103	58498
2	195105	58513
2	195110	58542
2	195111	58548
2	195112	58556
2	195113	58562
2	195118	58592
2	195119	58598
2	195121	58608
2	195125	58630
2	195126	58637
2	195128	58646
2	195131	58662
2	195134	58679
2	195136	58689
2	195138	58703
2	195139	58714
2	195141	58727
2	195143	58739
2	195145	58752
2	195151	58766
2	195154	58783
2	195156	58798
2	195160	58819
2	195161	58825
2	195165	58844
2	195167	58849
2	195169	58868
2	195170	58874
2	195172	58894
2	195173	58924
2	195174	58929
2	195176	58940
2	195179	58954
2	195180	58959
2	195185	58985
2	195188	59005
2	195189	59010
2	195190	59017
2	195195	59047
2	195198	59062
2	195200	59072
2	195204	59094
2	195210	59126
2	195211	59133
2	195214	59149
2	195216	59159
2	195218	59169
2	195223	59199
2	195224	59204
2	195226	59218
2	195228	59230
2	195229	59233
2	195231	59241
2	195232	59246
2	195233	59255
2	195238	59291
2	195239	59300
2	195241	195198
2	195242	59316
2	195246	59334
2	195249	59348
2	195254	59379
2	195255	59385
2	195257	59397
2	195263	59435
2	195268	59465
2	195271	59528
2	195272	59534
2	195275	59551
2	195276	59553
2	195278	59563
2	195279	59571
2	195280	59580
2	195282	59590
2	195283	59595
2	195284	59602
2	195287	59621
2	195288	59628
2	195289	59633
2	195293	59663
2	195295	59674
2	195296	59680
2	195297	59687
2	195315	59754
2	195318	59769
2	195319	59773
2	195320	59781
2	195324	59799
2	195325	59804
2	195329	59822
2	195336	59861
2	195337	59868
2	195340	59884
2	195341	59890
2	195347	59925
2	195348	59931
2	195349	59937
2	195350	59944
2	195351	59948
2	195353	59958
2	195355	59970
2	195357	59980
2	195362	60005
2	195363	60010
2	195367	60016
2	195372	60058
2	195374	60071
2	195377	60093
2	195378	60098
2	195379	60105
2	195381	60117
2	195382	60123
2	195384	60131
2	195385	60147
2	195388	60166
2	195392	60189
2	195394	60204
2	195395	60210
2	195397	60220
2	195399	60226
2	195400	60231
2	195403	60247
2	195405	60269
2	195406	60277
2	195408	195388
2	195412	60310
2	195417	60335
2	195420	60357
2	195431	60382
2	195433	60395
2	195436	60413
2	195439	60429
2	195440	60430
2	195441	60435
2	195445	60459
2	195449	60479
2	195452	60507
2	195462	60570
2	195464	60580
2	195465	60586
2	195517	60931
2	195518	60938
2	195519	60947
2	195520	60956
2	195524	60985
2	195555	61190
2	195584	61344
2	195645	60711
2	195653	188630
2	195660	195645
2	195696	188631
2	195805	61937
2	195807	61952
2	195808	61960
2	195809	61967
2	195810	61974
2	195814	62000
2	195815	62007
2	195818	62027
2	195819	62033
2	195845	62156
2	195846	62166
2	195849	62192
2	195900	62440
2	195902	62456
2	195903	62462
2	195905	62477
2	195917	62566
2	195928	62623
2	195929	62631
2	195930	62641
2	195931	62648
2	195932	62654
2	195934	62672
2	195939	62705
2	195993	62867
2	195995	62884
2	195998	62905
2	196035	63088
2	196041	63138
2	196042	63145
2	196111	63543
2	196115	63573
2	196117	63587
2	196119	63600
2	196121	63615
2	196122	63620
2	196187	63945
2	196188	63952
2	196189	189457
2	196190	63967
2	196268	64298
2	196270	64312
2	196321	64602
2	196323	64616
2	196324	64622
2	196325	64628
2	196328	64652
2	196385	64916
2	196386	64923
2	196387	64930
2	196390	64958
2	196391	64968
2	196392	64974
2	196406	65074
2	196458	65375
2	196476	65469
2	196479	193669
2	196481	65505
2	196488	65554
2	196490	65575
2	196501	65635
2	196503	65650
2	196504	65660
2	196505	65666
2	196507	65682
2	196513	65721
2	196514	65727
2	196515	65733
2	196533	65835
2	196538	65863
2	196539	65869
2	196540	65879
2	196541	65888
2	196542	65896
2	196544	65909
2	196546	65925
2	196569	66085
2	196570	66059
2	196571	66068
2	196572	66078
2	196573	66085
2	196574	66094
2	196575	66104
2	196577	66117
2	196578	66126
2	196579	66135
2	196687	66616
2	196688	66623
2	196691	66647
2	196692	66655
2	196702	66713
2	196750	66976
2	196751	66984
2	196752	66991
2	196753	66998
2	196755	67010
2	196756	67016
2	196758	67030
2	196802	67259
2	196817	67331
2	196820	67350
2	196821	67357
2	196823	67373
2	196825	67387
2	196826	67394
2	196828	67409
2	196829	67416
2	196830	67423
2	196837	67465
2	196838	67468
2	196937	67954
2	196961	68122
2	196962	68131
2	196964	68145
2	196979	68236
2	196981	68254
2	196994	68348
2	196995	68354
2	196996	68362
2	196998	68377
2	197000	68392
2	197002	68404
2	197003	68410
2	197032	68546
2	197047	68651
2	197114	69079
2	197115	69087
2	197116	69094
2	197117	69101
2	197246	69776
2	197254	196692
2	197260	69831
2	197262	69848
2	197263	69855
2	197316	70126
2	197317	70134
2	197356	70330
2	197448	70759
2	197581	71472
2	197584	71494
2	197587	71517
2	197616	71673
2	197617	71682
2	197939	73272
2	198101	74060
2	198139	74250
2	198185	74473
2	198307	75065
2	198311	75085
2	198313	75097
2	198338	75251
2	198355	75360
2	198371	75447
2	198402	75643
2	198403	75651
2	198405	75668
2	198408	75683
2	198425	75802
2	198454	75975
2	198462	76030
2	198468	76066
2	198475	76113
2	198477	76128
2	198482	76155
2	198494	76228
2	198545	76506
2	198620	76897
2	198693	77276
2	198699	77309
2	198865	78116
2	198879	78190
2	198880	78197
2	198995	78768
2	199012	78857
2	199013	78863
2	199159	79590
2	199161	79604
2	199162	79611
2	199163	79618
2	199164	79625
2	199167	79644
2	199181	79721
2	199253	80009
2	199254	80017
2	199257	82151
2	199396	80256
2	199399	80256
2	199411	80256
2	199424	80246
2	199425	80256
2	199448	199399
2	199457	80309
2	199712	80949
2	199721	80964
2	199763	80936
2	199928	80309
2	199956	718
2	200033	35028
2	200198	80453
2	200219	83231
2	200251	80493
2	200426	82159
2	200530	40856
2	200655	82636
2	200658	82651
2	200677	82667
2	200698	80453
2	200772	200762
2	200809	200658
2	200824	200809
2	200833	199226
2	200850	200833
2	200903	200824
2	200922	200850
2	200923	200809
2	201066	83231
2	201153	83525
2	201154	83533
2	201155	83542
2	201177	83952
2	201186	44239
2	201246	83771
2	201254	83771
2	201305	111008
2	201343	83872
2	201369	187120
2	201440	95124
2	201470	200923
2	201478	201470
2	201486	200809
2	201495	84083
2	201504	201495
2	201507	201478
2	201677	84828
2	201703	84967
2	201854	85724
2	201874	85817
2	201899	85965
2	202087	86939
2	202113	87080
2	202128	87164
2	202129	87172
2	202147	87247
2	202172	87373
2	202223	87619
2	202453	88774
2	202496	89011
2	202499	89032
2	202518	89142
2	202523	89162
2	202524	89171
2	202917	91081
2	203000	91474
2	203065	91815
2	203190	92413
2	203191	92419
2	203323	93036
2	203325	93049
2	203332	93082
2	203333	93089
2	203434	93664
2	203441	93706
2	203446	93740
2	203530	94143
2	203531	94149
2	203603	94531
2	203673	95295
2	203681	199396
2	203742	94846
2	203788	93714
2	203797	95172
2	203799	95182
2	203823	95279
2	203844	70107
2	203851	95393
2	203852	95400
2	203858	95432
2	203868	95483
2	203869	95489
2	203895	95621
2	203905	95671
2	203939	95859
2	203952	95933
2	203976	96059
2	203977	96067
2	204020	96266
2	204021	96273
2	204022	96279
2	204024	96293
2	204025	96299
2	204036	96359
2	204053	96445
2	204073	96539
2	204076	96553
2	204235	96862
2	204255	96918
2	204264	96962
2	204265	96968
2	204268	96985
2	204272	97014
2	204273	97021
2	204274	97027
2	204275	97034
2	204276	97040
2	204286	97080
2	204287	97087
2	204291	97116
2	204298	97168
2	204300	97182
2	204594	97715
2	204595	97721
2	204596	97725
2	204597	97727
2	204598	97730
2	204599	97732
2	204600	97734
2	204604	97750
2	204605	97753
2	204606	97755
2	204607	97756
2	204608	97760
2	204609	97763
2	204610	97767
2	204611	97774
2	204615	97785
2	204616	97789
2	204619	97796
2	204645	97839
2	204646	97844
2	204647	97848
2	204648	97854
2	204649	97857
2	204650	97860
2	204652	97867
2	204653	97871
2	204655	97880
2	204656	97882
2	204659	97892
2	204660	97895
2	204661	97897
2	204663	97903
2	204664	97907
2	204665	97912
2	204669	97925
2	204675	97940
2	204676	97944
2	204677	97948
2	204678	97952
2	204679	97956
2	204680	97960
2	204681	97964
2	204682	97968
2	204683	97972
2	204684	97977
2	204685	204681
2	204687	97990
2	204688	97994
2	204690	98004
2	204691	98008
2	204692	98012
2	204693	98016
2	204694	98020
2	204716	98072
2	204732	98110
2	204775	98156
2	204810	98230
2	204813	98255
2	204816	98280
2	204818	98297
2	204819	98304
2	204822	98325
2	204824	98339
2	204827	98360
2	204828	98367
2	204829	98375
2	204831	98389
2	204832	98396
2	204833	98403
2	204834	98409
2	204836	98422
2	204837	98428
2	204838	98435
2	204841	98461
2	204844	98489
2	204846	98505
2	204847	98514
2	204850	98538
2	204852	98554
2	204854	98567
2	204856	98580
2	204861	98616
2	204864	98644
2	204867	98667
2	204868	98689
2	204869	98697
2	204871	98713
2	204872	98720
2	204873	98726
2	204874	98732
2	204877	98752
2	204879	98764
2	204896	98899
2	204897	98905
2	204898	98911
2	204900	98924
2	204901	98930
2	204902	98936
2	204903	98945
2	204904	98953
2	204905	98961
2	204907	98978
2	204908	98986
2	204910	99002
2	204922	99101
2	204924	99116
2	204925	99124
2	204926	99132
2	204927	99142
2	204928	99149
2	204930	99162
2	205024	99498
2	205134	99643
2	205180	99737
2	205181	99742
2	205187	100397
2	205188	99804
2	205197	99890
2	205201	99922
2	205208	99961
2	205209	99964
2	205212	99984
2	205214	99990
2	205215	99994
2	205216	99998
2	205219	100014
2	205221	100025
2	205223	100034
2	205226	100053
2	205228	100918
2	205276	100134
2	205278	100147
2	205280	100161
2	205281	100167
2	205282	100174
2	205284	100190
2	205286	100202
2	205287	100207
2	205288	100213
2	205289	205209
2	205291	100225
2	205303	100311
2	205304	100318
2	205305	100322
2	205307	100334
2	205308	100339
2	205309	100344
2	205310	100349
2	205311	100355
2	205314	100367
2	205317	100376
2	205319	100384
2	205321	100397
2	205322	100401
2	205332	100459
2	205338	100493
2	205339	100498
2	205342	100521
2	205345	100541
2	205346	100549
2	205349	100576
2	205350	100582
2	205355	100617
2	205356	100620
2	205363	100667
2	205364	100676
2	205365	100681
2	205369	100705
2	205371	100721
2	205372	100727
2	205375	100749
2	205378	100768
2	205379	100773
2	205380	100777
2	205381	100783
2	205382	100787
2	205387	100821
2	205391	100840
2	205393	100851
2	205394	100855
2	205395	100859
2	205396	100864
2	205397	100871
2	205398	100876
2	205399	100882
2	205402	100904
2	205406	100935
2	205407	205364
2	205412	100963
2	205413	100969
2	205415	100978
2	205422	101020
2	205423	101030
2	205424	101031
2	205431	101068
2	205432	101073
2	205433	101079
2	205434	101083
2	205435	101087
2	205436	101092
2	205438	101101
2	205441	101115
2	205444	101129
2	205445	101133
2	205449	101156
2	205454	101181
2	205494	101246
2	205495	101248
2	205498	101270
2	205501	101290
2	205502	101304
2	205503	101304
2	205505	101318
2	205506	101325
2	205507	101332
2	205508	101338
2	205509	101344
2	205510	101350
2	205521	101407
2	205522	101413
2	205550	101563
2	205560	103740
2	205570	101610
2	205571	101624
2	205765	102122
2	205788	190319
2	205804	102291
2	205811	102339
2	205820	102388
2	205828	102403
2	205840	102471
2	205841	102477
2	205848	102514
2	205851	102533
2	205858	102577
2	205860	102593
2	205898	102803
2	205903	102827
2	205907	205788
2	205972	103147
2	205987	103168
2	205991	103194
2	206005	103265
2	206011	103320
2	206031	103382
2	206037	103418
2	206038	103424
2	206067	103529
2	206106	103670
2	206115	103728
2	206128	103740
2	206149	103794
2	206196	103858
2	206197	103865
2	206213	103943
2	206215	103956
2	206217	103970
2	206218	103977
2	206272	104896
2	206346	206272
2	206362	206346
2	206428	206083
2	206477	104739
2	206541	104896
2	206549	104947
2	206575	105015
2	206591	105096
2	206592	105103
2	206613	105163
2	206615	105176
2	206619	105196
2	206650	105287
2	206652	105299
2	206653	105306
2	206656	105326
2	206724	105452
2	206741	105476
2	206750	105521
2	206753	105539
2	206755	105548
2	206759	105567
2	206764	105598
2	206774	105612
2	206834	105700
2	206836	105714
2	206849	205788
2	206894	105885
2	206924	8
2	206946	105961
2	206947	105967
2	207035	106234
2	207039	106265
2	207040	106272
2	207041	106279
2	207043	106290
2	207153	24162
2	207168	106593
2	207175	106623
2	207185	63180
2	207208	205949
2	207222	207185
2	207230	207222
2	207237	63180
2	207274	207208
2	207290	207208
2	207299	207290
2	207315	207290
2	207330	191720
2	207357	207322
2	207383	207208
2	207391	207208
2	207398	107049
2	207407	110931
2	207440	109942
2	207454	191753
2	207470	207237
2	207484	207398
2	207516	207208
2	207536	106635
2	207537	106641
2	207540	106666
2	207552	206346
2	207566	106780
2	207620	207552
2	207648	107100
2	207653	107132
2	207683	107240
2	207699	107359
2	207709	107425
2	207712	107443
2	207714	107456
2	207761	45283
2	207779	107562
2	207780	107568
2	207782	107581
2	207787	107619
2	207788	107626
2	207809	107735
2	207822	107827
2	207824	107840
2	207825	107847
2	207826	107853
2	207828	107865
2	207943	108132
2	207948	108155
2	207949	108162
2	207950	207949
2	207954	108195
2	207958	108220
2	207960	108235
2	207989	108264
2	208023	108374
2	208045	108454
2	208059	108476
2	208061	39090
2	208085	108525
2	208086	108532
2	208088	108547
2	208089	108554
2	208113	108653
2	208150	108736
2	208151	108743
2	208280	108896
2	208284	108926
2	208308	108975
2	208320	80256
2	208359	109150
2	208405	206346
2	208439	109352
2	208446	109401
2	208459	109474
2	208462	109495
2	208486	192473
2	208514	109688
2	208584	109905
2	208603	109957
2	208613	109968
2	208614	109978
2	208623	110024
2	208642	110111
2	208643	110117
2	208647	110149
2	208649	110161
2	208651	110167
2	208653	110177
2	208682	110320
2	208685	110340
2	208724	110510
2	208725	110516
2	208727	110528
2	208728	110534
2	208730	110546
2	208732	110561
2	208733	110567
2	208740	110603
2	208741	110610
2	208746	110645
2	208762	110742
2	208763	110750
2	208765	110765
2	208767	110778
2	208768	110785
2	208769	110790
2	208774	206346
2	208814	110916
2	208836	110997
2	208862	110931
2	208902	206272
2	208941	207407
2	208984	207440
2	208992	207330
2	209034	208984
2	209069	208941
2	209127	111109
2	209178	111220
2	209318	111615
2	209320	111629
2	209333	111694
2	209336	111712
2	209341	111742
2	209343	111752
2	209365	111814
2	209369	111833
2	209382	108680
2	209432	111964
2	209439	112002
2	209444	112030
2	209445	112036
2	209446	112043
2	209460	112131
2	209478	112207
2	209480	112220
2	209492	112291
2	209519	112438
2	209522	112455
2	209527	112472
2	209532	112484
2	209533	112485
2	209540	112505
2	209541	112508
2	209547	112524
2	209564	112562
2	209572	209549
2	209575	112573
2	209579	112584
2	209585	112602
2	209588	112608
2	209592	112622
2	209593	112624
2	209594	112627
2	209597	112634
2	209598	112638
2	209602	112651
2	209605	112657
2	209606	112660
2	209625	112703
2	209626	112706
2	209628	112710
2	209629	112713
2	209633	112723
2	209634	112728
2	209638	112741
2	209639	112744
2	209645	112758
2	209647	112763
2	209648	112766
2	209649	112769
2	209650	112772
2	209665	112793
2	209666	112795
2	209667	112798
2	209671	112807
2	209673	112811
2	209674	112813
2	209675	112816
2	209676	112821
2	209677	112824
2	209678	112825
2	209679	112829
2	209683	112837
2	209687	112850
2	209693	112867
2	209696	112872
2	209698	112879
2	209700	112886
2	209704	112896
2	209707	112906
2	209708	112909
2	209712	112915
2	209713	112918
2	209716	112920
2	209724	112937
2	209725	112939
2	209731	112953
2	209737	112972
2	209744	112987
2	209750	113002
2	209751	113006
2	209752	113007
2	209754	113014
2	209756	113018
2	209760	113030
2	209763	113039
2	209766	113046
2	209767	113049
2	209769	113058
2	209770	113061
2	209771	113064
2	209776	113077
2	209777	113081
2	209781	113090
2	209783	113094
2	209786	113103
2	209789	113114
2	209790	113118
2	209792	113122
2	209793	113123
2	209803	113234
2	209804	113241
2	209805	113249
2	209808	113260
2	209811	113274
2	209814	113292
2	209815	181637
2	209860	113521
2	209877	113615
2	209878	113621
2	209880	113637
2	209881	113639
2	209885	113662
2	209905	113694
2	210251	114863
2	210373	115141
2	210765	116438
2	210833	116661
2	210870	116711
2	210872	116725
2	210873	116731
2	210876	116746
2	210877	116750
2	210883	116779
2	210886	116803
2	210887	116808
2	210888	116812
2	210889	116815
2	210890	116821
2	210891	116824
2	210892	116828
2	210896	116849
2	210897	116852
2	210899	116855
2	210902	116860
2	210905	116876
2	210908	116897
2	210911	116910
2	210913	116918
2	210917	116928
2	210918	116938
2	210919	116941
2	210920	116947
2	210922	116955
2	210923	116958
2	210927	116990
2	210928	116995
2	210930	117003
2	210931	117004
2	210933	117014
2	210934	117021
2	210935	117025
2	210937	117033
2	210939	117052
2	210940	117055
2	210941	117058
2	210942	117063
2	210946	117082
2	210947	117088
2	210948	117106
2	210950	117113
2	210951	117125
2	210954	117137
2	210957	117167
2	210960	117182
2	210982	117237
2	210983	117252
2	210984	117255
2	210985	117261
2	210989	117283
2	210990	117288
2	210991	117293
2	210994	124815
2	210999	117326
2	211000	117332
2	211001	117336
2	211005	117371
2	211006	117377
2	211007	117388
2	211008	117394
2	211010	117403
2	211011	117407
2	211012	117417
2	211014	117430
2	211016	117449
2	211017	117454
2	211020	117469
2	211022	117481
2	211023	117487
2	211030	117514
2	211031	117520
2	211032	117531
2	211035	117545
2	211037	117553
2	211038	117559
2	211041	131198
2	211042	139479
2	211043	117584
2	211046	117594
2	211047	117600
2	211048	117604
2	211049	117607
2	211050	117610
2	211051	117616
2	211060	117645
2	211061	117655
2	211062	117658
2	211063	117662
2	211064	117669
2	211065	117676
2	211066	117690
2	211067	117691
2	211069	117701
2	211070	126971
2	211071	117713
2	211073	117725
2	211077	117742
2	211081	117771
2	211083	117767
2	211084	117771
2	211101	142675
2	211103	117831
2	211104	117836
2	211105	117841
2	211106	117845
2	211107	117846
2	211108	117856
2	211109	117865
2	211114	117885
2	211118	117912
2	211120	117920
2	211121	117924
2	211122	117930
2	211123	117938
2	211124	117948
2	211128	117977
2	211133	118001
2	211139	118013
2	211143	118032
2	211145	118037
2	211148	118044
2	211151	118060
2	211152	118072
2	211153	118077
2	211157	118092
2	211159	210994
2	211165	118122
2	211169	118150
2	211171	118164
2	211172	118172
2	211173	118181
2	211174	118185
2	211175	118189
2	211176	118190
2	211178	118198
2	211186	118238
2	211190	120545
2	211193	118285
2	211204	118323
2	211211	118344
2	211212	118347
2	211213	118350
2	211214	118351
2	211216	118360
2	211221	118377
2	211223	118398
2	211224	118401
2	211225	118404
2	211228	118418
2	211229	118426
2	211230	118427
2	211234	118446
2	211235	118454
2	211238	118471
2	211241	118489
2	211247	118517
2	211249	118525
2	211250	118528
2	211263	118561
2	211265	118567
2	211266	118571
2	211267	118572
2	211268	118575
2	211284	118620
2	211285	118624
2	211286	211063
2	211298	118659
2	211299	130785
2	211301	118670
2	211303	118679
2	211304	118684
2	211305	118689
2	211306	118692
2	211316	118723
2	211327	118764
2	211338	118789
2	211340	118799
2	211341	118808
2	211342	118809
2	211343	118814
2	211344	118819
2	211345	118822
2	211346	118824
2	211348	118835
2	211350	118859
2	211351	118863
2	211352	118867
2	211356	118881
2	211358	118895
2	211361	118913
2	211365	118938
2	211366	118942
2	211367	118956
2	211371	118977
2	211372	118983
2	211373	118990
2	211374	118997
2	211375	119009
2	211376	119015
2	211377	119022
2	211380	119043
2	211381	119049
2	211384	119067
2	211385	119071
2	211386	119076
2	211387	119081
2	211389	119098
2	211390	119104
2	211391	119105
2	211393	119117
2	211394	119126
2	211397	119137
2	211398	119142
2	211399	119145
2	211401	119158
2	211402	211401
2	211413	119203
2	211414	119207
2	211415	119211
2	211417	119219
2	211418	119224
2	211419	119233
2	211429	119267
2	211430	119274
2	211431	119278
2	211432	119286
2	211433	119290
2	211436	119300
2	211437	119305
2	211439	119317
2	211443	119330
2	211446	119348
2	211467	119452
2	211477	119478
2	211478	119481
2	211479	119485
2	211480	119489
2	211482	119495
2	211483	119498
2	211487	119510
2	211488	119519
2	211494	119530
2	211500	119545
2	211501	119552
2	211502	119556
2	211503	119557
2	211504	119561
2	211506	119568
2	211507	119574
2	211508	119578
2	211509	119585
2	211511	119591
2	211515	119607
2	211516	119611
2	211518	119619
2	211519	119628
2	211521	119635
2	211523	119638
2	211526	119656
2	211528	119665
2	211530	119676
2	211535	119687
2	211539	119713
2	211540	119718
2	211541	119724
2	211542	119731
2	211543	119737
2	211544	119742
2	211574	119819
2	211577	119828
2	211578	119831
2	211579	119835
2	211581	119842
2	211582	119846
2	211585	119871
2	211586	119874
2	211587	119878
2	211589	119888
2	211591	119898
2	211594	119912
2	211597	119924
2	211598	119932
2	211599	119940
2	211607	119964
2	211608	119975
2	211609	119976
2	211610	119981
2	211611	119991
2	211612	119992
2	211613	120000
2	211614	120002
2	211615	120005
2	211617	120016
2	211620	120037
2	211621	120046
2	211622	120051
2	211623	120053
2	211624	120064
2	211628	120076
2	211629	120079
2	211635	120104
2	211636	120108
2	211637	120118
2	211638	120119
2	211639	120128
2	211642	120143
2	211643	120147
2	211644	120150
2	211645	120153
2	211647	120158
2	211654	120189
2	211664	120212
2	211665	120224
2	211670	120248
2	211671	120252
2	211673	120261
2	211674	120270
2	211678	120284
2	211685	120296
2	211690	120310
2	211691	120317
2	211697	120328
2	211703	120341
2	211704	120345
2	211708	120377
2	211710	139208
2	211712	120404
2	211718	211348
2	211719	120438
2	211720	120444
2	211722	120451
2	211724	120456
2	211725	120459
2	211726	120465
2	211728	120474
2	211729	120478
2	211730	120482
2	211731	120487
2	211732	120489
2	211733	120492
2	211734	120495
2	211735	120499
2	211736	120500
2	211741	120534
2	211742	120538
2	211744	120545
2	211745	120557
2	211748	120568
2	211749	120582
2	211750	120585
2	211752	210998
2	211755	120614
2	211756	120617
2	211758	120621
2	211761	120626
2	211762	120638
2	211768	120691
2	211769	120695
2	211770	120696
2	211771	120700
2	211772	120706
2	211773	120716
2	211774	120732
2	211776	120742
2	211783	120773
2	211787	120785
2	211800	120812
2	211802	120821
2	211813	120860
2	211814	120864
2	211816	120870
2	211818	120876
2	211828	120943
2	211829	120946
2	211830	120950
2	211831	120954
2	211833	120963
2	211834	120969
2	211862	121015
2	211863	121020
2	211864	121023
2	211868	121047
2	211873	121072
2	211874	121079
2	211876	121087
2	211877	121096
2	211878	121097
2	211879	121100
2	211883	121118
2	211884	121122
2	211887	121133
2	211889	121142
2	211890	121145
2	211898	121167
2	211903	121182
2	211907	121200
2	211909	121217
2	211910	121222
2	211911	121224
2	211912	121227
2	211914	121232
2	211916	121245
2	211918	121252
2	211922	121290
2	211923	121294
2	211924	121297
2	211926	121308
2	211927	121314
2	211928	121317
2	211930	121328
2	211931	121334
2	211932	121343
2	211933	121344
2	211934	121347
2	211935	121349
2	211936	121351
2	211941	121370
2	211945	121388
2	211946	121398
2	211949	210883
2	211950	121414
2	211952	121424
2	211953	121427
2	211963	121467
2	211964	121471
2	211965	121485
2	211967	121489
2	211968	121494
2	211990	121744
2	211993	121752
2	211994	121755
2	211995	121767
2	211996	121773
2	211998	121783
2	211999	121792
2	212003	121821
2	212004	121835
2	212011	121855
2	212012	121856
2	212013	121859
2	212027	121918
2	212028	121924
2	212030	121934
2	212032	121941
2	212039	121957
2	212042	121963
2	212043	121966
2	212045	121972
2	212046	121976
2	212047	121982
2	212048	121991
2	212051	121995
2	212052	128357
2	212058	122027
2	212059	122039
2	212065	122065
2	212066	122070
2	212067	122075
2	212068	122081
2	212069	122081
2	212070	122084
2	212071	122085
2	212073	122099
2	212074	122105
2	212076	122117
2	212077	122123
2	212078	122129
2	212079	122132
2	212080	122135
2	212082	122148
2	212083	122151
2	212085	122159
2	212086	122161
2	212090	122192
2	212092	122198
2	212093	122202
2	212095	122214
2	212096	122217
2	212119	122282
2	212129	122304
2	212131	122312
2	212132	122316
2	212135	122335
2	212136	122343
2	212137	122346
2	212139	122356
2	212144	122384
2	212149	122406
2	212157	122440
2	212158	122444
2	212159	122454
2	212160	122455
2	212162	122465
2	212167	122482
2	212168	122485
2	212170	122500
2	212172	122506
2	212173	122512
2	212176	122605
2	212177	122612
2	212178	122617
2	212179	122621
2	212180	122627
2	212181	122631
2	212184	122649
2	212185	122677
2	212187	122685
2	212188	122691
2	212189	122696
2	212190	122702
2	212191	122705
2	212198	122739
2	212205	122769
2	212206	122773
2	212209	122802
2	212210	122808
2	212212	122821
2	212216	122840
2	212219	122853
2	212221	122862
2	212222	122866
2	212223	122871
2	212224	122872
2	212227	122881
2	212229	122892
2	212230	122899
2	212231	122902
2	212232	122910
2	212233	122916
2	212234	122920
2	212235	122925
2	212236	122933
2	212238	212181
2	212239	211923
2	212241	122963
2	212243	122970
2	212244	122975
2	212247	122989
2	212250	122999
2	212251	123002
2	212253	123011
2	212254	123013
2	212256	123016
2	212258	123022
2	212259	123035
2	212260	123041
2	212268	123061
2	212269	123074
2	212273	123089
2	212274	123093
2	212275	123099
2	212278	123107
2	212279	123116
2	212280	211414
2	212284	123125
2	212287	123131
2	212288	123134
2	212292	123156
2	212293	123162
2	212295	123180
2	212296	123184
2	212297	123186
2	212305	123219
2	212306	123223
2	212311	123258
2	212313	123265
2	212314	123270
2	212315	123272
2	212321	123285
2	212322	123286
2	212324	123297
2	212325	128722
2	212326	123301
2	212328	123316
2	212329	123320
2	212331	123325
2	212333	123336
2	212335	123343
2	212338	123363
2	212339	123367
2	212341	123372
2	212343	123384
2	212350	123419
2	212351	123424
2	212359	123499
2	212360	123503
2	212374	123593
2	212387	123648
2	212388	123651
2	212389	123656
2	212390	123662
2	212391	123666
2	212392	123671
2	212394	127251
2	212395	123680
2	212396	123684
2	212397	123687
2	212398	123690
2	212400	123707
2	212403	123721
2	212404	123730
2	212412	123778
2	212413	123783
2	212414	123793
2	212415	123794
2	212417	123804
2	212418	123817
2	212420	123824
2	212421	123828
2	212422	123835
2	212423	123839
2	212424	123843
2	212427	123872
2	212428	123879
2	212429	123885
2	212432	123902
2	212435	123925
2	212437	123934
2	212439	123942
2	212440	123945
2	212442	123954
2	212443	123960
2	212446	123974
2	212448	123981
2	212449	123986
2	212450	211431
2	212456	124016
2	212457	124030
2	212458	124032
2	212459	124037
2	212467	124076
2	212471	124090
2	212472	124093
2	212473	124098
2	212474	124101
2	212475	124104
2	212477	124110
2	212478	124117
2	212492	124145
2	212494	124157
2	212496	124166
2	212497	124180
2	212501	124205
2	212510	124233
2	212511	124247
2	212513	124249
2	212515	212458
2	212522	211214
2	212523	124273
2	212524	124276
2	212528	124305
2	212529	124309
2	212530	124310
2	212534	124320
2	212536	124330
2	212537	124331
2	212539	124348
2	212540	212412
2	212541	124352
2	212544	124367
2	212545	124375
2	212546	124379
2	212549	124421
2	212550	124423
2	212551	124436
2	212552	124441
2	212553	124450
2	212556	124460
2	212557	124467
2	212559	124474
2	212560	124482
2	212561	124485
2	212562	124488
2	212563	124491
2	212564	124494
2	212565	124496
2	212566	124499
2	212567	124501
2	212568	124508
2	212569	124516
2	212570	124518
2	212571	124523
2	212572	124528
2	212573	124536
2	212574	124538
2	212575	124540
2	212576	124548
2	212577	124550
2	212578	124554
2	212579	124557
2	212580	124564
2	212581	124566
2	212582	124569
2	212583	124572
2	212584	124574
2	212585	124577
2	212586	124581
2	212587	124583
2	212588	124585
2	212589	124591
2	212590	124593
2	212591	124597
2	212592	124604
2	212593	124607
2	212594	124611
2	212595	124620
2	212596	124622
2	212597	124625
2	212598	124633
2	212599	124635
2	212600	124638
2	212601	124643
2	212602	124645
2	212604	124650
2	212606	124664
2	212607	124673
2	212608	124675
2	212609	124678
2	212610	124686
2	212611	124687
2	212612	124698
2	212620	124722
2	212621	124728
2	212623	124740
2	212627	124756
2	212628	124758
2	212629	124759
2	212630	124761
2	212632	124776
2	212633	124777
2	212635	124787
2	212636	124794
2	212640	124815
2	212642	124823
2	212643	124826
2	212648	124869
2	212649	124875
2	212655	136373
2	212657	124926
2	212661	124940
2	212662	124952
2	212664	124969
2	212665	124974
2	212669	124987
2	212670	124997
2	212671	125000
2	212672	125003
2	212675	125012
2	212676	125017
2	212677	125022
2	212682	125066
2	212683	125069
2	212684	125072
2	212685	125077
2	212687	125085
2	212688	125090
2	212690	125095
2	212693	125108
2	212694	125112
2	212699	125136
2	212700	125142
2	212701	125146
2	212705	125155
2	212706	125160
2	212707	125167
2	212709	125181
2	212712	125196
2	212713	125203
2	212714	125209
2	212715	125210
2	212716	125217
2	212719	125230
2	212721	125240
2	212722	125246
2	212723	125250
2	212727	125271
2	212732	125300
2	212733	125309
2	212735	125325
2	212736	125331
2	212737	125332
2	212743	125353
2	212745	125359
2	212746	125363
2	212747	125370
2	212748	125375
2	212749	125376
2	212750	125381
2	212754	125402
2	212755	125405
2	212757	125421
2	212758	125430
2	212761	125442
2	212765	125454
2	212768	125480
2	212769	125488
2	212770	125495
2	212771	125500
2	212772	125504
2	212773	125507
2	212774	125510
2	212776	125530
2	212777	125533
2	212779	125537
2	212780	125542
2	212781	125548
2	212782	125550
2	212783	125552
2	212784	125553
2	212786	125567
2	212787	125585
2	212789	125596
2	212790	125603
2	212791	125610
2	212793	125620
2	212795	125636
2	212797	125650
2	212805	125688
2	212813	125724
2	212817	125745
2	212818	125751
2	212819	125762
2	212821	125772
2	212822	125775
2	212823	125776
2	212824	125779
2	212826	125793
2	212828	125800
2	212829	125807
2	212831	125816
2	212832	125822
2	212833	125824
2	212834	125827
2	212836	125833
2	212837	125845
2	212838	125854
2	212845	125882
2	212847	125889
2	212849	125898
2	212853	125920
2	212854	125923
2	212856	125927
2	212858	125934
2	212859	125940
2	212861	125948
2	212880	125983
2	212882	125991
2	212883	125995
2	212885	125999
2	212886	126006
2	212887	126007
2	212889	126016
2	212891	126025
2	212892	126031
2	212895	126045
2	212899	125442
2	212902	126082
2	212903	126088
2	212904	126098
2	212905	126099
2	212907	126112
2	212908	126119
2	212909	126123
2	212913	126136
2	212914	126141
2	212915	126146
2	212916	126155
2	212923	126180
2	212927	126198
2	212929	126204
2	212930	126210
2	212931	126214
2	212932	126220
2	212934	126224
2	212936	126230
2	212937	126234
2	212938	126237
2	212940	126245
2	212942	126258
2	212943	126261
2	212945	212051
2	212947	126276
2	212952	126304
2	212954	126313
2	212957	126325
2	212958	126331
2	212959	126334
2	212960	126339
2	212963	126366
2	212965	126366
2	212966	126367
2	212967	126369
2	212968	126371
2	212973	126396
2	212975	126404
2	212976	126408
2	212977	126415
2	212978	126418
2	212979	126421
2	212980	126425
2	212981	126428
2	212982	126434
2	212983	126439
2	212987	126445
2	212988	126451
2	212989	126452
2	212990	126458
2	212991	126468
2	212992	126471
2	213004	126517
2	213005	126522
2	213008	126536
2	213009	126539
2	213010	126547
2	213011	126555
2	213012	126558
2	213013	126561
2	213014	126565
2	213016	126576
2	213018	126580
2	213020	126595
2	213023	126613
2	213025	126622
2	213029	126635
2	213030	126638
2	213031	126650
2	213032	126654
2	213033	126666
2	213034	126669
2	213036	126678
2	213037	126682
2	213039	126688
2	213042	126706
2	213043	126712
2	213046	126725
2	213047	126730
2	213049	126734
2	213050	126738
2	213051	126742
2	213053	126753
2	213056	126772
2	213057	126776
2	213059	126785
2	213068	126815
2	213073	126828
2	213074	212351
2	213079	126892
2	213080	126899
2	213081	126908
2	213082	126911
2	213084	126921
2	213106	126978
2	213109	126986
2	213110	126994
2	213111	127003
2	213113	127020
2	213114	127030
2	213115	127034
2	213117	127042
2	213118	127047
2	213122	127118
2	213139	127160
2	213141	127180
2	213148	127222
2	213150	212607
2	213151	127227
2	213152	127237
2	213153	127238
2	213155	127248
2	213156	127251
2	213157	127255
2	213158	127258
2	213160	127264
2	213162	127275
2	213163	127283
2	213164	127289
2	213167	127299
2	213168	127305
2	213169	127308
2	213170	127309
2	213171	127313
2	213172	127318
2	213176	127336
2	213177	127344
2	213178	127353
2	213186	127388
2	213187	127396
2	213190	127410
2	213192	127422
2	213193	127425
2	213194	127427
2	213196	127433
2	213198	127442
2	213201	127465
2	213202	127475
2	213203	127479
2	213214	127500
2	213215	127503
2	213216	127506
2	213217	127511
2	213219	127524
2	213222	127543
2	213224	127557
2	213226	127569
2	213228	127576
2	213229	127580
2	213230	127585
2	213233	127597
2	213236	127611
2	213237	127619
2	213240	127638
2	213241	127643
2	213242	127645
2	213248	127681
2	213251	127707
2	213252	127714
2	213253	127718
2	213256	127745
2	213258	127750
2	213259	127755
2	213260	127767
2	213262	127777
2	213264	127785
2	213265	127791
2	213266	127799
2	213268	127805
2	213269	127813
2	213270	127816
2	213278	127831
2	213280	127833
2	213281	127840
2	213283	127850
2	213284	127853
2	213286	127866
2	213288	127873
2	213291	127883
2	213292	132193
2	213293	127892
2	213299	127912
2	213300	127913
2	213301	127918
2	213303	127934
2	213308	127970
2	213310	127978
2	213311	127993
2	213314	128004
2	213315	128009
2	213317	128020
2	213321	128048
2	213322	128052
2	213345	128107
2	213346	128114
2	213347	128117
2	213348	128120
2	213349	128121
2	213350	128129
2	213351	128136
2	213359	128160
2	213361	128167
2	213362	128175
2	213366	128190
2	213367	128196
2	213369	128210
2	213370	128215
2	213371	128218
2	213372	128225
2	213374	128247
2	213375	128253
2	213376	128259
2	213377	128264
2	213378	128269
2	213379	128274
2	213380	128280
2	213381	128286
2	213382	128291
2	213383	128296
2	213384	128302
2	213385	128307
2	213388	128324
2	213389	128325
2	213390	128331
2	213391	128338
2	213393	128347
2	213395	128357
2	213397	128372
2	213399	128377
2	213400	128384
2	213403	128408
2	213404	128412
2	213406	128431
2	213408	128445
2	213414	128473
2	213416	128482
2	213417	128486
2	213418	128487
2	213419	128490
2	213422	128502
2	213423	128505
2	213425	128510
2	213432	128530
2	213433	128533
2	213434	128539
2	213439	128568
2	213440	128569
2	213441	128580
2	213442	128583
2	213443	128590
2	213444	213441
2	213445	128594
2	213449	128611
2	213451	130229
2	213452	128622
2	213454	128629
2	213455	128632
2	213457	128652
2	213458	128661
2	213459	128664
2	213463	128688
2	213477	128715
2	213478	128719
2	213479	128722
2	213481	128730
2	213483	128741
2	213484	128748
2	213485	128762
2	213488	128781
2	213489	128787
2	213490	128791
2	213491	128797
2	213492	128803
2	213493	128807
2	213500	128847
2	213502	128855
2	213503	128857
2	213504	128859
2	213505	128862
2	213506	128865
2	213510	128882
2	213514	128922
2	213517	128932
2	213518	128937
2	213519	128938
2	213520	128946
2	213521	128950
2	213524	128965
2	213526	128977
2	213530	129000
2	213531	129020
2	213532	129029
2	213540	129044
2	213542	129057
2	213545	129067
2	213546	129073
2	213547	129076
2	213557	129121
2	213558	129125
2	213560	129129
2	213561	129141
2	213562	129151
2	213563	129152
2	213564	129155
2	213565	129161
2	213580	129195
2	213582	129207
2	213584	129219
2	213585	129223
2	213587	129230
2	213588	129235
2	213589	129236
2	213594	129249
2	213596	129257
2	213597	129266
2	213598	129270
2	213601	129293
2	213608	129316
2	213609	129325
2	213610	129334
2	213611	129335
2	213612	129341
2	213613	129343
2	213615	129357
2	213616	129362
2	213617	129366
2	213618	129369
2	213620	129381
2	213623	129394
2	213624	129399
2	213625	213624
2	213628	129419
2	213634	129448
2	213635	129450
2	213637	129467
2	213640	129487
2	213642	129496
2	213643	129500
2	213645	129507
2	213651	129523
2	213655	129546
2	213656	129551
2	213658	129563
2	213659	129567
2	213660	129568
2	213665	129600
2	213668	129612
2	213672	129635
2	213675	129654
2	213676	129662
2	213677	129666
2	213678	129672
2	213679	129676
2	213682	129697
2	213687	129715
2	213692	129729
2	213699	129765
2	213701	129775
2	213702	129782
2	213704	129787
2	213705	129794
2	213707	129798
2	213712	129838
2	213714	129859
2	213719	129869
2	213724	129889
2	213725	129892
2	213727	129894
2	213731	129905
2	213733	129916
2	213734	129921
2	213735	129922
2	213736	129925
2	213739	129940
2	213740	129953
2	213742	129958
2	213743	129962
2	213744	129964
2	213745	129975
2	213747	129983
2	213755	130003
2	213756	130006
2	213757	130009
2	213758	130014
2	213760	130020
2	213768	211574
2	213769	130065
2	213770	130072
2	213771	130081
2	213772	130082
2	213774	130090
2	213779	130107
2	213781	130118
2	213782	130127
2	213783	130128
2	213784	130133
2	213785	130142
2	213788	130160
2	213789	130165
2	213790	130180
2	213793	130194
2	213794	130197
2	213795	130200
2	213799	130229
2	213804	130243
2	213808	130257
2	213810	130278
2	213811	130284
2	213812	130290
2	213813	130292
2	213814	130297
2	213817	130314
2	213819	130324
2	213825	116746
2	213826	130352
2	213827	130358
2	213828	130362
2	213830	130369
2	213831	130374
2	213833	130383
2	213841	130403
2	213842	130408
2	213844	130418
2	213847	130433
2	213848	130438
2	213858	130476
2	213870	130535
2	213872	130544
2	213873	130546
2	213876	130555
2	213877	130563
2	213878	130574
2	213881	130585
2	213882	130590
2	213884	130597
2	213885	130603
2	213886	130606
2	213893	130634
2	213894	130640
2	213895	130644
2	213896	130645
2	213898	130655
2	213899	130663
2	213905	130688
2	213907	130700
2	213908	130702
2	213909	130710
2	213910	130715
2	213911	130721
2	213912	130724
2	213913	130727
2	213914	130731
2	213915	130742
2	213917	130750
2	213919	130763
2	213923	130785
2	213931	130818
2	213932	130826
2	213934	130843
2	213935	130847
2	213936	130853
2	213938	130857
2	213940	130867
2	213941	130870
2	213942	130871
2	213943	130879
2	213945	130890
2	213948	130905
2	213949	130915
2	213950	130916
2	213951	130921
2	213952	130922
2	213968	130988
2	213976	131039
2	213981	131069
2	213982	131074
2	213983	131075
2	213984	131084
2	213985	131088
2	213986	131091
2	213987	131096
2	213991	131116
2	213993	131130
2	213994	131136
2	213995	131138
2	213996	131139
2	213997	131142
2	214000	131157
2	214001	131162
2	214002	131167
2	214003	131173
2	214010	131198
2	214011	131213
2	214013	131222
2	214016	131253
2	214017	131271
2	214018	131274
2	214019	131277
2	214020	131279
2	214022	131287
2	214026	131314
2	214027	131320
2	214028	131327
2	214031	131338
2	214032	131340
2	214033	131344
2	214034	131347
2	214035	131355
2	214038	131365
2	214039	131369
2	214041	131374
2	214043	131382
2	214044	131391
2	214045	131398
2	214046	131401
2	214047	131404
2	214048	131405
2	214051	131412
2	214052	131422
2	214053	131423
2	214054	131428
2	214055	131430
2	214056	131433
2	214057	131435
2	214059	131448
2	214060	131456
2	214061	131459
2	214062	131462
2	214073	131501
2	214075	131507
2	214076	131512
2	214077	131517
2	214079	131527
2	214081	131537
2	214083	131541
2	214084	131543
2	214087	131558
2	214088	131562
2	214089	131573
2	214090	131574
2	214092	131586
2	214093	131589
2	214094	131592
2	214106	131665
2	214119	121458
2	214122	131734
2	214123	131738
2	214124	131742
2	214125	131744
2	214126	131749
2	214127	131754
2	214130	131763
2	214131	131766
2	214132	131770
2	214134	131777
2	214135	131782
2	214151	131864
2	214152	131867
2	214153	131872
2	214154	131875
2	214155	131877
2	214156	131878
2	214161	131903
2	214162	131907
2	214165	131921
2	214166	131925
2	214167	131932
2	214168	131933
2	214169	131940
2	214172	131968
2	214175	131979
2	214176	131985
2	214180	132027
2	214181	132027
2	214182	132033
2	214183	132037
2	214184	132038
2	214185	132041
2	214186	132050
2	214187	132056
2	214189	132071
2	214190	132077
2	214191	132082
2	214192	132089
2	214194	132105
2	214195	132107
2	214197	132122
2	214199	132139
2	214200	132151
2	214201	132152
2	214207	118692
2	214214	132203
2	214217	132210
2	214218	132213
2	214227	132250
2	214228	132258
2	214229	132266
2	214235	132307
2	214236	211943
2	214238	132323
2	214245	132368
2	214249	132388
2	214251	132397
2	214252	132400
2	214258	132436
2	214260	132453
2	214265	132466
2	214266	132469
2	214267	132476
2	214269	132482
2	214270	132484
2	214271	132490
2	214272	132495
2	214273	132500
2	214275	132519
2	214279	132532
2	214280	132539
2	214281	132544
2	214284	132557
2	214285	132566
2	214289	132581
2	214291	132592
2	214296	132612
2	214298	132624
2	214305	132657
2	214306	132659
2	214307	132662
2	214308	132663
2	214310	132671
2	214311	132676
2	214312	132685
2	214313	132689
2	214317	132717
2	214324	132742
2	214325	132749
2	214326	132752
2	214327	132755
2	214328	132757
2	214332	132776
2	214333	132783
2	214334	132789
2	214335	132796
2	214337	132818
2	214338	132823
2	214339	132824
2	214341	132837
2	214342	132840
2	214349	132864
2	214353	132879
2	214354	132886
2	214355	132894
2	214356	132900
2	214358	132912
2	214359	132916
2	214360	132921
2	214361	132927
2	214362	132930
2	214363	132935
2	214364	132937
2	214365	132942
2	214366	132946
2	214367	132951
2	214368	214364
2	214369	132960
2	214371	132969
2	214373	132989
2	214374	132996
2	214375	133003
2	214376	133004
2	214377	133009
2	214381	133041
2	214387	133084
2	214389	133093
2	214390	133096
2	214392	133113
2	214394	133124
2	214395	133130
2	214396	133134
2	214397	133137
2	214399	133148
2	214404	213585
2	214405	133169
2	214412	133218
2	214413	133221
2	214414	133226
2	214415	133229
2	214417	133235
2	214418	133238
2	214419	133247
2	214420	133256
2	214427	133311
2	214428	133313
2	214432	133346
2	214433	133353
2	214443	133391
2	214445	133397
2	214448	133411
2	214449	133414
2	214450	133416
2	214473	133463
2	214474	133471
2	214475	133478
2	214476	133481
2	214479	133503
2	214480	214479
2	214481	133509
2	214483	133524
2	214484	133527
2	214488	133544
2	214501	133619
2	214502	133623
2	214504	133640
2	214505	133645
2	214506	133654
2	214507	211209
2	214508	133665
2	214511	133678
2	214514	133688
2	214515	133692
2	214516	133697
2	214517	133702
2	214518	133709
2	214528	133736
2	214531	133757
2	214533	133769
2	214534	133776
2	214536	133784
2	214537	133788
2	214540	133803
2	214541	133808
2	214542	133816
2	214543	133819
2	214544	133824
2	214545	133825
2	214546	133828
2	214547	133831
2	214549	133839
2	214550	133843
2	214552	133857
2	214553	133861
2	214559	133898
2	214569	133936
2	214572	133949
2	214573	133956
2	214574	133957
2	214576	133963
2	214578	133970
2	214579	133975
2	214582	133986
2	214583	133988
2	214584	133989
2	214585	133996
2	214586	133997
2	214587	134002
2	214588	134009
2	214589	134014
2	214590	134017
2	214596	134488
2	214598	134098
2	214599	134101
2	214601	134124
2	214602	134129
2	214603	134130
2	214617	134203
2	214618	134207
2	214622	211232
2	214630	211306
2	214632	134253
2	214633	134255
2	214634	134260
2	214635	134264
2	214640	134287
2	214643	134307
2	214644	134319
2	214646	134328
2	214647	134332
2	214649	134347
2	214650	134359
2	214654	134383
2	214657	134404
2	214658	134410
2	214659	134416
2	214660	134422
2	214661	134429
2	214662	134433
2	214663	134437
2	214666	134448
2	214667	134460
2	214668	134461
2	214670	134467
2	214671	134488
2	214674	134504
2	214676	134514
2	214677	134519
2	214681	134540
2	214682	134545
2	214683	134553
2	214684	134560
2	214686	134566
2	214687	134569
2	214688	134576
2	214693	134600
2	214696	129894
2	214699	134612
2	214704	134633
2	214707	134649
2	214710	134663
2	214711	134667
2	214712	134668
2	214713	134676
2	214714	134680
2	214719	134719
2	214720	134725
2	214722	134737
2	214723	134746
2	214725	134765
2	214726	134768
2	214727	134777
2	214728	134778
2	214729	134783
2	214731	134791
2	214733	134805
2	214734	134810
2	214741	134830
2	214742	214741
2	214743	134836
2	214744	134841
2	214749	134864
2	214750	134871
2	214751	134878
2	214753	134888
2	214754	134896
2	214755	134899
2	214757	134916
2	214760	134947
2	214761	134953
2	214762	134954
2	214770	134994
2	214771	135008
2	214773	135016
2	214775	135024
2	214776	135030
2	214777	212326
2	214778	135044
2	214782	135078
2	214783	135085
2	214784	135092
2	214785	135096
2	214786	135104
2	214787	135110
2	214788	135124
2	214789	135128
2	214791	135138
2	214793	135155
2	214794	135165
2	214795	135166
2	214798	135179
2	214799	135183
2	214801	135198
2	214803	135211
2	214804	135215
2	214807	135229
2	214809	135241
2	214810	135248
2	214812	135254
2	214813	135263
2	214814	135266
2	214815	135270
2	214816	135272
2	214817	135275
2	214818	135277
2	214822	135296
2	214825	135318
2	214826	135328
2	214830	135347
2	214831	135355
2	214832	135362
2	214835	135370
2	214836	135375
2	214842	213390
2	214843	135403
2	214844	135407
2	214851	135435
2	214856	135461
2	214857	135468
2	214859	135473
2	214860	135476
2	214861	135483
2	214865	135498
2	214867	211109
2	214868	214867
2	214870	135530
2	214871	135532
2	214873	135536
2	214876	135552
2	214884	135576
2	214887	135593
2	214891	135610
2	214892	135617
2	214893	135620
2	214894	135623
2	214895	135627
2	214897	135639
2	214898	135642
2	214899	135645
2	214906	135665
2	214907	135670
2	214917	135726
2	214918	135728
2	214919	135731
2	214920	135736
2	214921	135741
2	214922	135744
2	214925	135759
2	214928	135772
2	214929	135773
2	214931	135779
2	214932	135784
2	214934	135794
2	214936	135808
2	214938	135819
2	214939	135823
2	214940	135824
2	214942	135838
2	214943	135846
2	214944	135847
2	214947	135857
2	214948	135865
2	214956	135919
2	214958	135937
2	214959	135943
2	214962	135951
2	214963	135955
2	214964	135956
2	214966	135966
2	214971	135980
2	214972	135987
2	214976	136001
2	214977	136004
2	214980	136021
2	214982	136036
2	214983	136044
2	214984	136050
2	214986	136063
2	214987	136066
2	214990	136074
2	214996	136101
2	214998	136110
2	214999	136115
2	215000	136118
2	215004	136140
2	215005	136145
2	215011	136168
2	215012	136173
2	215013	136175
2	215015	136182
2	215016	136191
2	215017	136196
2	215018	136198
2	215019	136207
2	215020	136208
2	215021	136212
2	215023	136223
2	215024	136226
2	215025	136230
2	215026	136232
2	215027	136235
2	215029	136242
2	215034	136261
2	215035	136270
2	215037	136278
2	215039	136291
2	215044	136308
2	215045	136318
2	215046	136322
2	215047	136325
2	215048	136329
2	215049	136330
2	215050	136342
2	215059	136383
2	215060	136391
2	215063	136409
2	215064	136411
2	215073	136470
2	215076	136481
2	215078	136498
2	215080	136508
2	215081	136520
2	215083	136532
2	215084	136537
2	215085	136543
2	215087	136556
2	215090	136565
2	215092	136578
2	215093	136582
2	215094	136588
2	215097	136601
2	215100	136622
2	215102	136631
2	215116	136668
2	215119	136681
2	215122	136698
2	215123	214753
2	215124	136712
2	215125	136717
2	215126	136723
2	215127	136727
2	215128	136733
2	215132	136759
2	215133	136764
2	215134	136765
2	215137	136785
2	215138	136791
2	215139	136795
2	215140	136813
2	215141	136821
2	215144	136839
2	215148	136850
2	215150	136862
2	215155	136901
2	215156	215155
2	215157	136912
2	215158	136916
2	215163	136950
2	215167	136973
2	215169	136986
2	215170	136996
2	215171	136997
2	215190	137063
2	215191	137070
2	215192	137072
2	215193	137074
2	215195	137081
2	215196	137087
2	215197	137092
2	215198	137096
2	215202	214313
2	215203	137126
2	215204	137130
2	215206	137136
2	215208	213156
2	215210	137154
2	215211	137158
2	215212	137164
2	215213	137168
2	215214	137178
2	215215	137181
2	215217	137187
2	215218	137191
2	215219	137199
2	215220	137202
2	215221	137205
2	215222	137208
2	215223	137218
2	215224	137221
2	215225	137224
2	215227	214990
2	215228	137245
2	215229	137250
2	215231	137258
2	215232	137265
2	215233	137270
2	215236	137303
2	215237	137317
2	215238	137321
2	215239	137331
2	215241	215005
2	215243	137358
2	215244	137366
2	215246	137372
2	215247	137375
2	215249	137384
2	215260	137417
2	215263	137453
2	215264	137450
2	215265	137453
2	215267	137458
2	215269	137463
2	215271	137468
2	215272	137479
2	215274	137502
2	215305	137598
2	215324	137632
2	215326	137644
2	215327	137648
2	215328	137651
2	215329	137654
2	215331	137671
2	215332	137676
2	215334	137683
2	215337	137697
2	215338	137699
2	215339	137706
2	215340	137708
2	215342	137718
2	215343	137724
2	215346	137737
2	215347	137745
2	215348	137747
2	215349	137751
2	215351	137769
2	215356	137786
2	215357	137794
2	215359	137810
2	215360	137814
2	215361	137815
2	215362	137825
2	215363	137840
2	215365	137851
2	215368	137872
2	215374	137898
2	215376	137903
2	215377	137915
2	215378	137916
2	215380	212032
2	215384	137950
2	215385	137954
2	215388	137970
2	215389	214381
2	215390	137983
2	215391	137990
2	215392	137994
2	215393	137995
2	215402	138027
2	215403	138039
2	215404	138046
2	215406	138050
2	215412	138082
2	215416	138112
2	215417	138120
2	215420	138134
2	215421	138158
2	215424	138169
2	215425	138173
2	215426	138181
2	215427	138183
2	215428	138186
2	215429	138187
2	215431	138218
2	215438	138241
2	215442	138270
2	215447	138295
2	215449	138303
2	215460	138335
2	215463	138341
2	215465	138348
2	215466	138352
2	215467	138356
2	215472	138370
2	215473	138375
2	215474	138386
2	215475	138389
2	215477	138398
2	215478	138402
2	215480	138411
2	215482	138418
2	215483	138420
2	215484	138427
2	215486	138437
2	215487	138442
2	215488	138446
2	215489	138453
2	215490	138456
2	215491	138461
2	215492	138466
2	215494	138474
2	215495	138481
2	215496	138492
2	215510	138517
2	215511	138520
2	215513	138528
2	215516	138545
2	215517	138553
2	215518	138558
2	215519	138571
2	215521	138576
2	215526	138595
2	215530	138611
2	215531	138619
2	215532	138622
2	215533	138628
2	215534	138630
2	215537	138653
2	215538	138660
2	215546	138697
2	215556	138734
2	215576	213280
2	215578	138772
2	215579	138780
2	215580	138789
2	215581	138790
2	215582	138797
2	215584	138814
2	215585	138819
2	215588	138839
2	215590	138844
2	215591	138849
2	215592	138856
2	215595	138871
2	215596	138880
2	215598	138902
2	215599	138906
2	215600	212906
2	215601	138921
2	215605	138949
2	215607	138971
2	215624	139009
2	215625	139016
2	215626	139024
2	215629	139037
2	215632	139045
2	215633	139046
2	215635	139062
2	215636	139065
2	215637	139066
2	215638	139072
2	215640	139080
2	215641	139085
2	215642	139095
2	215643	139096
2	215646	139107
2	215647	139116
2	215648	139122
2	215649	139126
2	215650	139129
2	215651	139135
2	215669	139174
2	215670	139177
2	215671	139182
2	215676	139208
2	215678	139223
2	215679	139230
2	215681	139240
2	215685	139256
2	215686	139261
2	215688	139274
2	215689	139278
2	215690	139285
2	215695	139301
2	215697	139310
2	215698	139311
2	215699	139328
2	215701	214157
2	215702	139341
2	215703	139346
2	215705	139355
2	215706	139359
2	215708	139367
2	215709	139378
2	215710	139380
2	215711	139382
2	215712	139387
2	215713	139390
2	215714	139391
2	215726	139437
2	215730	139458
2	215733	139473
2	215735	139479
2	215736	139484
2	215739	139489
2	215741	139503
2	215742	139507
2	215744	139517
2	215750	139562
2	215752	139578
2	215767	139608
2	215770	139615
2	215771	139620
2	215786	139648
2	215787	139652
2	215788	139653
2	215791	139667
2	215792	139671
2	215796	139686
2	215805	139737
2	215806	139744
2	215809	139759
2	215812	139783
2	215815	139797
2	215816	139800
2	215817	139804
2	215818	139809
2	215820	139820
2	215821	139822
2	215822	139838
2	215823	139844
2	215825	139854
2	215828	139862
2	215829	139869
2	215831	139884
2	215832	139890
2	215837	139917
2	215839	139925
2	215840	139928
2	215841	139931
2	215843	139943
2	215845	139956
2	215846	139961
2	215847	139965
2	215849	139971
2	215850	139998
2	215854	140018
2	215855	140023
2	215858	140033
2	215867	140068
2	215870	140082
2	215871	140089
2	215872	140091
2	215873	140093
2	215874	140094
2	215876	140102
2	215877	140106
2	215878	140108
2	215879	140110
2	215882	140116
2	215883	140121
2	215884	140129
2	215886	140137
2	215887	140141
2	215888	140151
2	215889	140163
2	215890	140174
2	215892	140183
2	215893	140190
2	215897	140201
2	215898	140203
2	215899	140205
2	215903	140222
2	215911	140366
2	215912	140367
2	215917	140386
2	215927	140417
2	215928	140423
2	215929	140429
2	215931	140433
2	215932	140435
2	215933	140439
2	215934	140443
2	215935	140451
2	215936	140453
2	215937	140458
2	215938	140468
2	215940	140476
2	215941	214753
2	215943	140492
2	215944	140504
2	215945	140508
2	215950	140535
2	215955	140560
2	215956	211653
2	215957	140565
2	215963	140582
2	215966	140603
2	215967	140611
2	215969	140620
2	215970	140627
2	215971	140635
2	215972	140637
2	215973	140642
2	215976	140680
2	215978	140691
2	215980	140706
2	215981	140712
2	215982	140717
2	215984	140726
2	215985	140732
2	215987	140741
2	215988	140746
2	215989	140751
2	215991	140759
2	215993	140773
2	215996	140795
2	215997	140803
2	215998	140804
2	215999	140807
2	216001	140822
2	216002	140826
2	216006	140846
2	216007	140850
2	216010	140866
2	216013	140882
2	216015	140890
2	216018	140909
2	216019	140921
2	216020	140922
2	216021	140926
2	216022	140931
2	216023	140935
2	216025	140946
2	216027	140956
2	216032	140977
2	216033	140982
2	216036	140994
2	216037	140997
2	216038	141000
2	216039	141009
2	216041	212911
2	216044	141026
2	216047	141038
2	216048	141044
2	216049	141047
2	216050	141058
2	216051	141061
2	216052	141067
2	216053	141068
2	216054	141084
2	216055	141087
2	216059	141114
2	216060	141120
2	216062	141130
2	216064	141141
2	216065	141144
2	216066	141147
2	216067	141158
2	216068	141162
2	216069	141163
2	216072	141185
2	216081	141237
2	216084	141253
2	216085	141258
2	216086	141263
2	216105	141305
2	216109	141322
2	216113	141344
2	216114	141349
2	216115	141355
2	216116	141359
2	216120	141378
2	216121	141384
2	216123	141392
2	216124	141396
2	216125	141398
2	216127	141408
2	216128	141411
2	216130	141420
2	216131	141432
2	216133	215340
2	216134	141449
2	216140	141484
2	216141	141499
2	216142	141503
2	216161	141544
2	216163	141554
2	216164	141556
2	216165	141559
2	216167	141566
2	216183	141597
2	216185	141607
2	216187	141618
2	216188	141622
2	216198	141682
2	216201	141705
2	216202	141708
2	216204	141718
2	216205	141725
2	216206	141726
2	216207	141743
2	216211	141760
2	216212	141770
2	216213	141776
2	216214	141782
2	216216	141802
2	216220	141819
2	216222	141829
2	216223	141834
2	216224	141835
2	216226	141841
2	216229	141872
2	216230	141874
2	216231	141877
2	216232	141886
2	216233	141888
2	216234	141891
2	216235	141895
2	216238	141909
2	216240	141921
2	216241	141928
2	216242	141929
2	216243	141933
2	216244	141938
2	216247	141952
2	216248	141961
2	216249	141967
2	216251	141979
2	216252	141986
2	216254	141994
2	216256	142003
2	216258	142012
2	216259	142019
2	216260	142023
2	216262	142033
2	216265	142059
2	216266	142061
2	216269	212057
2	216271	142089
2	216273	142100
2	216275	142105
2	216278	142121
2	216279	142125
2	216280	142128
2	216281	142132
2	216284	142141
2	216288	142158
2	216289	142162
2	216290	142165
2	216291	142168
2	216292	142169
2	216293	142173
2	216294	142175
2	216295	142182
2	216296	142188
2	216297	142202
2	216298	142207
2	216299	142213
2	216300	142217
2	216304	142223
2	216309	142232
2	216310	142238
2	216315	142265
2	216318	142277
2	216319	142282
2	216321	142294
2	216322	142295
2	216324	142305
2	216326	142312
2	216327	142316
2	216328	142321
2	216329	142327
2	216332	142337
2	216334	142357
2	216340	142384
2	216341	142395
2	216342	142398
2	216344	142404
2	216348	142434
2	216350	142444
2	216351	142447
2	216354	142463
2	216357	142472
2	216358	142476
2	216359	142483
2	216361	142494
2	216362	142499
2	216365	142506
2	216369	142517
2	216370	142528
2	216371	142536
2	216372	142547
2	216373	142548
2	216374	142552
2	216376	142560
2	216378	142566
2	216379	142570
2	216380	142572
2	216382	142583
2	216383	211351
2	216384	142599
2	216385	142606
2	216386	142609
2	216387	142618
2	216389	142622
2	216391	142636
2	216393	142643
2	216394	142646
2	216395	142654
2	216401	142665
2	216402	142669
2	216408	142695
2	216411	142712
2	216412	142718
2	216414	142730
2	216415	142736
2	216416	142737
2	216419	142751
2	216423	142786
2	216427	142795
2	216428	142799
2	216429	142802
2	216433	142820
2	216436	142833
2	216437	142836
2	216440	142868
2	216441	142877
2	216442	142878
2	216443	142882
2	216444	142889
2	216450	142917
2	216451	142925
2	216452	142929
2	216453	142932
2	216455	142946
2	216458	142965
2	216459	142970
2	216462	142984
2	216477	143038
2	216478	143049
2	216479	143050
2	216480	143056
2	216481	143061
2	216482	143062
2	216483	143072
2	216484	143080
2	216485	143086
2	216486	143090
2	216487	143093
2	216488	143096
2	216491	143108
2	216494	143134
2	216497	143145
2	216498	143157
2	216499	143163
2	216502	143169
2	216503	143178
2	216504	143182
2	216508	143197
2	216512	143229
2	216513	143234
2	216517	143253
2	216519	143266
2	216520	143268
2	216524	143281
2	216529	143311
2	216530	143318
2	216531	143320
2	216532	143324
2	216533	143325
2	216534	143334
2	216535	143343
2	216536	143350
2	216537	143351
2	216538	143363
2	216543	143401
2	216544	143403
2	216546	143406
2	216547	143418
2	216549	143431
2	216550	143436
2	216552	143443
2	216553	143445
2	216558	143455
2	216566	143489
2	216570	143519
2	216572	143536
2	216573	143542
2	216574	143545
2	216575	143548
2	216576	211109
2	216577	143556
2	216578	143562
2	216579	143567
2	216581	143579
2	216582	143582
2	216584	143586
2	216585	143589
2	216587	143597
2	216588	143601
2	216589	143606
2	216617	182820
2	216618	143745
2	216619	143751
2	216620	143755
2	216622	143759
2	216626	143769
2	216629	143777
2	216630	143781
2	216631	143784
2	216634	143791
2	216647	143818
2	216654	143836
2	216659	143846
2	216661	143850
2	216664	143857
2	216668	143866
2	216669	143869
2	216679	143890
2	216688	143908
2	216694	143923
2	216695	143926
2	216696	143929
2	216698	143933
2	216699	143939
2	216702	143943
2	216717	143976
2	216719	143981
2	216720	143986
2	216725	143997
2	216726	144000
2	216727	144004
2	216729	144011
2	216730	144013
2	216731	144015
2	216732	144016
2	216735	144022
2	216738	144030
2	216739	144033
2	216740	144034
2	216741	144037
2	216743	144041
2	216744	144044
2	216746	144050
2	216747	144053
2	216748	144056
2	216752	144068
2	216753	144070
2	216755	144076
2	216756	144078
2	216757	144079
2	216758	144082
2	216759	144083
2	216764	144096
2	216765	144100
2	216768	144108
2	216771	144117
2	216772	144118
2	216773	144121
2	216774	144124
2	216776	144131
2	216777	144134
2	216778	144137
2	216785	144155
2	216786	144159
2	216789	144165
2	216800	144194
2	216804	144210
2	216805	144211
2	216806	144212
2	216807	144213
2	216808	144214
2	216809	144215
2	216810	144216
2	216811	144217
2	216812	144218
2	216814	144220
2	216815	144221
2	216816	144222
2	216817	144223
2	216818	144224
2	216820	144227
2	216821	144228
2	216822	216812
2	216823	144230
2	216824	144231
2	216825	144232
2	216826	144233
2	216827	144234
2	216829	144236
2	216830	144237
2	216831	144238
2	216832	144239
2	216833	144240
2	216834	144241
2	216845	144290
2	216858	208649
2	216859	144386
2	216941	144805
2	217132	145799
2	217160	216845
2	217288	217160
2	217306	146666
2	217320	146714
2	217326	146746
2	217328	146755
2	217329	146760
2	217342	146817
2	217345	146827
2	217349	146853
2	217350	146861
2	217352	146878
2	217356	146898
2	217357	146902
2	217366	146921
2	217367	146923
2	217385	147006
2	217386	147009
2	217387	147012
2	217393	147024
2	217394	147029
2	217398	147051
2	217401	147071
2	217403	147078
2	217404	147086
2	217412	147126
2	217413	147131
2	217417	147149
2	217418	147153
2	217420	147161
2	217421	147171
2	217423	147178
2	217425	147188
2	217426	147192
2	217427	211281
2	217440	147250
2	217441	147254
2	217442	147262
2	217444	147273
2	217445	147276
2	217447	147295
2	217452	147311
2	217453	147314
2	217455	147328
2	217456	147328
2	217457	147333
2	217458	147334
2	217459	147338
2	217460	147339
2	217461	147343
2	217478	147435
2	217481	147450
2	217482	147461
2	217485	147481
2	217486	147487
2	217688	148212
2	217690	148224
2	217691	148231
2	217724	148405
2	217739	148455
2	217741	148470
2	217766	148597
2	217772	148641
2	217773	148648
2	217841	148989
2	217843	149001
2	217961	149601
2	217962	149607
2	217963	149613
2	217965	149625
2	217966	149631
2	218009	149846
2	218011	149861
2	218131	150413
2	218135	150434
2	218194	150724
2	218197	150742
2	218255	151028
2	218257	151041
2	218258	151047
2	218259	151052
2	218260	151059
2	218261	151066
2	218264	151085
2	218284	151192
2	218365	151584
2	218471	152107
2	218472	152113
2	218474	152125
2	218488	152209
2	218653	152993
2	218803	153768
2	218989	154654
2	218990	154660
2	219074	155057
2	219270	155899
2	219296	156005
2	219303	156036
2	219322	156124
2	219324	156133
2	219336	156191
2	219410	156570
2	219450	156771
2	219451	156777
2	219608	157437
2	219609	157443
2	219610	157450
2	219711	157956
2	219720	157999
2	219758	158171
2	219824	158519
2	219826	158530
2	219832	158565
2	219923	159051
2	220038	159593
2	220040	159605
2	220041	159611
2	220042	159617
2	220057	159686
2	220074	159730
2	220132	160022
2	220157	160147
2	220233	160481
2	220234	160487
2	220258	160620
2	220281	160726
2	220352	150479
2	220529	161530
2	220531	161544
2	220532	161550
2	221194	163133
2	221195	163139
2	221198	163159
2	221210	163200
2	221264	163429
2	221269	163461
2	221309	163664
2	221353	163857
2	221392	164053
2	221393	164060
2	221394	164067
2	221492	164497
2	221493	164503
2	221494	164510
2	221535	164703
2	221641	165229
2	221845	166192
2	221894	166421
2	222037	167036
2	222040	167052
2	222044	167070
2	222074	167176
2	222075	167182
2	222119	167402
2	222136	167480
2	222293	168166
2	222305	168220
2	222406	168672
2	222476	169011
2	222477	169018
2	222516	169195
2	222566	169392
2	222652	169779
2	222653	169785
2	222669	169827
2	222699	169971
2	222709	170029
2	222756	170257
2	222774	170349
2	222793	170454
2	222795	170468
2	222797	170480
2	222957	171247
2	222975	171355
2	223046	171689
2	223086	171892
2	223518	174084
2	223519	174089
2	223569	174335
2	223570	174341
2	223622	174565
2	223623	174566
2	223809	175267
2	223817	175306
2	223820	175325
2	223825	175349
2	223826	175353
2	223828	175836
2	223829	175368
2	223830	175373
2	223832	175382
2	223836	175415
2	223839	175429
2	223841	175444
2	223842	175448
2	223853	175473
2	223856	175491
2	223858	175506
2	223859	175511
2	223862	175526
2	223863	175531
2	223864	175539
2	223865	175544
2	223867	175554
2	223868	175558
2	223871	175573
2	223873	175619
2	223874	175625
2	223875	175629
2	223876	175638
2	223877	175644
2	223878	175646
2	223882	175666
2	223883	175672
2	223884	175680
2	223887	175692
2	223889	175703
2	223891	175716
2	223893	175725
2	223894	175729
2	223897	175749
2	223898	175754
2	223899	175761
2	223901	175774
2	223906	175801
2	223909	175823
2	223910	175827
2	223911	175832
2	223912	175836
2	223913	175844
2	223915	175853
2	223916	175860
2	223918	175871
2	223919	175876
2	223920	175880
2	223922	175891
2	223923	175898
2	223926	175913
2	223927	175919
2	223930	175934
2	223931	175937
2	223932	175943
2	223935	175958
2	223936	175966
2	223937	175971
2	223938	175974
2	223939	175982
2	223945	176024
2	223947	176037
2	223948	176042
2	223951	176059
2	223953	176071
2	223957	176088
2	223991	176201
2	223992	176207
2	223993	176213
2	224160	176970
2	224177	177077
2	224578	178863
2	224588	178908
2	224613	179025
2	224614	179031
2	224618	179048
2	224635	179130
2	224659	179269
2	224660	179275
2	224662	179286
2	224663	179292
2	224814	179972
2	224839	180065
2	225017	180880
2	225022	180912
2	225101	181290
2	225140	181488
2	225142	215966
3	8	-1
3	21	8
3	33	21
3	40	33
3	42	40
3	47	33
3	58	47
3	63	47
3	67	47
3	99	47
3	105	33
3	107	99
3	114	47
3	122	99
3	129	47
3	142	105
3	155	47
3	159	122
3	168	99
3	173	99
3	178	107
3	184	107
3	192	142
3	203	159
3	208	47
3	219	159
3	229	168
3	258	114
3	264	178
3	270	229
3	273	168
3	281	264
3	283	281
3	289	229
3	299	258
3	313	58
3	318	47
3	320	318
3	325	299
3	333	289
3	337	318
3	342	105
3	345	33
3	350	178
3	359	289
3	371	273
3	379	371
3	380	47
3	383	184
3	386	345
3	400	380
3	404	40
3	406	404
3	408	406
3	418	359
3	436	264
3	444	105
3	459	325
3	462	459
3	465	462
3	484	462
3	494	462
3	497	462
3	500	484
3	504	500
3	507	459
3	513	462
3	520	462
3	523	504
3	526	520
3	532	484
3	536	484
3	550	536
3	555	523
3	558	462
3	561	526
3	565	532
3	568	561
3	576	459
3	579	576
3	610	532
3	613	536
3	619	613
3	627	576
3	634	576
3	637	579
3	641	634
3	650	568
3	718	21
3	727	418
3	747	8
3	765	747
3	775	747
3	776	747
3	808	775
3	833	808
3	854	833
3	860	854
3	889	808
3	906	833
3	913	906
3	920	906
3	934	808
3	942	906
3	948	906
3	996	178
3	2030	436
3	2054	854
3	2064	2054
3	2070	2064
3	2119	2070
3	2136	2119
3	2148	2119
3	2155	2136
3	2171	889
3	2181	47
3	2217	2181
3	2256	2148
3	2263	2256
3	2269	2263
3	2275	2269
3	2300	2119
3	2308	2300
3	2328	2300
3	2349	2328
3	2356	2349
3	2379	2349
3	2392	2379
3	2405	342
3	2411	2275
3	2447	2119
3	2457	8
3	2487	2411
3	2496	2487
3	2509	2496
3	2516	2119
3	2525	2447
3	2533	2525
3	2583	47
3	2594	906
3	2626	350
3	2629	2626
3	2632	2626
3	2703	270
3	2778	2411
3	2854	2181
3	2859	2217
3	2862	2859
3	2865	2862
3	2872	2859
3	2889	2308
3	2962	2778
3	2984	2778
3	3013	2854
3	3021	2859
3	3027	2984
3	3047	2984
3	3065	3047
3	3073	3065
3	3087	3047
3	3095	2984
3	3103	2889
3	3113	3013
3	3165	2778
3	3274	2862
3	3280	3274
3	3283	3280
3	3292	3280
3	3313	2447
3	3352	21
3	3371	3313
3	3387	3313
3	3406	3387
3	3443	3406
3	3469	3387
3	3508	3443
3	3543	3406
3	3591	3165
3	3605	3591
3	3614	3013
3	3621	3021
3	3627	3621
3	3631	3621
3	3634	3631
3	3681	2984
3	3690	3027
3	3709	3087
3	3718	3709
3	3726	3087
3	3735	2854
3	3743	3621
3	3747	3743
3	4064	3406
3	4092	4064
3	4144	2778
3	4376	3406
3	4384	3165
3	4421	3095
3	4428	2984
3	4505	3313
3	4512	4384
3	4523	4384
3	4532	4523
3	4555	4523
3	4570	4512
3	4585	4523
3	4599	4585
3	4604	4570
3	4621	3614
3	4627	3634
3	4631	3621
3	4634	4627
3	4640	3292
3	4779	3614
3	4787	3747
3	4794	3352
3	4833	3627
3	4844	3371
3	4852	4512
3	4873	4634
3	4920	3021
3	4927	4920
3	4933	4920
3	4937	2984
3	4953	289
3	4958	3073
3	4965	4958
3	4972	3065
3	4981	4958
3	4988	4958
3	5001	4958
3	5050	4794
3	5091	3292
3	5115	4384
3	5299	3735
3	5303	3743
3	5306	5303
3	5310	5306
3	5316	5310
3	5319	5306
3	5357	3591
3	5393	3614
3	5405	3631
3	5408	3627
3	5412	5408
3	5417	5405
3	5420	5408
3	5428	5417
3	5431	5405
3	5434	5405
3	5438	5405
3	5445	3621
3	5448	5405
3	5454	5420
3	5469	5299
3	5474	5303
3	5477	5303
3	5665	3747
3	5690	4523
3	5701	5299
3	5706	5665
3	5709	3165
3	5717	5709
3	5725	4555
3	5734	4570
3	5742	5725
3	5750	5725
3	5780	4640
3	5818	4787
3	5847	3591
3	5856	3605
3	5862	5856
3	5868	5856
3	5873	4621
3	5879	3634
3	5885	5879
3	5888	5885
3	5892	5885
3	5896	4634
3	5901	3621
3	5904	5901
3	5918	3027
3	5926	4505
3	5992	3543
3	6008	5992
3	6025	6008
3	6063	5001
3	6071	6063
3	6077	6071
3	6192	4092
3	6245	2962
3	6255	6245
3	6333	4428
3	6338	6333
3	6343	6338
3	6368	3047
3	6378	6333
3	6411	6063
3	6436	6411
3	6456	6436
3	6545	3103
3	6663	6436
3	6669	6456
3	6676	6411
3	6920	4585
3	6951	4421
3	6965	6951
3	6972	3087
3	6987	6951
3	7001	6951
3	7012	7001
3	7019	5701
3	7024	5706
3	7034	7024
3	7107	3371
3	7112	7107
3	7128	3508
3	7215	3387
3	7259	21
3	7267	7112
3	7317	7107
3	7375	4953
3	7410	7267
3	7417	7112
3	7425	7417
3	7443	7410
3	7477	7410
3	7484	7477
3	7495	7477
3	7503	3352
3	7526	7410
3	7581	7425
3	7587	7417
3	7595	7410
3	7608	7595
3	7615	7587
3	7676	3406
3	7684	7676
3	7694	7684
3	7702	7684
3	7726	7694
3	7745	7410
3	7795	3543
3	7806	7795
3	7827	7806
3	7870	7684
3	7887	7870
3	8024	4920
3	8096	5818
3	8104	5818
3	8110	5818
3	8115	3274
3	8122	3709
3	8132	3709
3	8241	8110
3	8261	6411
3	8269	3709
3	8286	8269
3	8293	8269
3	8491	8241
3	8522	8491
3	8547	8522
3	8583	8491
3	8707	8522
3	8946	4599
3	9033	5115
3	9044	3735
3	9050	9033
3	9057	9050
3	9075	9033
3	9081	9050
3	9087	9044
3	9092	9087
3	9104	9081
3	9109	9033
3	9123	9081
3	9139	9087
3	9143	9139
3	9147	9075
3	9209	4920
3	9215	4920
3	9218	9215
3	9222	9218
3	9226	9222
3	9231	9222
3	9262	2778
3	9279	5992
3	9302	6008
3	9309	9262
3	9442	4873
3	9483	4779
3	9487	5896
3	9492	5417
3	9497	9492
3	9501	9492
3	9504	9497
3	9508	4787
3	9512	9497
3	9516	8115
3	9528	7012
3	9536	2984
3	9543	6972
3	9567	5780
3	9570	8241
3	9573	9570
3	9577	9573
3	9581	9573
3	9584	9573
3	9588	5412
3	9640	6920
3	9648	5701
3	9717	4640
3	9771	5709
3	9777	5690
3	9784	9777
3	9789	5115
3	9797	9789
3	9858	9262
3	9873	9858
3	9887	9858
3	9894	9887
3	10033	5742
3	10136	3735
3	10157	3165
3	10188	5477
3	10193	4512
3	10201	9536
3	10208	10201
3	10231	10208
3	10238	10201
3	10244	4428
3	10249	10201
3	10320	8110
3	10389	9279
3	10397	8
3	10401	10320
3	10404	10401
3	10407	10401
3	10445	3735
3	10453	5474
3	10482	10445
3	10486	5665
3	10490	10486
3	10641	3021
3	10655	9588
3	10659	5428
3	10665	10659
3	10669	10659
3	10673	10669
3	10677	10669
3	10681	10659
3	10692	10677
3	10697	5420
3	10742	8261
3	10750	3047
3	10786	10136
3	10793	5879
3	10798	10793
3	10802	10793
3	10805	10793
3	10809	10793
3	10813	10802
3	10817	10809
3	10820	10798
3	10825	10798
3	10829	2862
3	10834	10829
3	10840	10829
3	10845	5477
3	10848	10845
3	10851	10845
3	10854	10845
3	10857	10851
3	10861	10857
3	10865	10861
3	10868	10854
3	10871	10861
3	10916	7477
3	11300	4779
3	11315	6456
3	11432	10916
3	11463	10389
3	11470	11463
3	11476	7267
3	11612	8293
3	11620	8132
3	11627	11612
3	11633	11627
3	11643	11627
3	11649	11643
3	11655	11627
3	11661	11612
3	11704	5665
3	11850	5862
3	11856	11850
3	11869	3605
3	11989	3047
3	11998	11989
3	12064	9483
3	12073	10669
3	12077	12073
3	12080	12073
3	12084	12077
3	12087	12084
3	12091	12080
3	12094	12084
3	12098	12091
3	12102	10805
3	12271	9789
3	12281	12271
3	12367	10750
3	12376	12367
3	12389	12376
3	12404	12389
3	12411	12376
3	12417	6456
3	12509	7443
3	12591	6063
3	12664	10750
3	12672	6951
3	12679	11998
3	12696	10136
3	12701	10871
3	12705	9487
3	12708	12701
3	12718	12708
3	12721	12708
3	12724	12721
3	12727	12724
3	12730	12718
3	12734	12701
3	12818	4779
3	12858	7477
3	12864	12858
3	12870	9858
3	12882	12864
3	12889	12864
3	12896	12858
3	12901	12882
3	12908	12882
3	12914	12864
3	12937	10655
3	12942	5428
3	12945	4631
3	12952	12942
3	12955	12945
3	12958	12955
3	12961	12958
3	13069	9516
3	13074	9570
3	13082	9789
3	13174	8115
3	13178	13174
3	13183	13178
3	13186	3292
3	13217	3735
3	13453	4505
3	13477	4376
3	13483	12064
3	13486	10659
3	13489	13486
3	13492	12073
3	13496	13492
3	13500	13496
3	13557	12591
3	13566	13557
3	13573	13566
3	13581	11661
3	13590	13581
3	13721	9512
3	13809	10136
3	13814	12077
3	13819	3047
3	13827	4421
3	13834	10750
3	13850	13834
3	13859	13834
3	13865	3073
3	13878	10829
3	13882	3747
3	13988	4833
3	14056	4920
3	14189	9262
3	14202	7034
3	14206	7024
3	14211	7034
3	14321	7019
3	14371	9771
3	14529	12696
3	14533	12701
3	14549	4833
3	14591	9516
3	14600	3292
3	14605	9516
3	14608	10401
3	14746	11869
3	14758	14746
3	14782	14758
3	14787	11869
3	14834	11300
3	14837	13492
3	14840	14837
3	14843	14837
3	14871	3095
3	14890	3614
3	14894	10673
3	14908	3165
3	14930	5115
3	14948	4604
3	14956	5690
3	14971	11869
3	14985	6343
3	15044	9797
3	15050	9887
3	15071	4532
3	15161	11300
3	15165	10845
3	15185	13878
3	15189	15165
3	15193	12942
3	15197	15189
3	15200	15193
3	15205	15193
3	15208	15193
3	15211	15205
3	15219	15211
3	15222	15219
3	15225	15222
3	15229	15189
3	15232	15219
3	15260	14890
3	15282	14834
3	15286	14843
3	15289	15286
3	15295	15286
3	15298	15295
3	15304	15286
3	15307	15298
3	15310	15298
3	15313	15310
3	15316	15295
3	15319	15286
3	15353	15165
3	15362	9771
3	15369	15260
3	15379	15165
3	15391	15379
3	15400	15189
3	15421	15282
3	15426	14840
3	15451	15362
3	15458	15400
3	15462	3709
3	15471	12664
3	15492	15362
3	15561	13850
3	15570	14871
3	15600	15561
3	15609	15369
3	15632	8096
3	15651	14890
3	15654	15219
3	15667	15260
3	15672	15229
3	15683	14985
3	15690	13834
3	15699	14956
3	15707	14948
3	15722	15707
3	15730	15707
3	15737	14930
3	15747	8269
3	15756	14890
3	15770	14948
3	15782	13069
3	15790	15379
3	15795	15790
3	15798	15790
3	15954	12937
3	15963	15197
3	15975	15362
3	15989	14189
3	15997	15570
3	16031	15707
3	16039	14985
3	16061	15492
3	16069	14890
3	16086	14930
3	16113	3095
3	16159	8115
3	16164	15492
3	16205	15471
3	16227	16069
3	16283	15161
3	16286	14843
3	16289	16286
3	16294	16289
3	16300	16294
3	16303	16289
3	16306	16289
3	16309	16286
3	16312	16309
3	16315	16300
3	16318	15400
3	16345	8261
3	16354	10201
3	16394	15161
3	16397	16312
3	16402	16397
3	16405	16402
3	16415	15997
3	16447	14189
3	16469	15997
3	16500	3591
3	16524	15161
3	16528	16289
3	16532	2181
3	16554	15632
3	16567	3591
3	16578	16567
3	16586	16227
3	16591	16086
3	16613	15654
3	16644	15458
3	16650	7012
3	16671	13827
3	16720	14189
3	16751	13834
3	16793	16031
3	16817	16354
3	16857	15737
3	16873	13809
3	16886	15600
3	16895	3709
3	16904	16895
3	16987	6545
3	17101	6951
3	17108	17101
3	17115	17108
3	17121	17115
3	17136	17101
3	17195	4376
3	17302	2962
3	17420	12367
3	17429	6972
3	17449	10208
3	17480	15362
3	17487	15362
3	17494	5725
3	17502	17487
3	17507	17480
3	17514	17502
3	17520	17507
3	17827	13557
3	17839	6920
3	17863	15707
3	17872	11661
3	17880	6920
3	17887	17480
3	17893	5115
3	17902	17893
3	17909	17902
3	17921	17893
3	17931	13069
3	17999	4064
3	18069	16873
3	18074	12705
3	18082	12077
3	18222	15379
3	18225	5310
3	18228	18222
3	18231	18222
3	18238	3274
3	18244	14600
3	18452	12591
3	18460	4532
3	18470	9789
3	18487	18460
3	18497	18470
3	18506	4384
3	18524	14956
3	18534	4933
3	18543	4933
3	18555	8096
3	18564	3021
3	18582	5091
3	18609	16886
3	18629	3681
3	18636	18629
3	18645	18609
3	18653	18645
3	18660	15391
3	18663	18222
3	18666	15391
3	18669	8115
3	18675	15400
3	18698	4981
3	18777	5780
3	18827	3073
3	18833	11989
3	18848	13827
3	18901	16886
3	18909	18609
3	18949	9528
3	18956	13827
3	18973	10201
3	18980	3095
3	18987	13483
3	18990	12091
3	18993	13496
3	18996	18993
3	18999	18996
3	19005	18990
3	19008	18996
3	19011	18996
3	19014	18999
3	19017	10453
3	19025	14189
3	19032	7477
3	19059	14529
3	19063	12077
3	19069	19063
3	19072	19063
3	19075	13721
3	19204	18848
3	19224	3087
3	19233	19224
3	19241	16469
3	19248	19224
3	19265	5709
3	19275	3165
3	19332	3735
3	19336	10453
3	19341	19336
3	19363	9717
3	19385	9640
3	19397	13174
3	19401	13186
3	19405	19401
3	19408	19401
3	19414	10157
3	19424	6920
3	19432	17480
3	19438	15451
3	19737	4873
3	19759	18675
3	19762	19759
3	19766	19759
3	19770	19759
3	19774	19766
3	19777	10681
3	19780	12945
3	19783	19777
3	19803	3013
3	19807	10845
3	19850	9442
3	19854	10692
3	19865	16159
3	19871	14608
3	19882	15997
3	19891	3709
3	19899	18629
3	19905	18833
3	19913	2984
3	19920	19905
3	19939	19913
3	19946	19920
3	19951	18653
3	19958	19946
3	19965	19882
3	19986	11476
3	20115	15471
3	20124	20115
3	20139	20115
3	20147	20124
3	20161	20147
3	20186	17429
3	20194	20124
3	20201	20115
3	20214	20194
3	20222	20194
3	20230	20139
3	20236	20201
3	20242	4421
3	20249	20201
3	20255	20222
3	20262	20249
3	20537	14321
3	20559	4833
3	20724	18660
3	20788	15600
3	20805	6965
3	20819	6965
3	20962	19363
3	20995	16751
3	21003	20242
3	21009	19241
3	21029	16671
3	21035	20186
3	21044	21009
3	21053	19224
3	21060	16415
3	21097	18069
3	21216	14746
3	21226	14758
3	21231	21216
3	21237	14787
3	21245	11869
3	21251	21245
3	21256	21226
3	21261	11869
3	21269	21237
3	21276	21261
3	21281	21269
3	21289	14746
3	21300	5780
3	21317	14321
3	21408	19385
3	21416	21408
3	21423	21408
3	21430	19424
3	21526	8132
3	21533	11661
3	21547	21526
3	21554	8132
3	21563	21533
3	21576	14605
3	21579	9570
3	21582	21579
3	21588	21579
3	21591	21582
3	21594	21579
3	21597	21591
3	21600	9584
3	21603	21597
3	21606	21603
3	21624	17863
3	21650	15492
3	21657	14930
3	21730	8115
3	21793	16205
3	21799	19241
3	21812	21793
3	21819	21799
3	21826	21799
3	21838	21812
3	21866	13477
3	21872	13878
3	21876	10854
3	21881	20559
3	21910	9302
3	21956	10482
3	21960	10486
3	21963	21960
3	21966	21960
3	21993	3352
3	22036	10829
3	22153	10641
3	22165	4144
3	22177	22165
3	22183	4144
3	22195	19265
3	22203	5873
3	22210	10669
3	22214	5896
3	22219	5901
3	22227	2859
3	22231	22227
3	22234	22036
3	22238	21876
3	22241	10840
3	22254	3406
3	22332	9789
3	22346	17839
3	22580	4376
3	22645	19986
3	22654	21910
3	22668	22580
3	22752	4421
3	22759	6333
3	22766	22759
3	22774	3087
3	22783	2984
3	22824	21576
3	22880	5780
3	22885	9588
3	22888	10840
3	22892	22888
3	22897	2583
3	22937	10389
3	23052	20788
3	23071	11476
3	23372	3735
3	23375	12084
3	23415	15790
3	23616	14321
3	23821	9771
3	23882	19424
3	23889	5734
3	23903	5091
3	23908	3274
3	23913	23908
3	23916	23913
3	23919	23908
3	23984	21866
3	23997	10750
3	24007	15570
3	24015	15570
3	24023	21029
3	24030	3073
3	24037	6965
3	24053	24015
3	24060	13850
3	24085	23997
3	24100	6951
3	24162	3371
3	24171	6008
3	24233	23372
3	24237	3165
3	24244	21563
3	24259	6368
3	24268	24259
3	24275	8269
3	24283	24275
3	24292	24275
3	24300	24292
3	24308	22759
3	24321	15600
3	24329	11989
3	24347	19241
3	24353	2984
3	24365	18833
3	24380	20995
3	24387	24329
3	24404	12411
3	24465	3065
3	24474	24465
3	24553	12901
3	24656	23415
3	24660	5420
3	24664	23415
3	24809	15790
3	24816	24809
3	24820	24809
3	24829	24809
3	24832	24820
3	24842	15782
3	24848	3165
3	24862	9789
3	24871	24862
3	24890	24862
3	24904	24871
3	24916	9648
3	24919	5706
3	24922	24919
3	25156	8024
3	25178	16159
3	25197	4779
3	25207	15632
3	25209	21588
3	25213	10320
3	25230	10641
3	25235	10641
3	25282	9497
3	25336	13082
3	25347	25336
3	25356	17494
3	25364	21624
3	25372	13850
3	25381	25364
3	25387	25336
3	25395	25347
3	25416	21963
3	25419	21960
3	25661	15651
3	25668	5904
3	25677	4631
3	25680	25677
3	25733	10820
3	25739	19233
3	25747	25739
3	25768	25747
3	25775	18848
3	25803	3073
3	25810	25775
3	25822	25747
3	25920	6008
3	25967	2778
3	25975	11432
3	25987	25975
3	26000	25975
3	26039	3508
3	26070	25920
3	26079	26070
3	26247	3406
3	26249	26247
3	26456	26079
3	26569	25975
3	26858	26249
3	26920	26858
3	26973	26079
3	27043	6411
3	27063	7676
3	27079	27063
3	27096	27079
3	27112	27096
3	27144	27096
3	27152	27063
3	27161	27144
3	27162	27161
3	27178	21
3	27190	15071
3	27196	27190
3	27202	27196
3	27208	27196
3	27215	27202
3	27221	5393
3	27225	23415
3	27228	27225
3	27233	9512
3	27325	15975
3	27454	25372
3	27463	27454
3	27471	27463
3	27559	7887
3	27567	27559
3	27574	27567
3	27580	27559
3	27592	27567
3	27604	27574
3	27618	27567
3	27624	27567
3	27631	27624
3	27665	13069
3	27669	16164
3	27677	5717
3	27684	4532
3	27693	18460
3	27710	4532
3	27718	27677
3	27731	27684
3	27744	22214
3	27749	15400
3	27776	13217
3	27781	10673
3	27785	27781
3	27789	3627
3	27820	18460
3	27829	18487
3	27844	18487
3	27858	27820
3	27867	27829
3	27874	27858
3	27881	27820
3	27895	27874
3	27909	14605
3	27949	21009
3	27973	7795
3	28001	270
3	28015	99
3	28025	21097
3	28028	12718
3	28031	18993
3	28034	28028
3	28041	11704
3	28045	10486
3	28049	28045
3	28129	18497
3	28150	27225
3	28165	16567
3	28173	28165
3	28182	28165
3	28198	28165
3	28212	28165
3	28220	28173
3	28229	28220
3	28321	23052
3	28328	6965
3	28334	12870
3	28341	13878
3	28397	17863
3	28405	27471
3	28414	10742
3	28427	28414
3	28434	28414
3	28440	28414
3	28445	28440
3	28475	24862
3	28487	15747
3	28495	16817
3	28501	28487
3	28510	15747
3	28519	28495
3	28527	8261
3	28533	28487
3	28540	28495
3	28566	28540
3	28571	28519
3	28577	28540
3	28583	28519
3	28636	11470
3	28651	28636
3	28658	28636
3	28665	28636
3	28671	9442
3	28676	4627
3	28836	6456
3	28845	4384
3	28852	28845
3	28860	4512
3	28967	28025
3	28971	19075
3	29008	19385
3	29032	11998
3	29039	4421
3	29055	3095
3	29063	22774
3	29071	29039
3	29085	29055
3	29091	29063
3	29099	29039
3	29106	29063
3	29112	29039
3	29119	29055
3	29125	29039
3	29192	12858
3	29200	29192
3	29223	4833
3	29231	11463
3	29257	24465
3	29264	4972
3	29273	20559
3	29304	13477
3	29313	3709
3	29330	24365
3	29339	18909
3	29348	18909
3	29364	29348
3	29371	29330
3	29471	29304
3	29477	16159
3	29481	16650
3	29494	18698
3	29501	29494
3	29507	6077
3	29512	6676
3	29528	6663
3	29547	27665
3	29657	28852
3	29663	28852
3	29670	29657
3	29771	15071
3	29784	27731
3	29792	4532
3	29805	5469
3	29809	3743
3	29812	12077
3	29815	29809
3	30357	2181
3	30361	13882
3	30435	5115
3	30444	28129
3	30467	30444
3	30474	15044
3	30482	2778
3	30541	7477
3	30548	30541
3	30554	30541
3	30562	30548
3	30567	5393
3	30571	5904
3	30576	30571
3	30582	3631
3	30586	30582
3	30636	14056
3	30643	9487
3	30646	9487
3	30649	10820
3	30653	28031
3	30668	21881
3	30675	30668
3	30685	8024
3	30698	9717
3	30725	12937
3	30729	12945
3	30733	25668
3	30736	30733
3	30739	30736
3	30749	30729
3	30752	21576
3	30783	28651
3	30865	10829
3	30895	15798
3	30898	11704
3	30901	30898
3	30904	30898
3	30911	19759
3	30914	30911
3	30919	19766
3	30922	4634
3	30928	30911
3	30931	22214
3	30935	30919
3	31008	3469
3	31115	13489
3	31122	12077
3	31126	31115
3	31129	10820
3	31322	13557
3	31412	4376
3	31435	13217
3	31440	25677
3	31443	9497
3	31446	31440
3	31456	3735
3	31460	3743
3	31494	5780
3	31498	21597
3	31501	21606
3	31504	21603
3	31508	16164
3	31515	31494
3	31541	18609
3	31551	29348
3	31559	10208
3	31573	19899
3	31580	31541
3	31590	11476
3	31619	10389
3	31633	3735
3	31636	10793
3	31644	31636
3	31647	31644
3	31654	31647
3	31664	29257
3	31681	19059
3	31684	12708
3	31687	5319
3	31690	31687
3	31875	4092
3	32147	24809
3	32150	18663
3	32154	32150
3	32157	12080
3	32161	32147
3	32164	32157
3	32388	29264
3	32394	4965
3	32409	4965
3	32419	15600
3	32434	24387
3	32443	2984
3	32449	22774
3	32457	24023
3	32510	2778
3	32520	32510
3	32554	3735
3	32557	5477
3	32560	15165
3	32724	30725
3	32732	24816
3	32736	32732
3	32740	32732
3	32744	32557
3	32748	32732
3	32754	32736
3	32757	32732
3	32760	32732
3	32763	32732
3	32767	32740
3	32798	3605
3	32807	32798
3	32841	32798
3	32850	3591
3	32867	28533
3	32875	16904
3	32884	32875
3	32926	13074
3	32954	32926
3	33179	19803
3	33185	10641
3	33190	33185
3	33195	25230
3	33243	13566
3	33674	28173
3	33683	18660
3	33720	25178
3	33778	15954
3	33830	16650
3	33844	6987
3	33852	6987
3	33899	11612
3	33908	24244
3	33916	24292
3	33939	18506
3	33947	18660
3	33962	7608
3	33970	30865
3	34131	27196
3	34137	9784
3	34153	15699
3	34158	34131
3	34209	22195
3	34226	4779
3	34230	30653
3	34241	24862
3	34250	31435
3	34258	28676
3	34329	6669
3	34335	34329
3	34342	9858
3	34430	3047
3	34438	3047
3	34458	19204
3	34479	14605
3	34498	8
3	34513	29032
3	34539	12679
3	34549	34539
3	34556	34513
3	34564	6456
3	34665	21956
3	34703	18534
3	34914	24656
3	34917	24829
3	34920	34917
3	34923	19807
3	34926	34923
3	34929	34923
3	34932	34929
3	34935	34929
3	34978	24890
3	35028	2778
3	35037	12908
3	35043	22177
3	35053	21793
3	35062	28334
3	35070	15989
3	35079	10750
3	35088	32449
3	35096	35088
3	35110	19233
3	35117	35096
3	35124	35110
3	35130	2984
3	35146	5303
3	35149	10861
3	35152	35149
3	35186	6245
3	35265	25197
3	35268	9492
3	35273	32754
3	35277	35273
3	35281	35273
3	35294	27325
3	35333	3013
3	35340	3013
3	35358	6255
3	35411	9209
3	35437	26569
3	35583	4873
3	35647	35096
3	35654	29063
3	35876	17420
3	35885	19233
3	35895	32419
3	35901	35885
3	35910	4428
3	35926	35885
3	35935	35926
3	36025	15747
3	36031	24300
3	36038	36031
3	36046	8269
3	36056	24300
3	36072	36038
3	36080	8269
3	36090	36080
3	36106	24237
3	36113	36090
3	36120	33916
3	36127	5780
3	36130	31501
3	36221	25920
3	36262	18452
3	36544	34513
3	36559	28440
3	36574	13827
3	36604	29257
3	36610	12417
3	36617	24365
3	36648	32807
3	36655	36648
3	36674	36655
3	36688	9209
3	36699	9231
3	36728	5701
3	36732	7024
3	36802	27829
3	36830	8115
3	36878	19777
3	36881	36878
3	36964	34131
3	36973	21430
3	36997	2984
3	37034	9516
3	37105	4384
3	37115	28852
3	37122	27867
3	37162	36997
3	37175	15570
3	37190	35062
3	37202	15690
3	37250	37162
3	37258	4570
3	37265	14956
3	37383	24308
3	37395	35096
3	37402	24353
3	37443	8024
3	37449	28182
3	37459	28229
3	37468	32798
3	37515	24916
3	37541	14202
3	37546	7024
3	37563	9858
3	37571	24553
3	37592	22195
3	37608	10655
3	37614	10697
3	37618	30586
3	37622	19780
3	37626	37614
3	37629	19777
3	37635	30931
3	37640	24237
3	37651	14189
3	37682	16650
3	37735	3591
3	37742	32798
3	37759	32807
3	37769	28182
3	37785	37769
3	37792	28182
3	37872	30357
3	37877	5412
3	37883	12945
3	37886	23415
3	37890	3681
3	37904	11704
3	37915	21956
3	37925	2778
3	37931	37563
3	37939	37931
3	38022	29809
3	38025	32147
3	38029	38025
3	38032	19011
3	38038	38032
3	38041	38032
3	38044	38041
3	38048	5303
3	38066	3065
3	38081	38066
3	38087	20819
3	38101	38087
3	38108	24353
3	38123	38066
3	38148	38066
3	38155	38066
3	38163	37541
3	38180	16873
3	38184	12077
3	38188	38184
3	38204	25739
3	38212	24015
3	38219	24085
3	38233	38219
3	38240	21029
3	38247	38219
3	38254	35124
3	38277	38247
3	38284	28328
3	38346	3065
3	38353	38066
3	38375	32147
3	38379	27225
3	38383	10825
3	38387	24832
3	38390	38387
3	38393	4873
3	38562	21035
3	38577	28150
3	38580	38577
3	38583	38580
3	38596	11856
3	38604	38596
3	38612	38596
3	38728	21
3	38742	22654
3	38828	11476
3	38898	6245
3	39016	19865
3	39020	3591
3	39030	28173
3	39061	19059
3	39064	38038
3	39067	12705
3	39070	39067
3	39073	19069
3	39076	39064
3	39079	39067
3	39082	39076
3	39086	5310
3	39090	13453
3	39096	4376
3	39128	39096
3	39135	39128
3	39154	10188
3	39199	17195
3	39261	13174
3	39269	39261
3	39273	39269
3	39277	39269
3	39280	39261
3	39283	39261
3	39293	39273
3	39304	39293
3	39308	39273
3	39312	38375
3	39315	39312
3	39318	39315
3	39321	39318
3	39327	35277
3	39330	39318
3	39341	39327
3	39348	39341
3	39355	37883
3	39392	38148
3	39406	3087
3	39443	28328
3	39466	4787
3	39469	32557
3	39475	39469
3	39478	39469
3	39481	13496
3	39484	39475
3	39490	39475
3	39493	18663
3	39496	39493
3	39499	39490
3	39502	39469
3	39505	13486
3	39511	39496
3	39514	39478
3	39517	39499
3	39520	39505
3	39523	16650
3	39529	4965
3	39544	18069
3	39547	18082
3	39550	10809
3	39625	29192
3	39656	8096
3	39660	8104
3	39663	39660
3	39665	39663
3	39713	27567
3	39789	16159
3	39794	19871
3	39801	22885
3	39840	16650
3	39847	7001
3	39854	21826
3	40002	5701
3	40023	3013
3	40028	25235
3	40033	10641
3	40037	40033
3	40041	40033
3	40164	36728
3	40202	33179
3	40208	33190
3	40212	37640
3	40221	40212
3	40229	39789
3	40235	39794
3	40324	15492
3	40331	4585
3	40529	6008
3	40540	40529
3	40557	39135
3	40593	40557
3	40600	3313
3	40627	25920
3	40675	40529
3	40693	7443
3	40726	19032
3	40762	40529
3	40770	4064
3	40796	40762
3	40856	40762
3	40940	40856
3	40966	40726
3	40982	6663
3	40992	40726
3	41045	7495
3	41051	7484
3	41058	41045
3	41088	21910
3	41108	30554
3	41127	7443
3	41154	24553
3	41267	11476
3	41274	41267
3	41297	41267
3	41304	41297
3	41311	41267
3	41317	41304
3	41323	41304
3	41330	11476
3	41351	7417
3	41359	41304
3	41372	41304
3	41386	21
3	41397	41372
3	41403	41304
3	41411	41351
3	41441	3406
3	41484	4505
3	41495	27973
3	41505	26079
3	41515	41505
3	41529	26858
3	41539	41529
3	41548	41539
3	41560	41495
3	41571	28651
3	41581	41505
3	41591	41484
3	41604	41539
3	41614	41581
3	41616	41484
3	41630	41604
3	41640	41529
3	41651	41505
3	41653	41539
3	41663	41614
3	41675	41484
3	41686	41630
3	41700	26079
3	41719	41700
3	41721	41495
3	41742	41505
3	41751	35062
3	41770	39135
3	41784	41317
3	41806	37571
3	41817	12864
3	41828	41330
3	41836	7526
3	41843	41836
3	41970	19986
3	41976	19986
3	41982	41976
3	41988	41411
3	42001	41982
3	42022	41330
3	42031	42022
3	42038	41970
3	42070	39199
3	42095	7443
3	42103	42095
3	42115	4794
3	42122	4953
3	42123	42122
3	42132	42070
3	42184	40557
3	42235	6008
3	42253	41581
3	42289	7375
3	42314	7887
3	42359	40856
3	42407	7694
3	42443	40600
3	42466	19032
3	42483	42038
3	42491	42483
3	42505	42483
3	42513	42103
3	42523	42483
3	42574	41441
3	42668	41784
3	42698	41970
3	42705	41403
3	42711	42705
3	42722	42711
3	42728	42711
3	42734	42001
3	42754	42728
3	42773	41970
3	42808	9302
3	42842	42808
3	42854	42808
3	42903	30554
3	42911	42903
3	42925	42911
3	43000	3406
3	43008	43000
3	43026	43000
3	43092	22654
3	43099	3508
3	43151	40557
3	43165	43151
3	43179	7887
3	43187	43179
3	43204	43179
3	43284	41411
3	43291	41372
3	43305	41351
3	43324	43291
3	43338	41330
3	43345	42734
3	43380	43151
3	43394	43380
3	43498	30554
3	43727	43394
3	43734	42184
3	43766	25920
3	43767	43179
3	43784	43727
3	43806	43784
3	43813	43767
3	43828	43727
3	43844	42722
3	43851	41836
3	43873	40966
3	44003	41843
3	44066	43151
3	44092	44066
3	44108	43394
3	44116	44092
3	44126	44092
3	44131	44108
3	44138	44092
3	44239	41505
3	44274	26247
3	44317	40540
3	44344	41441
3	44354	43008
3	44463	42407
3	44472	44463
3	44524	43766
3	44533	43151
3	44540	44533
3	44554	42443
3	44568	44554
3	44856	43338
3	44866	44856
3	44873	44856
3	44880	44873
3	44919	30554
3	44927	42925
3	44943	44927
3	44958	44856
3	44964	44856
3	44982	44919
3	44991	44982
3	45005	44991
3	45030	41982
3	45053	43284
3	45070	43338
3	45101	42095
3	45159	44554
3	45190	44138
3	45199	40557
3	45225	40529
3	45232	43734
3	45267	45190
3	45283	3443
3	45292	43727
3	45306	45225
3	45332	45306
3	45343	45332
3	45351	45283
3	45357	45351
3	45374	37925
3	45382	41751
3	45389	45101
3	45420	7477
3	45425	7477
3	45441	45420
3	45448	45420
3	45504	44943
3	45510	40600
3	45524	45030
3	45531	42001
3	45544	45053
3	45550	45544
3	45557	45053
3	45565	45557
3	45578	38742
3	45610	45524
3	45625	45610
3	45633	45610
3	45685	42574
3	45739	40966
3	45774	41267
3	45847	43767
3	45860	43394
3	45877	45860
3	45889	43151
3	45908	39128
3	45934	41304
3	45941	45524
3	45964	45934
3	45971	45934
3	45978	45934
3	46001	45941
3	46061	44540
3	46069	43813
3	46086	43806
3	46147	43000
3	46164	46147
3	46235	45971
3	46241	45941
3	46248	46241
3	46265	45389
3	46289	44982
3	46314	46289
3	46399	44239
3	46417	42314
3	46441	46417
3	46525	46441
3	46534	46441
3	46565	44354
3	46621	46534
3	46707	45441
3	46715	46707
3	46751	2778
3	46762	45420
3	46770	45420
3	46810	40992
3	46816	46810
3	46881	44239
3	46903	42314
3	47115	41108
3	47127	45633
3	47135	41411
3	47156	47127
3	47177	41359
3	47184	43324
3	47191	45934
3	47199	41751
3	47206	47199
3	47212	41154
3	47227	42523
3	47310	42505
3	47353	41351
3	47369	47135
3	47383	46241
3	47399	41351
3	47406	45934
3	47419	43338
3	47425	45941
3	47496	41581
3	47580	43873
3	47596	41843
3	47620	44919
3	47635	41372
3	47650	47369
3	47658	46001
3	47695	46289
3	47710	45739
3	47725	43851
3	47731	47725
3	47736	47731
3	47751	47736
3	47775	3543
3	47804	47775
3	47860	42359
3	47885	7694
3	47910	47885
3	47911	47910
3	47966	46565
3	48006	47910
3	48028	47860
3	48052	48028
3	48075	46147
3	48084	41515
3	48093	47966
3	48138	41441
3	48164	41441
3	48191	44919
3	48212	45739
3	48238	44317
3	48264	48238
3	48299	48238
3	48307	48238
3	48315	46881
3	48331	48238
3	48357	48299
3	48371	48331
3	48379	48264
3	48387	48331
3	48394	48264
3	48429	48379
3	48437	48357
3	48445	48357
3	48452	26247
3	48461	48331
3	48521	46086
3	48554	39128
3	48607	46534
3	48652	48607
3	48776	47860
3	48795	41505
3	48797	48776
3	48816	48776
3	48858	42668
3	48881	48858
3	48917	40529
3	48934	48858
3	49002	44540
3	49008	45889
3	49036	45531
3	49045	45524
3	49052	41403
3	49072	42505
3	49105	45847
3	49133	49105
3	49155	45070
3	49215	41403
3	49237	41751
3	49357	45847
3	49400	45739
3	49408	49400
3	49428	49408
3	49469	22195
3	49476	35294
3	49484	4570
3	49498	25347
3	49513	25381
3	49600	19986
3	49758	45005
3	49914	4852
3	49922	19424
3	49998	28445
3	50011	40202
3	50017	10641
3	50032	37792
3	50040	50032
3	50046	37459
3	50055	50040
3	50063	50032
3	50334	14605
3	50438	16205
3	50450	13850
3	50467	20214
3	50475	50438
3	50489	3065
3	50496	50450
3	50503	50475
3	50526	29304
3	50571	8
3	50587	20788
3	50624	12417
3	50632	6669
3	50639	45510
3	50663	8115
3	50667	21730
3	50672	50667
3	50675	33190
3	50686	31126
3	50689	12098
3	50692	32161
3	50699	39082
3	50703	12084
3	50794	28397
3	50812	33939
3	50821	50812
3	50829	50821
3	50838	50794
3	50845	50821
3	50866	40002
3	50966	16227
3	50969	34923
3	50980	28397
3	50993	37034
3	51036	2778
3	51043	45389
3	51130	10742
3	51207	19850
3	51212	37618
3	51215	3165
3	51224	8286
3	51231	8293
3	51242	27225
3	51250	35294
3	51271	21416
3	51278	6411
3	51285	32409
3	51298	29055
3	51305	51298
3	51319	51278
3	51329	50969
3	51332	5706
3	51335	51332
3	51376	20559
3	51394	20962
3	51494	19737
3	51510	21035
3	51527	29063
3	51582	28328
3	51616	4384
3	51702	32419
3	51749	6063
3	51764	12064
3	51767	39550
3	51849	36604
3	51855	12679
3	51872	30636
3	52021	40023
3	52282	40235
3	52377	16873
3	52402	5709
3	52425	29055
3	52433	11633
3	52468	18949
3	52475	9543
3	52652	14890
3	52732	15707
3	52739	25975
3	52905	3013
3	52909	9209
3	53119	5091
3	53435	21730
3	53641	18582
3	53644	18238
3	53653	24329
3	53662	24404
3	53669	24321
3	53678	24329
3	53685	24353
3	53698	53669
3	53707	16415
3	53713	29091
3	53719	18777
3	53878	13496
3	53881	18074
3	53886	53878
3	53890	5319
3	53946	15600
3	53957	3073
3	53963	3065
3	53984	325
3	54008	19397
3	54013	8115
3	54015	54013
3	54059	10655
3	54065	25677
3	54068	30931
3	54071	54068
3	54075	54065
3	54078	54065
3	54081	25677
3	54085	3627
3	54088	54068
3	54091	10681
3	54094	10697
3	54097	54075
3	54101	21576
3	54104	21582
3	54107	54104
3	54110	54104
3	54146	13082
3	54249	9858
3	54285	37939
3	54293	37939
3	54299	53435
3	54303	21730
3	54315	25336
3	54380	8946
3	54446	51849
3	54463	39484
3	54466	24809
3	54469	38390
3	54472	54463
3	54476	54466
3	54479	54466
3	54482	54469
3	54486	54479
3	54585	50639
3	54643	47860
3	54661	4064
3	54688	54661
3	54730	20962
3	54734	50675
3	54739	51036
3	54767	22885
3	54786	21317
3	54800	40627
3	54815	14908
3	54874	51332
3	54892	35895
3	54899	18564
3	54904	50675
3	54929	54786
3	54939	19905
3	54957	54929
3	54975	13174
3	55024	51332
3	55029	54904
3	55034	14605
3	55037	9588
3	55043	37635
3	55057	4852
3	55063	33970
3	55106	13174
3	55119	35110
3	55128	55119
3	55136	55119
3	55144	55034
3	55151	39801
3	55156	38393
3	55163	22885
3	55168	22238
3	55172	55156
3	55178	55172
3	55187	22036
3	55231	13878
3	55250	55163
3	55274	45847
3	55282	30865
3	55287	34479
3	55293	53644
3	55296	55293
3	55369	55106
3	55392	9209
3	55398	30643
3	55506	27190
3	55513	29771
3	55533	9516
3	55538	25213
3	55541	55538
3	55543	9588
3	55549	39327
3	55582	29339
3	55591	29339
3	55605	28001
3	55619	10482
3	55628	33179
3	55632	54815
3	55646	55632
3	55652	34131
3	55659	34131
3	55739	55543
3	55744	30749
3	55784	9483
3	55875	29784
3	55896	22937
3	55979	18609
3	55987	55979
3	56000	50632
3	56007	51231
3	56016	56000
3	56031	56000
3	56037	56000
3	56107	10786
3	56119	20962
3	56253	43498
3	56261	56253
3	56911	16447
3	57039	19265
3	57047	57039
3	57168	53946
3	57177	39840
3	57191	37459
3	57200	37122
3	57218	18543
3	57251	39406
3	57257	57251
3	57332	40202
3	57344	57332
3	57367	57344
3	57372	57344
3	57375	57367
3	57396	57367
3	57400	57367
3	57409	57375
3	57419	57367
3	57439	57332
3	57455	57396
3	57463	57419
3	57495	57344
3	57502	57400
3	57509	57419
3	57512	57502
3	57519	57509
3	57526	57519
3	57532	57526
3	57537	57509
3	57543	57537
3	57553	57512
3	57560	57400
3	57573	57495
3	57577	57502
3	57585	57553
3	57595	57455
3	57608	57512
3	57620	57400
3	57627	57495
3	57643	57585
3	57646	57367
3	57652	57512
3	57656	57643
3	57669	57455
3	57678	57585
3	57688	57553
3	57703	57400
3	57710	57553
3	57716	57678
3	57721	57646
3	57726	57678
3	57737	57669
3	57741	57560
3	57752	57543
3	57757	57646
3	57776	57721
3	57780	57741
3	57793	57678
3	57796	57372
3	57799	57455
3	57810	57793
3	57822	57627
3	57832	57776
3	57842	57519
3	57849	57741
3	57855	57519
3	57861	57396
3	57864	57721
3	57896	58
3	57945	47
3	57961	57678
3	57972	57620
3	57978	57455
3	57989	57855
3	57996	57741
3	58003	57396
3	58011	57495
3	58020	57543
3	58031	57643
3	58041	57688
3	58047	57703
3	58054	57678
3	58065	57439
3	58080	57560
3	58090	57585
3	58097	57996
3	58102	57669
3	58114	57776
3	58119	58080
3	58132	57519
3	58161	57741
3	58175	57996
3	58191	58054
3	58196	57972
3	58205	57716
3	58222	57757
3	58229	58080
3	58237	57721
3	58261	58161
3	58266	57419
3	58286	58054
3	58294	57849
3	58301	57842
3	58306	57543
3	58312	57721
3	58324	57810
3	58328	57560
3	58334	57553
3	58339	58205
3	58342	58080
3	58347	58205
3	58350	57553
3	58358	57669
3	58366	57796
3	58369	57721
3	58376	57669
3	58391	57519
3	58398	57495
3	58404	57721
3	58412	57849
3	58422	58328
3	58435	58047
3	58439	57519
3	58451	58114
3	58456	58054
3	58472	57526
3	58483	58398
3	58498	58237
3	58506	57577
3	58513	57752
3	58519	57842
3	58525	58366
3	58529	58011
3	58542	57849
3	58548	57595
3	58556	57608
3	58568	58328
3	58574	57678
3	58583	57961
3	58586	58574
3	58598	57793
3	58608	58350
3	58614	58586
3	58630	57972
3	58637	57832
3	58642	58513
3	58646	57726
3	58649	58097
3	58656	57996
3	58662	57972
3	58668	57721
3	58689	57669
3	58696	58583
3	58721	58435
3	58727	58668
3	58733	58369
3	58739	57646
3	58759	58451
3	58779	57961
3	58783	58347
3	58791	57741
3	58798	58324
3	58809	57703
3	58814	58637
3	58819	57375
3	58825	57537
3	58831	58583
3	58835	58456
3	58837	57855
3	58844	58422
3	58865	33962
3	58874	58865
3	58940	58435
3	58945	58054
3	58963	57961
3	58981	58831
3	58985	58339
3	59010	58350
3	59017	57643
3	59021	58435
3	59030	58586
3	59036	58114
3	59047	57573
3	59058	57961
3	59067	58963
3	59072	57509
3	59079	57716
3	59088	58696
3	59094	58334
3	59099	57669
3	59106	58662
3	59112	58779
3	59116	58963
3	59133	58519
3	59140	59030
3	59146	58586
3	59149	57810
3	59153	58542
3	59159	59116
3	59165	59058
3	59175	58809
3	59181	57396
3	59191	58586
3	59204	58350
3	59218	58376
3	59230	57678
3	59233	57669
3	59236	58404
3	59241	58608
3	59255	59017
3	59274	57842
3	59291	58054
3	59300	58342
3	59306	58205
3	59309	57721
3	59316	59204
3	59325	58513
3	59331	58574
3	59343	58196
3	59348	59316
3	59353	57832
3	59357	57832
3	59362	57961
3	59379	57721
3	59385	57577
3	59397	57620
3	59411	57864
3	59417	58350
3	59435	57495
3	59448	59036
3	59453	58205
3	59460	58529
3	59465	58003
3	59516	59417
3	59522	59204
3	59528	59343
3	59534	58642
3	59541	59116
3	59546	59331
3	59551	59116
3	59553	58102
3	59557	58963
3	59563	58294
3	59571	59218
3	59586	58404
3	59595	58041
3	59607	59153
3	59614	57978
3	59621	59417
3	59628	59274
3	59633	58347
3	59656	58662
3	59663	58814
3	59674	59010
3	59680	57776
3	59687	58097
3	59693	59522
3	59698	57961
3	59701	58161
3	59717	59331
3	59721	57864
3	59727	58404
3	59734	58733
3	59740	58721
3	59754	57741
3	59758	59343
3	59764	58435
3	59769	59595
3	59773	59435
3	59799	58339
3	59804	58483
3	59808	57822
3	59812	58412
3	59817	58294
3	59822	57646
3	59836	57861
3	59839	59116
3	59861	57864
3	59868	59614
3	59872	58583
3	59884	57842
3	59909	58196
3	59917	59680
3	59931	59693
3	59937	59204
3	59944	59149
3	59954	59343
3	59958	59159
3	59963	59717
3	59974	59116
3	59989	58324
3	60000	58637
3	60026	59633
3	60045	59563
3	60053	59348
3	60058	59106
3	60071	58286
3	60076	59872
3	60093	58350
3	60098	59628
3	60105	58339
3	60117	58294
3	60123	59010
3	60129	59551
3	60147	57400
3	60156	58237
3	60179	58080
3	60189	57669
3	60204	59274
3	60210	58261
3	60220	58525
3	60223	58646
3	60226	57832
3	60231	59316
3	60242	59812
3	60247	59799
3	60269	58814
3	60277	58519
3	60295	58583
3	60327	59528
3	60335	57553
3	60350	58825
3	60357	60058
3	60371	59116
3	60375	58642
3	60382	58825
3	60389	58662
3	60395	58542
3	60401	57678
3	60407	59534
3	60413	59595
3	60418	59116
3	60423	59595
3	60429	57776
3	60430	59727
3	60435	58261
3	60447	58366
3	60449	57961
3	60469	57553
3	60473	59316
3	60479	57757
3	60485	58668
3	60491	59116
3	60511	60045
3	60518	58324
3	60570	47731
3	60586	60570
3	60599	39625
3	60654	3543
3	60655	54643
3	60663	41505
3	60689	26249
3	60699	60663
3	60711	60655
3	60718	60711
3	60737	60699
3	60747	60711
3	60921	19871
3	60931	37459
3	60938	28182
3	60947	37459
3	60956	60931
3	60962	28198
3	60979	21526
3	60985	51231
3	60993	60979
3	61077	55628
3	61109	18987
3	61118	33179
3	61158	27325
3	61166	19275
3	61182	13590
3	61190	49469
3	61296	13217
3	61299	36878
3	61303	55744
3	61306	30739
3	61344	3591
3	61353	16578
3	61361	61344
3	61368	32807
3	61377	38375
3	61381	51242
3	61384	32757
3	61387	61384
3	61391	61384
3	61395	61384
3	61400	5904
3	61509	38393
3	61606	4833
3	61706	30698
3	61710	25209
3	61720	61710
3	61723	61720
3	61726	61723
3	61750	61109
3	61755	51767
3	61758	61755
3	61761	61758
3	61764	61755
3	61770	61755
3	61773	61758
3	61776	61758
3	61848	55533
3	61930	25739
3	61937	38081
3	61945	53963
3	61952	3065
3	61960	24023
3	61967	61945
3	61974	38081
3	61981	61945
3	62000	61952
3	62007	61945
3	62014	61945
3	62027	61974
3	62033	38562
3	62149	31664
3	62156	36617
3	62166	49914
3	62174	24904
3	62183	3165
3	62331	54661
3	62394	26920
3	62440	28173
3	62449	16578
3	62456	16578
3	62462	27710
3	62468	28229
3	62485	16578
3	62559	24023
3	62573	24656
3	62578	37635
3	62582	4631
3	62623	21009
3	62631	3095
3	62641	62631
3	62648	62631
3	62654	23997
3	62678	16671
3	62692	13827
3	62699	62692
3	62876	17880
3	62884	16031
3	62892	62884
3	62912	16586
3	62915	50699
3	62919	32161
3	62922	34230
3	62926	13814
3	62929	62915
3	62932	13500
3	62937	62929
3	62946	53435
3	63066	14600
3	63070	63066
3	63073	36830
3	63095	5393
3	63145	9873
3	63180	48776
3	63182	60711
3	63285	55392
3	63301	30643
3	63305	61387
3	63445	38038
3	63448	63445
3	63455	30649
3	63543	16086
3	63550	63543
3	63565	16086
3	63580	63565
3	63593	50055
3	63608	61361
3	63615	61344
3	63620	63565
3	63716	62331
3	63877	34914
3	63884	61387
3	63887	30895
3	63904	54088
3	63908	19854
3	63912	16613
3	63918	39315
3	63952	37785
3	63967	63952
3	63973	60947
3	64188	47191
3	64298	9858
3	64305	42523
3	64537	4833
3	64544	28001
3	64586	61848
3	64589	25209
3	64602	16650
3	64616	35895
3	64622	64602
3	64628	6972
3	64638	20805
3	64644	64628
3	64652	25810
3	64664	53435
3	64667	50672
3	64671	64667
3	64699	55398
3	64702	55106
3	64706	53644
3	64902	35096
3	64909	38101
3	64916	39392
3	64923	64909
3	64930	38240
3	64968	20819
3	65082	5926
3	65091	37886
3	65099	30749
3	65104	30586
3	65110	65099
3	65114	65110
3	65118	28971
3	65121	65104
3	65361	63285
3	65366	55398
3	65505	50829
3	65514	65505
3	65533	62692
3	65562	39090
3	65575	34513
3	65628	32419
3	65635	38353
3	65643	21029
3	65650	65635
3	65666	35901
3	65675	64638
3	65682	64930
3	65721	29771
3	65727	65721
3	65827	25178
3	65831	52282
3	65841	36120
3	65863	57039
3	65869	21657
3	65896	30444
3	65904	29670
3	66059	62468
3	66068	37759
3	66078	32841
3	66085	66059
3	66104	66059
3	66111	66085
3	66117	32798
3	66126	66085
3	66135	37792
3	66263	37622
3	66266	10681
3	66269	37618
3	66272	66269
3	66275	66263
3	66278	66275
3	66282	39261
3	66286	40235
3	66290	66286
3	66466	53119
3	66500	50017
3	66524	55392
3	66545	19241
3	66559	50587
3	66573	4640
3	66589	9717
3	66593	13988
3	66602	10404
3	66604	10404
3	66607	66604
3	66616	64616
3	66638	66559
3	66647	66638
3	66655	66559
3	66662	66655
3	66721	20186
3	66747	9717
3	66902	50063
3	66909	50055
3	66924	54739
3	66976	16031
3	66984	62884
3	66991	28414
3	67010	66991
3	67023	56000
3	67113	5408
3	67116	67113
3	67119	37886
3	67254	9442
3	67259	5445
3	67261	5901
3	67266	37626
3	67270	67266
3	67331	34703
3	67350	51278
3	67357	12679
3	67366	3027
3	67373	67357
3	67381	67350
3	67394	67373
3	67403	31664
3	67409	12404
3	67416	67381
3	67423	67394
3	67460	2778
3	67524	28967
3	67527	30928
3	67531	30919
3	67868	33970
3	68004	21872
3	68114	38219
3	68122	19233
3	68131	25739
3	68138	34458
3	68145	23997
3	68153	37608
3	68227	60962
3	68236	60947
3	68245	60947
3	68254	68236
3	68263	64537
3	68333	19385
3	68354	32419
3	68362	18833
3	68377	68362
3	68392	68377
3	68398	7012
3	68404	68377
3	68410	28487
3	68479	8096
3	68488	16873
3	68526	37541
3	68546	9279
3	68618	65628
3	68626	68131
3	68642	19224
3	68651	62631
3	68696	55632
3	69087	39529
3	69094	69087
3	69170	34665
3	69232	9516
3	69288	55543
3	69293	67113
3	69296	4627
3	69301	37877
3	69776	64902
3	69782	3073
3	69804	62654
3	69812	69776
3	69820	65643
3	69826	62648
3	69831	66638
3	69841	65675
3	69848	69812
3	70107	66545
3	70126	15997
3	70717	70126
3	70833	64699
3	70923	9717
3	70996	5299
3	71002	5319
3	71035	71002
3	71103	70717
3	71472	70717
3	71485	53119
3	71494	27325
3	71501	25347
3	71517	71501
3	71646	71485
3	71664	51215
3	71682	71664
3	71987	66747
3	72247	71646
3	72252	10404
3	72401	72247
3	72448	36127
3	72452	9584
3	72455	72452
3	72458	22885
3	72709	70717
3	72716	72709
3	72723	70996
3	72794	14605
3	72954	71035
3	73103	71646
3	73108	39293
3	73111	73108
3	73114	73111
3	73133	8115
3	73264	10829
3	73269	4640
3	73286	4640
3	73436	72401
3	73577	70923
3	73661	73133
3	73817	70833
3	73950	27909
3	74011	73950
3	74052	70717
3	74072	70996
3	74192	66290
3	74195	74192
3	74234	73111
3	74237	4640
3	74240	74237
3	74243	74240
3	74246	74240
3	74373	8547
3	74477	30675
3	74694	72794
3	74929	72794
3	74979	74072
3	75059	70717
3	75085	70717
3	75097	71494
3	75104	8115
3	75251	70717
3	75307	74694
3	75353	75097
3	75360	75097
3	75428	15667
3	75435	73133
3	75492	75360
3	75499	70717
3	75525	13850
3	75651	75085
3	75659	75360
3	75668	75659
3	75683	70717
3	75690	75059
3	75706	75353
3	75720	75651
3	75748	75683
3	75755	75059
3	75762	75085
3	75795	75651
3	75802	75795
3	75860	57168
3	75975	75085
3	76030	75251
3	76113	75683
3	76121	76030
3	76164	74694
3	76204	75706
3	76212	75499
3	76219	75860
3	76228	76030
3	76326	8491
3	76396	72401
3	76819	74234
3	76877	19363
3	76897	70717
3	76904	76212
3	76917	70717
3	77027	72709
3	77035	77027
3	77269	70717
3	77276	77269
3	77283	77269
3	77289	72448
3	77316	75428
3	77352	19865
3	77507	64544
3	77683	75251
3	77802	71494
3	77810	72723
3	77942	21730
3	78107	718
3	78116	75659
3	78127	71103
3	78160	76396
3	78190	75251
3	78197	76219
3	78598	74237
3	78669	75435
3	78768	77802
3	78850	75499
3	78863	75499
3	79265	73111
3	79268	73114
3	79271	79265
3	79463	73269
3	79590	75755
3	79597	77283
3	79611	79597
3	79618	79590
3	79631	79590
3	79637	79611
3	79644	79611
3	79650	79637
3	79889	718
3	79899	60711
3	79915	79899
3	80017	79915
3	80024	80017
3	80166	79915
3	80208	80166
3	80246	80208
3	80256	80246
3	80264	80208
3	80272	80256
3	80320	80208
3	80330	80272
3	80453	60718
3	80475	80166
3	80493	80166
3	80523	79899
3	80533	80523
3	80601	3313
3	80642	80453
3	80930	80024
3	80936	80930
3	80964	80493
3	81022	13453
3	81177	81022
3	81209	80964
3	81225	81209
3	81234	65562
3	81287	80166
3	81681	80246
3	81752	80493
3	81768	81209
3	81783	80523
3	81801	81783
3	81809	81783
3	81827	81783
3	81837	81783
3	81851	81827
3	81858	81809
3	81860	81801
3	81889	81858
3	81901	81783
3	81908	81809
3	81989	80475
3	82091	4794
3	82134	79899
3	82151	81234
3	82159	82151
3	82598	81022
3	82636	80166
3	82651	80964
3	82667	82636
3	82675	82651
3	82711	40856
3	82730	76212
3	82823	80330
3	82839	82823
3	82840	82839
3	82905	80453
3	83094	81809
3	83136	81809
3	83144	83136
3	83231	81234
3	83239	83231
3	83514	75353
3	83525	71664
3	83533	83525
3	83542	83533
3	83571	79899
3	83597	83571
3	83649	80493
3	83658	83649
3	83698	83571
3	83705	83571
3	83771	82151
3	83803	83571
3	83872	83771
3	83901	81858
3	83910	83901
3	83918	83901
3	83928	83918
3	83952	81783
3	83979	83803
3	84037	82651
3	84083	82840
3	84114	81827
3	84133	39090
3	84286	76819
3	84325	73114
3	84333	77316
3	84574	33720
3	84608	77942
3	84986	70996
3	85190	30898
3	85587	70996
3	85591	71035
3	85724	76219
3	85817	37735
3	85830	76164
3	85945	75860
3	85954	75659
3	85965	107
3	86069	50011
3	86314	74237
3	86318	29481
3	86533	72458
3	86738	66282
3	86800	73286
3	86904	86533
3	87094	9209
3	87164	76204
3	87172	76204
3	87247	75683
3	87373	78116
3	87904	74694
3	87907	10404
3	87929	87094
3	88005	74234
3	88401	73103
3	88518	74979
3	88626	88518
3	88630	25372
3	88665	71987
3	88906	86314
3	89011	70717
3	89018	74052
3	89025	89018
3	89032	79597
3	89040	70107
3	89137	72401
3	89142	71494
3	89149	72448
3	89162	83525
3	89171	75720
3	89216	84574
3	89231	86318
3	89324	78190
3	89500	74072
3	89525	74237
3	89764	88906
3	90311	73103
3	90584	73103
3	90620	54101
3	90655	64544
3	90661	73133
3	90721	73817
3	90904	55163
3	90910	10834
3	90935	90910
3	91140	72709
3	91295	72448
3	91299	54110
3	91474	67259
3	91586	73264
3	91591	85591
3	91759	76917
3	91815	75975
3	91904	55605
3	91974	57721
3	91981	59727
3	91987	60371
3	92216	64544
3	92292	78598
3	92348	86314
3	92413	76030
3	92419	78197
3	92791	37541
3	92799	55392
3	93021	77683
3	93036	75748
3	93043	75499
3	93049	93043
3	93055	78850
3	93082	75097
3	93089	83514
3	93304	8491
3	93367	73103
3	93393	91295
3	93397	72452
3	93401	93397
3	93404	91299
3	93408	93401
3	93411	93404
3	93417	74192
3	93664	81225
3	93671	82636
3	93714	81225
3	93723	93714
3	93731	93714
3	93740	93731
3	93756	93714
3	93816	74237
3	93819	74243
3	94059	88401
3	94111	73269
3	94127	70833
3	94132	72458
3	94143	87247
3	94149	78863
3	94479	77942
3	94531	92413
3	94598	65827
3	94602	93417
3	94606	74192
3	94609	94602
3	94612	94606
3	94714	84574
3	94717	74192
3	94720	74192
3	94723	94717
3	94726	94717
3	94730	94717
3	94733	94717
3	94736	94733
3	94739	94717
3	94752	77352
3	94846	54643
3	94878	83705
3	95004	93664
3	95116	81783
3	95124	95116
3	95139	82823
3	95165	95139
3	95172	82839
3	95182	95165
3	95223	93756
3	95271	95182
3	95295	81234
3	95393	70717
3	95400	78863
3	95407	76228
3	95432	87164
3	95439	95432
3	95456	85724
3	95483	74052
3	95489	77027
3	95548	84986
3	95621	89231
3	95929	73264
3	95933	71494
3	96059	79637
3	96073	96059
3	96080	96073
3	96216	84608
3	96266	39840
3	96273	78863
3	96279	79590
3	96286	77269
3	96293	77283
3	96306	89137
3	96359	72709
3	96415	76877
3	96422	87907
3	96445	77683
3	96526	8
3	96539	168
3	96546	808
3	96609	58
3	96840	2629
3	96855	59291
3	96862	59362
3	96878	8024
3	96905	775
3	96918	45941
3	96932	568
3	96942	299
3	96980	48554
3	96985	96980
3	97027	96985
3	97040	97027
3	97057	96985
3	97080	96980
3	97087	39135
3	97168	96985
3	97175	97168
3	97182	97168
3	97190	97175
3	97204	97168
3	97721	96539
3	97725	97721
3	97727	97725
3	97730	97725
3	97732	97725
3	97746	96526
3	97750	418
3	97763	97721
3	97767	99
3	97774	97750
3	97789	97750
3	97796	97789
3	97802	59116
3	97839	97796
3	97854	97750
3	97857	97750
3	97867	97767
3	97880	97721
3	97882	97732
3	97892	97882
3	97895	97892
3	97897	97725
3	97903	97750
3	97912	97903
3	97940	16447
3	97948	97940
3	97952	97948
3	97956	97948
3	97960	97956
3	97964	97940
3	97968	97952
3	97972	97940
3	97977	97956
3	97985	97940
3	97990	97956
3	97994	97977
3	98000	97940
3	98004	97956
3	98008	97964
3	98016	97964
3	98020	97964
3	98110	833
3	98156	860
3	98170	98110
3	98183	98110
3	98230	42070
3	98265	854
3	98272	98265
3	98280	98265
3	98290	808
3	98297	98265
3	98304	98280
3	98311	98304
3	98319	98265
3	98325	98265
3	98367	98183
3	98435	98311
3	98461	98367
3	98489	98461
3	98505	98489
3	98514	98319
3	98531	98514
3	98547	98297
3	98554	98514
3	98560	833
3	98567	98560
3	98607	98110
3	98616	98514
3	98625	98616
3	98632	98616
3	98644	98616
3	98653	98367
3	98667	98653
3	98674	98607
3	98682	808
3	98697	98674
3	98704	98667
3	98713	98183
3	98726	98713
3	98732	98726
3	98738	98726
3	98746	98290
3	98758	98726
3	98764	98738
3	98786	98758
3	98793	98786
3	98808	98793
3	98814	98786
3	98821	98786
3	98829	98607
3	98863	98793
3	98870	98607
3	98893	98156
3	98905	98893
3	98918	934
3	98924	98893
3	98930	98924
3	98945	98644
3	98953	98945
3	98978	98632
3	98986	98978
3	98994	98978
3	99010	98461
3	99020	99010
3	99028	99010
3	99035	99028
3	99041	99020
3	99092	98674
3	99108	98567
3	99116	99108
3	99155	40982
3	99168	808
3	99174	27043
3	99210	289
3	99221	289
3	99498	418
3	99505	159
3	99516	2626
3	99519	41051
3	99553	58865
3	99561	58874
3	99580	99561
3	99647	28198
3	99713	99516
3	99734	98230
3	99898	47
3	99904	4833
3	99927	99898
3	99931	99898
3	99936	99898
3	99945	99927
3	100001	25156
3	100505	40600
3	100541	100505
3	100549	100505
3	100566	100505
3	100685	55063
3	100691	28150
3	100705	41751
3	100713	100505
3	100721	100713
3	100727	100721
3	100742	100721
3	100799	37443
3	100826	55063
3	100831	100691
3	100835	100691
3	100904	97057
3	100911	100541
3	100918	100541
3	100943	100799
3	100949	4920
3	100958	57553
3	100963	57989
3	100969	57553
3	100972	58739
3	100978	100963
3	101020	318
3	101030	101020
3	101139	100001
3	101198	44540
3	101248	418
3	101253	71103
3	101270	10389
3	101407	3681
3	101413	40982
3	101427	101413
3	101519	79899
3	101544	47580
3	101633	96980
3	101848	63716
3	101883	46069
3	101891	84133
3	102187	60747
3	102276	833
3	102284	45159
3	102291	6663
3	102296	6663
3	102309	101544
3	102317	8024
3	102339	41045
3	102388	97168
3	102395	42854
3	102403	102388
3	102415	102403
3	102450	90620
3	102453	93408
3	102471	102284
3	102477	102471
3	102526	102415
3	102533	102526
3	102541	13453
3	102586	41154
3	102593	82711
3	102616	40982
3	102624	10389
3	102631	72954
3	102686	35037
3	102741	101407
3	102771	102415
3	102790	41330
3	102803	102771
3	102827	3313
3	102912	102624
3	103014	54661
3	103023	54661
3	103078	9302
3	103086	103078
3	103147	74052
3	103168	102403
3	103194	41817
3	103200	101427
3	103205	12914
3	103217	103194
3	103223	103194
3	103229	103194
3	103246	13174
3	103251	13178
3	103255	103251
3	103265	102388
3	103306	103168
3	103320	103306
3	103368	13453
3	103382	103320
3	103390	103086
3	103459	42022
3	103469	43324
3	103477	42001
3	103485	102686
3	103493	103469
3	103529	103168
3	103576	102827
3	103593	102741
3	103621	102741
3	103723	102291
3	103728	103723
3	103740	103168
3	103816	60747
3	103865	40982
3	103877	103014
3	103902	2181
3	103956	47736
3	103970	101544
3	103977	103970
3	104061	102526
3	104153	103902
3	104219	104153
3	104243	55392
3	104285	102388
3	104318	104285
3	104338	80017
3	104345	104338
3	104351	104338
3	104368	3508
3	104377	103086
3	104442	104377
3	104469	43000
3	104484	25920
3	104522	81022
3	104525	45199
3	104552	100001
3	104658	102388
3	104739	104658
3	104789	23997
3	104896	102616
3	104905	101413
3	105006	51043
3	105015	104345
3	105081	48797
3	105096	104318
3	105103	105096
3	105137	104739
3	105150	105137
3	105169	81234
3	105176	105137
3	105203	105176
3	105264	3508
3	105287	27043
3	105321	105287
3	105326	105287
3	105396	102453
3	105452	103320
3	105521	102533
3	105533	105521
3	105539	102526
3	105553	105396
3	105560	2594
3	105567	103147
3	105598	105150
3	105624	104789
3	105681	13453
3	105706	101270
3	105714	43851
3	105720	105706
3	105885	104061
3	105912	102317
3	105961	105137
3	106130	60718
3	106177	102686
3	106204	101413
3	106248	46762
3	106258	45382
3	106285	105326
3	106358	3508
3	106378	103877
3	106464	105885
3	106525	3543
3	106554	35186
3	106593	104739
3	106609	81234
3	106623	106593
3	106641	40966
3	106657	106641
3	106677	2778
3	106683	106677
3	106688	103576
3	106715	104377
3	106725	106715
3	106780	81889
3	106781	106715
3	106836	106715
3	106870	106715
3	106877	106715
3	106884	106870
3	106912	106525
3	106981	81901
3	106999	106715
3	107020	81901
3	107029	106870
3	107037	60654
3	107048	106715
3	107049	81901
3	107079	54730
3	107100	103977
3	107107	103977
3	107132	102827
3	107240	104285
3	107309	103485
3	107315	44964
3	107325	107315
3	107332	107309
3	107340	105396
3	107396	34226
3	107416	45101
3	107425	104318
3	107432	105287
3	107438	107432
3	107443	107425
3	107456	107438
3	107554	54730
3	107562	46770
3	107568	107425
3	107587	107562
3	107595	45374
3	107610	23071
3	107619	24553
3	107763	22654
3	107827	41836
3	107847	96918
3	107931	104285
3	107963	103477
3	107973	107963
3	107997	107973
3	108051	44991
3	108060	106177
3	108132	107595
3	108155	105521
3	108162	108155
3	108175	104285
3	108183	102317
3	108190	103621
3	108195	102533
3	108201	106204
3	108220	44568
3	108227	108220
3	108235	12882
3	108257	105567
3	108264	108257
3	108296	14056
3	108368	40982
3	108442	104219
3	108454	5862
3	108469	95295
3	108476	105137
3	108484	108469
3	108525	43338
3	108540	747
3	108547	108525
3	108589	102686
3	108636	62912
3	108640	80453
3	108653	105598
3	108680	39135
3	108690	108653
3	108743	106464
3	108819	104243
3	108858	103469
3	108944	108183
3	108984	80264
3	108995	108984
3	109004	17999
3	109013	109004
3	109021	106378
3	109030	24171
3	109041	747
3	109079	102686
3	109086	107997
3	109123	97182
3	109158	3508
3	109285	4794
3	109293	105006
3	109344	102309
3	109352	98924
3	109401	102827
3	109432	48212
3	109460	102686
3	109483	889
3	109490	106285
3	109495	109460
3	109524	101544
3	109532	109495
3	109570	104442
3	109625	106177
3	109632	109625
3	109656	109625
3	109688	103168
3	109771	103382
3	109905	81225
3	109906	80272
3	109942	109905
3	109968	105885
3	109978	109968
3	110024	108195
3	110066	109656
3	110081	102395
3	110111	102771
3	110117	107997
3	110124	107973
3	110149	104789
3	110161	67259
3	110162	103728
3	110167	110162
3	110177	103147
3	110183	54008
3	110189	54013
3	110240	54446
3	110259	109495
3	110279	107079
3	110283	102453
3	110292	109123
3	110299	41330
3	110306	110124
3	110320	110292
3	110333	110306
3	110340	110320
3	110382	54643
3	110468	39656
3	110510	106204
3	110534	102415
3	110546	47596
3	110554	110534
3	110561	110534
3	110567	110554
3	110610	104285
3	110624	105103
3	110631	105103
3	110638	110624
3	110645	56261
3	110651	110631
3	110658	37571
3	110694	7495
3	110771	60586
3	110778	60599
3	110785	101413
3	110790	47725
3	110856	106877
3	110931	81225
3	110952	107396
3	110959	65121
3	110965	44344
3	110997	107020
3	111008	110931
3	111018	110997
3	111052	109656
3	111072	107079
3	111101	21
3	111109	106912
3	111116	107048
3	111124	54661
3	111166	38742
3	111179	102526
3	111220	105885
3	111409	103023
3	111442	103078
3	111455	51394
3	111525	48917
3	111577	106609
3	111585	111577
3	111629	111052
3	111636	111629
3	111712	106204
3	111731	108296
3	111737	103723
3	111742	103728
3	111757	104789
3	111814	106688
3	111825	73269
3	111828	86318
3	111833	107132
3	111873	105681
3	111882	49215
3	111964	67416
3	111970	102317
3	112002	103865
3	112007	109460
3	112015	112002
3	112030	110610
3	112072	47406
3	112131	104658
3	112153	102631
3	112291	103147
3	112340	229
3	112363	112340
3	112411	99898
3	112434	112411
3	112508	97867
3	112562	97721
3	112622	112508
3	112643	97854
3	112660	110161
3	112703	97763
3	112723	112508
3	112728	112723
3	112741	112728
3	112926	8
3	112937	97774
3	112953	112562
3	113049	97767
3	113061	112703
3	113077	112508
3	113094	112723
3	113234	808
3	113249	42122
3	113250	2629
3	113252	273
3	113274	40982
3	113280	113274
3	113292	113280
3	113413	47
3	113422	97802
3	113607	3313
3	113615	808
3	113621	113615
3	113637	33
3	113639	58047
3	113690	37449
3	113719	2854
3	113762	56261
3	113811	10829
3	113886	6255
3	113953	9584
3	113957	113953
3	113960	113953
3	113963	113953
3	113976	113953
3	113979	113957
3	113982	113979
3	114053	4933
3	114065	17302
3	114183	6245
3	114255	19871
3	114258	114255
3	114262	114258
3	114265	55151
3	114335	30643
3	114339	18669
3	114342	114339
3	114352	18777
3	114475	113811
3	114488	21576
3	114491	113957
3	114494	114491
3	114497	114491
3	114506	114255
3	114646	114339
3	114660	14605
3	114703	3280
3	114712	114703
3	114716	114339
3	114822	114506
3	114825	114255
3	114828	114825
3	114863	67331
3	114926	113953
3	114929	114491
3	115037	31322
3	115136	114335
3	115329	113719
3	115332	5434
3	115341	115332
3	115468	114822
3	115472	114506
3	115564	65361
3	115570	9215
3	115579	84608
3	115582	114258
3	115663	114475
3	115766	114265
3	115775	114339
3	115777	115775
3	115780	115777
3	115782	115777
3	115784	54101
3	115787	113960
3	115790	115787
3	115793	115787
3	115796	115793
3	115817	113886
3	115829	114475
3	115833	10834
3	115837	115833
3	115840	115837
3	115843	115840
3	115874	115579
3	115880	114255
3	116015	22824
3	116123	114342
3	116129	114342
3	116181	100001
3	116189	115570
3	116200	65827
3	116203	65831
3	116206	116203
3	116209	116203
3	116212	66286
3	116215	116206
3	116217	116203
3	116220	116209
3	116223	116217
3	116235	116212
3	116238	116235
3	116481	106248
3	116507	350
3	116550	99516
3	116661	4953
3	116663	100001
3	116682	116663
3	116711	289
3	116721	116711
3	116725	116721
3	116731	59571
3	116741	116721
3	116750	116741
3	116779	116725
3	116787	59116
3	116797	116779
3	116803	116741
3	116815	116779
3	116821	60447
3	116824	116815
3	116828	60447
3	116849	273
3	116852	116849
3	116855	59116
3	116868	59030
3	116876	116824
3	116900	116750
3	116910	116731
3	116918	116900
3	116928	59116
3	116938	116711
3	116941	116750
3	116947	116941
3	116958	116900
3	116990	116797
3	116995	57643
3	117000	116824
3	117003	60429
3	117004	116824
3	117021	116995
3	117039	116779
3	117055	117004
3	117063	117000
3	117066	116741
3	117082	116815
3	117088	116803
3	117106	117088
3	117107	58574
3	117125	117088
3	117146	60371
3	117176	117066
3	117237	116797
3	117252	116721
3	117255	117066
3	117261	117255
3	117271	116990
3	117282	117271
3	117283	116721
3	117288	117283
3	117293	117288
3	117319	117252
3	117326	116741
3	117336	116941
3	117366	99898
3	117377	116797
3	117388	116918
3	117394	116750
3	117398	117146
3	117407	117082
3	117417	116900
3	117449	117082
3	117454	117388
3	117465	58366
3	117481	117055
3	117487	117107
3	117492	116824
3	117520	117125
3	117531	117176
3	117538	116849
3	117542	117538
3	117545	117531
3	117553	117481
3	117574	117449
3	117584	117574
3	117594	117252
3	117600	117066
3	117604	117531
3	117607	117326
3	117610	117531
3	117616	116725
3	117655	116725
3	117658	117616
3	117662	117594
3	117669	116725
3	117676	117669
3	117690	117676
3	117691	117669
3	117695	57961
3	117718	117676
3	117725	117146
3	117734	117283
3	117738	117600
3	117742	117542
3	117765	116849
3	117767	117765
3	117793	57643
3	117836	117481
3	117841	117255
3	117845	117841
3	117846	117616
3	117856	117718
3	117865	117531
3	117874	116750
3	117883	113637
3	117893	60449
3	117897	59058
3	117912	57796
3	117915	60371
3	117920	117055
3	117924	117874
3	117930	117255
3	117938	117520
3	117948	117283
3	117952	117930
3	117977	117107
3	118013	117836
3	118018	117107
3	118037	117542
3	118072	116824
3	118077	117066
3	118088	117252
3	118092	117725
3	118122	59116
3	118127	117377
3	118150	117407
3	118172	117039
3	118181	116849
3	118185	118181
3	118189	118172
3	118190	118181
3	118198	117407
3	118224	2030
3	118238	117377
3	118275	116721
3	118282	117366
3	118285	116938
3	118304	117915
3	118333	117082
3	118340	117915
3	118344	116824
3	118347	117542
3	118350	118344
3	118351	116741
3	118357	116852
3	118360	118351
3	118377	117846
3	118398	117594
3	118401	117538
3	118407	117915
3	118427	117021
3	118431	118072
3	118436	117874
3	118441	117454
3	118446	117125
3	118458	117915
3	118474	117000
3	118489	117594
3	118501	117407
3	118513	99210
3	118525	118489
3	118567	117915
3	118571	117915
3	118575	118018
3	118614	118474
3	118620	117021
3	118624	118344
3	118638	117930
3	118667	117977
3	118670	118122
3	118684	117481
3	118731	117021
3	118745	117607
3	118748	118745
3	118795	117610
3	118799	117283
3	118808	118799
3	118814	117915
3	118819	118072
3	118822	118401
3	118824	117454
3	118829	117695
3	118835	118624
3	118859	117607
3	118863	118427
3	118867	118474
3	118876	118304
3	118880	118876
3	118881	118072
3	118895	118795
3	118913	117004
3	118938	118285
3	118942	117691
3	118956	118942
3	118957	116828
3	118959	117004
3	118977	118333
3	118983	117176
3	118990	117874
3	118997	118501
3	119009	117725
3	119015	117449
3	119022	117856
3	119043	118304
3	119049	118814
3	119067	117924
3	119071	117725
3	119076	116797
3	119098	117718
3	119104	119098
3	119105	118863
3	119110	99210
3	119117	116721
3	119126	118824
3	119137	116910
3	119142	117897
3	119145	58548
3	119155	118614
3	119158	118822
3	119175	117377
3	119199	59058
3	119203	117920
3	119211	116821
3	119219	117836
3	119224	117088
3	119233	119224
3	119242	60491
3	119267	117039
3	119274	117874
3	119278	117066
3	119286	117610
3	119290	119286
3	119291	59546
3	119294	119142
3	119300	59017
3	119309	118304
3	119330	119105
3	119333	119309
3	119354	264
3	119360	119354
3	119365	119360
3	119372	116938
3	119451	118808
3	119478	57643
3	119481	118819
3	119495	117255
3	119498	119495
3	119510	117676
3	119519	119510
3	119545	119098
3	119557	119219
3	119561	119557
3	119563	60491
3	119574	116824
3	119578	119145
3	119585	58366
3	119607	119478
3	119615	117388
3	119619	119098
3	119628	116849
3	119630	118185
3	119635	119619
3	119636	119628
3	119638	117594
3	119656	118401
3	119659	117915
3	119665	118150
3	119672	117319
3	119676	117793
3	119713	117574
3	119724	116779
3	119731	117388
3	119737	118997
3	119742	117600
3	119746	116821
3	119749	117000
3	119770	116824
3	119819	116824
3	119828	116855
3	119831	118072
3	119842	117725
3	119854	60401
3	119874	117734
3	119878	119067
3	119881	60371
3	119888	119478
3	119906	117865
3	119912	117326
3	119918	116797
3	119924	117725
3	119940	118959
3	119951	118347
3	119956	119951
3	119960	117255
3	119963	119960
3	119964	118859
3	119975	119964
3	119976	168
3	119981	118799
3	119991	119981
3	120000	117874
3	120002	117874
3	120005	117176
3	120016	118333
3	120030	118304
3	120037	119770
3	120046	119278
3	120051	116828
3	120053	119918
3	120064	120053
3	120076	118859
3	120079	120076
3	120091	117725
3	120104	117055
3	120108	117718
3	120118	120108
3	120119	116731
3	120147	117000
3	120150	118088
3	120158	117610
3	120166	117793
3	120181	117662
3	120189	119142
3	120212	119906
3	120224	119713
3	120233	119918
3	120244	120233
3	120248	119607
3	120261	119545
3	120270	120261
3	120279	60491
3	120345	118913
3	120354	119274
3	120365	117676
3	120372	120279
3	120377	119155
3	120404	117492
3	120418	59116
3	120444	119126
3	120451	318
3	120454	120451
3	120465	119294
3	120478	118304
3	120487	117538
3	120489	120487
3	120495	118824
3	120499	120495
3	120500	119278
3	120530	118077
3	120534	119881
3	120538	119142
3	120541	117915
3	120545	116990
3	120568	120345
3	120589	116797
3	120607	117000
3	120614	118181
3	120617	120614
3	120620	120607
3	120643	120053
3	120671	58583
3	120691	119219
3	120695	120691
3	120696	119330
3	120716	117531
3	120732	117874
3	120742	119585
3	120745	119749
3	120749	119881
3	120754	118624
3	120758	117865
3	120769	119659
3	120779	60371
3	120785	120147
3	120816	120345
3	120821	117874
3	120835	120005
3	120851	118427
3	120860	119015
3	120870	120046
3	120875	120870
3	120876	118446
3	120929	117725
3	120943	118614
3	120946	120530
3	120950	117924
3	120954	118427
3	120963	118431
3	120969	120963
3	121011	99210
3	121015	120929
3	121020	118819
3	121023	117725
3	121047	120568
3	121072	117107
3	121079	120929
3	121087	117676
3	121096	121087
3	121097	117924
3	121100	116750
3	121105	118829
3	121118	120233
3	121122	120835
3	121142	119906
3	121145	118489
3	121178	119478
3	121182	60220
3	121200	116990
3	121210	121072
3	121217	117377
3	121222	116849
3	121224	119630
3	121227	121217
3	121232	120821
3	121240	118282
3	121245	119309
3	121250	119049
3	121273	119043
3	121278	118575
3	121285	118474
3	121290	120835
3	121294	119656
3	121308	119333
3	121314	117449
3	121317	118018
3	121328	117610
3	121334	119098
3	121343	121334
3	121344	121087
3	121347	118347
3	121349	121224
3	121351	208
3	121355	118285
3	121360	121355
3	121366	116900
3	121370	118863
3	121377	117531
3	121382	117594
3	121388	121334
3	121398	121388
3	121418	99210
3	121424	117874
3	121464	118525
3	121467	119676
3	121471	119918
3	121485	121471
3	121489	120816
3	121494	116995
3	121533	117366
3	121584	99516
3	121636	9231
3	121747	117738
3	121752	116821
3	121767	121250
3	121778	118304
3	121783	118624
3	121792	118377
3	121807	229
3	121821	117616
3	121835	117604
3	121848	117734
3	121855	117734
3	121859	168
3	121875	121278
3	121889	118037
3	121912	121047
3	121924	120150
3	121966	121377
3	121970	117874
3	121972	118489
3	121982	121217
3	121991	121982
3	122022	119478
3	122027	119015
3	122039	122027
3	122065	118977
3	122075	119874
3	122081	120489
3	122084	122075
3	122085	120732
3	122090	119117
3	122099	117734
3	122117	119219
3	122123	117874
3	122129	117836
3	122132	119278
3	122135	121224
3	122148	120614
3	122151	122148
3	122159	122148
3	122161	118859
3	122187	121783
3	122214	119203
3	122217	118446
3	122270	117066
3	122316	122217
3	122325	121072
3	122335	116815
3	122343	119742
3	122352	118863
3	122356	120745
3	122384	118077
3	122388	116721
3	122394	122388
3	122402	121489
3	122436	120418
3	122444	122343
3	122454	122444
3	122455	116855
3	122465	116821
3	122485	117874
3	122500	117465
3	122502	122022
3	122506	119724
3	122617	117920
3	122627	121366
3	122631	120835
3	122644	120444
3	122649	121821
3	122677	119976
3	122691	116731
3	122696	118122
3	122705	122649
3	122725	116725
3	122739	120345
3	122749	99945
3	122754	122749
3	122758	122749
3	122763	122754
3	122769	119203
3	122773	121752
3	122802	118824
3	122808	119665
3	122821	117407
3	122840	121494
3	122844	117893
3	122853	120816
3	122862	121494
3	122866	119203
3	122871	122866
3	122872	118377
3	122881	120224
3	122892	117874
3	122899	118122
3	122902	117407
3	122910	118942
3	122916	117604
3	122920	120946
3	122925	122705
3	122933	117856
3	122945	120354
3	122963	122821
3	122970	117846
3	122975	122916
3	122978	117252
3	122984	117283
3	122989	120489
3	123006	119713
3	123011	116849
3	123013	123011
3	123015	123006
3	123016	123011
3	123022	119203
3	123035	117255
3	123041	123035
3	123048	118427
3	123061	121471
3	123074	123061
3	123075	117924
3	123085	60371
3	123089	118474
3	123100	60371
3	123107	118997
3	123116	208
3	123156	118127
3	123162	123107
3	123173	120716
3	123180	121835
3	123186	119478
3	123219	118344
3	123223	118489
3	123227	119976
3	123258	121778
3	123262	121314
3	123265	120946
3	123270	120487
3	123272	123270
3	123286	122352
3	123290	118431
3	123297	123290
3	123301	122821
3	123310	117725
3	123325	120119
3	123332	118122
3	123336	118624
3	123343	117407
3	123363	119656
3	123367	123363
3	123376	117695
3	123384	121471
3	123414	120418
3	123419	118072
3	123424	117734
3	123465	116797
3	123499	119574
3	123503	123499
3	123519	117107
3	123527	118122
3	123593	122739
3	123630	117676
3	123651	118122
3	123656	119015
3	123662	122161
3	123666	119878
3	123671	117865
3	123684	120189
3	123687	121047
3	123701	122506
3	123721	120607
3	123730	123721
3	123731	121105
3	123744	119724
3	123756	120030
3	123769	119881
3	123783	123367
3	123794	118077
3	123804	117082
3	123817	117952
3	123820	118427
3	123824	119478
3	123828	121047
3	123839	118441
3	123843	116803
3	123849	122631
3	123872	117063
3	123879	122027
3	123885	118638
3	123889	120946
3	123902	122963
3	123914	120769
3	123934	118072
3	123938	122455
3	123945	120150
3	123950	2583
3	123960	120478
3	123965	119309
3	123974	123804
3	123981	123173
3	123986	123981
3	124000	120046
3	124007	124000
3	124013	123593
3	124037	123219
3	124076	117718
3	124090	117695
3	124093	120963
3	124098	121222
3	124101	124098
3	124104	124093
3	124110	120589
3	124117	58586
3	124157	118731
3	124166	122705
3	124180	117874
3	124187	123310
3	124199	119309
3	124205	122500
3	124255	117915
3	124273	120614
3	124277	118092
3	124286	122925
3	124305	120691
3	124309	124305
3	124310	121924
3	124320	118913
3	124325	118859
3	124330	124325
3	124331	122933
3	124348	60429
3	124358	123061
3	124367	119098
3	124379	118575
3	124387	60371
3	124392	383
3	124421	119585
3	124423	118614
3	124436	47
3	124441	124436
3	124450	124441
3	124457	124436
3	124460	124457
3	124467	124450
3	124469	124436
3	124474	124469
3	124482	124469
3	124485	124457
3	124488	124460
3	124491	124485
3	124494	124485
3	124496	124488
3	124499	124491
3	124501	124436
3	124508	124441
3	124516	124450
3	124523	124436
3	124528	124441
3	124536	124450
3	124538	124485
3	124540	124460
3	124548	124467
3	124554	124436
3	124557	124508
3	124564	124467
3	124569	124488
3	124572	124491
3	124574	124485
3	124577	124496
3	124581	124548
3	124583	124574
3	124585	124577
3	124591	124581
3	124593	124469
3	124597	124593
3	124604	124593
3	124607	124501
3	124611	124441
3	124620	124516
3	124622	124583
3	124625	124460
3	124635	124485
3	124638	124577
3	124643	124591
3	124645	124494
3	124648	124436
3	124650	124499
3	124673	123938
3	124678	117255
3	124686	124678
3	124687	121821
3	124698	117676
3	124718	120732
3	124722	118304
3	124728	123824
3	124732	119333
3	124740	116824
3	124758	124309
3	124759	122773
3	124771	121418
3	124776	119104
3	124780	123965
3	124787	118614
3	124797	120541
3	124815	120377
3	124823	120538
3	124830	124732
3	124834	124387
3	124838	119607
3	124842	120538
3	124869	119831
3	124875	124310
3	124880	123286
3	124885	119333
3	124940	122705
3	124952	119578
3	124987	120500
3	124997	124273
3	125000	124997
3	125003	125000
3	125005	122725
3	125017	124698
3	125022	119638
3	125030	60491
3	125042	122502
3	125054	59116
3	125066	119203
3	125072	123262
3	125077	119126
3	125082	118427
3	125085	119831
3	125090	125085
3	125091	120696
3	125108	119137
3	125112	119918
3	125123	119333
3	125130	59546
3	125136	120147
3	125142	120758
3	125146	120248
3	125155	118333
3	125167	122384
3	125181	118824
3	125187	121377
3	125191	121308
3	125196	123343
3	125210	121020
3	125217	125210
3	125235	123085
3	125240	119309
3	125250	121912
3	125271	116711
3	125284	120541
3	125300	117125
3	125314	58586
3	125332	121467
3	125345	120076
3	125353	120079
3	125359	125091
3	125363	116824
3	125376	122627
3	125381	120181
3	125402	125082
3	125405	119665
3	125421	124358
3	125430	125421
3	125445	122352
3	125480	120500
3	125500	117326
3	125507	118190
3	125510	117088
3	125527	125507
3	125533	125510
3	125534	125527
3	125537	124367
3	125542	118351
3	125548	116849
3	125550	125548
3	125552	125542
3	125553	118895
3	125558	119242
3	125567	121118
3	125585	124673
3	125587	119333
3	125603	121145
3	125610	124987
3	125615	124379
3	125620	118819
3	125636	117948
3	125652	120053
3	125670	125652
3	125715	120005
3	125724	125146
3	125739	59546
3	125745	125363
3	125751	119510
3	125762	120946
3	125768	118670
3	125772	123499
3	125775	125772
3	125793	117874
3	125800	122925
3	125807	119545
3	125813	120530
3	125822	124823
3	125824	117000
3	125827	119656
3	125845	123061
3	125854	125845
3	125864	118427
3	125882	116855
3	125889	122821
3	125898	117924
3	125905	119981
3	125915	125905
3	125916	121972
3	125923	120489
3	125926	125916
3	125927	125923
3	125934	118614
3	125940	118489
3	125946	120538
3	125983	117865
3	125991	122866
3	125995	125991
3	125999	124358
3	126006	125999
3	126007	116918
3	126025	121118
3	126031	116900
3	126045	117856
3	126070	122910
3	126088	119022
3	126098	126088
3	126099	122123
3	126105	122099
3	126112	119333
3	126119	124093
3	126123	126119
3	126127	123934
3	126131	121072
3	126136	125793
3	126146	124358
3	126155	118489
3	126198	122925
3	126204	126031
3	126210	116721
3	126230	122773
3	126234	125066
3	126258	119628
3	126261	126258
3	126276	125072
3	126292	125751
3	126303	126292
3	126304	120354
3	126306	119578
3	126313	119819
3	126325	118122
3	126339	116824
3	126343	118829
3	126362	125827
3	126366	126123
3	126367	124875
3	126369	124673
3	126371	120785
3	126375	117725
3	126396	116815
3	126408	117492
3	126415	122899
3	126418	118938
3	126428	120345
3	126434	117255
3	126439	126434
3	126442	119495
3	126444	126442
3	126445	122978
3	126451	126445
3	126458	118819
3	126471	116824
3	126484	119724
3	126512	118829
3	126517	119713
3	126522	119659
3	126539	118997
3	126547	118881
3	126555	118795
3	126558	124759
3	126576	123013
3	126580	122325
3	126589	118876
3	126613	320
3	126622	120816
3	126650	117125
3	126678	124305
3	126682	126678
3	126688	126396
3	126706	118990
3	126712	125191
3	126731	117930
3	126738	59989
3	126742	119713
3	126753	119749
3	126769	124037
3	126772	124310
3	126795	118489
3	126824	2030
3	126828	117004
3	126841	126045
3	126853	120002
3	126878	117107
3	126892	118959
3	126899	116731
3	126918	119354
3	126921	126112
3	126958	123879
3	126968	117793
3	126978	118525
3	126986	118575
3	127003	118977
3	127020	119940
3	127030	120495
3	127034	127030
3	127047	117874
3	127118	124348
3	127154	124815
3	127160	117107
3	127165	120545
3	127180	123662
3	127184	59191
3	127207	60371
3	127219	116824
3	127222	119636
3	127224	127219
3	127227	126371
3	127237	127227
3	127238	124759
3	127240	126313
3	127248	124187
3	127260	117021
3	127269	120851
3	127275	120943
3	127283	120261
3	127289	127283
3	127299	125864
3	127309	124815
3	127313	122945
3	127318	119274
3	127332	117082
3	127336	125807
3	127344	121097
3	127353	122910
3	127367	126088
3	127372	126098
3	127388	121200
3	127410	122725
3	127418	96526
3	127422	125916
3	127425	117538
3	127427	127425
3	127429	118824
3	127433	116855
3	127436	124732
3	127450	116725
3	127459	119615
3	127465	121924
3	127475	126442
3	127479	127475
3	127503	117000
3	127506	126539
3	127524	122978
3	127543	122099
3	127557	126099
3	127569	117915
3	127580	116990
3	127585	121792
3	127602	124110
3	127611	122161
3	127619	127557
3	127624	122910
3	127638	123219
3	127643	122899
3	127645	125889
3	127681	121047
3	127699	124952
3	127714	118881
3	127718	118347
3	127722	60491
3	127746	99516
3	127750	120465
3	127755	126828
3	127767	124759
3	127781	119300
3	127785	118624
3	127791	126706
3	127799	127791
3	127813	119951
3	127819	127813
3	127840	119585
3	127843	122696
3	127853	117449
3	127859	123100
3	127866	119749
3	127870	123035
3	127873	127870
3	127878	121142
3	127883	120950
3	127892	116821
3	127908	117319
3	127912	127908
3	127913	117734
3	127918	126112
3	127930	121245
3	127934	125889
3	127945	126146
3	127954	117594
3	127959	118997
3	127970	127429
3	127978	118942
3	127993	126558
3	127996	119478
3	127999	60491
3	128020	123965
3	128027	118122
3	128040	59030
3	128048	116990
3	128052	126828
3	128107	120016
3	128114	117538
3	128117	128114
3	128120	128107
3	128121	118436
3	128137	122402
3	128142	117856
3	128149	128142
3	128190	119574
3	128203	120454
3	128210	208
3	128331	118333
3	128338	127238
3	128347	119749
3	128357	122872
3	128372	116821
3	128377	120943
3	128384	117924
3	128412	123227
3	128426	124166
3	128431	123107
3	128445	126978
3	128450	99505
3	128473	121807
3	128482	122161
3	128486	128482
3	128487	127475
3	128490	128487
3	128502	117288
3	128505	128502
3	128506	122325
3	128530	116803
3	128533	126045
3	128539	128533
3	128544	119831
3	128554	120002
3	128568	128554
3	128569	117531
3	128580	117538
3	128583	128580
3	128590	128569
3	128598	118997
3	128611	120545
3	128626	127781
3	128629	124037
3	128632	123684
3	128647	128544
3	128661	127624
3	128664	118829
3	128683	121424
3	128688	120002
3	128715	117662
3	128719	123839
3	128730	119724
3	128736	124117
3	128741	127645
3	128748	125905
3	128762	128748
3	128781	120076
3	128787	125082
3	128791	128647
3	128797	127450
3	128803	119878
3	128840	118575
3	128859	122773
3	128862	124787
3	128865	122899
3	128882	127020
3	128916	124450
3	128922	119333
3	128932	127475
3	128937	128932
3	128946	118819
3	128950	117538
3	128952	128950
3	128965	125072
3	128970	125005
3	128977	127959
3	129000	117938
3	129044	127180
3	129050	118829
3	129063	125314
3	129067	118333
3	129076	119145
3	129100	121072
3	129114	126688
3	129120	129114
3	129129	125751
3	129141	118575
3	129151	129141
3	129155	124358
3	129161	129155
3	129162	122455
3	129195	125983
3	129203	118282
3	129207	126418
3	129223	128611
3	129230	119557
3	129235	129230
3	129236	119615
3	129249	119330
3	129257	118122
3	129266	118684
3	129316	117088
3	129335	123885
3	129343	129257
3	129348	121418
3	129357	116725
3	129362	125813
3	129366	117538
3	129369	129362
3	129370	118304
3	129394	118304
3	129399	122821
3	129435	127207
3	129444	121047
3	129448	125946
3	129450	124110
3	129467	118122
3	129487	122022
3	129491	127866
3	129502	122725
3	129507	128715
3	129523	125217
3	129538	121217
3	129546	129370
3	129551	117836
3	129563	121290
3	129567	129563
3	129568	122343
3	129585	118829
3	129600	119737
3	129612	120732
3	129622	116824
3	129635	128377
3	129654	122129
3	129666	117449
3	129672	118077
3	129676	120732
3	129703	121072
3	129708	125284
3	129715	122853
3	129729	128426
3	129759	117531
3	129764	129759
3	129765	123666
3	129775	120261
3	129782	129775
3	129783	126853
3	129787	128357
3	129796	58525
3	129798	118614
3	129804	120279
3	129832	123089
3	129837	129832
3	129838	127450
3	129846	117616
3	129859	122325
3	129860	118938
3	129880	118072
3	129889	128626
3	129892	124348
3	129905	121494
3	129910	116797
3	129922	125905
3	129925	129568
3	129934	116918
3	129940	123671
3	129953	129940
3	129964	117004
3	129983	128347
3	130006	122970
3	130009	127557
3	130014	130009
3	130015	117594
3	130040	124875
3	130043	120166
3	130050	124771
3	130065	119076
3	130072	121087
3	130081	130072
3	130090	121966
3	130101	57643
3	130128	119659
3	130133	120053
3	130142	130133
3	130143	117655
3	130160	125167
3	130180	129783
3	130194	123945
3	130200	120785
3	130204	59116
3	130223	123769
3	130229	119155
3	130278	122853
3	130284	120076
3	130290	119067
3	130292	121835
3	130314	129715
3	130324	119918
3	130352	126539
3	130369	124698
3	130374	122214
3	130383	129798
3	130403	125332
3	130413	127160
3	130418	128882
3	130438	125751
3	130531	120104
3	130535	120946
3	130544	128661
3	130546	121224
3	130548	120749
3	130555	123744
3	130574	128539
3	130580	128797
3	130585	118795
3	130590	130194
3	130597	129798
3	130603	125864
3	130606	126428
3	130640	120870
3	130644	130640
3	130645	130603
3	130649	120745
3	130655	119333
3	130668	122022
3	130710	120076
3	130715	118436
3	130721	121966
3	130724	121294
3	130727	117793
3	130731	126753
3	130750	125072
3	130768	121290
3	130781	124728
3	130785	130229
3	130789	124310
3	130826	117125
3	130838	117146
3	130847	120037
3	130853	130847
3	130857	130750
3	130862	120946
3	130867	130006
3	130870	130867
3	130871	117531
3	130879	119009
3	130885	60371
3	130890	124885
3	130900	129114
3	130905	125905
3	130915	130905
3	130916	122910
3	130921	130916
3	130925	126045
3	130933	130925
3	130942	129729
3	130953	118513
3	130988	118333
3	130993	123310
3	131039	123223
3	131046	120005
3	131069	117082
3	131074	131069
3	131075	117856
3	131091	121912
3	131109	123085
3	131116	118474
3	131130	119831
3	131136	122945
3	131138	123116
3	131139	126408
3	131142	122705
3	131157	126234
3	131167	123075
3	131173	118446
3	131213	125072
3	131222	119145
3	131241	60491
3	131253	123061
3	131271	125381
3	131274	121294
3	131279	120538
3	131303	124940
3	131314	123061
3	131334	127436
3	131338	120538
3	131340	119888
3	131344	125066
3	131347	125905
3	131355	131347
3	131370	126731
3	131374	120166
3	131378	124838
3	131382	118150
3	131398	117454
3	131401	127908
3	131404	131401
3	131412	127624
3	131422	131412
3	131435	126828
3	131443	117454
3	131459	128626
3	131462	126738
3	131484	127184
3	131492	116725
3	131507	121072
3	131512	130597
3	131517	117669
3	131531	128027
3	131537	131338
3	131539	58366
3	131543	122022
3	131558	130857
3	131562	125905
3	131573	131562
3	131574	121966
3	131579	128715
3	131586	117538
3	131589	131586
3	131592	131589
3	131611	123286
3	131634	131069
3	131644	131634
3	131654	117407
3	131665	125271
3	131681	58422
3	131738	121290
3	131742	125827
3	131760	126204
3	131763	131046
3	131766	129905
3	131770	125066
3	131782	129507
3	131802	120816
3	131806	131802
3	131850	123258
3	131859	128791
3	131872	127813
3	131875	121224
3	131878	128736
3	131884	119333
3	131903	117930
3	131907	127524
3	131921	116990
3	131925	127624
3	131932	131925
3	131940	122117
3	131951	219
3	131979	117176
3	131985	130916
3	131995	131484
3	132003	123744
3	132018	121418
3	132027	119098
3	132038	128688
3	132041	118624
3	132050	119638
3	132056	126210
3	132063	118458
3	132077	125359
3	132082	118614
3	132105	117658
3	132107	122705
3	132122	123107
3	132132	122075
3	132139	117574
3	132151	132139
3	132152	130403
3	132169	120418
3	132180	123100
3	132186	131130
3	132198	128347
3	132203	125827
3	132205	132198
3	132210	118863
3	132226	123011
3	132228	132226
3	132231	119022
3	132244	131875
3	132247	132231
3	132248	132226
3	132258	127154
3	132266	131654
3	132281	131344
3	132285	123100
3	132307	126742
3	132323	117319
3	132345	121178
3	132368	119918
3	132392	127160
3	132400	125507
3	132405	132400
3	132436	120742
3	132466	132226
3	132476	131586
3	132478	132476
3	132482	130724
3	132484	122075
3	132490	130015
3	132500	126313
3	132508	119981
3	132519	132508
3	132520	119309
3	132544	129044
3	132557	117271
3	132566	132557
3	132567	127184
3	132581	124687
3	132592	117767
3	132598	131241
3	132612	131303
3	132624	120377
3	132634	118513
3	132639	127459
3	132643	125284
3	132647	129155
3	132657	121222
3	132662	132647
3	132663	132657
3	132671	132624
3	132676	124722
3	132689	120785
3	132717	118377
3	132742	125603
3	132749	120487
3	132752	132749
3	132755	132752
3	132757	126731
3	132767	119333
3	132776	131222
3	132783	126892
3	132796	117271
3	132818	126146
3	132823	132818
3	132831	127934
3	132837	130292
3	132840	132837
3	132874	130640
3	132878	132874
3	132879	117948
3	132886	124523
3	132894	132886
3	132908	132894
3	132912	132908
3	132916	132886
3	132921	132916
3	132927	132894
3	132930	132916
3	132937	132927
3	132942	132937
3	132946	132930
3	132951	132927
3	132956	132937
3	132960	132912
3	132969	129450
3	132989	123731
3	132996	125085
3	133003	132996
3	133004	120181
3	133009	121072
3	133024	117366
3	133036	118913
3	133041	129676
3	133072	119819
3	133093	126105
3	133096	118377
3	133113	124732
3	133124	127959
3	133130	116741
3	133134	125146
3	133137	116824
3	133148	129491
3	133158	118513
3	133169	130585
3	133184	128533
3	133192	133184
3	133226	124815
3	133229	133226
3	133238	126131
3	133247	130229
3	133256	133247
3	133257	59030
3	133264	126428
3	133272	122485
3	133311	119043
3	133313	130597
3	133325	130204
3	133346	132742
3	133353	124698
3	133385	59974
3	133411	130229
3	133414	126442
3	133416	133414
3	133481	126396
3	133493	125030
3	133509	129600
3	133524	122821
3	133527	129612
3	133563	124732
3	133589	130668
3	133600	118458
3	133611	125240
3	133614	117366
3	133619	130383
3	133628	123744
3	133640	119906
3	133645	123817
3	133654	129370
3	133678	123902
3	133688	126517
3	133692	132520
3	133702	128730
3	133731	118344
3	133757	118863
3	133760	121047
3	133769	131738
3	133776	133769
3	133784	121370
3	133803	125898
3	133808	117088
3	133816	118190
3	133819	133816
3	133824	133808
3	133825	132405
3	133843	124037
3	133851	129141
3	133857	121020
3	133866	120758
3	133887	118304
3	133893	127275
3	133931	118446
3	133938	130101
3	133941	130200
3	133949	132122
3	133956	133949
3	133957	122872
3	133967	130655
3	133970	119557
3	133975	133970
3	133982	122217
3	133986	133414
3	133988	133986
3	133989	120354
3	133996	133989
3	133997	116995
3	134002	116797
3	134009	132266
3	134014	131271
3	134017	57627
3	134101	132186
3	134130	123938
3	134148	133589
3	134153	119888
3	134203	129775
3	134207	134203
3	134208	120354
3	134211	126070
3	134219	134211
3	134224	131654
3	134253	126031
3	134255	121142
3	134270	120418
3	134276	129964
3	134287	129676
3	134294	122485
3	134323	121912
3	134328	122970
3	134332	128384
3	134347	134002
3	134359	122925
3	134375	125745
3	134404	123671
3	134416	125405
3	134422	122978
3	134433	123843
3	134448	133184
3	134460	134448
3	134461	118275
3	134465	125827
3	134488	122773
3	134491	123384
3	134504	127047
3	134514	131512
3	134519	125091
3	134529	127207
3	134540	119819
3	134545	122090
3	134553	126155
3	134560	134553
3	134566	124732
3	134569	118304
3	134576	119203
3	134600	125430
3	134658	123100
3	134663	127219
3	134667	134663
3	134668	121792
3	134676	117669
3	134719	120158
3	134746	131512
3	134765	126613
3	134768	125999
3	134777	134768
3	134778	117734
3	134783	129050
3	134791	126146
3	134805	129207
3	134810	134805
3	134811	123938
3	134830	126678
3	134864	125066
3	134871	119278
3	134878	117952
3	134883	133134
3	134888	129394
3	134896	122065
3	134899	126127
3	134911	121015
3	134916	134911
3	134943	134911
3	134947	117039
3	134953	134947
3	134986	131459
3	134990	125235
3	134994	134002
3	135008	117930
3	135016	123824
3	135021	131344
3	135044	117924
3	135045	125181
3	135049	122214
3	135057	113422
3	135078	120016
3	135085	123671
3	135092	129953
3	135096	122925
3	135104	128661
3	135110	124687
3	135142	134002
3	135166	117394
3	135170	116995
3	135175	133731
3	135179	125610
3	135183	134294
3	135188	123325
3	135198	129444
3	135205	117691
3	135211	128797
3	135215	120716
3	135229	129964
3	135241	135104
3	135248	135241
3	135254	131091
3	135263	120051
3	135266	129622
3	135270	119951
3	135272	135270
3	135275	135270
3	135277	122677
3	135283	126155
3	135291	135283
3	135318	117520
3	135328	131654
3	135347	133093
3	135355	133414
3	135362	135355
3	135376	125751
3	135383	134404
3	135407	130180
3	135421	135277
3	135435	123419
3	135446	124787
3	135455	123301
3	135461	123794
3	135468	135461
3	135473	126313
3	135476	123310
3	135483	122388
3	135498	126070
3	135530	119656
3	135532	131592
3	135552	122773
3	135555	119585
3	135558	119478
3	135576	118859
3	135593	123107
3	135610	129775
3	135620	119585
3	135627	122910
3	135639	126576
3	135642	122129
3	135645	134253
3	135661	117836
3	135665	132484
3	135670	134347
3	135675	125142
3	135706	119481
3	135711	135706
3	135714	2583
3	135728	130101
3	135731	118072
3	135741	120016
3	135744	131579
3	135765	129394
3	135768	126678
3	135772	135768
3	135779	120224
3	135784	129783
3	135794	117107
3	135797	118172
3	135808	126099
3	135823	130644
3	135838	123701
3	135846	135838
3	135847	127238
3	135857	117407
3	135865	124940
3	135907	122506
3	135914	124310
3	135919	129502
3	135937	125762
3	135943	120530
3	135956	118977
3	135960	123100
3	135966	121178
3	135980	131382
3	136001	135263
3	136014	129394
3	136021	127681
3	136026	135383
3	136036	130284
3	136044	122485
3	136050	121317
3	136063	133816
3	136066	132405
3	136070	124830
3	136074	134994
3	136115	134746
3	136118	120354
3	136140	133938
3	136145	125112
3	136149	116995
3	136157	125072
3	136161	126442
3	136167	136161
3	136168	118351
3	136173	127222
3	136175	136168
3	136177	47
3	136191	122123
3	136196	118829
3	136198	121471
3	136207	136198
3	136212	118824
3	136223	125284
3	136226	123687
3	136230	120051
3	136232	125991
3	136235	136232
3	136261	123656
3	136273	99210
3	136278	133654
3	136291	128331
3	136300	125610
3	136308	122506
3	136318	129612
3	136325	126276
3	136329	136325
3	136342	121835
3	136352	135593
3	136361	136223
3	136364	135142
3	136371	136364
3	136373	99221
3	136383	120119
3	136391	118150
3	136398	126105
3	136470	123310
3	136477	131763
3	136501	58574
3	136508	120545
3	136520	136508
3	136532	130278
3	136537	129448
3	136543	130890
3	136547	116725
3	136556	130574
3	136565	129076
3	136574	122853
3	136578	126025
3	136582	119022
3	136588	122978
3	136601	129940
3	136608	57332
3	136611	59116
3	136622	129983
3	136635	59116
3	136649	112926
3	136663	120418
3	136668	119203
3	136671	121232
3	136676	117725
3	136681	133226
3	136685	117066
3	136690	118304
3	136712	118977
3	136723	131907
3	136738	128736
3	136744	120545
3	136759	127047
3	136764	136759
3	136770	126589
3	136781	136611
3	136785	130597
3	136791	123286
3	136795	129155
3	136857	132003
3	136862	117107
3	136901	128862
3	136911	136901
3	136912	129507
3	136916	118795
3	136927	59116
3	136945	128916
3	136950	126753
3	136986	131069
3	136996	136986
3	137016	132566
3	137018	132916
3	137024	117107
3	137029	126753
3	137034	132122
3	137063	127283
3	137070	128114
3	137072	121349
3	137074	137070
3	137081	118351
3	137087	127506
3	137092	127410
3	137096	130006
3	137107	128730
3	137114	118863
3	137126	128781
3	137130	137126
3	137131	119659
3	137136	135620
3	137154	124815
3	137158	133688
3	137164	119274
3	137168	133124
3	137178	128384
3	137181	125130
3	137187	124728
3	137191	125824
3	137199	120487
3	137202	137199
3	137205	137202
3	137208	133949
3	137218	134778
3	137221	123938
3	137234	133628
3	137245	130535
3	137250	125822
3	137254	119831
3	137265	126112
3	137270	136744
3	137303	117407
3	137317	125359
3	137321	131253
3	137335	135552
3	137358	129953
3	137369	123384
3	137372	124830
3	137375	124815
3	137379	133967
3	137384	121118
3	137417	136744
3	137431	130655
3	137440	126613
3	137450	120614
3	137453	120620
3	137454	117948
3	137458	126795
3	137463	318
3	137479	120950
3	137502	126325
3	137510	123116
3	137511	133893
3	137514	136927
3	137521	128730
3	137540	122506
3	137598	132831
3	137632	132050
3	137639	121418
3	137648	132226
3	137651	137648
3	137654	137651
3	137657	133808
3	137671	137651
3	137676	136066
3	137682	137657
3	137683	137676
3	137686	118575
3	137697	120451
3	137708	119831
3	137713	126795
3	137718	129129
3	137724	137718
3	137726	130223
3	137737	131907
3	137745	125585
3	137747	122356
3	137751	318
3	137755	129804
3	137769	126613
3	137782	58583
3	137810	129223
3	137814	117003
3	137815	130597
3	137840	122696
3	137855	125030
3	137864	127722
3	137872	127602
3	137878	128970
3	137898	119656
3	137916	122217
3	137950	121966
3	137954	137178
3	137959	117125
3	137969	137959
3	137970	117874
3	137983	129316
3	137990	116900
3	137994	137990
3	137995	120716
3	138027	134888
3	138039	124093
3	138046	121222
3	138048	138046
3	138050	138039
3	138051	138048
3	138059	117319
3	138082	127580
3	138103	127207
3	138112	121118
3	138120	135179
3	138128	136026
3	138159	136744
3	138173	127154
3	138181	117538
3	138183	138181
3	138186	138173
3	138187	125751
3	138211	129787
3	138218	135552
3	138238	135555
3	138246	127580
3	138252	133563
3	138291	125527
3	138295	120568
3	138299	123180
3	138335	133411
3	138348	132077
3	138352	134888
3	138366	134328
3	138370	138211
3	138375	131222
3	138386	125620
3	138389	124722
3	138398	136026
3	138402	126576
3	138405	137878
3	138414	131382
3	138420	130988
3	138427	137087
3	138437	135096
3	138442	133509
3	138456	121020
3	138461	124000
3	138466	138461
3	138467	121072
3	138474	137598
3	138481	125905
3	138492	138481
3	138507	124771
3	138520	130040
3	138523	136537
3	138528	134347
3	138553	134576
3	138573	118282
3	138576	129538
3	138583	118977
3	138587	124759
3	138595	136115
3	138605	137751
3	138619	121347
3	138628	138619
3	138630	116995
3	138635	122065
3	138653	125800
3	138660	135183
3	138686	121489
3	138707	133093
3	138728	132500
3	138734	129654
3	138780	121982
3	138789	138780
3	138797	122691
3	138807	119309
3	138814	129635
3	138839	121250
3	138844	133688
3	138849	124325
3	138856	138849
3	138871	123744
3	138880	119912
3	138891	117924
3	138902	135779
3	138906	117283
3	138921	120119
3	138933	58583
3	138949	117669
3	138971	134323
3	138977	128661
3	139016	119545
3	139024	139016
3	139033	130781
3	139037	136223
3	139046	117594
3	139058	119874
3	139062	135272
3	139065	139058
3	139066	121072
3	139072	129964
3	139085	125845
3	139095	139085
3	139096	124367
3	139107	123343
3	139116	137092
3	139122	126731
3	139126	124013
3	139129	134294
3	139135	125807
3	139177	129357
3	139182	137335
3	139190	130324
3	139208	120354
3	139223	122343
3	139230	138218
3	139249	118824
3	139261	130942
3	139274	135021
3	139278	122343
3	139294	128569
3	139310	117003
3	139341	131378
3	139355	133866
3	139378	133093
3	139380	129448
3	139391	127624
3	139437	135096
3	139450	138630
3	139458	117874
3	139475	118304
3	139484	117584
3	139485	127030
3	139488	139485
3	139489	121317
3	139503	125187
3	139507	132041
3	139512	132598
3	139517	119333
3	139522	127714
3	139531	139522
3	139534	128916
3	139559	123258
3	139562	127934
3	139578	124358
3	139615	136759
3	139620	120946
3	139648	117394
3	139652	137814
3	139653	139274
3	139657	129905
3	139686	119145
3	139701	133072
3	139715	117938
3	139737	123671
3	139744	139653
3	139759	128629
3	139766	120451
3	139793	125284
3	139797	131279
3	139800	131344
3	139809	122022
3	139814	121875
3	139822	133148
3	139838	135665
3	139844	120876
3	139890	130531
3	139911	127309
3	139917	137970
3	139925	58798
3	139943	134871
3	139956	127638
3	139961	118863
3	139971	120732
3	139998	120732
3	140018	125934
3	140023	124880
3	140027	117574
3	140032	140027
3	140033	126958
3	140055	60371
3	140075	131484
3	140082	138039
3	140089	124098
3	140091	140089
3	140093	140082
3	140094	135049
3	140102	117449
3	140106	132657
3	140108	140106
3	140110	140102
3	140111	129114
3	140115	140111
3	140116	137878
3	140121	125807
3	140129	140121
3	140141	137872
3	140151	119022
3	140163	118525
3	140174	140163
3	140175	126795
3	140183	121100
3	140190	140183
3	140203	121250
3	140205	124358
3	140209	131271
3	140366	120969
3	140367	124880
3	140374	120696
3	140382	123651
3	140396	120950
3	140404	125240
3	140417	137708
3	140423	135049
3	140429	140423
3	140430	135794
3	140433	137136
3	140435	135966
3	140443	132368
3	140451	120732
3	140458	122821
3	140468	126853
3	140472	117604
3	140476	122773
3	140492	123061
3	140508	130890
3	140518	133589
3	140522	138528
3	140565	119638
3	140582	123107
3	140603	121807
3	140620	126396
3	140627	120950
3	140637	120785
3	140642	130668
3	140759	118122
3	140764	112926
3	140778	120454
3	140787	121351
3	140795	131634
3	140803	140795
3	140804	123180
3	140807	132612
3	140817	136862
3	140836	134294
3	140846	137502
3	140850	131459
3	140866	125480
3	140879	118122
3	140890	131213
3	140895	133257
3	140909	118172
3	140921	140909
3	140922	139744
3	140956	120769
3	140977	122388
3	140982	118997
3	140988	139943
3	140992	128114
3	140994	140992
3	140997	140994
3	141000	134359
3	141021	118913
3	141026	123162
3	141037	126484
3	141047	134276
3	141061	126434
3	141067	141061
3	141087	122161
3	141114	130292
3	141120	118829
3	141125	97746
3	141130	123363
3	141144	138528
3	141147	121382
3	141185	133757
3	141237	127309
3	141253	141021
3	141258	121047
3	141305	133256
3	141306	125610
3	141322	127309
3	141328	126070
3	141335	141328
3	141337	137782
3	141344	130750
3	141349	117691
3	141355	120150
3	141368	119219
3	141377	141368
3	141378	129765
3	141384	128797
3	141392	116741
3	141396	124759
3	141398	123824
3	141403	116725
3	141411	134148
3	141420	127275
3	141432	135183
3	141438	119137
3	141449	117283
3	141454	137737
3	141465	136862
3	141480	119300
3	141499	129044
3	141503	137737
3	141533	118037
3	141544	125250
3	141550	133093
3	141554	124098
3	141556	141554
3	141559	125916
3	141564	123731
3	141603	118407
3	141618	134888
3	141622	130324
3	141635	113422
3	141654	113422
3	141678	136681
3	141708	137250
3	141718	137321
3	141725	141718
3	141726	126753
3	141743	135779
3	141746	135960
3	141751	125066
3	141754	135476
3	141760	134994
3	141776	129676
3	141782	130768
3	141802	121835
3	141819	128787
3	141823	140492
3	141829	118942
3	141834	141829
3	141841	125827
3	141872	132226
3	141874	141872
3	141877	136601
3	141886	141874
3	141888	141874
3	141891	122984
3	141902	123744
3	141921	133481
3	141928	141921
3	141933	138520
3	141938	117055
3	141947	139517
3	141967	130531
3	141979	126769
3	141994	120224
3	141997	130548
3	142003	123824
3	142008	136532
3	142012	122099
3	142023	127602
3	142033	134871
3	142043	120418
3	142086	137265
3	142093	136723
3	142100	131782
3	142103	126688
3	142125	128787
3	142128	122356
3	142132	139961
3	142141	142100
3	142162	123265
3	142165	132752
3	142168	142162
3	142169	121290
3	142173	126576
3	142182	137431
3	142188	138082
3	142202	133093
3	142207	118575
3	142213	136261
3	142217	136601
3	142248	137514
3	142265	127866
3	142272	120212
3	142276	142272
3	142277	133688
3	142282	128797
3	142287	128533
3	142294	142287
3	142305	126276
3	142308	131398
3	142316	125402
3	142321	119749
3	142327	122840
3	142331	130101
3	142334	142331
3	142337	122853
3	142357	140102
3	142375	136191
3	142384	131412
3	142404	137878
3	142434	138576
3	142439	121349
3	142444	142439
3	142447	125923
3	142463	130040
3	142469	124673
3	142476	139943
3	142483	141120
3	142506	141130
3	142517	130555
3	142552	131398
3	142556	127332
3	142560	125946
3	142563	119049
3	142566	127996
3	142572	132345
3	142583	142188
3	142599	135980
3	142609	123701
3	142618	142609
3	142636	132500
3	142643	132436
3	142646	134994
3	142654	121859
3	142665	134255
3	142669	132027
3	142675	117146
3	142695	136145
3	142706	119659
3	142712	134994
3	142718	126878
3	142725	138112
3	142730	117288
3	142736	142730
3	142747	123974
3	142750	142747
3	142751	135865
3	142767	126753
3	142795	59974
3	142802	121966
3	142836	117055
3	142868	136901
3	142877	142868
3	142882	137872
3	142897	132180
3	142902	136611
3	142917	131167
3	142929	130724
3	142932	134504
3	142938	132612
3	142946	141061
3	142953	273
3	142954	273
3	142965	137096
3	142970	134332
3	142984	125112
3	142993	136611
3	142999	134990
3	143038	131069
3	143049	143038
3	143050	117531
3	143056	123272
3	143061	143050
3	143062	125022
3	143072	118938
3	143080	139135
3	143086	122352
3	143090	136223
3	143093	129798
3	143096	140476
3	143108	127638
3	143113	125807
3	143134	119574
3	143137	122840
3	143157	128862
3	143163	143157
3	143178	124815
3	143185	131279
3	143197	120212
3	143211	139129
3	143219	133257
3	143227	116824
3	143229	125376
3	143241	133893
3	143253	137815
3	143266	131742
3	143268	125923
3	143281	137540
3	143300	119659
3	143308	137648
3	143311	137657
3	143318	137683
3	143320	143318
3	143324	143311
3	143325	129316
3	143334	139096
3	143343	122881
3	143350	143343
3	143351	123804
3	143363	129162
3	143374	131543
3	143401	138046
3	143403	143401
3	143406	122705
3	143418	122132
3	143422	120158
3	143431	121807
3	143443	124098
3	143445	121224
3	143450	125130
3	143497	131543
3	143501	130555
3	143519	123424
3	143529	126045
3	143536	131046
3	143542	130724
3	143545	138183
3	143548	143536
3	143556	119278
3	143562	141378
3	143567	120158
3	143571	131763
3	143579	131742
3	143582	143579
3	143585	143571
3	143586	143579
3	143597	134347
3	143601	134911
3	143606	130750
3	143623	47910
3	143656	109688
3	143777	97796
3	143781	143777
3	143784	143777
3	143803	112723
3	143857	143781
3	143866	112741
3	143926	143777
3	143957	97802
3	143976	143777
3	144004	143926
3	144050	143777
3	144056	143866
3	144070	143866
3	144083	144004
3	144100	144056
3	144118	143777
3	144121	144118
3	144165	143777
3	144177	107240
3	144181	144177
3	144194	123116
3	144195	138635
3	144202	74072
3	144206	10845
3	144210	37886
3	144211	144210
3	144212	144211
3	144213	144210
3	144214	144211
3	144215	144211
3	144216	144213
3	144217	144216
3	144218	144213
3	144219	144215
3	144220	144219
3	144221	144213
3	144222	144211
3	144223	144212
3	144224	144222
3	144227	144217
3	144228	144222
3	144230	144212
3	144231	144213
3	144233	144212
3	144234	144224
3	144235	144221
3	144236	144212
3	144237	144214
3	144238	144216
3	144239	144211
3	144240	144237
3	144241	144222
3	144243	6245
3	144256	144243
3	144357	144256
3	144362	144357
3	144386	110161
3	144570	144386
3	144805	144570
3	145350	144256
3	146666	97767
3	146712	146666
3	146714	97767
3	146721	49045
3	146741	58583
3	146746	133524
3	146755	146746
3	146760	120950
3	146775	117366
3	146780	146741
3	146786	57961
3	146789	146786
3	146792	146789
3	146795	146789
3	146798	146786
3	146812	146741
3	146827	130890
3	146867	140895
3	146878	141947
3	146882	126918
3	146893	146882
3	146898	146893
3	146906	86533
3	146907	146906
3	146919	146907
3	146920	146907
3	147012	58191
3	147029	116941
3	147040	146867
3	147051	135455
3	147071	130890
3	147075	146812
3	147078	132169
3	147090	136543
3	147136	122022
3	147142	146741
3	147178	126025
3	147192	146755
3	147282	146867
3	147295	123301
3	147328	116550
3	147333	147328
3	147334	147328
3	147338	147334
3	147339	147334
3	147353	96862
3	147570	10193
3	147597	39261
3	147607	3292
3	147615	147607
3	147681	147597
3	147686	147681
3	147758	147681
3	147814	111409
3	147824	147814
3	147923	106725
3	147945	103086
3	147951	147945
3	147958	147923
3	148037	81022
3	148128	18564
3	148156	148128
3	148679	8115
3	148826	74237
3	148954	147758
3	149229	4927
3	149237	4937
3	149324	148679
3	149638	7019
3	149642	7024
3	149686	4920
3	149691	149237
3	149861	9139
3	149870	9050
3	149964	9215
3	150021	8
3	150256	114488
3	150479	54249
3	150503	30643
3	150825	147597
3	150877	19075
3	150994	64537
3	151427	4833
3	151578	5847
3	151629	150877
3	151719	100001
3	151802	13174
3	151806	151802
3	151811	151806
3	151815	13174
3	151818	147681
3	152144	74477
3	152194	152144
3	152263	152144
3	152309	55398
3	152312	149642
3	152845	64916
3	153170	20559
3	153226	104552
3	153281	64537
3	153308	16318
3	153451	16227
3	153622	36688
3	153744	55106
3	153748	151815
3	154027	16159
3	154352	150994
3	154382	148679
3	154641	148679
3	154644	13074
3	154752	20559
3	154855	100001
3	154861	154855
3	154883	147597
3	154899	154883
3	155040	24848
3	155049	66593
3	155063	55392
3	155137	18564
3	155145	155137
3	155150	155145
3	155154	155137
3	155161	155145
3	155164	155137
3	155167	155161
3	155173	155150
3	155176	155150
3	155179	155173
3	155182	155176
3	155185	155179
3	155188	155150
3	155192	155167
3	155204	155179
3	155211	155173
3	155219	155150
3	155226	155185
3	155229	155219
3	155232	155164
3	155457	149237
3	155626	154641
3	155881	150256
3	155885	114265
3	155913	154641
3	155991	13988
3	155997	152144
3	156030	99904
3	156065	150877
3	156116	66593
3	156182	155626
3	156366	154641
3	156382	13988
3	156697	151629
3	156705	153308
3	156719	20559
3	156860	149324
3	157017	101139
3	157264	62331
3	157368	115766
3	157370	155626
3	157762	61606
3	157790	66593
3	157803	30685
3	157845	148826
3	157849	155885
3	157853	55543
3	157861	156705
3	158017	147607
3	158020	154899
3	158024	158020
3	158027	158024
3	158031	158024
3	158035	158024
3	158039	158031
3	158043	158017
3	158121	154027
3	158171	109293
3	158507	147570
3	158901	153308
3	158912	151818
3	159259	64537
3	159275	151629
3	159376	158912
3	159437	64537
3	159513	55392
3	159675	147681
3	159841	153308
3	159959	6255
3	159980	149964
3	160029	20559
3	160197	15782
3	160301	149638
3	160444	149964
3	160825	147686
3	160847	157853
3	161360	106378
3	161408	103086
3	161422	161408
3	161469	103078
3	161475	161469
3	161501	111409
3	161536	102309
3	161550	161536
3	161565	147951
3	161619	147824
3	161640	161619
3	161675	161536
3	161722	161408
3	161790	102686
3	161848	161408
3	161877	161501
3	161920	161675
3	161974	111116
3	162104	161501
3	162105	162104
3	162153	108060
3	162162	17999
3	162413	162153
3	162600	111116
3	162677	161501
3	162685	161501
3	162702	162105
3	162770	17999
3	162777	161475
3	162794	162777
3	162846	161619
3	162859	162846
3	162879	162846
3	162947	111052
3	162962	162600
3	162980	161722
3	163007	162702
3	163563	153226
3	163620	116181
3	163626	163620
3	163645	15462
3	163975	154027
3	164111	52021
3	164120	155154
3	164124	148128
3	164128	164120
3	164133	155211
3	164136	164124
3	164141	164128
3	164145	164128
3	164149	164124
3	164214	155913
3	164607	66593
3	164916	148826
3	164920	114265
3	165598	147681
3	165844	154027
3	166354	159841
3	166359	166354
3	166384	36699
3	166398	152309
3	166688	158912
3	167030	4833
3	167041	20559
3	167394	3027
3	168028	147607
3	168039	147686
3	168063	168039
3	168066	168063
3	168074	168039
3	168170	152144
3	168229	101139
3	168235	168229
3	168390	154382
3	168731	159376
3	169525	157845
3	169807	166688
3	169978	159275
3	170078	64537
3	170146	158912
3	170150	151818
3	170299	148826
3	170343	149237
3	171234	147681
3	171237	168039
3	171255	35885
3	171336	66593
3	171502	150256
3	171614	157845
3	171715	160197
3	171876	147681
3	171898	153451
3	171940	159376
3	172116	154855
3	172130	156697
3	172621	157853
3	172641	115766
3	172645	158043
3	172657	172645
3	172690	54899
3	172759	172641
3	172856	66593
3	172909	171898
3	172978	172690
3	172982	164136
3	173066	154752
3	173131	34479
3	173320	172690
3	173327	172982
3	173332	173327
3	173336	173327
3	173343	173332
3	173352	173332
3	173367	169807
3	173455	171940
3	173616	159959
3	173703	171940
3	173847	116181
3	174276	158901
3	174281	155188
3	174284	174281
3	174291	174281
3	174548	58191
3	174565	116661
3	174566	174565
3	175123	20559
3	175349	59036
3	175353	57608
3	175368	57776
3	175373	59343
3	175378	59435
3	175404	59300
3	175410	58261
3	175415	91981
3	175423	2583
3	175427	57726
3	175429	59563
3	175444	59316
3	175448	175429
3	175461	59204
3	175466	58809
3	175473	58261
3	175479	59116
3	175491	60413
3	175511	60429
3	175517	58191
3	175531	57849
3	175539	58506
3	175549	60204
3	175554	59701
3	175565	57372
3	175569	175378
3	175573	59758
3	175580	58422
3	175619	60098
3	175625	60469
3	175629	175569
3	175638	59411
3	175644	58646
3	175646	175644
3	175649	58222
3	175655	59680
3	175660	59274
3	175666	175549
3	175672	58312
3	175685	57620
3	175689	175569
3	175698	59133
3	175703	57721
3	175710	175353
3	175725	57726
3	175729	58614
3	175745	59116
3	175749	175444
3	175754	175710
3	175761	60053
3	175767	57961
3	175774	175565
3	175783	58662
3	175793	59175
3	175801	60350
3	175807	58422
3	175823	57519
3	175827	59274
3	175832	175685
3	175836	58435
3	175847	57721
3	175866	57332
3	175871	58662
3	175876	58342
3	175880	175549
3	175891	175749
3	175898	59112
3	175908	60093
3	175919	57519
3	175925	57796
3	175927	59241
3	175934	175725
3	175937	58837
3	175943	175415
3	175950	175729
3	175954	136663
3	175966	175950
3	175971	59551
3	175974	58328
3	175982	175823
3	175992	175473
3	175997	175448
3	176002	175479
3	176024	59236
3	176030	58696
3	176042	59937
3	176046	175646
3	176059	175761
3	176066	58334
3	176071	175774
3	176077	175745
3	176081	175554
3	176088	59047
3	176242	61077
3	176636	150825
3	176762	151818
3	176889	171614
3	177071	64537
3	177098	63301
3	177111	111116
3	177118	149638
3	177159	65361
3	177184	16591
3	177506	153308
3	177596	66593
3	177611	177159
3	177914	149638
3	177917	152312
3	177990	106554
3	177997	38898
3	178022	177184
3	178610	173066
3	178616	177159
3	178626	167394
3	178673	4920
3	178752	160825
3	178879	140895
3	179158	172641
3	179395	149642
3	179398	151818
3	180102	151629
3	180138	173455
3	180349	109293
3	180357	109293
3	180365	20559
3	180388	151719
3	180394	180388
3	180714	155626
3	180725	171876
3	180728	160825
3	180731	180728
3	180973	164916
3	180978	180973
3	180981	149642
3	181187	166354
3	181313	64537
3	181501	113422
3	181557	99516
3	181566	33
3	181567	40
3	181568	42
3	181570	47
3	181573	63
3	181579	99
3	181580	105
3	181581	107
3	181588	142
3	181594	168
3	181596	178
3	181599	192
3	181603	208
3	181606	229
3	181611	258
3	181612	264
3	181614	273
3	181615	281
3	181616	283
3	181618	289
3	181620	299
3	181624	318
3	181625	320
3	181627	325
3	181631	333
3	181633	337
3	181634	342
3	181635	345
3	181637	350
3	181638	359
3	181639	371
3	181640	379
3	181641	380
3	181643	386
3	181654	400
3	181655	404
3	181656	406
3	181657	408
3	181660	418
3	181662	181596
3	181664	436
3	181666	444
3	181671	459
3	181672	462
3	181673	465
3	181674	484
3	181675	494
3	181676	497
3	181677	500
3	181678	504
3	181679	181677
3	181680	507
3	181681	513
3	181683	520
3	181684	523
3	181685	526
3	181687	532
3	181688	536
3	181689	550
3	181690	555
3	181691	558
3	181692	561
3	181693	565
3	181694	568
3	181698	576
3	181699	579
3	181703	181698
3	181706	610
3	181707	613
3	181708	619
3	181710	627
3	181712	634
3	181713	637
3	181714	641
3	181716	650
3	181733	727
3	181738	765
3	181743	775
3	181744	776
3	181746	80246
3	181757	181744
3	181761	808
3	181763	833
3	181765	854
3	181766	860
3	181772	906
3	181773	913
3	181774	920
3	181777	942
3	181778	948
3	181786	996
3	181788	33970
3	182598	181596
3	182604	2054
3	182605	2064
3	182606	2070
3	182612	2119
3	182614	2136
3	182616	2148
3	182617	2155
3	182620	2181
3	182624	2217
3	182628	2256
3	182629	2263
3	182630	2269
3	182631	2275
3	182634	2300
3	182635	2308
3	182637	2328
3	182640	2349
3	182641	2356
3	182644	2379
3	182646	2392
3	182650	2411
3	182671	2447
3	182672	2447
3	182678	2496
3	182680	2509
3	182681	2516
3	182693	2594
3	182700	2626
3	182701	2629
3	182702	2632
3	182728	2778
3	182740	2854
3	182741	2859
3	182742	2862
3	182743	2865
3	182745	2872
3	182761	35876
3	182762	2984
3	182765	3013
3	182766	3021
3	182769	3047
3	182771	3065
3	182772	3073
3	182774	3087
3	182775	3095
3	182778	3113
3	182786	3165
3	182812	3274
3	182813	3280
3	182814	3283
3	182816	3292
3	182820	3313
3	182843	3371
3	182845	3387
3	182847	3406
3	182848	182847
3	182878	44540
3	182932	3543
3	182942	48394
3	182956	3591
3	182957	3605
3	182958	3614
3	182959	3621
3	182960	3627
3	182961	3631
3	182962	3634
3	182970	3681
3	182973	3709
3	182975	3726
3	182977	3735
3	182978	3743
3	182979	3747
3	183054	4064
3	183056	40529
3	183088	4144
3	183145	4376
3	183153	4384
3	183158	4421
3	183159	4428
3	183173	4505
3	183174	4512
3	183175	4523
3	183176	4532
3	183178	4555
3	183180	4570
3	183182	4585
3	183184	4599
3	183185	4604
3	183187	4621
3	183188	4627
3	183189	4631
3	183190	4634
3	183191	4640
3	183238	4779
3	183239	4787
3	183247	4852
3	183250	4873
3	183258	4920
3	183260	4933
3	183268	36604
3	183270	4953
3	183271	4958
3	183272	4965
3	183273	4972
3	183274	4981
3	183275	4988
3	183276	5001
3	183291	5115
3	183308	9302
3	183321	5299
3	183322	5303
3	183323	5306
3	183324	5310
3	183325	12705
3	183326	5316
3	183327	5319
3	183348	5393
3	183350	5405
3	183351	5408
3	183352	5412
3	183353	5417
3	183354	5420
3	183356	5428
3	183357	5431
3	183358	5434
3	183359	5438
3	183360	183351
3	183361	5445
3	183362	5448
3	183364	5454
3	183367	5469
3	183368	5474
3	183369	5477
3	183395	5665
3	183398	5690
3	183399	5701
3	183400	5706
3	183401	5709
3	183402	5717
3	183403	5725
3	183404	5734
3	183405	5742
3	183406	5750
3	183410	5780
3	183416	5818
3	183422	5856
3	183423	5862
3	183424	5868
3	183425	5873
3	183426	5879
3	183427	5885
3	183428	5888
3	183429	5892
3	183430	5896
3	183431	5901
3	183432	5904
3	183435	5926
3	183456	5992
3	183466	6008
3	183470	6025
3	183479	6063
3	183480	6071
3	183481	6077
3	183519	6333
3	183520	6338
3	183521	6343
3	183523	25810
3	183524	183519
3	183525	6368
3	183526	6378
3	183532	6411
3	183535	6436
3	183538	6456
3	183568	6663
3	183569	6669
3	183570	6676
3	183611	6920
3	183616	6951
3	183618	6965
3	183619	6972
3	183621	6987
3	183623	7001
3	183625	7012
3	183626	7019
3	183627	7024
3	183628	7034
3	183637	7107
3	183638	7112
3	183658	7215
3	183664	7267
3	183707	7410
3	183708	7417
3	183709	7425
3	183711	7443
3	183715	7477
3	183716	7484
3	183717	7495
3	183722	7526
3	183729	7581
3	183730	7587
3	183731	7595
3	183733	7608
3	183734	7615
3	183741	7676
3	183742	7684
3	183743	7694
3	183744	7702
3	183747	7726
3	183749	7745
3	183755	7795
3	183756	7806
3	183759	7827
3	183769	7887
3	183780	183756
3	183788	183658
3	183797	183769
3	183816	7870
3	183834	8024
3	183851	8096
3	183852	8104
3	183853	8110
3	183854	8115
3	183856	8132
3	183869	8241
3	183870	8241
3	183875	8269
3	183877	8286
3	183878	8293
3	183998	8946
3	184009	9081
3	184012	9033
3	184014	9044
3	184015	9050
3	184016	9057
3	184020	9075
3	184021	9081
3	184022	9087
3	184023	9092
3	184026	9104
3	184027	9109
3	184030	9123
3	184033	9139
3	184034	9143
3	184035	9147
3	184052	9209
3	184053	9215
3	184054	9218
3	184055	9222
3	184056	9226
3	184057	9231
3	184062	9262
3	184066	9309
3	184089	9442
3	184094	9483
3	184095	9487
3	184096	9492
3	184097	9497
3	184098	9501
3	184099	9504
3	184100	9508
3	184101	9512
3	184102	9516
3	184104	9528
3	184105	9536
3	184106	9543
3	184109	9567
3	184110	9570
3	184111	9573
3	184112	9577
3	184113	9581
3	184114	9584
3	184115	9588
3	184127	9640
3	184128	9648
3	184141	9717
3	184152	9771
3	184153	9777
3	184154	9784
3	184155	9789
3	184156	9797
3	184166	9858
3	184168	9873
3	184170	9887
3	184171	9894
3	184190	10033
3	184206	10136
3	184209	10157
3	184213	10188
3	184215	10201
3	184216	10208
3	184219	10231
3	184220	10238
3	184222	10244
3	184223	10249
3	184235	10320
3	184250	10389
3	184252	10401
3	184253	10404
3	184254	10407
3	184262	10445
3	184264	10453
3	184272	10486
3	184273	10490
3	184295	10641
3	184297	10655
3	184298	10659
3	184299	10665
3	184300	10669
3	184301	10673
3	184302	10677
3	184303	10681
3	184306	10692
3	184317	10742
3	184318	10750
3	184326	10786
3	184327	10793
3	184328	10798
3	184329	10802
3	184330	10805
3	184331	10809
3	184332	10813
3	184333	10817
3	184334	10820
3	184335	10825
3	184336	10829
3	184337	10834
3	184339	10840
3	184340	10845
3	184341	10848
3	184342	10851
3	184343	10854
3	184344	10857
3	184345	10861
3	184346	10865
3	184347	10868
3	184348	10871
3	184356	10916
3	184430	11300
3	184433	11315
3	184449	11432
3	184453	11463
3	184454	11470
3	184455	11476
3	184481	11612
3	184482	11620
3	184483	11627
3	184484	11633
3	184486	11643
3	184487	11649
3	184489	11661
3	184496	11704
3	184522	11850
3	184523	11856
3	184525	11869
3	184567	11989
3	184568	11998
3	184570	12064
3	184572	12073
3	184573	12077
3	184574	12080
3	184575	12084
3	184576	12087
3	184577	12091
3	184578	12094
3	184579	12098
3	184580	12102
3	184605	183401
3	184606	12271
3	184607	12281
3	184625	12367
3	184626	12376
3	184628	12389
3	184630	12404
3	184631	12411
3	184632	12417
3	184656	12591
3	184672	12664
3	184673	12672
3	184674	12679
3	184677	12696
3	184678	12701
3	184679	12705
3	184680	12708
3	184682	12718
3	184683	12721
3	184684	12724
3	184685	12727
3	184687	12734
3	184706	12818
3	184714	12858
3	184715	12864
3	184716	12870
3	184718	12882
3	184719	12889
3	184720	12896
3	184721	12901
3	184722	12908
3	184723	12914
3	184726	12937
3	184727	12942
3	184728	12945
3	184730	12952
3	184731	12955
3	184732	12958
3	184733	12961
3	184751	13069
3	184752	13074
3	184754	13082
3	184767	13174
3	184768	13178
3	184769	13183
3	184770	13186
3	184776	13217
3	184834	13477
3	184835	13483
3	184836	13486
3	184837	13489
3	184838	13492
3	184839	13496
3	184840	13500
3	184852	13557
3	184853	13566
3	184854	13573
3	184855	13581
3	184856	13590
3	184877	13721
3	184905	50969
3	184909	13809
3	184910	13814
3	184912	13827
3	184915	13850
3	184916	13859
3	184917	13865
3	184919	13878
3	184920	13882
3	184946	14056
3	184964	14189
3	184965	14202
3	184966	14206
3	184967	14211
3	184984	14321
3	184992	14371
3	185019	14529
3	185020	14533
3	185032	14591
3	185034	14600
3	185035	14605
3	185036	14608
3	185068	14758
3	185072	14782
3	185073	14787
3	185082	14834
3	185083	14837
3	185084	14840
3	185085	14843
3	185089	14871
3	185092	14890
3	185093	14894
3	185096	14908
3	185099	14930
3	185101	14948
3	185106	14985
3	185115	15044
3	185116	15050
3	185119	15071
3	185140	15161
3	185141	15165
3	185144	15185
3	185145	15189
3	185146	15193
3	185147	15197
3	185148	15200
3	185149	15205
3	185150	15208
3	185151	15211
3	185153	15219
3	185154	15222
3	185155	15225
3	185156	15229
3	185157	15232
3	185161	15260
3	185166	15286
3	185167	15289
3	185169	15295
3	185170	15298
3	185172	15304
3	185173	15307
3	185174	15310
3	185175	15313
3	185176	15316
3	185177	15319
3	185183	15353
3	185185	15362
3	185186	15369
3	185188	15379
3	185193	15391
3	185197	15421
3	185198	15426
3	185203	15451
3	185204	15458
3	185206	15471
3	185218	15492
3	185228	15561
3	185229	15570
3	185235	15600
3	185236	15609
3	185240	15632
3	185243	15651
3	185244	15654
3	185246	15667
3	185247	15672
3	185250	15683
3	185251	15690
3	185252	15699
3	185253	15707
3	185255	15722
3	185256	15730
3	185257	15737
3	185258	15747
3	185259	15756
3	185261	15770
3	185263	15782
3	185265	15790
3	185266	15795
3	185267	15798
3	185300	15954
3	185302	15963
3	185304	15975
3	185307	15997
3	185311	16031
3	185312	16039
3	185315	16061
3	185316	16069
3	185319	16086
3	185322	16113
3	185328	16159
3	185329	16164
3	185335	16205
3	185338	16227
3	185355	16283
3	185356	16286
3	185357	16289
3	185358	16294
3	185359	16309
3	185360	16300
3	185361	16303
3	185362	16306
3	185363	16309
3	185364	16312
3	185365	16315
3	185366	16318
3	185371	16354
3	185377	16397
3	185378	16402
3	185379	16405
3	185381	16415
3	185386	16447
3	185389	16469
3	185396	16524
3	185397	16528
3	185405	16554
3	185408	16567
3	185409	16578
3	185410	16586
3	185415	16613
3	185420	16644
3	185422	16650
3	185426	16671
3	185432	185250
3	185435	16720
3	185439	16751
3	185445	16793
3	185448	16817
3	185460	16857
3	185462	16873
3	185465	16886
3	185466	16895
3	185467	16904
3	185498	17101
3	185499	17108
3	185500	17115
3	185501	17121
3	185503	17136
3	185515	17195
3	185553	17420
3	185554	17429
3	185561	17429
3	185563	17449
3	185568	17480
3	185569	17487
3	185570	17494
3	185571	17502
3	185572	17507
3	185573	17514
3	185574	17520
3	185627	17839
3	185631	17863
3	185632	17872
3	185633	17880
3	185634	17887
3	185635	17893
3	185636	17902
3	185637	17909
3	185639	17921
3	185667	18069
3	185668	18074
3	185669	185668
3	185670	18082
3	185697	18222
3	185698	18225
3	185699	18228
3	185700	18231
3	185702	18238
3	185704	18244
3	185746	18452
3	185747	18460
3	185748	18470
3	185750	18487
3	185751	18497
3	185752	18506
3	185754	18524
3	185755	18534
3	185756	18543
3	185759	18555
3	185761	18564
3	185771	18582
3	185775	18609
3	185777	18629
3	185778	18636
3	185779	18645
3	185780	18653
3	185781	18660
3	185782	18663
3	185783	18666
3	185784	18669
3	185785	18675
3	185789	18698
3	185799	18777
3	185807	18827
3	185808	18833
3	185810	18848
3	185820	18901
3	185821	18909
3	185827	18949
3	185828	18956
3	185830	18973
3	185831	18980
3	185832	18987
3	185833	18990
3	185834	18993
3	185835	18996
3	185836	18999
3	185838	19005
3	185839	19008
3	185840	19011
3	185841	19014
3	185842	19017
3	185844	19025
3	185845	19032
3	185850	19059
3	185851	19063
3	185853	19069
3	185854	19072
3	185855	19075
3	185877	19204
3	185880	19224
3	185881	19233
3	185882	19241
3	185883	19248
3	185885	19265
3	185896	19332
3	185897	19336
3	185898	19341
3	185903	19363
3	185907	19385
3	185909	19397
3	185910	19401
3	185911	19405
3	185912	19408
3	185914	19414
3	185915	19424
3	185916	19432
3	185917	19438
3	185957	19737
3	185962	19759
3	185963	19762
3	185964	19766
3	185965	19770
3	185966	19774
3	185967	19777
3	185968	19780
3	185969	19783
3	185973	19803
3	185983	19850
3	185984	19854
3	185987	19871
3	185998	19882
3	185999	19891
3	186000	185999
3	186009	19899
3	186010	19905
3	186011	19913
3	186012	19920
3	186014	19939
3	186015	19946
3	186016	19951
3	186017	19958
3	186018	19965
3	186021	19986
3	186039	20115
3	186040	20124
3	186042	20139
3	186043	20147
3	186045	20161
3	186049	20186
3	186050	20194
3	186051	20201
3	186053	20214
3	186054	20222
3	186055	20230
3	186056	20236
3	186057	20242
3	186058	20249
3	186059	20255
3	186060	20262
3	186100	20537
3	186128	20724
3	186129	184574
3	186139	20788
3	186141	20805
3	186143	20819
3	186173	20962
3	186178	20995
3	186179	21003
3	186180	21009
3	186183	21029
3	186184	21035
3	186185	21044
3	186186	21053
3	186187	21060
3	186194	21097
3	186217	21226
3	186218	21231
3	186219	21237
3	186220	21245
3	186221	21251
3	186222	21256
3	186223	21261
3	186224	21269
3	186225	21276
3	186226	21281
3	186227	21289
3	186229	21300
3	186232	21317
3	186250	21408
3	186251	21416
3	186252	21423
3	186253	21430
3	186270	21526
3	186271	21533
3	186273	21547
3	186274	21554
3	186275	21563
3	186277	21576
3	186278	21579
3	186279	21582
3	186281	21588
3	186282	21591
3	186283	21594
3	186284	21597
3	186285	21600
3	186286	21603
3	186287	21606
3	186290	21624
3	186293	21650
3	186294	21657
3	186307	21730
3	186321	21793
3	186322	21799
3	186325	21819
3	186326	21826
3	186328	21838
3	186333	21872
3	186334	21876
3	186339	21910
3	186347	21956
3	186348	21960
3	186349	21963
3	186350	21966
3	186360	22036
3	186376	22153
3	186378	22165
3	186380	22177
3	186381	22183
3	186383	22195
3	186384	22203
3	186385	22210
3	186386	22214
3	186387	22219
3	186389	22227
3	186390	22231
3	186391	22234
3	186392	22238
3	186393	22241
3	186403	60654
3	186409	43008
3	186410	186403
3	186419	22332
3	186421	22346
3	186468	22580
3	186488	103390
3	186505	22654
3	186507	22668
3	186520	22752
3	186521	22759
3	186522	22766
3	186523	22774
3	186524	22783
3	186530	22824
3	186541	22880
3	186542	22885
3	186543	22888
3	186544	22892
3	186551	22937
3	186575	23052
3	186578	23071
3	186623	23372
3	186624	23375
3	186632	23415
3	186660	23616
3	186706	23882
3	186707	23889
3	186709	23903
3	186710	23908
3	186711	23913
3	186712	23916
3	186713	23919
3	186724	23984
3	186725	23997
3	186726	24007
3	186727	24015
3	186728	24023
3	186730	24037
3	186732	24053
3	186733	24060
3	186736	24085
3	186738	24100
3	186775	24233
3	186776	24237
3	186777	24244
3	186779	24259
3	186780	24268
3	186781	24275
3	186782	24283
3	186783	24292
3	186784	24300
3	186785	24308
3	186787	24321
3	186788	24329
3	186790	24347
3	186791	24353
3	186793	24365
3	186795	24380
3	186796	24387
3	186798	24404
3	186807	24465
3	186808	24474
3	186863	24553
3	186877	3443
3	186891	24656
3	186892	24660
3	186893	24664
3	186919	24809
3	186920	39082
3	186921	24816
3	186922	24820
3	186924	24829
3	186925	24832
3	186927	24842
3	186930	24862
3	186931	24871
3	186934	24890
3	186936	24904
3	186938	24916
3	186939	24919
3	186940	24922
3	186975	25156
3	186979	49105
3	186985	25178
3	186989	25197
3	186991	25207
3	186992	25209
3	186993	25213
3	186997	185973
3	186998	25230
3	186999	25235
3	187008	25282
3	187020	25336
3	187021	25347
3	187022	25356
3	187023	25364
3	187024	25372
3	187025	25381
3	187026	25387
3	187027	25395
3	187031	25416
3	187032	25419
3	187074	25661
3	187075	183189
3	187076	25668
3	187078	185244
3	187079	25677
3	187080	25680
3	187089	25733
3	187091	25739
3	187092	25747
3	187094	25768
3	187095	25775
3	187100	25810
3	187102	25822
3	187157	25967
3	187158	25975
3	187160	25987
3	187162	26000
3	187291	26456
3	187338	26569
3	187409	26858
3	187452	26920
3	187457	26456
3	187458	26973
3	187483	41751
3	187495	27043
3	187498	27063
3	187508	27079
3	187510	27096
3	187523	27112
3	187527	27144
3	187528	27152
3	187529	27161
3	187530	27162
3	187534	27190
3	187535	27196
3	187536	27202
3	187537	27208
3	187538	27215
3	187539	27221
3	187540	27225
3	187541	27228
3	187542	27233
3	187557	27325
3	187579	27454
3	187580	27463
3	187581	27471
3	187597	27559
3	187598	27567
3	187599	27574
3	187600	27580
3	187602	27592
3	187604	27604
3	187606	27618
3	187607	27624
3	187608	27631
3	187613	27665
3	187614	27669
3	187615	27677
3	187616	27684
3	187617	27693
3	187619	27710
3	187620	27718
3	187622	27731
3	187624	27744
3	187625	27749
3	187630	27776
3	187631	27781
3	187632	27785
3	187633	27789
3	187638	27820
3	187639	27829
3	187641	27844
3	187643	27858
3	187644	27867
3	187645	27874
3	187646	27881
3	187648	27895
3	187651	27909
3	187658	27949
3	187663	45565
3	187669	29304
3	187679	28025
3	187680	28028
3	187681	28031
3	187682	28034
3	187685	28041
3	187686	28045
3	187687	28049
3	187701	28129
3	187704	28150
3	187707	28165
3	187708	28173
3	187709	28182
3	187711	28198
3	187712	187709
3	187713	28212
3	187714	28220
3	187715	28229
3	187729	28328
3	187730	28334
3	187731	28341
3	187755	28414
3	187757	28427
3	187758	28434
3	187759	28440
3	187760	28445
3	187765	28475
3	187766	28487
3	187767	28495
3	187768	28501
3	187769	28510
3	187770	28519
3	187772	28533
3	187773	28540
3	187777	28566
3	187778	28571
3	187779	28577
3	187780	28583
3	187805	45190
3	187808	28636
3	187810	28651
3	187811	28658
3	187812	28665
3	187813	28671
3	187848	28836
3	187849	28845
3	187850	28852
3	187874	28967
3	187875	28971
3	187884	29008
3	187887	29032
3	187888	29039
3	187890	29055
3	187891	29063
3	187892	29071
3	187894	29085
3	187895	29091
3	187896	29099
3	187897	29106
3	187898	29112
3	187899	29119
3	187900	29125
3	187921	29192
3	187922	29200
3	187930	29257
3	187931	29264
3	187942	29304
3	187945	29330
3	187946	29339
3	187947	29348
3	187949	29364
3	187950	29371
3	187951	185499
3	187966	29471
3	187968	29477
3	187969	29481
3	187971	29494
3	187972	29501
3	187973	29507
3	187974	29512
3	187976	29528
3	187979	29547
3	187996	29657
3	187997	29663
3	187998	29670
3	188031	29771
3	188033	29784
3	188034	29792
3	188037	29805
3	188038	29809
3	188039	29812
3	188040	29815
3	188142	30361
3	188159	30435
3	188160	30444
3	188163	30467
3	188164	30474
3	188181	30541
3	188182	30548
3	188183	30554
3	188184	30562
3	188185	30567
3	188186	30571
3	188187	30576
3	188189	30582
3	188190	30586
3	188198	30636
3	188199	30643
3	188200	30646
3	188201	30649
3	188202	30653
3	188210	30698
3	188215	30725
3	188216	30729
3	188217	30733
3	188218	30736
3	188219	30739
3	188221	30749
3	188222	30752
3	188227	30783
3	188244	30865
3	188250	30895
3	188251	30898
3	188252	30901
3	188253	30904
3	188255	30911
3	188256	30914
3	188257	30919
3	188258	30922
3	188259	30928
3	188260	30931
3	188261	30935
3	188263	186632
3	188316	31115
3	188318	31122
3	188319	31126
3	188320	31129
3	188386	31322
3	188407	81177
3	188416	31435
3	188417	31440
3	188418	31443
3	188419	31446
3	188421	31456
3	188422	31460
3	188429	31494
3	188430	31498
3	188431	31501
3	188432	31504
3	188433	31508
3	188434	31515
3	188478	60737
3	188479	188478
3	188495	60747
3	188503	183532
3	188506	31541
3	188507	31551
3	188508	31559
3	188510	31573
3	188511	31580
3	188512	31590
3	188516	31619
3	188518	31633
3	188519	31636
3	188521	31644
3	188522	31647
3	188524	31654
3	188526	31664
3	188527	32409
3	188529	31681
3	188530	31684
3	188531	31687
3	188624	3508
3	188658	32147
3	188659	32150
3	188660	32154
3	188661	32157
3	188662	32161
3	188663	32164
3	188702	32388
3	188703	32394
3	188705	32409
3	188707	32419
3	188709	32434
3	188710	32443
3	188711	32449
3	188712	32457
3	188721	32510
3	188722	32520
3	188727	32554
3	188728	32557
3	188729	32560
3	188744	187658
3	188757	32724
3	188759	32732
3	188760	32736
3	188761	32740
3	188762	32744
3	188763	32748
3	188764	32754
3	188765	32757
3	188766	32760
3	188767	32763
3	188768	32767
3	188775	32798
3	188776	32807
3	188780	32841
3	188783	32867
3	188784	32875
3	188785	32884
3	188790	32926
3	188795	32954
3	188844	33179
3	188845	33185
3	188846	33190
3	188847	33195
3	188856	33243
3	188933	33674
3	188934	33683
3	188940	33720
3	188949	33778
3	188959	33830
3	188961	33844
3	188962	33852
3	188970	33899
3	188971	33908
3	188972	33916
3	188975	33939
3	188976	33947
3	188979	33962
3	188980	33970
3	189011	34137
3	189013	34153
3	189014	34158
3	189026	34226
3	189027	34230
3	189029	34241
3	189030	34250
3	189031	34258
3	189042	34329
3	189043	34335
3	189044	34342
3	189057	34430
3	189058	34438
3	189061	34458
3	189065	34479
3	189072	34513
3	189075	34539
3	189076	34549
3	189077	34556
3	189078	34564
3	189092	34665
3	189099	34703
3	189135	34914
3	189136	34917
3	189137	34920
3	189138	34923
3	189139	34926
3	189140	34929
3	189141	34932
3	189142	34935
3	189150	34978
3	189158	186709
3	189161	35037
3	189162	35043
3	189164	35053
3	189165	35062
3	189167	35079
3	189168	35088
3	189169	35096
3	189171	35110
3	189172	35117
3	189173	35124
3	189174	35130
3	189177	35146
3	189178	35149
3	189179	35152
3	189205	35265
3	189206	35268
3	189207	35273
3	189208	35277
3	189209	35281
3	189235	35411
3	189239	35437
3	189267	35583
3	189277	35647
3	189278	35654
3	189317	182765
3	189325	35876
3	189326	35885
3	189327	35895
3	189328	35901
3	189329	35910
3	189331	35926
3	189332	35935
3	189352	36025
3	189353	36031
3	189354	36038
3	189355	36046
3	189356	36056
3	189358	36072
3	189359	36080
3	189360	36090
3	189363	36113
3	189364	36120
3	189365	36127
3	189366	36130
3	189393	36262
3	189442	36544
3	189444	36559
3	189446	36574
3	189450	36604
3	189451	36610
3	189452	36617
3	189457	36648
3	189458	36655
3	189460	36674
3	189463	36688
3	189465	36699
3	189470	36728
3	189471	36732
3	189481	36802
3	189486	36830
3	189494	36878
3	189495	36881
3	189510	36964
3	189511	36973
3	189514	36997
3	189522	37034
3	189543	37105
3	189544	37115
3	189545	37122
3	189551	37162
3	189553	37175
3	189557	37202
3	189563	37250
3	189564	37258
3	189565	37265
3	189566	184153
3	189584	37383
3	189586	37395
3	189587	37402
3	189610	37443
3	189612	37459
3	189613	37468
3	189621	37515
3	189627	37541
3	189628	37546
3	189631	37563
3	189635	37592
3	189641	37608
3	189644	37618
3	189645	37622
3	189646	37626
3	189647	37629
3	189649	37635
3	189650	37640
3	189652	37651
3	189659	37682
3	189668	37735
3	189669	37742
3	189671	37759
3	189672	37769
3	189674	37785
3	189675	37792
3	189688	37877
3	189689	37883
3	189690	37886
3	189693	37904
3	189695	37915
3	189697	37925
3	189698	37931
3	189699	37939
3	189711	38022
3	189712	38025
3	189713	38029
3	189714	38032
3	189716	38038
3	189717	38041
3	189718	38044
3	189722	38066
3	189724	38081
3	189725	38087
3	189727	38101
3	189728	38108
3	189730	38123
3	189733	38148
3	189734	38155
3	189735	38163
3	189739	38180
3	189740	38184
3	189741	38188
3	189744	38204
3	189745	38212
3	189746	38219
3	189748	38233
3	189749	38240
3	189750	38247
3	189751	38254
3	189754	38277
3	189755	38284
3	189765	38346
3	189766	38353
3	189770	38375
3	189771	38379
3	189772	38383
3	189773	38387
3	189774	38390
3	189775	38393
3	189810	38562
3	189811	38577
3	189813	38577
3	189814	38580
3	189815	38583
3	189816	182956
3	189817	38596
3	189818	38604
3	189819	38612
3	189837	38742
3	189851	38828
3	189903	39016
3	189905	39030
3	189910	39061
3	189911	39064
3	189912	39067
3	189913	39070
3	189914	39073
3	189915	39076
3	189916	39079
3	189917	39082
3	189918	39086
3	189928	39128
3	189929	39135
3	189932	39154
3	189960	39261
3	189962	39269
3	189963	39273
3	189964	39277
3	189965	39280
3	189966	39283
3	189968	39293
3	189971	39304
3	189972	39308
3	189973	39312
3	189974	39315
3	189975	39318
3	189976	39321
3	189978	39327
3	189979	39330
3	189982	39341
3	189984	39348
3	189986	39355
3	189992	39392
3	189994	39406
3	189999	39443
3	190003	39466
3	190004	39469
3	190006	39475
3	190007	39478
3	190008	39481
3	190009	39484
3	190010	184840
3	190011	39490
3	190012	39493
3	190013	39496
3	190014	39499
3	190015	39502
3	190016	39505
3	190019	39514
3	190020	39517
3	190021	39520
3	190022	39523
3	190023	39529
3	190026	39544
3	190027	39547
3	190028	39550
3	190046	39625
3	190051	39656
3	190052	39660
3	190053	39663
3	190054	39665
3	190055	190054
3	190070	39713
3	190097	39789
3	190098	39794
3	190100	39801
3	190106	39840
3	190107	39847
3	190108	39854
3	190109	183410
3	190145	40002
3	190148	40023
3	190149	40028
3	190150	40033
3	190151	40037
3	190152	40041
3	190170	40164
3	190180	40202
3	190181	40208
3	190182	40212
3	190183	40221
3	190184	40229
3	190186	40235
3	190200	40324
3	190201	40331
3	190233	40529
3	190235	40540
3	190254	40557
3	190272	40593
3	190273	40600
3	190283	40627
3	190320	40675
3	190322	40693
3	190342	40726
3	190395	40856
3	190434	40966
3	190436	40982
3	190438	40992
3	190445	41045
3	190446	41051
3	190447	41058
3	190450	41088
3	190453	41108
3	190458	41154
3	190472	41267
3	190473	41274
3	190476	41297
3	190477	41304
3	190478	41311
3	190479	41317
3	190480	41323
3	190481	41330
3	190484	41351
3	190485	41359
3	190487	41372
3	190491	41397
3	190492	41403
3	190493	41411
3	190503	41441
3	190553	41505
3	190560	41515
3	190571	41616
3	190582	41721
3	190589	41700
3	190591	41719
3	190592	41751
3	190605	41806
3	190607	41817
3	190610	41836
3	190611	41843
3	190647	41970
3	190648	41976
3	190649	41982
3	190650	41988
3	190652	42001
3	190655	42022
3	190656	42031
3	190657	42038
3	190667	42070
3	190670	42095
3	190671	42103
3	190673	42122
3	190674	42123
3	190676	42132
3	190695	190676
3	190696	42184
3	190747	42289
3	190748	42314
3	190814	42407
3	190841	42466
3	190843	42483
3	190844	42491
3	190846	42505
3	190847	42513
3	190848	42523
3	190876	42574
3	190887	42574
3	190941	42698
3	190942	42705
3	190943	42711
3	190945	42722
3	190946	42728
3	190947	42734
3	190950	42754
3	190952	43291
3	190953	42773
3	190972	42808
3	190976	42842
3	190978	42854
3	190986	42903
3	190987	42911
3	190989	42925
3	190997	43000
3	190998	43026
3	191020	43204
3	191039	43092
3	191046	43151
3	191065	43165
3	191068	43187
3	191078	43284
3	191079	43291
3	191081	43305
3	191084	43324
3	191086	43338
3	191087	43345
3	191098	43380
3	191134	43498
3	191166	49215
3	191272	43727
3	191281	43734
3	191285	43766
3	191286	43767
3	191288	43784
3	191290	43813
3	191291	43828
3	191293	43844
3	191294	43851
3	191297	43873
3	191310	44354
3	191350	44003
3	191366	44066
3	191368	44092
3	191370	44066
3	191377	44108
3	191378	44116
3	191379	44126
3	191381	44131
3	191391	44138
3	191448	44317
3	191562	44463
3	191563	44472
3	191617	44524
3	191633	44533
3	191634	44540
3	191650	47966
3	191706	48917
3	191720	47910
3	191727	191650
3	191737	48797
3	191746	191737
3	191753	191746
3	191762	191650
3	191780	191727
3	191788	191780
3	191796	191737
3	191804	191780
3	191814	191737
3	191828	191727
3	191838	191762
3	191846	44554
3	191848	44568
3	191931	48084
3	191987	44856
3	191988	44866
3	191989	44873
3	191990	44880
3	191995	44919
3	191996	44927
3	191998	44943
3	192000	44958
3	192001	44964
3	192003	44982
3	192004	44991
3	192006	45005
3	192010	45030
3	192013	45053
3	192015	45070
3	192019	45101
3	192026	45159
3	192029	45190
3	192030	45199
3	192041	45343
3	192053	45225
3	192054	45232
3	192055	192053
3	192056	45267
3	192058	45283
3	192067	45292
3	192069	45306
3	192072	45343
3	192073	45351
3	192076	45374
3	192077	45382
3	192078	45389
3	192082	45420
3	192083	45425
3	192085	45441
3	192086	45448
3	192103	41784
3	192122	45504
3	192123	45510
3	192125	45524
3	192126	45531
3	192128	45544
3	192129	45550
3	192130	45557
3	192131	45565
3	192133	45578
3	192137	45610
3	192139	45625
3	192140	45633
3	192151	45685
3	192156	45739
3	192161	45774
3	192215	45860
3	192217	45877
3	192226	45889
3	192235	45908
3	192239	45934
3	192240	45941
3	192243	45964
3	192244	45971
3	192245	45978
3	192248	46001
3	192254	45524
3	192273	46086
3	192324	46147
3	192335	46164
3	192345	46235
3	192346	46241
3	192347	46248
3	192368	46289
3	192371	46314
3	192403	46417
3	192406	46441
3	192412	46525
3	192413	46534
3	192433	45343
3	192450	46707
3	192458	46762
3	192459	46770
3	192464	46810
3	192465	46816
3	192471	46881
3	192473	42359
3	192489	46903
3	192582	47115
3	192584	47127
3	192585	47135
3	192588	47156
3	192591	47177
3	192592	47184
3	192593	47191
3	192594	47199
3	192595	47206
3	192596	47212
3	192598	47227
3	192608	47310
3	192614	47353
3	192616	47369
3	192618	47383
3	192620	47399
3	192621	47406
3	192622	47419
3	192623	47425
3	192645	47860
3	192655	47580
3	192657	47596
3	192660	47620
3	192662	47635
3	192664	47650
3	192665	47658
3	192672	47710
3	192676	47736
3	192678	47751
3	192687	47804
3	192707	47911
3	192717	48006
3	192751	191796
3	192760	48075
3	192796	192760
3	192851	192760
3	192857	7375
3	192868	40762
3	192933	183769
3	192934	190553
3	192947	192857
3	192949	190747
3	192984	192934
3	193012	48052
3	193021	192868
3	193045	192471
3	193073	48191
3	193076	48212
3	193086	48238
3	193087	48445
3	193088	48264
3	193092	48299
3	193093	48307
3	193101	48315
3	193112	48331
3	193114	48357
3	193115	48371
3	193124	48379
3	193125	48387
3	193126	48394
3	193163	193086
3	193164	48429
3	193165	48437
3	193166	48445
3	193167	48452
3	193168	48461
3	193181	48521
3	193184	48554
3	193197	48607
3	193199	48652
3	193233	48776
3	193235	48797
3	193245	48797
3	193280	48881
3	193282	48858
3	193284	48881
3	193310	48917
3	193327	49002
3	193334	49002
3	193335	49008
3	193339	49036
3	193340	49045
3	193341	49052
3	193344	49072
3	193349	49105
3	193352	49155
3	193358	49215
3	193361	49237
3	193378	49357
3	193396	49400
3	193397	49408
3	193399	49428
3	193409	190976
3	193411	49469
3	193412	49476
3	193413	49484
3	193415	49498
3	193417	49513
3	193474	49758
3	193495	49914
3	193496	49922
3	193508	49998
3	193511	50011
3	193512	50017
3	193514	50032
3	193515	50040
3	193516	50046
3	193517	50055
3	193518	50063
3	193582	50334
3	193604	50438
3	193606	50450
3	193608	50467
3	193609	50475
3	193611	50489
3	193612	50496
3	193613	50503
3	193615	50526
3	193627	50587
3	193633	50624
3	193634	50632
3	193635	50639
3	193638	50663
3	193639	50667
3	193641	50672
3	193642	50675
3	193644	50686
3	193645	50689
3	193646	50692
3	193648	50699
3	193649	50703
3	193664	50794
3	193666	50812
3	193667	50821
3	193668	50829
3	193669	50838
3	193670	50845
3	193675	50866
3	193701	50966
3	193702	50969
3	193704	50980
3	193707	50993
3	193716	51036
3	193717	51043
3	193733	51130
3	193746	51207
3	193747	51212
3	193748	51215
3	193749	51224
3	193750	51231
3	193752	51242
3	193754	51250
3	193757	51271
3	193758	51278
3	193759	51285
3	193761	51298
3	193762	51305
3	193764	51319
3	193766	51329
3	193767	51332
3	193768	51335
3	193779	51394
3	193797	51494
3	193800	51510
3	193802	51527
3	193812	51582
3	193817	51616
3	193831	51702
3	193838	51749
3	193840	51764
3	193841	51767
3	193854	51849
3	193855	51855
3	193857	51872
3	193900	52021
3	193957	19865
3	193958	52282
3	193975	52377
3	193980	52402
3	193983	52425
3	193984	52433
3	193986	193984
3	193989	52468
3	193990	52475
3	194020	52652
3	194034	52732
3	194071	52909
3	194100	53119
3	194155	53435
3	194192	53641
3	194193	53644
3	194195	53653
3	194196	53662
3	194197	53669
3	194198	53678
3	194199	53685
3	194201	53698
3	194202	53707
3	194203	53713
3	194204	53719
3	194226	190100
3	194228	53878
3	194229	53881
3	194230	53886
3	194231	53890
3	194243	53946
3	194245	53963
3	194249	53984
3	194253	54008
3	194254	54013
3	194255	54015
3	194265	54059
3	194267	54065
3	194268	54068
3	194269	54071
3	194270	54075
3	194271	54078
3	194272	54081
3	194273	54085
3	194274	54088
3	194275	54091
3	194276	54094
3	194277	54097
3	194278	54101
3	194279	54104
3	194280	54107
3	194281	54110
3	194289	54146
3	194309	54285
3	194310	54293
3	194311	54299
3	194312	54303
3	194315	54315
3	194325	54380
3	194335	54446
3	194339	189770
3	194340	54463
3	194341	54466
3	194342	54469
3	194343	54472
3	194344	54476
3	194345	54479
3	194346	54482
3	194347	54486
3	194368	54585
3	194383	54643
3	194392	54661
3	194396	54688
3	194404	54730
3	194405	54734
3	194406	54739
3	194413	54767
3	194416	54786
3	194418	54800
3	194420	54815
3	194429	54874
3	194432	54892
3	194433	54899
3	194434	54904
3	194438	54929
3	194442	54957
3	194445	54975
3	194453	55024
3	194454	55029
3	194455	55034
3	194456	55037
3	194457	55043
3	194459	55057
3	194469	55063
3	194473	184127
3	194475	55106
3	194477	55119
3	194478	55128
3	194479	55136
3	194480	55144
3	194481	55151
3	194482	55156
3	194484	55163
3	194485	55168
3	194486	55172
3	194487	55178
3	194489	55187
3	194496	55231
3	194499	55250
3	194502	55274
3	194503	55282
3	194504	55287
3	194505	55293
3	194506	55296
3	194517	55369
3	194520	55392
3	194521	55398
3	194537	55506
3	194538	55513
3	194541	55533
3	194542	55538
3	194543	55541
3	194544	55543
3	194545	55549
3	194551	55582
3	194552	55591
3	194556	55619
3	194558	55628
3	194559	55632
3	194561	55646
3	194562	55652
3	194563	55659
3	194582	55739
3	194583	55744
3	194591	55784
3	194608	55875
3	194611	55896
3	194613	183628
3	194624	55979
3	194625	55987
3	194627	56000
3	194628	56007
3	194629	56016
3	194631	56031
3	194632	56037
3	194645	56107
3	194647	56119
3	194676	56253
3	194677	56261
3	194804	184262
3	194830	56911
3	194851	57039
3	194852	57047
3	194876	57168
3	194877	57177
3	194879	57191
3	194880	57200
3	194882	57218
3	194888	57251
3	194889	57257
3	194905	57332
3	194906	57344
3	194910	57367
3	194911	57372
3	194912	57375
3	194915	57396
3	194916	57400
3	194917	57409
3	194919	57419
3	194924	57455
3	194925	57463
3	194928	57495
3	194929	57502
3	194930	57509
3	194931	57512
3	194932	57519
3	194933	57526
3	194934	57532
3	194935	57537
3	194936	57543
3	194938	57553
3	194939	57560
3	194941	57573
3	194942	57577
3	194943	57585
3	194945	57595
3	194946	57608
3	194948	57620
3	194949	57627
3	194950	194925
3	194952	57643
3	194953	57646
3	194954	57652
3	194955	57656
3	194958	57669
3	194959	57678
3	194961	57688
3	194963	57703
3	194964	57710
3	194965	57716
3	194966	57721
3	194967	57726
3	194969	57737
3	194970	57741
3	194972	57752
3	194973	57757
3	194977	57776
3	194978	57780
3	194980	57793
3	194981	57796
3	194983	57810
3	194986	57822
3	194988	57832
3	194990	57842
3	194991	57849
3	194992	57855
3	194993	57861
3	194994	57864
3	195010	57961
3	195012	57972
3	195013	57978
3	195014	57989
3	195015	57996
3	195016	58003
3	195017	58011
3	195018	58020
3	195020	58031
3	195022	58041
3	195023	58047
3	195024	58054
3	195027	58080
3	195029	58090
3	195031	58097
3	195032	58102
3	195034	58114
3	195035	58119
3	195038	58132
3	195043	58161
3	195045	58175
3	195048	58191
3	195049	58196
3	195051	58205
3	195054	58222
3	195055	58229
3	195056	58237
3	195057	194945
3	195059	58261
3	195060	58266
3	195064	58286
3	195066	58294
3	195067	58301
3	195068	58306
3	195069	58312
3	195070	194977
3	195071	58324
3	195072	58328
3	195073	58334
3	195074	58339
3	195075	58342
3	195076	58347
3	195077	58350
3	195078	58358
3	195080	58366
3	195081	58369
3	195082	58376
3	195084	58391
3	195085	58398
3	195086	58404
3	195087	58412
3	195089	58422
3	195091	58435
3	195092	58439
3	195094	58451
3	195095	58456
3	195098	58472
3	195100	58483
3	195103	58498
3	195104	58506
3	195105	58513
3	195106	58519
3	195107	58525
3	195108	58529
3	195110	58542
3	195111	58548
3	195112	58556
3	195114	58568
3	195115	58574
3	195116	58583
3	195117	58586
3	195119	58598
3	195121	58608
3	195122	58614
3	195125	58630
3	195126	58637
3	195127	58642
3	195128	58646
3	195129	58649
3	195130	58656
3	195131	58662
3	195132	58668
3	195136	58689
3	195140	58721
3	195141	58727
3	195142	58733
3	195143	58739
3	195150	58759
3	195153	58779
3	195154	58783
3	195155	58791
3	195156	58798
3	195158	58809
3	195160	58819
3	195161	58825
3	195162	58831
3	195163	58835
3	195164	58837
3	195165	58844
3	195168	58865
3	195170	58874
3	195176	58940
3	195177	58945
3	195181	58963
3	195184	58981
3	195185	58985
3	195189	59010
3	195190	59017
3	195191	59021
3	195192	59030
3	195193	59036
3	195195	59047
3	195197	59058
3	195199	59067
3	195201	59079
3	195204	59094
3	195205	59099
3	195207	59106
3	195208	59112
3	195209	59116
3	195211	59133
3	195213	59146
3	195214	59149
3	195215	59153
3	195216	59159
3	195219	59175
3	195220	59181
3	195222	59191
3	195224	59204
3	195226	59218
3	195228	59230
3	195229	59233
3	195230	59236
3	195231	59241
3	195233	59255
3	195235	59274
3	195238	59291
3	195239	59300
3	195240	59306
3	195242	59316
3	195244	59325
3	195245	59331
3	195248	59343
3	195249	59348
3	195250	59353
3	195251	59357
3	195252	59362
3	195254	59379
3	195255	59385
3	195257	59397
3	195259	59411
3	195260	59417
3	195263	59435
3	195265	59448
3	195266	59453
3	195267	59460
3	195268	59465
3	195269	59516
3	195270	59522
3	195271	59528
3	195272	59534
3	195274	59546
3	195275	59551
3	195277	59557
3	195278	59563
3	195279	59571
3	195281	59586
3	195283	59595
3	195285	59607
3	195286	59614
3	195287	59621
3	195288	59628
3	195289	59633
3	195292	59656
3	195293	59663
3	195295	59674
3	195296	59680
3	195297	59687
3	195298	59693
3	195299	59698
3	195300	59701
3	195303	59717
3	195304	59721
3	195305	59727
3	195306	59734
3	195307	59740
3	195315	59754
3	195316	59758
3	195317	59764
3	195318	59769
3	195319	59773
3	195324	59799
3	195325	59804
3	195326	59808
3	195327	59812
3	195328	59817
3	195329	59822
3	195331	59836
3	195332	59839
3	195336	59861
3	195337	59868
3	195338	59872
3	195340	59884
3	195344	59909
3	195345	59917
3	195348	59931
3	195349	59937
3	195350	59944
3	195352	59954
3	195353	59958
3	195354	59963
3	195356	59974
3	195359	59989
3	195361	60000
3	195369	60026
3	195370	60045
3	195371	60053
3	195372	60058
3	195374	60071
3	195375	60076
3	195377	60093
3	195378	60098
3	195379	60105
3	195381	60117
3	195382	60123
3	195383	60129
3	195385	60147
3	195386	60156
3	195390	60179
3	195392	60189
3	195394	60204
3	195395	60210
3	195397	60220
3	195398	60223
3	195399	60226
3	195400	60231
3	195402	60242
3	195403	60247
3	195406	60277
3	195415	60327
3	195417	60335
3	195419	60350
3	195420	60357
3	195429	60371
3	195430	60375
3	195431	60382
3	195432	60389
3	195433	60395
3	195434	60401
3	195435	60407
3	195436	60413
3	195437	60418
3	195438	60423
3	195439	60429
3	195440	60430
3	195442	195226
3	195444	60449
3	195447	60469
3	195448	60473
3	195449	60479
3	195450	60485
3	195451	60491
3	195453	60511
3	195454	60518
3	195462	60570
3	195465	60586
3	195467	60599
3	195484	60654
3	195485	60655
3	195488	60699
3	195491	60718
3	195515	60921
3	195517	60931
3	195518	60938
3	195519	60947
3	195520	60956
3	195521	60962
3	195523	60979
3	195524	60985
3	195525	60993
3	195536	61077
3	195541	61109
3	195543	61118
3	195551	61158
3	195554	61182
3	195555	61190
3	195575	61296
3	195576	61299
3	195577	61303
3	195578	61306
3	195584	61344
3	195586	61361
3	195587	61368
3	195588	61377
3	195589	61381
3	195590	61384
3	195591	61387
3	195592	61391
3	195593	61395
3	195594	61400
3	195608	61509
3	195645	60711
3	195660	195645
3	195668	187409
3	195737	195645
3	195746	191796
3	195751	61706
3	195752	61710
3	195754	195752
3	195755	61720
3	195756	61723
3	195757	61726
3	195761	61750
3	195763	61755
3	195764	61758
3	195765	61761
3	195766	61764
3	195768	61770
3	195769	61773
3	195770	61776
3	195787	61848
3	195804	61930
3	195805	61937
3	195806	61945
3	195807	61952
3	195808	61960
3	195809	61967
3	195810	61974
3	195811	61981
3	195812	186183
3	195814	62000
3	195815	62007
3	195816	62014
3	195818	62027
3	195819	62033
3	195844	62149
3	195845	62156
3	195846	62166
3	195847	62174
3	195891	62394
3	195900	62440
3	195901	62449
3	195902	62456
3	195903	62462
3	195904	62468
3	195906	62485
3	195916	62559
3	195919	62578
3	195928	62623
3	195929	62631
3	195930	62641
3	195931	62648
3	195932	62654
3	195935	62678
3	195937	62692
3	195938	62699
3	195994	62876
3	195995	62884
3	195996	62892
3	195999	62912
3	196000	62915
3	196001	62919
3	196002	62922
3	196003	62926
3	196004	62929
3	196005	62932
3	196006	62937
3	196008	62946
3	196030	63066
3	196031	63070
3	196032	63073
3	196036	63095
3	196042	63145
3	196066	63285
3	196069	63301
3	196070	63305
3	196094	63445
3	196095	63448
3	196097	63455
3	196111	63543
3	196112	63550
3	196114	63565
3	196116	63580
3	196118	63593
3	196120	63608
3	196121	63615
3	196122	63620
3	196171	63877
3	196173	63884
3	196174	63887
3	196177	63904
3	196178	63908
3	196179	63912
3	196181	63918
3	196188	63952
3	196189	189457
3	196190	63967
3	196191	63973
3	196245	64188
3	196268	64298
3	196269	64305
3	196317	64586
3	196318	64589
3	196321	64602
3	196323	64616
3	196324	64622
3	196325	64628
3	196326	64638
3	196327	64644
3	196328	64652
3	196330	64664
3	196331	64667
3	196332	64671
3	196339	64699
3	196340	64702
3	196341	64706
3	196383	64902
3	196384	64909
3	196385	64916
3	196386	64923
3	196387	64930
3	196391	64968
3	196409	65091
3	196411	65099
3	196412	65104
3	196414	65110
3	196415	65114
3	196416	65118
3	196417	65121
3	196455	65361
3	196456	65366
3	196479	193669
3	196481	65505
3	196482	65514
3	196485	65533
3	196490	65575
3	196500	65628
3	196501	65635
3	196502	65643
3	196503	65650
3	196505	65666
3	196506	65675
3	196507	65682
3	196513	65721
3	196514	65727
3	196530	65827
3	196531	65831
3	196534	65841
3	196538	65863
3	196539	65869
3	196542	65896
3	196543	65904
3	196569	66085
3	196570	66059
3	196571	66068
3	196572	66078
3	196573	66085
3	196575	66104
3	196576	66111
3	196577	66117
3	196578	66126
3	196579	66135
3	196605	66263
3	196606	66266
3	196607	66269
3	196608	66272
3	196609	66275
3	196610	66278
3	196611	66282
3	196612	66286
3	196613	66290
3	196643	66466
3	196651	66500
3	196670	66524
3	196675	66559
3	196677	66573
3	196680	66589
3	196683	66602
3	196684	66604
3	196685	66607
3	196687	66616
3	196690	66638
3	196691	66647
3	196692	66655
3	196693	66662
3	196703	66721
3	196708	66747
3	196738	66902
3	196739	66909
3	196740	196738
3	196741	66924
3	196750	66976
3	196751	66984
3	196752	66991
3	196755	67010
3	196757	67023
3	196772	69288
3	196773	67113
3	196774	67116
3	196775	67119
3	196801	67254
3	196802	67259
3	196803	67261
3	196804	67266
3	196805	67270
3	196817	67331
3	196820	67350
3	196821	67357
3	196823	67373
3	196824	67381
3	196826	67394
3	196827	67403
3	196828	67409
3	196829	67416
3	196830	67423
3	196836	67460
3	196849	67524
3	196850	67527
3	196851	67531
3	196921	67868
3	196960	68114
3	196961	68122
3	196962	68131
3	196963	68138
3	196964	68145
3	196965	68153
3	196978	68227
3	196979	68236
3	196980	68245
3	196981	68254
3	196992	68333
3	196995	68354
3	196996	68362
3	196998	68377
3	197000	68392
3	197001	68398
3	197002	68404
3	197003	68410
3	197018	68479
3	197021	68488
3	197030	68526
3	197032	68546
3	197043	68618
3	197044	68626
3	197046	68642
3	197047	68651
3	197057	68696
3	197115	69087
3	197116	69094
3	197127	69170
3	197141	69232
3	197154	69288
3	197155	69293
3	197156	69296
3	197157	69301
3	197246	69776
3	197247	69782
3	197256	69804
3	197257	69812
3	197258	69820
3	197259	69826
3	197260	69831
3	197261	69841
3	197262	69848
3	197315	76219
3	197316	70126
3	197440	70717
3	197459	70833
3	197476	70923
3	197488	70996
3	197489	71002
3	197496	71035
3	197510	71103
3	197581	71472
3	197583	71485
3	197584	71494
3	197585	71501
3	197587	71517
3	197612	71646
3	197615	71664
3	197617	71682
3	197671	71987
3	197727	72247
3	197728	72252
3	197732	96216
3	197754	72401
3	197764	72448
3	197765	72452
3	197766	72455
3	197767	72458
3	197821	72709
3	197822	72716
3	197823	72723
3	197837	72794
3	197871	72954
3	197906	73103
3	197907	73108
3	197908	73111
3	197909	73114
3	197913	73133
3	197937	73264
3	197938	73269
3	197942	73286
3	197972	73436
3	198001	73577
3	198017	73661
3	198045	73817
3	198077	73950
3	198091	74011
3	198100	74052
3	198104	74072
3	198127	74192
3	198128	74195
3	198134	74234
3	198136	74240
3	198137	74243
3	198138	74246
3	198230	74694
3	198278	74929
3	198290	74979
3	198306	75059
3	198311	75085
3	198313	75097
3	198314	75104
3	198338	75251
3	198346	75307
3	198354	75353
3	198355	75360
3	198368	75428
3	198369	75435
3	198376	197584
3	198377	75492
3	198378	75499
3	198404	75659
3	198405	75668
3	198408	75683
3	198409	75690
3	198413	75720
3	198417	75748
3	198418	75755
3	198419	75762
3	198424	75795
3	198425	75802
3	198435	75860
3	198454	75975
3	198462	76030
3	198475	76113
3	198476	76121
3	198483	76164
3	198491	76204
3	198492	76212
3	198493	76219
3	198494	76228
3	198524	76396
3	198605	76819
3	198616	76877
3	198620	76897
3	198621	76904
3	198623	76917
3	198645	77027
3	198646	77035
3	198692	77269
3	198693	77276
3	198694	77283
3	198695	77289
3	198700	77316
3	198707	77352
3	198771	77683
3	198799	77802
3	198800	77810
3	198865	78116
3	198873	78160
3	198879	78190
3	198880	78197
3	198962	78598
3	198976	78669
3	198995	78768
3	199011	78850
3	199013	78863
3	199094	197612
3	199095	79265
3	199096	79268
3	199097	79271
3	199133	79463
3	199159	79590
3	199160	79597
3	199162	79611
3	199163	79618
3	199165	79631
3	199166	79637
3	199167	79644
3	199168	79650
3	199226	79915
3	199254	80017
3	199255	80024
3	199257	82151
3	199399	80256
3	199410	80208
3	199411	80256
3	199424	80246
3	199425	80256
3	199434	80264
3	199435	80272
3	199448	199399
3	199463	80330
3	199569	80533
3	199709	80930
3	199710	80936
3	199721	80964
3	199763	80936
3	199921	83239
3	199935	199921
3	199956	718
3	200181	82675
3	200198	80453
3	200219	83231
3	200227	83239
3	200229	106609
3	200251	80493
3	200269	200251
3	200281	199411
3	200320	81908
3	200426	82159
3	200530	40856
3	200623	82598
3	200655	82636
3	200658	82651
3	200677	82667
3	200686	82675
3	200698	80453
3	200720	82711
3	200723	82730
3	200762	82840
3	200772	200762
3	200809	200658
3	200833	199226
3	200913	200833
3	200923	200809
3	201055	83136
3	201056	83144
3	201066	83231
3	201079	200227
3	201151	83514
3	201153	83525
3	201154	83533
3	201155	83542
3	201177	83952
3	201186	44239
3	201227	190273
3	201246	83771
3	201254	83771
3	201305	111008
3	201343	83872
3	201392	83952
3	201440	95124
3	201486	200809
3	201495	84083
3	201504	201495
3	201577	84286
3	201584	84325
3	201586	84333
3	201630	84574
3	201637	84608
3	201708	84986
3	201751	85190
3	201827	85587
3	201828	85591
3	201854	85724
3	201874	85817
3	201876	85830
3	201896	85945
3	201897	85954
3	201899	85965
3	201923	86069
3	201971	86314
3	201972	86318
3	202010	86533
3	202052	86738
3	202065	86800
3	202079	86904
3	202115	87094
3	202128	87164
3	202129	87172
3	202147	87247
3	202172	87373
3	202277	87904
3	202278	87907
3	202283	87929
3	202298	88005
3	202380	88401
3	202401	88518
3	202420	88626
3	202428	88665
3	202455	201876
3	202476	88906
3	202496	89011
3	202497	89018
3	202498	89025
3	202499	89032
3	202517	89137
3	202518	89142
3	202519	89149
3	202523	89162
3	202524	89171
3	202532	89216
3	202535	89231
3	202551	89324
3	202583	89500
3	202587	89525
3	202636	89764
3	202756	90311
3	202808	90584
3	202816	90620
3	202826	90661
3	202838	90721
3	202876	197754
3	202877	90904
3	202878	90910
3	202882	90935
3	202889	82675
3	202962	91295
3	202963	91299
3	202968	202010
3	203000	91474
3	203022	91586
3	203023	91591
3	203055	91759
3	203065	91815
3	203095	91974
3	203096	91981
3	203097	91987
3	203165	92292
3	203177	92348
3	203190	92413
3	203191	92419
3	203274	92791
3	203275	92799
3	203321	93021
3	203323	93036
3	203324	93043
3	203325	93049
3	203326	93055
3	203332	93082
3	203333	93089
3	203383	93367
3	203389	93393
3	203390	93397
3	203391	93401
3	203392	93404
3	203393	93408
3	203394	93411
3	203434	93664
3	203442	93714
3	203444	93723
3	203445	93731
3	203446	93740
3	203450	93756
3	203463	93816
3	203464	93819
3	203511	94059
3	203522	94111
3	203526	94127
3	203527	94132
3	203530	94143
3	203531	94149
3	203593	94479
3	203603	94531
3	203617	94598
3	203618	94602
3	203619	94606
3	203620	94609
3	203621	94612
3	203644	94714
3	203645	94717
3	203646	94720
3	203647	94723
3	203648	94726
3	203649	94730
3	203650	94733
3	203651	94736
3	203652	94739
3	203655	94752
3	203673	95295
3	203695	94846
3	203742	94846
3	203788	93714
3	203789	95116
3	203790	95124
3	203792	95139
3	203796	95165
3	203797	95172
3	203799	95182
3	203822	95271
3	203844	70107
3	203851	95393
3	203852	95400
3	203853	95407
3	203858	95432
3	203859	95439
3	203862	95456
3	203868	95483
3	203869	95489
3	203880	95548
3	203895	95621
3	203951	95929
3	203952	95933
3	203976	96059
3	203978	96073
3	203979	96080
3	204010	96216
3	204020	96266
3	204021	96273
3	204022	96279
3	204023	96286
3	204024	96293
3	204026	96306
3	204036	96359
3	204046	96415
3	204048	96422
3	204053	96445
3	204073	96539
3	204075	96546
3	204231	96840
3	204235	96862
3	204240	96878
3	204255	96918
3	204257	181694
3	204267	96980
3	204268	96985
3	204274	97027
3	204276	97040
3	204283	97057
3	204286	97080
3	204287	97087
3	204299	97175
3	204300	97182
3	204301	97190
3	204311	97204
3	204595	97721
3	204596	97725
3	204597	97727
3	204598	97730
3	204599	97732
3	204604	97750
3	204609	97763
3	204610	97767
3	204611	97774
3	204616	97789
3	204619	97796
3	204645	97839
3	204648	97854
3	204649	97857
3	204652	97867
3	204655	97880
3	204656	97882
3	204659	97892
3	204660	97895
3	204661	97897
3	204663	97903
3	204665	97912
3	204675	97940
3	204677	97948
3	204678	97952
3	204679	97956
3	204680	97960
3	204681	97964
3	204682	97968
3	204683	97972
3	204684	97977
3	204685	204681
3	204686	97985
3	204687	97990
3	204688	97994
3	204689	98000
3	204690	98004
3	204691	98008
3	204693	98016
3	204694	98020
3	204730	98367
3	204732	98110
3	204775	98156
3	204781	98183
3	204810	98230
3	204814	98265
3	204815	98272
3	204816	98280
3	204818	98297
3	204819	98304
3	204820	98311
3	204821	98319
3	204822	98325
3	204828	98367
3	204838	98435
3	204841	98461
3	204844	98489
3	204846	98505
3	204847	98514
3	204849	98531
3	204851	98547
3	204852	98554
3	204853	98560
3	204854	98567
3	204860	98607
3	204861	98616
3	204862	98625
3	204863	98632
3	204864	98644
3	204865	98653
3	204867	98667
3	204869	98697
3	204870	98704
3	204871	98713
3	204873	98726
3	204874	98732
3	204875	98738
3	204878	98758
3	204879	98764
3	204881	98786
3	204882	98793
3	204884	98808
3	204885	98814
3	204886	98821
3	204887	98829
3	204892	98863
3	204894	98924
3	204895	98893
3	204897	98905
3	204900	98924
3	204901	98930
3	204903	98945
3	204904	98953
3	204907	98978
3	204908	98986
3	204909	98994
3	204911	99010
3	204912	99020
3	204913	99028
3	204914	99035
3	204915	99041
3	204923	99108
3	204924	99116
3	204929	99155
3	204931	99168
3	204932	99174
3	205024	99498
3	205027	99516
3	205036	99519
3	205167	99713
3	205178	99734
3	205217	100001
3	205228	100918
3	205238	191737
3	205340	100505
3	205345	100541
3	205346	100549
3	205348	100566
3	205366	100685
3	205367	100691
3	205369	100705
3	205370	100713
3	205371	100721
3	205372	100727
3	205374	100742
3	205384	100799
3	205388	100826
3	205389	100831
3	205390	100835
3	205402	100904
3	205403	100911
3	205404	100918
3	205408	100943
3	205409	100949
3	205411	100958
3	205412	100963
3	205413	100969
3	205414	100972
3	205415	100978
3	205422	101020
3	205423	101030
3	205446	101139
3	205495	101248
3	205496	101253
3	205498	101270
3	205521	101407
3	205522	101413
3	205524	101427
3	205540	103877
3	205548	101544
3	205560	103740
3	205657	161422
3	205663	205657
3	205779	102187
3	205803	102284
3	205804	102291
3	205805	102296
3	205807	102309
3	205808	102317
3	205811	102339
3	205820	102388
3	205821	102395
3	205828	102403
3	205829	102415
3	205836	102450
3	205837	102453
3	205840	102471
3	205841	102477
3	205850	102526
3	205851	102533
3	205859	102586
3	205860	102593
3	205864	102616
3	205865	102624
3	205866	102631
3	205877	102686
3	205888	102741
3	205893	102771
3	205894	111442
3	205896	102790
3	205898	102803
3	205903	102827
3	205949	106981
3	205954	103023
3	205961	103078
3	205962	103086
3	205964	205962
3	205972	103147
3	205980	103168
3	205987	103168
3	205991	103194
3	205992	103200
3	205993	103205
3	205995	103217
3	205996	103223
3	205997	103229
3	206001	103246
3	206002	103251
3	206003	103255
3	206005	103265
3	206010	103306
3	206011	103320
3	206022	147923
3	206031	103382
3	206047	103469
3	206048	103477
3	206049	103485
3	206050	103493
3	206067	103529
3	206083	103576
3	206094	103621
3	206114	103723
3	206115	103728
3	206128	103740
3	206197	103865
3	206209	103902
3	206215	103956
3	206217	103970
3	206218	103977
3	206230	194404
3	206236	111525
3	206262	104153
3	206272	104896
3	206289	104219
3	206295	104243
3	206315	104318
3	206318	104338
3	206319	104345
3	206320	104351
3	206322	104377
3	206346	206272
3	206420	104552
3	206428	206083
3	206446	104658
3	206477	104739
3	206541	104896
3	206574	105006
3	206575	105015
3	206591	105096
3	206592	105103
3	206597	105150
3	206615	105176
3	206627	105203
3	206650	105287
3	206655	105321
3	206656	105326
3	206703	105396
3	206724	105452
3	206750	105521
3	206752	105533
3	206753	105539
3	206756	105553
3	206759	105567
3	206764	105598
3	206776	105169
3	206785	105624
3	206820	104525
3	206835	105706
3	206836	105714
3	206881	80264
3	206894	105885
3	206910	105912
3	206924	8
3	206946	105961
3	207023	106130
3	207026	106177
3	207031	106204
3	207037	106248
3	207038	106258
3	207042	106285
3	207100	106464
3	207153	24162
3	207168	106593
3	207175	106623
3	207200	106715
3	207208	205949
3	207215	206322
3	207237	63180
3	207253	188478
3	207290	207208
3	207299	207290
3	207322	207200
3	207330	191720
3	207331	207322
3	207357	207322
3	207365	106870
3	207374	106870
3	207383	207208
3	207391	207208
3	207407	110931
3	207424	207215
3	207431	207215
3	207440	109942
3	207446	207330
3	207454	191753
3	207470	207237
3	207493	207374
3	207516	207208
3	207517	207208
3	207523	191720
3	207529	207208
3	207537	106641
3	207539	106657
3	207543	106677
3	207544	106683
3	207545	106688
3	207552	206346
3	207561	106725
3	207566	106780
3	207582	207215
3	207595	106884
3	207620	207552
3	207648	107100
3	207649	107107
3	207653	107132
3	207683	107240
3	207692	107309
3	207693	107315
3	207694	107325
3	207695	107332
3	207696	107340
3	207705	107396
3	207708	107416
3	207709	107425
3	207710	107432
3	207711	107438
3	207712	107443
3	207714	107456
3	207761	45283
3	207763	205949
3	207777	107554
3	207779	107562
3	207780	107568
3	207783	107587
3	207784	107595
3	207786	107610
3	207787	107619
3	207822	107827
3	207825	107847
3	207836	107931
3	207840	107963
3	207841	107973
3	207844	107997
3	207871	110856
3	207929	108051
3	207943	108132
3	207948	108155
3	207949	108162
3	207950	207949
3	207951	108175
3	207952	108183
3	207954	108195
3	207955	108201
3	207958	108220
3	207959	108227
3	207960	108235
3	207988	108257
3	207989	108264
3	207994	108296
3	208043	108442
3	208045	108454
3	208059	108476
3	208061	39090
3	208067	189837
3	208085	108525
3	208088	108547
3	208094	108589
3	208106	108636
3	208113	108653
3	208128	108680
3	208129	108690
3	208151	108743
3	208265	108819
3	208273	108858
3	208288	108944
3	208310	109004
3	208320	80256
3	208341	109079
3	208342	109086
3	208348	109123
3	208405	206346
3	208428	109293
3	208439	109352
3	208444	207037
3	208445	207844
3	208446	109401
3	208452	109432
3	208457	109460
3	208461	109490
3	208462	109495
3	208466	109524
3	208467	109532
3	208486	192473
3	208490	109625
3	208491	109632
3	208494	109656
3	208514	109688
3	208546	109771
3	208584	109905
3	208585	109906
3	208601	109942
3	208613	109968
3	208614	109978
3	208623	110024
3	208630	110066
3	208632	110081
3	208641	110124
3	208642	110111
3	208643	110117
3	208647	110149
3	208649	110161
3	208650	110162
3	208651	110167
3	208653	110177
3	208654	110183
3	208655	110189
3	208668	110240
3	208671	110259
3	208675	110279
3	208676	110283
3	208678	110292
3	208679	110299
3	208680	110306
3	208682	110320
3	208684	110333
3	208685	110340
3	208690	110382
3	208714	110468
3	208724	110510
3	208728	110534
3	208730	110546
3	208731	110554
3	208732	110561
3	208741	110610
3	208743	110624
3	208744	110631
3	208745	110638
3	208746	110645
3	208747	110651
3	208748	110658
3	208753	110694
3	208767	110778
3	208768	110785
3	208769	110790
3	208774	206346
3	208794	162777
3	208827	109004
3	208836	110997
3	208858	111970
3	208862	110931
3	208870	207620
3	208896	207365
3	208941	207407
3	208975	207470
3	208983	208896
3	208984	207440
3	208992	207330
3	209034	208984
3	209035	208983
3	209059	207215
3	209069	208941
3	209070	207431
3	209071	209059
3	209072	208941
3	209104	208405
3	209114	111052
3	209119	111072
3	209127	111109
3	209128	111116
3	209129	111124
3	209150	111166
3	209158	111179
3	209167	205657
3	209262	111442
3	209264	111455
3	209296	111525
3	209320	111629
3	209321	111636
3	209336	111712
3	209339	111731
3	209341	111742
3	209344	111757
3	209349	205663
3	209365	111814
3	209367	111825
3	209368	111828
3	209369	111833
3	209382	108680
3	209432	111964
3	209433	111970
3	209439	112002
3	209440	112007
3	209441	112015
3	209444	112030
3	209450	112072
3	209460	112131
3	209468	112153
3	209492	112291
3	209502	112340
3	209506	112363
3	209541	112508
3	209564	112562
3	209592	112622
3	209600	112643
3	209606	112660
3	209625	112703
3	209633	112723
3	209634	112728
3	209638	112741
3	209724	112937
3	209731	112953
3	209767	113049
3	209770	113061
3	209776	113077
3	209783	113094
3	209803	113234
3	209805	113249
3	209806	113250
3	209807	113252
3	209811	113274
3	209812	113280
3	209814	113292
3	209815	181637
3	209877	113615
3	209878	113621
3	209880	113637
3	209881	113639
3	209884	109293
3	209911	113719
3	209947	113811
3	209983	113957
3	209985	113963
3	209989	113976
3	209990	113979
3	209991	113982
3	210066	114255
3	210067	114258
3	210068	114262
3	210095	114335
3	210097	114342
3	210099	114352
3	210142	114475
3	210145	114488
3	210146	114491
3	210147	114494
3	210148	114497
3	210151	114506
3	210189	114646
3	210193	114660
3	210197	189960
3	210209	114703
3	210211	114712
3	210212	114716
3	210241	114822
3	210242	114825
3	210243	114828
3	210251	114863
3	210266	114926
3	210267	114929
3	210353	115037
3	210372	115136
3	210418	115329
3	210419	115332
3	210421	115341
3	210440	115468
3	210441	115472
3	210470	115564
3	210471	115570
3	210473	115579
3	210474	115582
3	210505	115663
3	210536	115766
3	210538	115775
3	210539	115777
3	210540	115780
3	210541	115782
3	210542	115784
3	210543	115787
3	210544	115790
3	210545	115793
3	210546	115796
3	210569	115829
3	210570	115833
3	210571	115837
3	210572	115840
3	210573	115843
3	210580	115874
3	210581	115880
3	210582	115880
3	210661	116015
3	210682	116123
3	210684	116129
3	210701	116181
3	210703	116189
3	210705	116200
3	210706	116203
3	210707	116206
3	210708	116209
3	210709	116212
3	210710	116215
3	210711	116217
3	210712	116220
3	210713	116223
3	210716	116235
3	210717	116238
3	210809	116550
3	210870	116711
3	210871	116721
3	210872	116725
3	210873	116731
3	210875	116741
3	210877	116750
3	210883	116779
3	210885	116797
3	210886	116803
3	210889	116815
3	210890	116821
3	210891	116824
3	210892	116828
3	210896	116849
3	210897	116852
3	210899	116855
3	210905	116876
3	210909	116900
3	210911	116910
3	210913	116918
3	210917	116928
3	210918	116938
3	210919	116941
3	210920	116947
3	210923	116958
3	210927	116990
3	210928	116995
3	210929	117000
3	210930	117003
3	210931	117004
3	210934	117021
3	210938	117039
3	210940	117055
3	210942	117063
3	210943	117066
3	210946	117082
3	210947	117088
3	210948	117106
3	210949	117107
3	210951	117125
3	210953	131782
3	210955	117146
3	210959	117176
3	210982	117237
3	210983	117252
3	210984	117255
3	210985	117261
3	210986	119578
3	210987	117271
3	210988	117282
3	210989	117283
3	210990	117288
3	210991	117293
3	210994	124815
3	210998	117319
3	210999	117326
3	211001	117336
3	211006	117377
3	211007	117388
3	211008	117394
3	211009	117398
3	211011	117407
3	211012	117417
3	211016	117449
3	211017	117454
3	211019	117465
3	211022	117481
3	211023	117487
3	211024	117492
3	211031	117520
3	211032	117531
3	211033	117538
3	211034	117542
3	211035	117545
3	211037	117553
3	211043	117584
3	211046	117594
3	211047	117600
3	211048	117604
3	211049	117607
3	211050	117610
3	211051	117616
3	211062	117658
3	211063	117662
3	211064	117669
3	211065	117676
3	211066	117690
3	211067	117691
3	211068	117695
3	211072	117718
3	211073	117725
3	211075	117734
3	211077	117742
3	211082	117765
3	211083	117767
3	211091	117793
3	211101	142675
3	211104	117836
3	211105	117841
3	211106	117845
3	211107	117846
3	211108	117856
3	211109	117865
3	211111	117874
3	211113	117883
3	211117	117897
3	211118	117912
3	211119	117915
3	211120	117920
3	211121	117924
3	211122	117930
3	211123	117938
3	211124	117948
3	211125	117952
3	211128	117977
3	211139	118013
3	211140	118018
3	211145	118037
3	211152	118072
3	211153	118077
3	211156	118088
3	211157	118092
3	211159	210994
3	211165	118122
3	211166	118127
3	211169	118150
3	211172	118172
3	211173	118181
3	211174	118185
3	211175	118189
3	211176	118190
3	211178	118198
3	211186	118238
3	211190	120545
3	211191	118275
3	211193	118285
3	211197	118304
3	211209	118333
3	211210	118340
3	211211	118344
3	211212	118347
3	211213	118350
3	211214	118351
3	211215	118357
3	211216	118360
3	211221	118377
3	211223	118398
3	211224	118401
3	211226	118407
3	211230	118427
3	211231	118431
3	211232	118436
3	211233	118441
3	211234	118446
3	211239	118474
3	211241	118489
3	211243	118501
3	211249	118525
3	211265	118567
3	211266	118571
3	211268	118575
3	211283	118614
3	211284	118620
3	211285	118624
3	211286	211063
3	211287	118638
3	211299	130785
3	211300	118667
3	211301	118670
3	211304	118684
3	211317	118731
3	211323	118745
3	211324	118748
3	211339	118795
3	211340	118799
3	211341	118808
3	211343	118814
3	211344	118819
3	211345	118822
3	211346	118824
3	211347	118829
3	211348	118835
3	211350	118859
3	211351	118863
3	211354	118876
3	211355	118880
3	211356	118881
3	211358	118895
3	211361	118913
3	211365	118938
3	211366	118942
3	211367	118956
3	211368	118957
3	211369	118959
3	211371	118977
3	211372	118983
3	211373	118990
3	211374	118997
3	211375	119009
3	211376	119015
3	211377	119022
3	211380	119043
3	211381	119049
3	211384	119067
3	211385	119071
3	211386	119076
3	211389	119098
3	211390	119104
3	211391	119105
3	211393	119117
3	211394	119126
3	211397	119137
3	211398	119142
3	211399	119145
3	211400	119155
3	211401	119158
3	211402	211401
3	211409	119175
3	211412	119199
3	211413	119203
3	211415	119211
3	211417	119219
3	211418	119224
3	211419	119233
3	211428	211165
3	211429	119267
3	211430	119274
3	211431	119278
3	211432	119286
3	211433	119290
3	211434	119291
3	211435	119294
3	211436	119300
3	211438	119309
3	211440	194952
3	211443	119330
3	211444	119333
3	211447	119354
3	211448	119360
3	211449	119365
3	211450	119372
3	211466	119451
3	211477	119478
3	211478	119481
3	211482	119495
3	211483	119498
3	211487	119510
3	211488	119519
3	211500	119545
3	211503	119557
3	211504	119561
3	211507	119574
3	211508	119578
3	211509	119585
3	211515	119607
3	211517	119615
3	211518	119619
3	211519	119628
3	211520	119630
3	211521	119635
3	211522	119636
3	211523	119638
3	211526	119656
3	211527	119659
3	211528	119665
3	211529	119672
3	211530	119676
3	211539	119713
3	211541	119724
3	211542	119731
3	211543	119737
3	211544	119742
3	211545	119746
3	211546	119749
3	211550	119770
3	211574	119819
3	211577	119828
3	211578	119831
3	211581	119842
3	211583	119854
3	211586	119874
3	211587	119878
3	211588	119881
3	211589	119888
3	211593	119906
3	211594	119912
3	211596	119918
3	211597	119924
3	211599	119940
3	211601	119951
3	211604	119956
3	211605	119960
3	211606	119963
3	211607	119964
3	211608	119975
3	211609	119976
3	211610	119981
3	211611	119991
3	211613	120000
3	211614	120002
3	211615	120005
3	211617	120016
3	211619	120030
3	211620	120037
3	211621	120046
3	211622	120051
3	211623	120053
3	211624	120064
3	211628	120076
3	211629	120079
3	211632	120091
3	211635	120104
3	211636	120108
3	211637	120118
3	211638	120119
3	211643	120147
3	211644	120150
3	211647	120158
3	211648	120166
3	211653	120181
3	211654	120189
3	211664	120212
3	211665	120224
3	211667	120233
3	211668	120244
3	211670	120248
3	211673	120261
3	211674	120270
3	211704	120345
3	211705	120354
3	211706	120365
3	211708	120377
3	211710	139208
3	211712	120404
3	211716	120418
3	211718	211348
3	211720	120444
3	211722	120451
3	211723	120454
3	211726	120465
3	211729	120478
3	211731	120487
3	211732	120489
3	211734	120495
3	211735	120499
3	211736	120500
3	211740	120530
3	211741	120534
3	211742	120538
3	211743	120541
3	211744	120545
3	211748	120568
3	211751	120589
3	211752	210998
3	211754	120607
3	211755	120614
3	211756	120617
3	211757	120620
3	211763	120643
3	211768	120691
3	211769	120695
3	211770	120696
3	211773	120716
3	211774	120732
3	211776	120742
3	211777	120745
3	211778	120749
3	211779	120754
3	211780	120758
3	211782	120769
3	211786	120779
3	211787	120785
3	211801	120816
3	211802	120821
3	211803	120835
3	211813	120860
3	211816	120870
3	211817	120875
3	211826	120929
3	211828	120943
3	211829	120946
3	211830	120950
3	211831	120954
3	211833	120963
3	211834	120969
3	211862	121015
3	211863	121020
3	211864	121023
3	211868	121047
3	211873	121072
3	211874	121079
3	211876	121087
3	211877	121096
3	211878	121097
3	211879	121100
3	211880	121105
3	211883	121118
3	211884	121122
3	211890	121145
3	211902	121178
3	211903	121182
3	211907	121200
3	211908	121210
3	211909	121217
3	211910	121222
3	211911	121224
3	211912	121227
3	211916	121245
3	211917	121250
3	211919	121273
3	211920	121278
3	211921	121285
3	211923	121294
3	211926	121308
3	211927	121314
3	211928	121317
3	211930	121328
3	211931	121334
3	211932	121343
3	211933	121344
3	211934	121347
3	211935	121349
3	211936	121351
3	211937	121355
3	211938	121360
3	211940	121366
3	211941	121370
3	211943	121377
3	211944	121382
3	211946	121398
3	211949	210883
3	211963	121467
3	211964	121471
3	211965	121485
3	211967	121489
3	211968	121494
3	211978	121584
3	211992	121747
3	211993	121752
3	211995	121767
3	211997	121778
3	211998	121783
3	211999	121792
3	212001	121807
3	212003	121821
3	212004	121835
3	212011	121855
3	212013	121859
3	212015	129467
3	212016	121875
3	212021	121889
3	212026	121912
3	212028	121924
3	212043	121966
3	212044	121970
3	212045	121972
3	212047	121982
3	212048	121991
3	212052	128357
3	212057	122022
3	212058	122027
3	212059	122039
3	212065	122065
3	212067	122075
3	212068	122081
3	212069	122081
3	212070	122084
3	212071	122085
3	212072	122090
3	212073	122099
3	212076	122117
3	212077	122123
3	212078	122129
3	212079	122132
3	212080	122135
3	212082	122148
3	212083	122151
3	212085	122159
3	212086	122161
3	212089	122187
3	212095	122214
3	212096	122217
3	212112	122270
3	212132	122316
3	212133	122325
3	212135	122335
3	212136	122343
3	212138	122352
3	212139	122356
3	212144	122384
3	212145	122388
3	212146	122394
3	212148	122402
3	212158	122444
3	212159	122454
3	212160	122455
3	212162	122465
3	212168	122485
3	212170	122500
3	212171	122502
3	212172	122506
3	212178	122617
3	212180	122627
3	212181	122631
3	212183	122644
3	212184	122649
3	212185	122677
3	212188	122691
3	212189	122696
3	212191	122705
3	212196	122725
3	212198	122739
3	212205	122769
3	212206	122773
3	212209	122802
3	212210	122808
3	212212	122821
3	212216	122840
3	212219	122853
3	212221	122862
3	212222	122866
3	212223	122871
3	212227	122881
3	212229	122892
3	212230	122899
3	212231	122902
3	212232	122910
3	212233	122916
3	212234	122920
3	212235	122925
3	212236	122933
3	212237	122945
3	212238	212181
3	212239	211923
3	212241	122963
3	212243	122970
3	212244	122975
3	212245	122978
3	212246	122984
3	212247	122989
3	212252	123006
3	212253	123011
3	212254	123013
3	212255	123015
3	212256	123016
3	212258	123022
3	212259	123035
3	212260	123041
3	212265	123048
3	212268	123061
3	212269	123074
3	212270	123075
3	212272	123085
3	212273	123089
3	212276	123100
3	212278	123107
3	212279	123116
3	212292	123156
3	212293	123162
3	212294	123173
3	212295	123180
3	212297	123186
3	212305	123219
3	212306	123223
3	212307	123227
3	212311	123258
3	212312	123262
3	212313	123265
3	212314	123270
3	212315	123272
3	212322	123286
3	212323	123290
3	212324	123297
3	212326	123301
3	212331	123325
3	212332	123332
3	212333	123336
3	212335	123343
3	212338	123363
3	212339	123367
3	212343	123384
3	212349	123414
3	212350	123419
3	212351	123424
3	212356	123465
3	212359	123499
3	212360	123503
3	212364	123527
3	212374	123593
3	212384	123630
3	212388	123651
3	212389	123656
3	212390	123662
3	212391	123666
3	212392	123671
3	212396	123684
3	212397	123687
3	212399	123701
3	212403	123721
3	212404	123730
3	212405	123731
3	212406	123744
3	212409	123756
3	212411	123769
3	212413	123783
3	212415	123794
3	212417	123804
3	212418	123817
3	212419	123820
3	212420	123824
3	212421	123828
3	212423	123839
3	212424	123843
3	212425	123849
3	212427	123872
3	212428	123879
3	212429	123885
3	212430	123889
3	212432	123902
3	212434	123914
3	212437	123934
3	212438	123938
3	212440	123945
3	212443	123960
3	212444	123965
3	212446	123974
3	212448	123981
3	212449	123986
3	212450	211431
3	212451	124000
3	212452	124007
3	212455	124013
3	212459	124037
3	212467	124076
3	212471	124090
3	212472	124093
3	212473	124098
3	212474	124101
3	212475	124104
3	212477	124110
3	212478	124117
3	212494	124157
3	212496	124166
3	212497	124180
3	212498	124187
3	212500	124199
3	212501	124205
3	212516	124255
3	212522	211214
3	212523	124273
3	212528	124305
3	212530	124310
3	212534	124320
3	212535	124325
3	212536	124330
3	212537	124331
3	212539	124348
3	212543	124358
3	212544	124367
3	212546	124379
3	212547	124387
3	212549	124421
3	212550	124423
3	212551	124436
3	212552	124441
3	212553	124450
3	212555	124457
3	212556	124460
3	212557	124467
3	212558	124469
3	212559	124474
3	212560	124482
3	212561	124485
3	212562	124488
3	212563	124491
3	212564	124494
3	212565	124496
3	212566	124499
3	212567	124501
3	212568	124508
3	212569	124516
3	212571	124523
3	212572	124528
3	212573	124536
3	212574	124538
3	212575	124540
3	212576	124548
3	212578	124554
3	212579	124557
3	212580	124564
3	212582	124569
3	212583	124572
3	212584	124574
3	212585	124577
3	212586	124581
3	212587	124583
3	212588	124585
3	212589	124591
3	212590	124593
3	212591	124597
3	212592	124604
3	212593	124607
3	212594	124611
3	212595	124620
3	212596	124622
3	212597	124625
3	212599	124635
3	212600	124638
3	212601	124643
3	212602	124645
3	212604	124650
3	212607	124673
3	212609	124678
3	212610	124686
3	212611	124687
3	212612	124698
3	212620	124722
3	212621	124728
3	212622	124732
3	212623	124740
3	212628	124758
3	212629	124759
3	212632	124776
3	212634	124780
3	212635	124787
3	212637	124797
3	212640	124815
3	212642	124823
3	212644	124830
3	212645	124834
3	212646	124838
3	212647	124842
3	212648	124869
3	212649	124875
3	212650	124880
3	212651	124885
3	212655	136373
3	212661	124940
3	212662	124952
3	212669	124987
3	212670	124997
3	212671	125000
3	212672	125003
3	212673	125005
3	212676	125017
3	212677	125022
3	212679	125042
3	212681	125054
3	212682	125066
3	212684	125072
3	212685	125077
3	212686	125082
3	212687	125085
3	212688	125090
3	212689	125091
3	212693	125108
3	212694	125112
3	212696	125123
3	212698	125130
3	212699	125136
3	212700	125142
3	212701	125146
3	212705	125155
3	212707	125167
3	212709	125181
3	212710	125187
3	212711	125191
3	212712	125196
3	212715	125210
3	212716	125217
3	212720	125235
3	212721	125240
3	212723	125250
3	212727	125271
3	212729	125284
3	212732	125300
3	212734	125314
3	212737	125332
3	212742	125345
3	212743	125353
3	212745	125359
3	212746	125363
3	212749	125376
3	212750	125381
3	212754	125402
3	212755	125405
3	212757	125421
3	212758	125430
3	212762	125445
3	212768	125480
3	212771	125500
3	212773	125507
3	212774	125510
3	212775	125527
3	212777	125533
3	212778	125534
3	212779	125537
3	212780	125542
3	212781	125548
3	212782	125550
3	212783	125552
3	212784	125553
3	212786	125567
3	212787	125585
3	212788	125587
3	212790	125603
3	212791	125610
3	212792	125615
3	212793	125620
3	212795	125636
3	212798	125652
3	212799	125670
3	212812	125715
3	212813	125724
3	212816	125739
3	212817	125745
3	212818	125751
3	212819	125762
3	212820	125768
3	212821	125772
3	212822	125775
3	212826	125793
3	212829	125807
3	212830	125813
3	212832	125822
3	212833	125824
3	212834	125827
3	212837	125845
3	212838	125854
3	212841	125864
3	212845	125882
3	212847	125889
3	212849	125898
3	212850	125905
3	212851	125915
3	212852	125916
3	212854	125923
3	212855	125926
3	212856	125927
3	212858	125934
3	212859	125940
3	212860	125946
3	212880	125983
3	212882	125991
3	212883	125995
3	212885	125999
3	212886	126006
3	212887	126007
3	212891	126025
3	212895	126045
3	212901	126070
3	212903	126088
3	212904	126098
3	212905	126099
3	212906	126105
3	212908	126119
3	212909	126123
3	212911	126127
3	212912	126131
3	212913	126136
3	212915	126146
3	212916	126155
3	212927	126198
3	212929	126204
3	212930	126210
3	212936	126230
3	212937	126234
3	212942	126258
3	212943	126261
3	212947	126276
3	212950	126292
3	212951	126303
3	212952	126304
3	212953	126306
3	212954	126313
3	212957	126325
3	212960	126339
3	212961	126343
3	212963	126366
3	212964	126362
3	212965	126366
3	212966	126367
3	212967	126369
3	212968	126371
3	212969	126375
3	212973	126396
3	212976	126408
3	212977	126415
3	212978	126418
3	212981	126428
3	212982	126434
3	212983	126439
3	212985	126442
3	212986	126444
3	212987	126445
3	212988	126451
3	212990	126458
3	212992	126471
3	212997	126484
3	213003	126512
3	213004	126517
3	213005	126522
3	213009	126539
3	213010	126547
3	213011	126555
3	213012	126558
3	213016	126576
3	213018	126580
3	213023	126613
3	213025	126622
3	213036	126678
3	213037	126682
3	213039	126688
3	213042	126706
3	213043	126712
3	213048	126731
3	213050	126738
3	213051	126742
3	213055	126769
3	213056	126772
3	213061	126795
3	213073	126828
3	213074	212351
3	213075	126841
3	213076	126853
3	213077	126878
3	213079	126892
3	213080	126899
3	213083	126918
3	213084	126921
3	213100	126958
3	213103	126968
3	213106	126978
3	213109	126986
3	213111	127003
3	213113	127020
3	213114	127030
3	213115	127034
3	213118	127047
3	213122	127118
3	213138	127154
3	213139	127160
3	213140	127165
3	213141	127180
3	213142	127184
3	213146	127207
3	213147	127219
3	213148	127222
3	213149	127224
3	213150	212607
3	213151	127227
3	213152	127237
3	213153	127238
3	213154	127240
3	213155	127248
3	213162	127275
3	213163	127283
3	213164	127289
3	213167	127299
3	213170	127309
3	213171	127313
3	213175	127332
3	213176	127336
3	213177	127344
3	213178	127353
3	213182	127367
3	213183	127372
3	213186	127388
3	213190	127410
3	213192	127422
3	213193	127425
3	213194	127427
3	213195	127429
3	213196	127433
3	213197	127436
3	213200	127459
3	213201	127465
3	213202	127475
3	213203	127479
3	213215	127503
3	213216	127506
3	213219	127524
3	213222	127543
3	213224	127557
3	213226	127569
3	213229	127580
3	213230	127585
3	213234	127602
3	213236	127611
3	213237	127619
3	213238	127624
3	213240	127638
3	213241	127643
3	213242	127645
3	213248	127681
3	213250	127699
3	213252	127714
3	213253	127718
3	213257	127746
3	213258	127750
3	213259	127755
3	213260	127767
3	213263	127781
3	213264	127785
3	213265	127791
3	213266	127799
3	213269	127813
3	213271	127819
3	213281	127840
3	213282	127843
3	213284	127853
3	213286	127866
3	213287	127870
3	213288	127873
3	213290	127878
3	213291	127883
3	213293	127892
3	213298	127908
3	213299	127912
3	213300	127913
3	213301	127918
3	213302	127930
3	213303	127934
3	213305	127945
3	213306	127954
3	213307	127959
3	213308	127970
3	213310	127978
3	213311	127993
3	213312	127996
3	213313	127999
3	213317	128020
3	213318	128027
3	213320	128040
3	213321	128048
3	213322	128052
3	213345	128107
3	213346	128114
3	213347	128117
3	213348	128120
3	213349	128121
3	213352	128137
3	213353	128142
3	213354	128149
3	213366	128190
3	213369	128210
3	213390	128331
3	213391	128338
3	213393	128347
3	213395	128357
3	213397	128372
3	213399	128377
3	213400	128384
3	213404	128412
3	213405	128426
3	213406	128431
3	213414	128473
3	213416	128482
3	213417	128486
3	213418	128487
3	213419	128490
3	213422	128502
3	213423	128505
3	213424	128506
3	213432	128530
3	213433	128533
3	213434	128539
3	213436	128544
3	213438	128554
3	213439	128568
3	213440	128569
3	213441	128580
3	213443	128590
3	213444	213441
3	213446	128598
3	213449	128611
3	213451	130229
3	213453	128626
3	213454	128629
3	213455	128632
3	213456	128647
3	213458	128661
3	213459	128664
3	213462	128683
3	213463	128688
3	213477	128715
3	213478	128719
3	213481	128730
3	213482	128736
3	213484	128748
3	213485	128762
3	213488	128781
3	213489	128787
3	213490	128791
3	213492	128803
3	213497	128840
3	213504	128859
3	213505	128862
3	213506	128865
3	213510	128882
3	213514	128922
3	213517	128932
3	213518	128937
3	213520	128946
3	213521	128950
3	213522	128952
3	213524	128965
3	213525	128970
3	213526	128977
3	213530	129000
3	213540	129044
3	213541	129050
3	213545	129067
3	213547	129076
3	213553	129100
3	213555	129114
3	213556	129120
3	213560	129129
3	213561	129141
3	213562	129151
3	213564	129155
3	213565	129161
3	213566	129162
3	213580	129195
3	213582	129207
3	213585	129223
3	213587	129230
3	213588	129235
3	213589	129236
3	213594	129249
3	213596	129257
3	213597	129266
3	213608	129316
3	213611	129335
3	213613	129343
3	213615	129357
3	213616	129362
3	213617	129366
3	213618	129369
3	213619	129370
3	213623	129394
3	213624	129399
3	213625	213624
3	213632	129435
3	213633	129444
3	213634	129448
3	213635	129450
3	213637	129467
3	213640	129487
3	213641	129491
3	213644	129502
3	213645	129507
3	213651	129523
3	213654	129538
3	213655	129546
3	213656	129551
3	213658	129563
3	213659	129567
3	213660	129568
3	213663	129585
3	213665	129600
3	213668	129612
3	213670	129622
3	213672	129635
3	213675	129654
3	213677	129666
3	213678	129672
3	213679	129676
3	213684	129703
3	213687	129715
3	213692	129729
3	213696	213073
3	213697	129759
3	213698	129764
3	213699	129765
3	213701	129775
3	213702	129782
3	213703	129783
3	213704	129787
3	213706	129796
3	213707	129798
3	213710	129832
3	213711	129837
3	213712	129838
3	213713	129846
3	213714	129859
3	213715	129860
3	213722	129880
3	213724	129889
3	213725	129892
3	213731	129905
3	213732	129910
3	213736	129925
3	213739	129940
3	213740	129953
3	213744	129964
3	213747	129983
3	213756	130006
3	213757	130009
3	213759	130015
3	213762	130040
3	213763	130043
3	213768	211574
3	213769	130065
3	213770	130072
3	213771	130081
3	213774	130090
3	213776	130101
3	213783	130128
3	213784	130133
3	213785	130142
3	213786	130143
3	213788	130160
3	213790	130180
3	213793	130194
3	213795	130200
3	213798	130223
3	213799	130229
3	213810	130278
3	213811	130284
3	213812	130290
3	213813	130292
3	213817	130314
3	213819	130324
3	213826	130352
3	213831	130374
3	213833	130383
3	213841	130403
3	213843	130413
3	213844	130418
3	213848	130438
3	213869	130531
3	213870	130535
3	213872	130544
3	213873	130546
3	213874	130548
3	213876	130555
3	213878	130574
3	213880	130580
3	213881	130585
3	213882	130590
3	213884	130597
3	213885	130603
3	213886	130606
3	213894	130640
3	213895	130644
3	213896	130645
3	213897	130649
3	213898	130655
3	213900	130668
3	213909	130710
3	213910	130715
3	213911	130721
3	213912	130724
3	213913	130727
3	213914	130731
3	213917	130750
3	213920	130768
3	213922	130781
3	213923	130785
3	213924	130789
3	213932	130826
3	213933	130838
3	213935	130847
3	213936	130853
3	213938	130857
3	213939	130862
3	213940	130867
3	213941	130870
3	213942	130871
3	213943	130879
3	213944	130885
3	213945	130890
3	213947	130900
3	213948	130905
3	213949	130915
3	213950	130916
3	213951	130921
3	213953	130925
3	213954	130933
3	213968	130988
3	213969	130993
3	213976	131039
3	213977	131046
3	213981	131069
3	213982	131074
3	213983	131075
3	213986	131091
3	213990	131109
3	213991	131116
3	213993	131130
3	213994	131136
3	213995	131138
3	213996	131139
3	213997	131142
3	214000	131157
3	214002	131167
3	214003	131173
3	214011	131213
3	214013	131222
3	214016	131253
3	214017	131271
3	214018	131274
3	214020	131279
3	214024	131303
3	214026	131314
3	214030	131334
3	214031	131338
3	214032	131340
3	214033	131344
3	214034	131347
3	214035	131355
3	214040	131370
3	214041	131374
3	214042	131378
3	214043	131382
3	214045	131398
3	214046	131401
3	214047	131404
3	214051	131412
3	214052	131422
3	214058	131443
3	214061	131459
3	214062	131462
3	214075	131507
3	214076	131512
3	214077	131517
3	214080	131531
3	214081	131537
3	214082	131539
3	214084	131543
3	214087	131558
3	214088	131562
3	214089	131573
3	214090	131574
3	214091	131579
3	214092	131586
3	214093	131589
3	214094	131592
3	214097	131611
3	214100	131634
3	214101	131644
3	214104	131654
3	214106	131665
3	214123	131738
3	214124	131742
3	214129	131760
3	214130	131763
3	214131	131766
3	214132	131770
3	214135	131782
3	214139	131802
3	214140	131806
3	214150	131859
3	214153	131872
3	214154	131875
3	214156	131878
3	214157	131884
3	214161	131903
3	214162	131907
3	214165	131921
3	214166	131925
3	214167	131932
3	214169	131940
3	214173	213286
3	214175	131979
3	214176	131985
3	214178	132003
3	214180	132027
3	214181	132027
3	214184	132038
3	214186	132050
3	214187	132056
3	214191	132082
3	214194	132105
3	214195	132107
3	214197	132122
3	214198	132132
3	214199	132139
3	214200	132151
3	214201	132152
3	214205	132169
3	214209	132180
3	214210	132186
3	214213	132198
3	214214	132203
3	214215	132205
3	214217	132210
3	214220	132226
3	214221	132228
3	214222	132231
3	214224	132244
3	214225	132247
3	214226	132248
3	214228	132258
3	214229	132266
3	214232	132281
3	214233	132285
3	214235	132307
3	214236	211943
3	214238	132323
3	214240	132345
3	214245	132368
3	214250	132392
3	214252	132400
3	214253	132405
3	214258	132436
3	214265	132466
3	214267	132476
3	214268	132478
3	214269	132482
3	214270	132484
3	214271	132490
3	214273	132500
3	214274	132508
3	214275	132519
3	214276	132520
3	214281	132544
3	214284	132557
3	214285	132566
3	214286	132567
3	214289	132581
3	214291	132592
3	214296	132612
3	214298	132624
3	214302	132639
3	214303	132643
3	214304	132647
3	214305	132657
3	214307	132662
3	214308	132663
3	214310	132671
3	214311	132676
3	214313	132689
3	214317	132717
3	214324	132742
3	214325	132749
3	214326	132752
3	214327	132755
3	214328	132757
3	214330	132767
3	214332	132776
3	214333	132783
3	214335	132796
3	214337	132818
3	214338	132823
3	214340	132831
3	214341	132837
3	214342	132840
3	214351	132874
3	214353	132879
3	214354	132886
3	214355	132894
3	214357	132908
3	214358	132912
3	214359	132916
3	214360	132921
3	214361	132927
3	214362	132930
3	214364	132937
3	214365	132942
3	214366	132946
3	214367	132951
3	214368	214364
3	214369	132960
3	214371	132969
3	214373	132989
3	214374	132996
3	214375	133003
3	214376	133004
3	214377	133009
3	214381	133041
3	214385	133072
3	214388	213687
3	214389	133093
3	214390	133096
3	214392	133113
3	214394	133124
3	214395	133130
3	214396	133134
3	214397	133137
3	214399	133148
3	214404	213585
3	214405	133169
3	214406	133184
3	214407	133192
3	214414	133226
3	214415	133229
3	214418	133238
3	214419	133247
3	214420	133256
3	214421	133257
3	214422	133264
3	214423	133272
3	214427	133311
3	214428	133313
3	214432	133346
3	214433	133353
3	214442	133385
3	214448	133411
3	214449	133414
3	214450	133416
3	214476	133481
3	214481	133509
3	214484	133527
3	214487	211868
3	214491	133563
3	214496	133589
3	214499	133611
3	214501	133619
3	214503	133628
3	214504	133640
3	214505	133645
3	214506	133654
3	214507	211209
3	214511	133678
3	214514	133688
3	214515	133692
3	214517	133702
3	214531	133757
3	214532	133760
3	214533	133769
3	214534	133776
3	214536	133784
3	214540	133803
3	214541	133808
3	214542	133816
3	214543	133819
3	214544	133824
3	214545	133825
3	214550	133843
3	214551	133851
3	214552	133857
3	214554	133866
3	214557	133887
3	214558	133893
3	214570	133938
3	214571	133941
3	214572	133949
3	214573	133956
3	214574	133957
3	214577	133967
3	214578	133970
3	214579	133975
3	214581	133982
3	214582	133986
3	214583	133988
3	214584	133989
3	214585	133996
3	214586	133997
3	214587	134002
3	214588	134009
3	214589	134014
3	214590	134017
3	214596	134488
3	214599	134101
3	214603	134130
3	214607	134148
3	214608	134153
3	214617	134203
3	214618	134207
3	214619	134208
3	214620	134211
3	214621	134219
3	214622	211232
3	214623	134224
3	214632	134253
3	214633	134255
3	214637	134270
3	214638	134276
3	214640	134287
3	214641	134294
3	214645	134323
3	214646	134328
3	214647	134332
3	214649	134347
3	214650	134359
3	214652	134375
3	214657	134404
3	214659	134416
3	214660	134422
3	214662	134433
3	214666	134448
3	214667	134460
3	214668	134461
3	214669	134465
3	214671	134488
3	214672	134491
3	214674	134504
3	214676	134514
3	214677	134519
3	214680	134529
3	214681	134540
3	214682	134545
3	214683	134553
3	214684	134560
3	214686	134566
3	214687	134569
3	214688	134576
3	214693	134600
3	214709	134658
3	214710	134663
3	214711	134667
3	214712	134668
3	214713	134676
3	214723	134746
3	214725	134765
3	214726	134768
3	214727	134777
3	214728	134778
3	214729	134783
3	214731	134791
3	214733	134805
3	214734	134810
3	214735	134811
3	214741	134830
3	214742	214741
3	214749	134864
3	214750	134871
3	214751	134878
3	214752	134883
3	214753	134888
3	214754	134896
3	214755	134899
3	214756	134911
3	214757	134916
3	214760	134947
3	214761	134953
3	214768	134986
3	214769	134990
3	214770	134994
3	214771	135008
3	214773	135016
3	214774	135021
3	214777	212326
3	214778	135044
3	214779	135045
3	214780	135049
3	214782	135078
3	214783	135085
3	214784	135092
3	214785	135096
3	214786	135104
3	214787	135110
3	214792	135142
3	214795	135166
3	214796	135170
3	214798	135179
3	214799	135183
3	214800	135188
3	214801	135198
3	214802	135205
3	214803	135211
3	214804	135215
3	214807	135229
3	214809	135241
3	214810	135248
3	214812	135254
3	214813	135263
3	214814	135266
3	214815	135270
3	214816	135272
3	214817	135275
3	214818	135277
3	214819	135283
3	214820	135291
3	214825	135318
3	214826	135328
3	214830	135347
3	214831	135355
3	214832	135362
3	214837	135376
3	214839	135383
3	214844	135407
3	214851	135435
3	214853	135446
3	214855	135455
3	214856	135461
3	214857	135468
3	214859	135473
3	214860	135476
3	214861	135483
3	214865	135498
3	214867	211109
3	214868	214867
3	214870	135530
3	214871	135532
3	214876	135552
3	214877	135555
3	214878	135558
3	214884	135576
3	214887	135593
3	214891	135610
3	214893	135620
3	214895	135627
3	214897	135639
3	214898	135642
3	214899	135645
3	214905	135661
3	214906	135665
3	214907	135670
3	214908	135675
3	214910	135706
3	214911	135711
3	214916	34498
3	214918	135728
3	214919	135731
3	214922	135744
3	214926	135765
3	214927	135768
3	214928	135772
3	214931	135779
3	214932	135784
3	214934	135794
3	214935	135797
3	214936	135808
3	214939	135823
3	214942	135838
3	214943	135846
3	214944	135847
3	214947	135857
3	214948	135865
3	214954	135907
3	214955	135914
3	214956	135919
3	214958	135937
3	214959	135943
3	214964	135956
3	214965	135960
3	214966	135966
3	214971	135980
3	214976	136001
3	214979	136014
3	214980	136021
3	214981	136026
3	214983	136044
3	214984	136050
3	214986	136063
3	214987	136066
3	214989	136070
3	214990	136074
3	214999	136115
3	215000	136118
3	215004	136140
3	215005	136145
3	215006	136149
3	215008	136157
3	215009	136161
3	215010	136167
3	215011	136168
3	215012	136173
3	215013	136175
3	215016	136191
3	215017	136196
3	215018	136198
3	215019	136207
3	215021	136212
3	215023	136223
3	215025	136230
3	215026	136232
3	215027	136235
3	215034	136261
3	215037	136278
3	215039	136291
3	215042	136300
3	215044	136308
3	215045	136318
3	215047	136325
3	215048	136329
3	215050	136342
3	215055	136361
3	215056	136364
3	215057	136371
3	215060	136391
3	215061	136398
3	215073	136470
3	215075	136477
3	215080	136508
3	215081	136520
3	215083	136532
3	215084	136537
3	215085	136543
3	215087	136556
3	215090	136565
3	215091	136574
3	215092	136578
3	215093	136582
3	215094	136588
3	215097	136601
3	215099	136611
3	215100	136622
3	215103	136635
3	215115	136663
3	215116	136668
3	215117	136671
3	215118	136676
3	215119	136681
3	215120	136685
3	215121	136690
3	215124	136712
3	215126	136723
3	215131	136744
3	215132	136759
3	215133	136764
3	215136	136781
3	215137	136785
3	215138	136791
3	215139	136795
3	215149	136857
3	215150	136862
3	215157	136912
3	215158	136916
3	215160	136927
3	215163	136950
3	215169	136986
3	215170	136996
3	215173	210987
3	215174	137016
3	215176	137024
3	215177	137029
3	215178	137034
3	215190	137063
3	215191	137070
3	215192	137072
3	215193	137074
3	215195	137081
3	215196	137087
3	215197	137092
3	215198	137096
3	215200	137107
3	215201	137114
3	215202	214313
3	215203	137126
3	215204	137130
3	215205	137131
3	215206	137136
3	215210	137154
3	215211	137158
3	215212	137164
3	215213	137168
3	215214	137178
3	215215	137181
3	215217	137187
3	215218	137191
3	215219	137199
3	215220	137202
3	215221	137205
3	215222	137208
3	215223	137218
3	215224	137221
3	215228	137245
3	215229	137250
3	215230	137254
3	215232	137265
3	215233	137270
3	215236	137303
3	215237	137317
3	215238	137321
3	215240	137335
3	215241	215005
3	215243	137358
3	215245	137369
3	215246	137372
3	215247	137375
3	215248	137379
3	215249	137384
3	215260	137417
3	215261	137431
3	215262	137440
3	215263	137453
3	215264	137450
3	215265	137453
3	215266	137454
3	215267	137458
3	215269	137463
3	215272	137479
3	215274	137502
3	215276	137510
3	215277	137511
3	215278	137514
3	215279	137521
3	215286	137540
3	215305	137598
3	215324	137632
3	215327	137648
3	215328	137651
3	215329	137654
3	215330	137657
3	215331	137671
3	215332	137676
3	215333	137682
3	215334	137683
3	215335	137686
3	215337	137697
3	215340	137708
3	215341	137713
3	215342	137718
3	215343	137724
3	215346	137737
3	215347	137745
3	215348	137747
3	215349	137751
3	215354	137782
3	215359	137810
3	215360	137814
3	215361	137815
3	215363	137840
3	215368	137872
3	215369	137878
3	215374	137898
3	215378	137916
3	215384	137950
3	215385	137954
3	215386	137959
3	215387	137969
3	215388	137970
3	215389	214381
3	215390	137983
3	215391	137990
3	215392	137994
3	215393	137995
3	215402	138027
3	215403	138039
3	215404	138046
3	215405	138048
3	215406	138050
3	215407	138051
3	215410	138059
3	215412	138082
3	215416	138112
3	215417	138120
3	215418	138128
3	215422	138159
3	215425	138173
3	215426	138181
3	215427	138183
3	215428	138186
3	215429	138187
3	215430	138211
3	215431	138218
3	215439	138246
3	215440	138252
3	215446	138291
3	215447	138295
3	215448	138299
3	215460	138335
3	215465	138348
3	215466	138352
3	215471	138366
3	215472	138370
3	215473	138375
3	215474	138386
3	215475	138389
3	215477	138398
3	215478	138402
3	215479	138405
3	215481	138414
3	215483	138420
3	215484	138427
3	215486	138437
3	215487	138442
3	215490	138456
3	215491	138461
3	215492	138466
3	215493	138467
3	215494	138474
3	215495	138481
3	215496	138492
3	215511	138520
3	215512	138523
3	215513	138528
3	215517	138553
3	215521	138576
3	215523	138583
3	215524	138587
3	215526	138595
3	215527	213655
3	215528	138605
3	215531	138619
3	215533	138628
3	215534	138630
3	215535	138635
3	215536	214812
3	215537	138653
3	215538	138660
3	215550	138707
3	215555	138728
3	215556	138734
3	215579	138780
3	215580	138789
3	215582	138797
3	215583	138807
3	215584	138814
3	215588	138839
3	215590	138844
3	215591	138849
3	215592	138856
3	215595	138871
3	215596	138880
3	215597	138891
3	215598	138902
3	215599	138906
3	215600	212906
3	215601	138921
3	215605	138949
3	215607	138971
3	215608	138977
3	215625	139016
3	215626	139024
3	215628	139033
3	215629	139037
3	215633	139046
3	215634	139058
3	215635	139062
3	215636	139065
3	215637	139066
3	215638	139072
3	215641	139085
3	215642	139095
3	215643	139096
3	215644	215643
3	215646	139107
3	215647	139116
3	215648	139122
3	215649	139126
3	215650	139129
3	215651	139135
3	215670	139177
3	215671	139182
3	215673	139190
3	215676	139208
3	215678	139223
3	215679	139230
3	215683	139249
3	215686	139261
3	215688	139274
3	215689	139278
3	215692	139294
3	215697	139310
3	215701	214157
3	215702	139341
3	215705	139355
3	215709	139378
3	215710	139380
3	215714	139391
3	215726	139437
3	215728	139450
3	215730	139458
3	215734	139475
3	215736	139484
3	215738	139488
3	215739	139489
3	215741	139503
3	215742	139507
3	215744	139517
3	215745	139522
3	215746	139531
3	215749	139559
3	215750	139562
3	215752	139578
3	215770	139615
3	215771	139620
3	215786	139648
3	215787	139652
3	215788	139653
3	215789	139657
3	215796	139686
3	215800	139701
3	215803	139715
3	215805	139737
3	215806	139744
3	215809	139759
3	215814	139793
3	215815	139797
3	215816	139800
3	215818	139809
3	215821	139822
3	215822	139838
3	215823	139844
3	215832	139890
3	215836	139911
3	215837	139917
3	215839	139925
3	215843	139943
3	215845	139956
3	215846	139961
3	215849	139971
3	215850	139998
3	215854	140018
3	215855	140023
3	215856	140027
3	215857	140032
3	215858	140033
3	215864	140055
3	215870	140082
3	215871	140089
3	215872	140091
3	215873	140093
3	215874	140094
3	215876	140102
3	215877	140106
3	215878	140108
3	215879	140110
3	215880	140111
3	215881	140115
3	215882	140116
3	215883	140121
3	215884	140129
3	215887	140141
3	215888	140151
3	215889	140163
3	215890	140174
3	215891	140175
3	215892	140183
3	215893	140190
3	215898	140203
3	215899	140205
3	215900	140209
3	215911	140366
3	215912	140367
3	215914	140374
3	215916	140382
3	215922	140396
3	215924	140404
3	215927	140417
3	215928	140423
3	215929	140429
3	215930	140430
3	215931	140433
3	215934	140443
3	215935	140451
3	215937	140458
3	215938	140468
3	215940	140476
3	215941	214753
3	215943	140492
3	215945	140508
3	215947	140518
3	215948	140522
3	215956	211653
3	215957	140565
3	215963	140582
3	215966	140603
3	215969	140620
3	215970	140627
3	215972	140637
3	215973	140642
3	215991	140759
3	215995	140787
3	215996	140795
3	215997	140803
3	215998	140804
3	215999	140807
3	216000	140817
3	216005	140836
3	216006	140846
3	216007	140850
3	216010	140866
3	216012	140879
3	216015	140890
3	216016	140895
3	216018	140909
3	216019	140921
3	216020	140922
3	216027	140956
3	216031	212450
3	216032	140977
3	216033	140982
3	216034	140988
3	216035	140992
3	216036	140994
3	216037	140997
3	216038	141000
3	216041	212911
3	216043	141021
3	216044	141026
3	216045	141037
3	216046	141037
3	216049	141047
3	216051	141061
3	216052	141067
3	216055	141087
3	216059	141114
3	216060	141120
3	216062	141130
3	216065	141144
3	216066	141147
3	216072	141185
3	216081	141237
3	216084	141253
3	216085	141258
3	216105	141305
3	216106	141306
3	216109	141322
3	216110	141328
3	216111	141335
3	216113	141344
3	216114	141349
3	216115	141355
3	216118	141368
3	216119	141377
3	216120	141378
3	216123	141392
3	216125	141398
3	216128	141411
3	216130	141420
3	216131	141432
3	216132	141438
3	216133	215340
3	216134	141449
3	216135	141454
3	216137	141465
3	216139	141480
3	216141	141499
3	216142	141503
3	216156	141533
3	216161	141544
3	216162	141550
3	216163	141554
3	216164	141556
3	216165	141559
3	216166	141564
3	216184	141603
3	216197	141678
3	216202	141708
3	216204	141718
3	216205	141725
3	216206	141726
3	216207	141743
3	216208	141746
3	216209	141751
3	216210	141754
3	216211	141760
3	216213	141776
3	216214	141782
3	216216	141802
3	216220	141819
3	216221	141823
3	216222	141829
3	216223	141834
3	216226	141841
3	216229	141872
3	216230	141874
3	216231	141877
3	216232	141886
3	216233	141888
3	216234	141891
3	216237	141902
3	216240	141921
3	216241	141928
3	216243	141933
3	216244	141938
3	216246	141947
3	216249	141967
3	216251	141979
3	216254	141994
3	216255	141997
3	216256	142003
3	216257	142008
3	216258	142012
3	216260	142023
3	216262	142033
3	216269	212057
3	216270	142086
3	216272	142093
3	216273	142100
3	216274	142103
3	216279	142125
3	216280	142128
3	216281	142132
3	216284	142141
3	216289	142162
3	216290	142165
3	216291	142168
3	216292	142169
3	216293	142173
3	216295	142182
3	216296	142188
3	216297	142202
3	216298	142207
3	216299	142213
3	216300	142217
3	216313	142248
3	216314	214042
3	216315	142265
3	216316	142272
3	216317	142276
3	216318	142277
3	216319	142282
3	216320	142287
3	216321	142294
3	216324	142305
3	216325	142308
3	216327	142316
3	216328	142321
3	216329	142327
3	216331	142334
3	216332	142337
3	216334	142357
3	216338	142375
3	216340	142384
3	216344	142404
3	216348	142434
3	216349	142439
3	216351	142447
3	216354	142463
3	216356	142469
3	216358	142476
3	216359	142483
3	216365	142506
3	216369	142517
3	216375	142556
3	216376	142560
3	216377	142563
3	216378	142566
3	216380	142572
3	216382	142583
3	216383	211351
3	216386	142609
3	216387	142618
3	216391	142636
3	216393	142643
3	216394	142646
3	216395	142654
3	216401	142665
3	216402	142669
3	216403	142675
3	216408	142695
3	216410	142706
3	216411	142712
3	216412	142718
3	216413	142725
3	216414	142730
3	216415	142736
3	216417	142747
3	216418	142750
3	216419	142751
3	216421	142767
3	216427	142795
3	216429	142802
3	216437	142836
3	216440	142868
3	216441	142877
3	216443	142882
3	216446	142897
3	216447	142902
3	216450	142917
3	216452	142929
3	216453	142932
3	216454	142938
3	216455	142946
3	216456	142953
3	216457	142954
3	216458	142965
3	216462	142984
3	216464	142993
3	216477	143038
3	216478	143049
3	216479	143050
3	216480	143056
3	216481	143061
3	216482	143062
3	216483	143072
3	216484	143080
3	216485	143086
3	216486	143090
3	216487	143093
3	216488	143096
3	216491	143108
3	216492	143113
3	216494	143134
3	216495	143137
3	216498	143157
3	216499	143163
3	216503	143178
3	216505	143185
3	216508	143197
3	216509	143211
3	216510	143219
3	216511	143227
3	216512	143229
3	216515	143241
3	216517	143253
3	216519	143266
3	216520	143268
3	216524	143281
3	216526	143300
3	216528	143308
3	216529	143311
3	216530	143318
3	216531	143320
3	216532	143324
3	216533	143325
3	216535	143343
3	216536	143350
3	216537	143351
3	216538	143363
3	216543	143401
3	216544	143403
3	216546	143406
3	216547	143418
3	216548	143422
3	216549	143431
3	216552	143443
3	216553	143445
3	216555	143450
3	216568	143501
3	216569	216568
3	216571	143529
3	216572	143536
3	216573	143542
3	216574	143545
3	216575	143548
3	216576	211109
3	216577	143556
3	216578	143562
3	216579	143567
3	216580	143571
3	216581	143579
3	216582	143582
3	216583	143585
3	216584	143586
3	216587	143597
3	216588	143601
3	216589	143606
3	216601	143656
3	216617	182820
3	216629	143777
3	216630	143781
3	216631	143784
3	216664	143857
3	216668	143866
3	216695	143926
3	216717	143976
3	216727	144004
3	216746	144050
3	216748	144056
3	216753	144070
3	216759	144083
3	216765	144100
3	216772	144118
3	216773	144121
3	216789	144165
3	216794	144177
3	216797	144181
3	216800	144194
3	216801	144195
3	216802	144202
3	216803	144206
3	216804	144210
3	216805	144211
3	216806	144212
3	216807	144213
3	216808	144214
3	216809	144215
3	216810	144216
3	216811	144217
3	216812	144218
3	216813	144219
3	216814	144220
3	216815	144221
3	216816	144222
3	216817	144223
3	216818	144224
3	216820	144227
3	216821	144228
3	216822	216812
3	216823	144230
3	216824	144231
3	216826	144233
3	216827	144234
3	216829	144236
3	216830	144237
3	216831	144238
3	216832	144239
3	216833	144240
3	216834	144241
3	216858	208649
3	216859	144386
3	216941	144805
3	217306	146666
3	217319	146712
3	217320	146714
3	217322	146721
3	217326	146746
3	217328	146755
3	217329	146760
3	217334	146786
3	217335	146789
3	217336	146792
3	217337	146795
3	217338	146798
3	217345	146827
3	217352	146878
3	217354	146893
3	217356	146898
3	217358	146906
3	217359	146907
3	217364	146919
3	217365	146920
3	217387	147012
3	217394	147029
3	217398	147051
3	217401	147071
3	217403	147078
3	217405	147090
3	217414	147136
3	217423	147178
3	217426	147192
3	217447	147295
3	217455	147328
3	217456	147328
3	217457	147333
3	217458	147334
3	217459	147338
3	217460	147339
3	217505	147597
3	217507	147607
3	217509	147615
3	217521	147681
3	217522	147686
3	217532	147758
3	217547	147814
3	217548	147824
3	217571	217548
3	217597	147945
3	217598	147951
3	217637	17999
3	217673	148128
3	217679	148156
3	217778	148679
3	217809	148826
3	217835	148954
3	217903	149324
3	217967	149638
3	217968	149642
3	218011	149861
3	218013	149870
3	218073	151818
3	218102	150256
3	218150	150503
3	218151	164916
3	218214	150825
3	218225	150877
3	218371	159841
3	218407	151802
3	218408	151806
3	218409	151811
3	218410	151815
3	218411	151818
3	218508	152312
3	218689	159841
3	218719	153308
3	218744	153451
3	218798	153744
3	218799	153748
3	218857	154027
3	218931	154382
3	218986	154641
3	218987	154644
3	219035	154883
3	219039	154899
3	219096	155137
3	219098	155145
3	219099	155150
3	219100	155154
3	219101	155161
3	219102	155164
3	219103	155167
3	219105	155173
3	219106	155176
3	219107	155179
3	219108	155182
3	219109	155185
3	219110	155188
3	219111	155192
3	219114	155204
3	219115	155211
3	219117	155219
3	219119	155226
3	219120	155229
3	219121	155232
3	219207	155626
3	219266	155881
3	219267	155885
3	219272	155913
3	219310	156065
3	219370	156366
3	219434	156697
3	219436	156705
3	219469	156860
3	219594	157368
3	219595	157370
3	219690	157845
3	219691	157849
3	219692	157853
3	219694	157861
3	219723	158017
3	219724	158020
3	219725	158024
3	219726	158027
3	219727	158031
3	219728	158035
3	219730	158043
3	219749	158121
3	219758	158171
3	219895	158901
3	219897	158912
3	219971	159275
3	219993	159376
3	220055	159675
3	220097	159841
3	220168	160197
3	220189	160301
3	220303	160825
3	220308	160847
3	220352	150479
3	220358	207374
3	220474	161422
3	220489	161469
3	220490	161475
3	220518	162104
3	220530	161536
3	220532	161550
3	220534	161565
3	220558	161675
3	220579	161722
3	220613	161790
3	220641	161877
3	220661	161974
3	220685	161501
3	220720	162104
3	220721	162105
3	220736	162153
3	220739	220685
3	220780	191796
3	220854	162413
3	220919	162600
3	220943	162677
3	220944	162685
3	220946	162702
3	220968	161619
3	221016	162947
3	221026	220919
3	221066	221026
3	221074	221026
3	221082	207200
3	221138	163007
3	221378	163975
3	221402	164111
3	221404	164120
3	221405	164124
3	221406	164128
3	221407	164133
3	221408	164136
3	221409	164141
3	221410	164145
3	221411	164149
3	221421	164214
3	221574	164916
3	221575	164920
3	221721	165598
3	221774	165844
3	221879	166354
3	221880	166359
3	221889	166398
3	221957	166688
3	222261	168028
3	222264	168039
3	222270	168063
3	222271	168066
3	222273	168074
3	222353	168390
3	222407	218411
3	222417	168731
3	222593	169525
3	222657	169807
3	222700	169978
3	222731	170146
3	222732	170150
3	222764	170299
3	222954	171234
3	222955	171237
3	222958	171255
3	223007	171502
3	223032	171614
3	223051	171715
3	223083	171876
3	223087	171898
3	223096	171940
3	223130	172130
3	223226	172621
3	223229	172641
3	223230	172645
3	223233	172657
3	223241	172690
3	223255	172759
3	223289	172909
3	223302	172978
3	223303	172982
3	223330	173131
3	223369	173320
3	223370	173327
3	223371	173332
3	223372	173336
3	223373	173343
3	223375	173352
3	223378	173367
3	223395	173455
3	223445	173703
3	223556	174276
3	223557	174281
3	223558	223557
3	223560	174291
3	223622	174565
3	223623	174566
3	223825	175349
3	223826	175353
3	223828	175836
3	223829	175368
3	223830	175373
3	223831	175378
3	223834	175404
3	223835	175410
3	223836	175415
3	223838	175427
3	223839	175429
3	223841	175444
3	223842	175448
3	223844	175461
3	223845	175466
3	223853	175473
3	223854	175479
3	223856	175491
3	223859	175511
3	223861	175517
3	223863	175531
3	223864	175539
3	223866	175549
3	223867	175554
3	223869	175565
3	223870	175569
3	223871	175573
3	223873	175619
3	223874	175625
3	223875	175629
3	223876	175638
3	223877	175644
3	223878	175646
3	223879	175649
3	223880	175655
3	223881	175660
3	223882	175666
3	223883	175672
3	223885	175685
3	223886	175689
3	223888	175698
3	223889	175703
3	223890	175710
3	223893	175725
3	223894	175729
3	223896	175745
3	223897	175749
3	223898	175754
3	223899	175761
3	223901	175774
3	223903	175783
3	223905	175793
3	223906	175801
3	223907	175807
3	223909	175823
3	223910	175827
3	223911	175832
3	223912	175836
3	223914	175847
3	223918	175871
3	223919	175876
3	223920	175880
3	223922	175891
3	223923	175898
3	223924	223881
3	223925	175908
3	223927	175919
3	223928	175925
3	223929	175927
3	223930	175934
3	223931	175937
3	223932	175943
3	223933	175950
3	223934	175954
3	223937	175971
3	223938	175974
3	223939	175982
3	223941	175992
3	223942	175997
3	223943	176002
3	223945	176024
3	223948	176042
3	223949	176046
3	223951	176059
3	223952	176066
3	223953	176071
3	223955	176077
3	223956	176081
3	223957	176088
3	223997	176242
3	224085	176636
3	224113	176762
3	224139	176889
3	224181	177098
3	224183	177111
3	224184	177118
3	224281	177506
3	224365	177914
3	224366	177917
3	224554	178752
3	224639	179158
3	224685	179395
3	224686	179398
3	224846	180102
3	224853	180138
3	224904	180357
3	224982	180714
3	224984	180725
3	224985	180728
3	224986	180731
3	225034	180973
3	225035	180978
3	225036	180981
3	225081	181187
3	225142	215966
3	225163	181557
4	63	47
4	114	47
4	211	114
4	258	114
4	283	281
4	285	264
4	318	47
4	320	318
4	325	299
4	400	380
4	416	44
4	450	318
4	713	667
4	727	418
4	975	713
4	996	178
4	2405	342
4	2638	713
4	2660	2645
4	2668	2645
4	2680	2668
4	2686	2680
4	2694	713
4	2697	2694
4	2793	2788
4	2801	2645
4	2847	2841
4	2926	2655
4	2936	2931
4	2940	2936
4	2944	2940
4	2948	2931
4	2953	2948
4	2957	2948
4	3133	2806
4	3151	2926
4	3187	713
4	3191	3187
4	3195	3187
4	3202	3195
4	3229	3195
4	3238	3195
4	3241	3229
4	3259	2750
4	3268	2854
4	3274	2862
4	3280	3274
4	3283	3280
4	3287	3274
4	3292	3280
4	3584	667
4	3659	3145
4	3671	3664
4	3676	3671
4	3732	2926
4	3856	2926
4	3935	3871
4	4014	3879
4	4052	3871
4	4128	2750
4	4314	4268
4	4320	2645
4	4328	4268
4	4338	4334
4	4349	2660
4	4408	4320
4	4476	4471
4	4491	3229
4	4640	3292
4	4866	4320
4	4890	4885
4	4894	4890
4	4953	289
4	5079	4268
4	5086	5079
4	5091	3292
4	5105	5079
4	5110	4471
4	5241	2854
4	5322	3259
4	5458	3259
4	5509	4128
4	5600	3659
4	5653	2926
4	5657	5653
4	5661	5241
4	5701	5299
4	5706	5665
4	5780	4640
4	5818	4787
4	6036	3659
4	6042	5458
4	6278	5458
4	6284	3268
4	6296	3187
4	6299	6296
4	6470	5600
4	6510	6505
4	6518	3145
4	6527	6514
4	6531	6523
4	6535	6505
4	6703	5293
4	6710	6703
4	6719	6714
4	6723	6714
4	6733	6719
4	6742	6710
4	6747	6714
4	6755	6710
4	6760	6755
4	6765	6760
4	7019	5701
4	7024	5706
4	7034	7024
4	7375	4953
4	8035	8031
4	8040	8038
4	8047	8042
4	8049	8047
4	8051	8035
4	8053	8047
4	8096	5818
4	8104	5818
4	8241	8110
4	8339	8328
4	8343	8339
4	8375	8328
4	8422	8375
4	8628	8375
4	8685	8662
4	8824	8646
4	8953	5701
4	8961	8953
4	8967	2750
4	8982	8975
4	8988	8053
4	9017	258
4	9044	3735
4	9050	9033
4	9057	9050
4	9081	9050
4	9087	9044
4	9092	9087
4	9104	9081
4	9133	9123
4	9139	9087
4	9143	9139
4	9209	4920
4	9349	4290
4	9360	9349
4	9365	9355
4	9370	9365
4	9375	9360
4	9380	9360
4	9385	9360
4	9390	9360
4	9401	2793
4	9406	9365
4	9412	9380
4	9417	9365
4	9427	9380
4	9432	9375
4	9437	9412
4	9567	5780
4	9570	8241
4	9573	9570
4	9577	9573
4	9581	9573
4	9584	9573
4	9648	5701
4	9656	2793
4	9693	3584
4	9717	4640
4	9829	9406
4	9840	9671
4	9846	9829
4	9901	6036
4	10055	9693
4	10062	4296
4	10069	10055
4	10077	10069
4	10083	10062
4	10089	10069
4	10117	5600
4	10151	6703
4	10264	10117
4	10272	10264
4	10292	8967
4	10299	9516
4	10312	10306
4	10317	10312
4	10323	9693
4	10329	10323
4	10334	10323
4	10338	10329
4	10350	10329
4	10354	10334
4	10358	10346
4	10404	10401
4	10407	10401
4	10440	10436
4	10445	3735
4	10475	8031
4	10478	6296
4	10482	10445
4	10490	10486
4	10705	3259
4	10739	3584
4	10766	3856
4	10774	3935
4	10924	10151
4	10929	6510
4	10941	10739
4	10956	10062
4	10962	10956
4	10968	10956
4	10979	5322
4	10985	5325
4	10989	8042
4	10992	10989
4	10995	10985
4	10997	10985
4	11017	3584
4	11021	11017
4	11026	11021
4	11029	10460
4	11042	11035
4	11055	11042
4	11060	11029
4	11065	11042
4	11070	11060
4	11076	11042
4	11081	9829
4	11094	3259
4	11101	11094
4	11106	11094
4	11110	11094
4	11114	11101
4	11118	11094
4	11129	11118
4	11133	11110
4	11145	5322
4	11149	2694
4	11219	4476
4	11229	11207
4	11445	8685
4	11500	3259
4	11506	6470
4	11512	11506
4	11517	11506
4	11558	11506
4	11562	11549
4	11566	11558
4	11570	11566
4	11576	11558
4	11593	11549
4	11704	5665
4	11758	8967
4	11766	11758
4	11772	11766
4	11783	5458
4	11796	11145
4	11799	5657
4	11832	4314
4	12106	8248
4	12121	10083
4	12131	12113
4	12134	12113
4	12144	12134
4	12147	12127
4	12153	12134
4	12156	12147
4	12159	12113
4	12295	8400
4	12361	6185
4	12544	12538
4	12581	3659
4	12586	12581
4	12597	5600
4	12602	4866
4	12607	12602
4	12611	12607
4	12615	12607
4	12629	12607
4	12637	3676
4	12643	12611
4	12656	12602
4	12660	12637
4	12688	3187
4	12692	3879
4	12828	11799
4	12833	12824
4	12836	12833
4	12922	5509
4	12971	11589
4	13062	3241
4	13069	9516
4	13074	9570
4	13178	13174
4	13190	8967
4	13198	3151
4	13239	3259
4	13246	13239
4	13407	13402
4	13412	10475
4	13415	13412
4	13448	8053
4	13518	13512
4	13523	11029
4	13528	13523
4	13538	8056
4	13543	13538
4	13547	13538
4	13551	5293
4	13734	13415
4	13742	3229
4	13751	13748
4	13767	13742
4	13770	13748
4	13773	13734
4	13806	6296
4	14001	3241
4	14004	13062
4	14012	9693
4	14018	11796
4	14056	4920
4	14070	11796
4	14202	7034
4	14211	7034
4	14218	4878
4	14224	2926
4	14234	12931
4	14241	12824
4	14245	14241
4	14315	5600
4	14321	7019
4	14331	11094
4	14336	14331
4	14342	3259
4	14351	6535
4	14358	14351
4	14378	14224
4	14572	12300
4	14591	9516
4	14608	10401
4	14688	11094
4	14694	2944
4	14698	11106
4	14708	14694
4	14720	14694
4	14724	14224
4	14728	6714
4	14737	14720
4	14741	14737
4	14794	5110
4	15077	10323
4	15082	15077
4	15090	15086
4	15094	15082
4	15098	8406
4	15102	15094
4	15106	15098
4	15111	15094
4	15115	15082
4	15119	15115
4	15127	15119
4	15131	15119
4	15135	15098
4	15143	15119
4	15147	15086
4	15151	15102
4	15156	8649
4	15322	14218
4	15333	13174
4	15387	15383
4	15588	15582
4	15592	15582
4	15596	15592
4	15613	15387
4	15632	8096
4	15782	13069
4	16159	8115
4	16232	15358
4	16437	15776
4	16519	15106
4	16544	15077
4	16554	15632
4	16556	16232
4	16660	16232
4	16683	16678
4	16686	16678
4	16689	16686
4	16692	16686
4	16702	8886
4	16713	16702
4	16780	16678
4	16836	13748
4	16844	16836
4	16846	13767
4	16917	14336
4	17012	2926
4	17062	14234
4	17143	2926
4	17148	14331
4	17152	17148
4	17157	2926
4	17161	17148
4	17165	17152
4	17170	17148
4	17333	10929
4	17343	17338
4	17348	17338
4	17352	17328
4	17356	17333
4	17360	17356
4	17364	17352
4	17378	17352
4	17457	3856
4	17460	14018
4	17463	14070
4	17540	16686
4	17728	17722
4	17743	17734
4	17752	17722
4	17760	17728
4	17767	17728
4	17771	17728
4	17776	17722
4	17782	17767
4	17795	3187
4	17858	17853
4	18061	18057
4	18065	18057
4	18085	4471
4	18158	5458
4	18165	16883
4	18194	8988
4	18234	15383
4	18238	3274
4	18244	14600
4	18248	18234
4	18263	12581
4	18267	6703
4	18286	18274
4	18292	18280
4	18296	18267
4	18308	6510
4	18316	18304
4	18320	18286
4	18324	18312
4	18328	18304
4	18338	18304
4	18342	18292
4	18346	18316
4	18350	18304
4	18354	12289
4	18361	18267
4	18367	18361
4	18372	18361
4	18377	13551
4	18384	11500
4	18391	18384
4	18396	6505
4	18407	18401
4	18417	18401
4	18422	18412
4	18427	18422
4	18446	14331
4	18534	4933
4	18582	5091
4	18593	8248
4	18669	8115
4	18783	14218
4	18789	18783
4	18797	16883
4	18887	5322
4	18891	14004
4	18895	10460
4	19040	9567
4	19078	18158
4	19100	14611
4	19105	9704
4	19110	9699
4	19114	14228
4	19294	18354
4	19349	19344
4	19359	13538
4	19363	9717
4	19382	16883
4	19397	13174
4	19401	13186
4	19405	19401
4	19408	19401
4	19642	19638
4	19650	19646
4	19654	17364
4	19662	19650
4	19666	19662
4	19671	19654
4	19679	17383
4	19683	19646
4	19821	15776
4	19827	19814
4	19871	14608
4	20494	13538
4	20498	9656
4	20502	20498
4	20506	20502
4	20533	3732
4	20537	14321
4	20544	19382
4	20551	12113
4	20576	5458
4	20715	10055
4	20842	14315
4	20848	20776
4	20853	17012
4	20867	20863
4	20871	20858
4	20881	20863
4	20885	20858
4	20889	20863
4	20894	20867
4	20898	20867
4	20903	20889
4	20907	20863
4	20911	17157
4	20922	17152
4	20926	20894
4	20938	20926
4	20947	20881
4	20957	20934
4	20962	19363
4	21087	5458
4	21094	10475
4	21118	11783
4	21127	11506
4	21134	10272
4	21149	21134
4	21153	21134
4	21158	21139
4	21317	14321
4	21320	18887
4	21341	17328
4	21345	11133
4	21349	19638
4	21353	18342
4	21403	11445
4	21462	5105
4	21466	14018
4	21576	14605
4	21579	9570
4	21585	21579
4	21588	21579
4	21591	21582
4	21597	21591
4	21603	21597
4	21606	21603
4	21730	8115
4	21740	21734
4	21744	21740
4	21749	21740
4	21753	21740
4	21757	21740
4	21763	21734
4	21772	21734
4	21781	21740
4	21785	21753
4	21789	21740
4	21932	17328
4	21937	21932
4	21943	17378
4	21947	11118
4	21951	21947
4	21956	10482
4	21966	21960
4	22137	11445
4	22159	8248
4	22356	21466
4	22381	18267
4	22390	22386
4	22411	22381
4	22415	18346
4	22428	10278
4	22440	22415
4	22444	18361
4	22448	18316
4	22452	22381
4	22457	22436
4	22466	22452
4	22474	22457
4	22680	6042
4	22686	4301
4	22691	22686
4	22696	9671
4	22819	11766
4	22824	21576
4	22880	5780
4	22955	19662
4	22959	11106
4	22963	11106
4	22967	21937
4	22972	11106
4	22977	11101
4	22987	11094
4	22991	22951
4	22996	19662
4	23000	11101
4	23012	11094
4	23016	11133
4	23020	14315
4	23027	14315
4	23061	21094
4	23080	14315
4	23087	23080
4	23107	9693
4	23245	8248
4	23253	3259
4	23263	20510
4	23346	6499
4	23381	17715
4	23387	17310
4	23394	17760
4	23399	23381
4	23424	11506
4	23496	23489
4	23616	14321
4	23694	14522
4	23697	23694
4	23701	23694
4	23713	23694
4	23720	23713
4	23724	23713
4	23728	23701
4	23731	23694
4	23735	23709
4	23739	17012
4	23856	9406
4	23869	20715
4	23903	5091
4	23908	3274
4	23913	23908
4	23916	23913
4	23924	18446
4	23928	2655
4	23934	16912
4	23939	23924
4	23943	23928
4	23947	23934
4	24107	4128
4	24115	10083
4	24126	24115
4	24130	11149
4	24134	24130
4	24421	13246
4	24498	23061
4	24509	18267
4	24521	10979
4	24528	24524
4	24532	24524
4	24536	18887
4	24670	21118
4	24675	9365
4	24686	24681
4	24691	24675
4	24696	9365
4	24703	11029
4	24709	24703
4	24714	24709
4	24836	3259
4	24969	15613
4	24975	24969
4	24986	24979
4	24995	12113
4	25185	11029
4	25192	25185
4	25207	15632
4	25209	21588
4	25213	10320
4	25294	13512
4	25326	5653
4	25329	3732
4	25333	14378
4	25408	14378
4	25413	21956
4	25416	21963
4	25426	10312
4	25429	4649
4	25433	25429
4	25436	25433
4	25438	25433
4	25446	13448
4	25449	13751
4	25452	10766
4	25455	21734
4	25538	25311
4	25547	18783
4	25559	25547
4	25683	9693
4	25736	21320
4	25838	25833
4	25844	25838
4	25850	9840
4	25867	25844
4	25872	19100
4	27311	18194
4	27352	16144
4	27418	12538
4	27426	18065
4	27499	27495
4	27507	17143
4	27514	18887
4	27904	14218
4	27918	27913
4	27923	12651
4	27929	23424
4	27962	11070
4	27989	10774
4	28009	4342
4	28041	11704
4	28045	10486
4	28049	28045
4	28113	25422
4	28154	25736
4	28356	17148
4	28385	8988
4	28387	3664
4	28456	17328
4	28589	19095
4	28681	12965
4	28686	28681
4	28690	28681
4	28701	28690
4	28710	28690
4	28715	28701
4	28720	28715
4	28725	28690
4	28735	28701
4	28744	28701
4	28749	28710
4	28754	28686
4	28757	28690
4	28761	28686
4	28764	28681
4	28768	28686
4	28773	28740
4	28777	28690
4	28792	28735
4	28797	28686
4	28807	28730
4	28824	28797
4	28867	20533
4	28911	4268
4	28920	28916
4	28924	28920
4	28998	28995
4	29015	8248
4	29183	3187
4	29408	18797
4	29623	14342
4	29632	14342
4	29646	14351
4	29677	12113
4	29686	12144
4	29689	29681
4	29694	29689
4	29698	29686
4	29707	17417
4	29710	16846
4	29716	29713
4	29719	29710
4	29728	29713
4	29731	29719
4	29734	29710
4	29754	29713
4	29778	9693
4	29826	27511
4	29830	29826
4	29834	18215
4	29842	29834
4	29852	29834
4	29856	22933
4	29868	23739
4	29894	8248
4	29945	5322
4	29955	6296
4	29966	3229
4	29975	3195
4	29980	3241
4	29984	14004
4	29988	29975
4	29992	3241
4	30210	14228
4	30217	25683
4	30228	10055
4	30234	30228
4	30239	17318
4	30245	17757
4	30252	30228
4	30257	30252
4	30262	30228
4	30268	30252
4	30273	30262
4	30278	30228
4	30283	30228
4	30290	30262
4	30295	30268
4	30299	30295
4	30307	30295
4	30315	30307
4	30321	30295
4	30330	30273
4	30334	30299
4	30338	30273
4	30346	30283
4	30388	24498
4	30391	13062
4	30394	30391
4	30402	17795
4	30406	30394
4	30408	23739
4	30418	20922
4	30496	8988
4	30589	28154
4	30698	9717
4	30752	21576
4	30755	10323
4	30789	99
4	30834	14315
4	30839	24696
4	30901	30898
4	30946	14218
4	30960	14315
4	30965	25833
4	31042	10151
4	31144	31138
4	31149	31138
4	31333	29004
4	31337	29004
4	31340	31337
4	31343	31340
4	31346	21462
4	31463	21734
4	31467	21740
4	31494	5780
4	31504	21603
4	31515	31494
4	31613	29015
4	31628	3664
4	31697	27918
4	31717	21466
4	31720	3935
4	31998	31333
4	32121	27186
4	32167	31449
4	32201	18194
4	32341	6703
4	32346	18292
4	32533	11506
4	32549	32533
4	32591	13239
4	32595	32591
4	32599	2788
4	32615	25683
4	32620	12597
4	32701	27956
4	32770	9693
4	32926	13074
4	32948	13512
4	33021	11094
4	33365	33360
4	33502	33396
4	33551	14315
4	33714	8982
4	34013	29894
4	34025	28456
4	34030	14698
4	34034	14728
4	34043	5105
4	34047	14241
4	34055	3151
4	34059	34047
4	34062	33542
4	34216	20544
4	34263	29819
4	34276	2675
4	34282	25547
4	34296	28154
4	34299	18354
4	34308	34299
4	34479	14605
4	34591	19100
4	34595	14611
4	34675	31138
4	34682	34675
4	34692	34688
4	34697	31144
4	34703	18534
4	34726	3187
4	34747	34743
4	34813	32701
4	34987	14218
4	34992	30946
4	34996	21457
4	35001	34996
4	35006	25408
4	35023	19408
4	35160	21127
4	35167	21139
4	35174	21158
4	35194	18593
4	35285	25736
4	35411	9209
4	35480	8248
4	35490	19363
4	35502	18354
4	35540	17143
4	35568	35563
4	35683	21734
4	35691	35687
4	35695	21740
4	35700	35683
4	35704	35695
4	35708	35704
4	35716	35712
4	35720	35704
4	35724	35704
4	35761	14224
4	35807	19814
4	35817	30834
4	36127	5780
4	36130	31501
4	36294	24670
4	36299	20848
4	36305	36299
4	36328	36305
4	36332	36322
4	36340	30844
4	36388	35558
4	36393	35563
4	36525	14537
4	36532	36525
4	36685	8988
4	36688	9209
4	36766	34216
4	36775	12971
4	36781	36775
4	36830	8115
4	36938	13190
4	37009	3145
4	37022	37014
4	37026	37018
4	37045	8953
4	37049	14563
4	37059	11506
4	37075	8982
4	37082	22811
4	37089	37075
4	37096	37082
4	37102	30789
4	37281	14218
4	37360	20544
4	37364	32533
4	37443	8024
4	37503	30210
4	37541	14202
4	37546	7024
4	37584	21087
4	37713	30210
4	37717	37713
4	37722	9822
4	37727	21149
4	37731	33551
4	37897	36938
4	37915	21956
4	38169	14070
4	38173	5657
4	38176	3133
4	38330	34591
4	38397	11145
4	38401	30228
4	38412	18895
4	38431	13551
4	38437	23000
4	38454	22680
4	38466	36328
4	38474	21122
4	38479	38466
4	38485	22680
4	38494	38460
4	38498	30844
4	38503	38479
4	38508	38466
4	38527	38460
4	38536	38508
4	38547	37102
4	38756	2686
4	38788	33783
4	38795	22903
4	38845	9829
4	38968	19377
4	38979	14234
4	39045	12106
4	39056	8375
4	39150	25408
4	39172	4878
4	39185	39172
4	39222	10436
4	39226	11445
4	39261	13174
4	39269	39261
4	39273	39269
4	39280	39261
4	39293	39273
4	39304	39293
4	39361	17715
4	39369	23394
4	39375	39361
4	39456	37281
4	39553	12824
4	39556	34047
4	39559	3151
4	39562	35006
4	39566	39556
4	39656	8096
4	39665	39663
4	39669	14611
4	39775	24416
4	39783	3259
4	39794	19871
4	39797	16159
4	39865	4649
4	39870	39865
4	39875	39865
4	39904	28981
4	39918	13734
4	39921	29719
4	39927	39921
4	39981	39930
4	40164	36728
4	40169	37049
4	40229	39789
4	40232	39794
4	40235	39794
4	40341	30210
4	42122	4953
4	42123	42122
4	42289	7375
4	49668	14331
4	49683	24709
4	49689	17310
4	49726	12538
4	49767	34813
4	49774	13523
4	49780	3659
4	50007	24130
4	50334	14605
4	50373	18593
4	50404	36388
4	50409	11796
4	50413	21466
4	50418	50413
4	50423	11802
4	50427	50409
4	50432	5653
4	50435	11799
4	50546	29834
4	50550	17942
4	50554	29834
4	50560	11223
4	50575	37360
4	50657	17757
4	50852	11796
4	50870	25416
4	50986	22352
4	51051	16912
4	51060	19095
4	51110	23240
4	51332	5706
4	51335	51332
4	51338	4268
4	51349	51343
4	51354	51343
4	51359	27904
4	51394	20962
4	51403	2926
4	51412	2926
4	51420	2944
4	51424	51416
4	51428	51416
4	51432	51424
4	51436	51416
4	51561	8967
4	51566	18887
4	51569	51566
4	51573	18887
4	51696	19363
4	51718	16912
4	51746	31998
4	51872	30636
4	51929	3659
4	52063	8685
4	52116	52063
4	52120	8649
4	52141	52120
4	52259	13512
4	52272	49774
4	52277	16159
4	52282	40235
4	52286	29004
4	52290	29004
4	52373	34216
4	52377	16873
4	52380	8248
4	52574	29945
4	52577	20510
4	52706	37005
4	52752	20551
4	52760	36938
4	52785	16199
4	52829	18085
4	52833	52829
4	52866	10264
4	52876	11512
4	52881	52871
4	52886	18346
4	52900	37722
4	52909	9209
4	52918	50435
4	52925	52921
4	53112	29677
4	53119	5091
4	53132	29004
4	53158	53153
4	53171	38522
4	53176	38474
4	53446	52833
4	53616	11796
4	53619	17463
4	53621	17460
4	53623	14018
4	53628	53623
4	53633	50858
4	53636	53619
4	53638	11796
4	53719	18777
4	53724	35494
4	53984	325
4	54008	19397
4	54015	54013
4	54029	54025
4	54044	51110
4	54049	24714
4	54054	13528
4	54107	54104
4	54110	54104
4	54118	31463
4	54124	6729
4	54129	17012
4	54133	29868
4	54137	20922
4	54142	53158
4	54194	23381
4	54199	30321
4	54210	30295
4	54222	39865
4	54230	54222
4	54299	53435
4	54303	21730
4	54307	18446
4	54311	54307
4	54338	17062
4	54351	54344
4	54497	54490
4	54500	14018
4	54503	54500
4	54506	54503
4	54567	21932
4	54571	21937
4	54581	21937
4	54597	54591
4	54716	32195
4	54721	35563
4	54730	20962
4	54786	21317
4	54957	54929
4	54975	13174
4	55024	51332
4	55160	15613
4	55293	53644
4	55392	9209
4	55489	51718
4	55494	51718
4	55498	51718
4	55502	51718
4	55521	38791
4	55533	9516
4	55555	4878
4	55560	55555
4	55564	55560
4	55568	55564
4	55597	33708
4	55613	25872
4	55672	11445
4	55678	17328
4	55682	17364
4	55698	55690
4	55704	55690
4	55708	55678
4	55747	9693
4	55751	22903
4	55761	29778
4	55773	55747
4	55778	19821
4	55787	4408
4	55792	14605
4	55794	27913
4	55800	55794
4	55811	55805
4	55817	55794
4	55823	27967
4	55829	55800
4	55840	55805
4	55846	55794
4	55891	32615
4	55904	38163
4	56045	23489
4	56067	4338
4	56074	6703
4	56091	56079
4	56096	20838
4	56142	34047
4	56148	56142
4	56151	34059
4	56155	14694
4	56158	56142
4	56161	34059
4	56164	56158
4	56167	56151
4	56170	56151
4	56174	56155
4	56177	56161
4	56774	10445
4	56789	27793
4	56793	14218
4	56799	56793
4	56803	56793
4	56809	56793
4	56813	3856
4	56876	55555
4	57077	22352
4	57081	57077
4	57085	13610
4	57157	34813
4	57163	55811
4	57275	10968
4	57349	37541
4	57375	57367
4	57409	57375
4	57463	57419
4	57509	57419
4	57512	57502
4	57519	57509
4	57543	57537
4	57560	57400
4	57573	57495
4	57627	57495
4	57663	57608
4	57688	57553
4	57703	57400
4	57710	57553
4	57741	57560
4	57757	57646
4	57763	57748
4	57768	57748
4	57776	57721
4	57855	57519
4	57864	57721
4	57989	57855
4	57996	57741
4	58003	57396
4	58020	57543
4	58026	57996
4	58034	57776
4	58054	57678
4	58059	58041
4	58086	57776
4	58102	57669
4	58114	57776
4	58119	58080
4	58124	57842
4	58138	57703
4	58151	57643
4	58154	58031
4	58191	58054
4	58202	57627
4	58205	57716
4	58222	57757
4	58229	58080
4	58261	58161
4	58266	57419
4	58276	57972
4	58301	57842
4	58306	57543
4	58318	58237
4	58324	57810
4	58334	57553
4	58339	58205
4	58350	57553
4	58369	57721
4	58391	57519
4	58398	57495
4	58439	57519
4	58451	58114
4	58456	58054
4	58464	57763
4	58472	57526
4	58483	58398
4	58487	58151
4	58498	58237
4	58506	57577
4	58513	57752
4	58529	58011
4	58542	57849
4	58562	57849
4	58608	58350
4	58642	58513
4	58662	57972
4	58668	57721
4	58679	57663
4	58714	58342
4	58721	58435
4	58727	58668
4	58746	58668
4	58766	58662
4	58783	58347
4	58791	57741
4	58809	57703
4	58814	58637
4	58819	57375
4	58825	57537
4	58835	58456
4	58844	58422
4	58849	16720
4	58940	58435
4	58999	57721
4	59021	58435
4	59036	58114
4	59072	57509
4	59082	57560
4	59106	58662
4	59112	58779
4	59126	57741
4	59133	58519
4	59149	57810
4	59204	58350
4	59233	57669
4	59236	58404
4	59241	58608
4	59246	57519
4	59255	59017
4	59306	58205
4	59309	57721
4	59316	59204
4	59325	58513
4	59334	58291
4	59348	59316
4	59516	59417
4	59522	59204
4	59528	59343
4	59534	58642
4	59553	58102
4	59563	58294
4	59580	57663
4	59586	58404
4	59590	57741
4	59595	58041
4	59633	58347
4	59693	59522
4	59698	57961
4	59701	58161
4	59734	58733
4	59758	59343
4	59764	58435
4	59769	59595
4	59773	59435
4	59804	58483
4	59808	57822
4	59812	58412
4	59817	58294
4	59822	57646
4	59836	57861
4	59842	59836
4	59868	59614
4	59878	57519
4	59890	59680
4	59909	58196
4	59917	59680
4	59931	59693
4	59937	59204
4	59954	59343
4	59980	57787
4	59989	58324
4	59993	58350
4	60010	58384
4	60016	58428
4	60022	59082
4	60026	59633
4	60045	59563
4	60053	59348
4	60058	59106
4	60071	58286
4	60076	59872
4	60117	58294
4	60123	59010
4	60129	59551
4	60166	58059
4	60204	59274
4	60210	58261
4	60223	58646
4	60226	57832
4	60231	59316
4	60242	59812
4	60247	59799
4	60288	57620
4	60299	59149
4	60303	59036
4	60321	57978
4	60327	59528
4	60331	57553
4	60335	57553
4	60375	58642
4	60382	58825
4	60407	59534
4	60435	58261
4	60459	59005
4	60464	58506
4	60469	57553
4	60479	57757
4	60511	60045
4	60623	12113
4	60764	20838
4	60918	40232
4	60921	19871
4	60972	24107
4	61112	33950
4	61206	20544
4	61238	17942
4	61242	29848
4	61521	14224
4	61637	37519
4	61640	22811
4	61706	30698
4	61710	25209
4	61717	61710
4	61720	61710
4	61723	61720
4	61726	61723
4	61790	17417
4	61826	52760
4	61837	23418
4	61842	27426
4	61848	55533
4	61860	11145
4	61886	29856
4	62049	38756
4	62137	11796
4	62140	50432
4	62142	52925
4	62145	62140
4	62147	50432
4	62234	11149
4	62253	62234
4	62257	62253
4	62268	62234
4	62278	28387
4	62284	27904
4	62288	34688
4	62294	12660
4	62298	52272
4	62304	62284
4	62308	62288
4	62313	62308
4	62419	62414
4	62424	62419
4	62428	62424
4	62432	62419
4	62436	11042
4	62585	12538
4	62737	54307
4	62799	34492
4	62809	62799
4	62814	62809
4	62952	12538
4	62958	12551
4	62982	29677
4	63028	3259
4	63036	9209
4	63066	14600
4	63070	63066
4	63078	4314
4	63285	55392
4	63421	61837
4	63427	13551
4	63433	52373
4	63521	14070
4	63527	12538
4	63533	63527
4	63538	62313
4	63679	27901
4	63800	3659
4	63921	31463
4	63927	52876
4	63932	10122
4	63935	38788
4	63982	29778
4	63987	38795
4	63993	63987
4	64006	64002
4	64010	55778
4	64061	3259
4	64065	18361
4	64084	11541
4	64089	37059
4	64094	11558
4	64115	18158
4	64130	56099
4	64132	56177
4	64136	20838
4	64140	61640
4	64148	24995
4	64211	53112
4	64221	64217
4	64245	11110
4	64250	11106
4	64254	22982
4	64264	54567
4	64268	11133
4	64272	54567
4	64276	11106
4	64294	64285
4	64340	63927
4	64343	11529
4	64348	11558
4	64547	50373
4	64564	55672
4	64569	64560
4	64582	22360
4	64586	61848
4	64664	53435
4	64667	50672
4	64671	64667
4	64702	55106
4	64706	53644
4	64734	19646
4	64738	18286
4	64742	19654
4	64752	35720
4	64757	17348
4	64765	22982
4	64773	64746
4	64778	64250
4	64782	64769
4	64790	64769
4	64794	64778
4	64798	55682
4	64802	64765
4	64811	54581
4	64815	64782
4	64823	34039
4	64827	64769
4	64831	64285
4	64835	64815
4	64839	64742
4	64844	64769
4	64848	64827
4	64853	23000
4	64864	54581
4	64876	64839
4	64884	64827
4	65321	23240
4	65345	11026
4	65350	28924
4	65387	12688
4	65391	50423
4	65404	65387
4	65407	65391
4	65410	65402
4	65618	11799
4	65701	25294
4	65708	11065
4	65745	18267
4	65831	52282
4	65848	51343
4	65859	10460
4	66033	14378
4	66039	20510
4	66049	64582
4	66225	61640
4	66232	66225
4	66282	39261
4	66286	40235
4	66466	53119
4	66504	63921
4	66508	66504
4	66514	51343
4	66519	51349
4	66524	55392
4	66568	5105
4	66573	4640
4	66589	9717
4	66668	24107
4	66674	50657
4	66685	18789
4	66690	35049
4	66695	34282
4	66701	66695
4	66708	51354
4	66750	10323
4	66755	66750
4	66882	31333
4	66885	66882
4	66955	49695
4	66961	32591
4	66971	66966
4	67047	19814
4	67052	67047
4	67057	55761
4	67069	19821
4	67135	56096
4	67161	23735
4	67250	28393
4	67430	13396
4	67465	30789
4	67496	4640
4	67499	57024
4	67535	35285
4	67655	14378
4	67659	3151
4	67662	67659
4	67687	12538
4	67756	60764
4	67799	67655
4	67808	67804
4	67814	67804
4	67819	67804
4	67824	67804
4	67829	67824
4	67834	67824
4	67838	67804
4	67847	67838
4	67886	22834
4	67891	61250
4	67899	55489
4	68156	66504
4	68160	23000
4	68165	22991
4	68433	63679
4	68465	20957
4	68481	29001
4	68491	13190
4	68505	68499
4	68513	68505
4	68516	68505
4	68520	68516
4	68523	68505
4	68526	37541
4	68613	9693
4	68658	10151
4	68662	56079
4	68666	20776
4	68675	68666
4	69170	34665
4	69174	62737
4	69178	11796
4	69182	10774
4	69186	69182
4	69196	69189
4	69200	13239
4	69206	9822
4	69240	49551
4	69281	10312
4	69869	69863
4	69873	24536
4	69876	69873
4	69884	69240
4	69950	28385
4	69961	4890
4	70027	21320
4	70029	11149
4	70032	70029
4	70034	50409
4	70036	70034
4	70043	70034
4	70050	70034
4	70070	37360
4	70154	3139
4	70163	70158
4	70172	70158
4	70184	70167
4	70188	70154
4	70200	3259
4	70232	3584
4	70245	4290
4	70251	33345
4	70261	3664
4	70278	3676
4	70284	70261
4	70289	70261
4	70294	70261
4	70300	70266
4	70305	70289
4	70309	70305
4	70314	70294
4	70319	70284
4	70325	70266
4	70342	69178
4	70346	69178
4	70348	56813
4	70384	70380
4	70387	70384
4	70391	70384
4	70407	70395
4	70412	70395
4	70416	70380
4	70421	70399
4	70430	70395
4	70437	70430
4	70440	70387
4	70444	70412
4	70448	70430
4	70461	70421
4	70465	70461
4	70468	70407
4	70485	70421
4	70492	70430
4	70499	70457
4	70507	70384
4	70511	70499
4	70514	70457
4	70517	70412
4	70521	70511
4	70525	70407
4	70532	12113
4	70538	68491
4	70627	70616
4	70632	70212
4	70636	70632
4	70641	14224
4	70648	51110
4	70668	70661
4	70724	50546
4	70729	11214
4	70743	69178
4	70746	70743
4	70749	70746
4	70833	64699
4	70841	61860
4	70844	70616
4	70854	70849
4	70859	23713
4	70864	70854
4	70869	70849
4	70881	70854
4	70886	70854
4	70891	70869
4	70908	70886
4	70917	70912
4	70928	13077
4	70933	70204
4	70942	70933
4	70958	5600
4	70970	33551
4	70984	5293
4	71012	20576
4	71026	14228
4	71038	36938
4	71044	18446
4	71049	70636
4	71060	10934
4	71071	33551
4	71095	70841
4	71111	60918
4	71118	67499
4	71122	71060
4	71146	18797
4	71151	37360
4	71163	71155
4	71167	71163
4	71181	71167
4	71202	71198
4	71206	71163
4	71211	37368
4	71216	71190
4	71226	71167
4	71234	71159
4	71238	71190
4	71243	71226
4	71255	32533
4	71260	71012
4	71270	71060
4	71277	24836
4	71308	30589
4	71310	70844
4	71316	71135
4	71327	70859
4	71357	69240
4	71390	11500
4	71427	3856
4	71445	70200
4	71458	39456
4	71485	53119
4	71524	71060
4	71530	70289
4	71640	71277
4	71719	71702
4	71910	8685
4	72127	49695
4	72133	70261
4	72149	72138
4	72169	72164
4	72174	71238
4	72182	71099
4	72189	30960
4	72197	19377
4	72201	23263
4	72234	72230
4	72252	10404
4	72262	70180
4	72267	39783
4	72272	14605
4	72276	72258
4	72284	72164
4	72290	72164
4	72306	72300
4	72312	72300
4	72318	72306
4	72324	72312
4	72354	2788
4	72370	52045
4	72376	4320
4	72391	72258
4	72396	34034
4	72401	72247
4	72421	72416
4	72431	71066
4	72441	72437
4	72444	70070
4	72448	36127
4	72452	9584
4	72459	64340
4	72463	72459
4	72477	39559
4	72514	72508
4	72519	72508
4	72524	72514
4	72529	72258
4	72534	72529
4	72542	71288
4	72547	72258
4	72551	72267
4	72556	72534
4	72569	71277
4	72573	72547
4	72577	72267
4	72582	72542
4	72586	72542
4	72595	72556
4	72604	72569
4	72617	72612
4	72622	72612
4	72627	72612
4	72659	62284
4	72668	37014
4	72695	72689
4	72751	72138
4	72755	72138
4	72759	72755
4	72767	72755
4	72772	72767
4	72787	71038
4	72794	14605
4	72798	28998
4	72834	32615
4	72864	33551
4	72869	71066
4	72878	33551
4	72884	72878
4	72890	72296
4	72944	72197
4	72962	10460
4	72968	72962
4	72978	72962
4	72982	52752
4	72995	3732
4	72998	70339
4	73000	72998
4	73003	73000
4	73009	73003
4	73012	72197
4	73103	71646
4	73108	39293
4	73111	73108
4	73114	73111
4	73123	51718
4	73133	8115
4	73256	73245
4	73261	10985
4	73272	67465
4	73275	57024
4	73286	4640
4	73294	62809
4	73298	72782
4	73302	10934
4	73326	73320
4	73330	73326
4	73335	73320
4	73339	73335
4	73347	73330
4	73351	73347
4	73368	73335
4	73377	73360
4	73381	60631
4	73387	73381
4	73393	73381
4	73399	73381
4	73405	73381
4	73418	73381
4	73431	70232
4	73436	72401
4	73444	33282
4	73449	73438
4	73459	11110
4	73463	73459
4	73477	28154
4	73484	3199
4	73487	34996
4	73497	73487
4	73526	70768
4	73531	70616
4	73536	11445
4	73577	70923
4	73639	19382
4	73644	71390
4	73649	11500
4	73653	11506
4	73656	72627
4	73717	55597
4	73805	3151
4	73810	22834
4	73817	70833
4	73826	72508
4	73843	49720
4	73876	73864
4	73882	73857
4	73887	73864
4	73893	73857
4	73897	73893
4	73911	35014
4	73918	12581
4	73923	5458
4	73933	72300
4	73940	73653
4	73945	73730
4	73961	73953
4	73971	73953
4	73976	73966
4	73990	73957
4	73994	73990
4	74003	73990
4	74007	73966
4	74014	73953
4	74036	73971
4	74070	17417
4	74096	70348
4	74100	74096
4	74118	71038
4	74123	18057
4	74128	74123
4	74145	70480
4	74150	37014
4	74156	74150
4	74166	74161
4	74175	71151
4	74180	74145
4	74184	72755
4	74192	66290
4	74224	71135
4	74229	73133
4	74237	4640
4	74240	74237
4	74246	74240
4	74250	73272
4	74266	72284
4	74278	71198
4	74282	54307
4	74287	13402
4	74307	13512
4	74313	73671
4	74319	74313
4	74323	74313
4	74328	73687
4	74339	74323
4	74347	74343
4	74351	74339
4	74359	74351
4	74363	74313
4	74378	74343
4	74386	72962
4	74390	74386
4	74398	74386
4	74403	34043
4	74408	34591
4	74413	11145
4	74433	65614
4	74436	13806
4	74440	74433
4	74448	72890
4	74458	72149
4	74463	72874
4	74469	74260
4	74473	37102
4	74500	71211
4	74529	73594
4	74542	72258
4	74550	72586
4	74554	71288
4	74600	72673
4	74604	72801
4	74611	3664
4	74643	14228
4	74671	70896
4	74677	70908
4	74682	74135
4	74697	72678
4	74704	72612
4	74709	74704
4	74713	74709
4	74718	72612
4	74722	74260
4	74732	74704
4	74736	70176
4	74740	74736
4	74743	72138
4	74754	74743
4	74758	38431
4	74776	52760
4	74785	74776
4	74792	74785
4	74797	74776
4	74807	74785
4	74812	74802
4	74819	74792
4	74831	74797
4	74900	71159
4	74905	74443
4	74910	72156
4	74932	10320
4	74944	14724
4	74949	74940
4	74953	74949
4	74967	74949
4	74971	34030
4	74979	74072
4	74983	71012
4	74989	70984
4	74993	10278
4	74997	74989
4	75027	70256
4	75034	74103
4	75072	73526
4	75092	71135
4	75104	8115
4	75116	72318
4	75128	75122
4	75135	75122
4	75197	73381
4	75203	75197
4	75208	75203
4	75214	75203
4	75281	75274
4	75307	74694
4	75316	71777
4	75344	12538
4	75349	75344
4	75400	15387
4	75405	75400
4	75409	75400
4	75412	75409
4	75415	56876
4	75435	73133
4	75591	75415
4	75636	75274
4	75726	8375
4	75884	75546
4	75891	75884
4	75902	75891
4	75907	75891
4	75912	75891
4	75922	75917
4	75927	75912
4	75932	75912
4	75986	75344
4	76000	75986
4	76047	75591
4	76082	75986
4	76173	16780
4	76235	75092
4	76246	70933
4	76251	70933
4	76296	76274
4	76301	72678
4	76307	71238
4	76312	70163
4	76316	29868
4	76335	76331
4	76350	73639
4	76374	70180
4	76382	74915
4	76396	72401
4	76403	73009
4	76410	13803
4	76414	66049
4	76433	14315
4	76437	76361
4	76452	14218
4	76457	76452
4	76462	76452
4	76467	34652
4	76472	33021
4	76485	73123
4	76490	75044
4	76506	73272
4	76521	29183
4	76536	75349
4	76542	72318
4	76564	74403
4	76575	2801
4	76581	17722
4	76595	10055
4	76601	74175
4	76606	76437
4	76611	72689
4	76616	17935
4	76623	72695
4	76633	70729
4	76638	76633
4	76647	74224
4	76657	74408
4	76677	55489
4	76703	2686
4	76710	68428
4	76715	74648
4	76720	76345
4	76726	76345
4	76730	19114
4	76734	76730
4	76738	76307
4	76748	76743
4	76753	76748
4	76757	18333
4	76762	76757
4	76807	2793
4	76819	74234
4	76828	74403
4	76871	8375
4	76877	19363
4	76924	73545
4	76988	73545
4	76995	76988
4	77043	55521
4	77053	77048
4	77064	77048
4	77068	77064
4	77077	77064
4	77094	72339
4	77102	77081
4	77106	77072
4	77111	76623
4	77117	77111
4	77123	76611
4	77132	77072
4	77188	76683
4	77197	77192
4	77227	77222
4	77237	77227
4	77249	54338
4	77254	74648
4	77263	71390
4	77289	72448
4	77292	63078
4	77336	73118
4	77340	73933
4	77352	19865
4	77372	71357
4	77456	76521
4	77560	72358
4	77577	65614
4	77581	65614
4	77584	74440
4	77600	76564
4	77607	51746
4	77611	29004
4	77614	20715
4	77635	71122
4	77661	76356
4	77667	76715
4	77673	77656
4	77689	76345
4	77694	62737
4	77698	72894
4	77701	64340
4	77706	74732
4	77711	77706
4	77729	71099
4	77734	77729
4	77747	9822
4	77751	77747
4	77755	77743
4	77759	77755
4	77763	21153
4	77767	77759
4	77771	73454
4	77835	73497
4	77847	77842
4	77866	77835
4	77923	70348
4	77926	76490
4	77962	76472
4	77976	73459
4	77981	64864
4	77986	3145
4	77990	77986
4	77994	77990
4	77998	77986
4	78002	77990
4	78012	77986
4	78016	77998
4	78020	78006
4	78025	77986
4	78029	77994
4	78033	78012
4	78037	77976
4	78041	78033
4	78050	78033
4	78054	77998
4	78062	77990
4	78066	77998
4	78070	78006
4	78074	78002
4	78090	74096
4	78101	67250
4	78135	71277
4	78139	74386
4	78150	78101
4	78160	76396
4	78164	74697
4	78169	72894
4	78174	77729
4	78186	67756
4	78216	77860
4	78221	22834
4	78311	73600
4	78363	70197
4	78365	76197
4	78368	22951
4	78376	55682
4	78380	78372
4	78384	22982
4	78390	64225
4	78394	73459
4	78411	74440
4	78554	33551
4	78558	74736
4	78562	74709
4	78567	78558
4	78574	78558
4	78592	76403
4	78595	69186
4	78598	74237
4	78677	78673
4	78691	70348
4	78739	70933
4	78745	70933
4	78750	70844
4	78765	70197
4	78775	18043
4	78780	72133
4	78794	72894
4	78799	33411
4	78805	37519
4	78809	23924
4	78813	23947
4	78817	23947
4	78822	78809
4	78827	56876
4	78833	11766
4	78877	24107
4	78888	76575
4	78896	78882
4	78906	78882
4	78910	78882
4	78918	78882
4	78929	24416
4	79000	74989
4	79004	72133
4	79032	79026
4	79042	75299
4	79047	79042
4	79065	79052
4	79073	79069
4	79078	79065
4	79086	79078
4	79090	79078
4	79094	79061
4	79098	74989
4	79103	22977
4	79113	74989
4	79118	70984
4	79127	74378
4	79135	79131
4	79143	79139
4	79151	79143
4	79155	79131
4	79169	79155
4	79177	79173
4	79181	79131
4	79193	79159
4	79197	79177
4	79205	74403
4	79229	70200
4	79233	79082
4	79262	71485
4	79268	73114
4	79274	8248
4	79279	25006
4	79334	71099
4	79340	79334
4	79344	77738
4	79355	74145
4	79360	77738
4	79366	20848
4	79371	79340
4	79395	20576
4	79402	76886
4	79420	72276
4	79425	74278
4	79429	74386
4	79433	79429
4	79439	70204
4	79446	79439
4	79452	76983
4	79463	73269
4	79485	71260
4	79495	79474
4	79511	70743
4	79527	77614
4	79542	72230
4	79560	62799
4	79565	74070
4	79657	73275
4	79662	70251
4	79666	70475
4	79675	77222
4	79681	77237
4	79687	79681
4	79693	79681
4	79699	77614
4	79711	14537
4	79721	74250
4	79749	73477
4	79751	78805
4	79763	78805
4	79765	79763
4	79769	77577
4	79780	35014
4	79822	71316
4	79852	72138
4	79857	72164
4	83301	77456
4	83304	27904
4	83309	27904
4	83318	83304
4	83323	74229
4	83332	73118
4	83338	74307
4	83348	71066
4	83384	70622
4	83414	62737
4	83428	25683
4	83434	11506
4	83443	56793
4	83451	74611
4	83457	83443
4	83461	83457
4	83465	83443
4	83470	52030
4	83496	83492
4	83510	70636
4	83550	71255
4	83555	74443
4	84165	28681
4	84177	84169
4	84183	28749
4	84189	84169
4	84198	84177
4	84218	84210
4	84227	77678
4	84232	84189
4	84237	84218
4	84241	84202
4	84250	84198
4	84254	84214
4	84258	84177
4	84278	84270
4	84282	84198
4	84286	76819
4	84290	70841
4	84314	28924
4	84319	74229
4	84325	73114
4	84329	83414
4	84338	71012
4	84387	29004
4	84397	75567
4	84417	84407
4	84422	84402
4	84427	84417
4	84432	84402
4	84442	84402
4	84452	84442
4	84457	75591
4	84467	84462
4	84518	84391
4	84526	74697
4	84531	71294
4	84556	84548
4	84561	84556
4	84574	33720
4	84583	76312
4	84588	84577
4	84593	84588
4	84598	84593
4	84608	77942
4	84622	71255
4	84627	70167
4	84643	76307
4	84648	12113
4	84653	84648
4	84662	84648
4	84665	78765
4	84668	78078
4	84675	84668
4	84682	78216
4	84687	84682
4	84694	70729
4	84700	84687
4	84706	70616
4	84710	70896
4	84715	73805
4	84743	68491
4	84750	74812
4	84763	84632
4	84771	73545
4	84776	84771
4	84792	71135
4	84817	77852
4	84823	72156
4	84828	76506
4	84875	30960
4	84879	24696
4	84884	84879
4	84889	79429
4	84894	83470
4	84912	84905
4	84917	71066
4	84922	74463
4	84926	77435
4	84937	84457
4	84947	52030
4	84952	71054
4	84959	84932
4	84964	79751
4	84967	84828
4	84975	77456
4	84983	84979
4	85034	78139
4	85038	71530
4	85042	20776
4	85047	85042
4	85063	73275
4	85068	79360
4	85083	30755
4	85089	76611
4	85097	84668
4	85112	30844
4	85117	77738
4	85126	85117
4	85139	85117
4	85148	85117
4	85152	85112
4	85158	85148
4	85172	79360
4	85186	77771
4	85190	30898
4	85200	71135
4	85208	30960
4	85213	72205
4	85218	85213
4	85224	85218
4	85232	85228
4	85236	85232
4	85240	85228
4	85244	85218
4	85254	85236
4	85367	77456
4	85427	79716
4	85431	70820
4	85436	73387
4	85477	79379
4	85486	70204
4	85504	74443
4	85509	69206
4	85528	72363
4	85535	4342
4	85562	72149
4	85572	14218
4	85576	76452
4	85594	70841
4	85597	76403
4	85624	72775
4	85648	76521
4	85651	51746
4	85669	19377
4	85689	32615
4	85709	79037
4	85715	76331
4	85722	78186
4	85736	70145
4	85741	70145
4	85746	76301
4	85756	72787
4	85762	85756
4	85767	85756
4	85773	85762
4	85777	85773
4	85782	71463
4	85798	70141
4	85830	76164
4	85841	36532
4	85846	74989
4	85856	73302
4	85862	73302
4	85868	85862
4	85873	55622
4	85880	85873
4	85896	85880
4	85905	85880
4	85916	85880
4	85922	55564
4	85928	85528
4	85961	72182
4	85973	72267
4	85978	79118
4	85983	79103
4	85993	76331
4	85999	72262
4	86003	76331
4	86008	85993
4	86012	86008
4	86018	33551
4	86025	86022
4	86032	33551
4	86036	71066
4	86044	29826
4	86063	77923
4	86066	17460
4	86138	86133
4	86148	86133
4	86179	74776
4	86189	34025
4	86200	34039
4	86211	77967
4	86219	34043
4	86224	72944
4	86227	77614
4	86238	9840
4	86244	25862
4	86280	74224
4	86286	28380
4	86308	68491
4	86432	34591
4	86447	85572
4	86464	70648
4	86468	84889
4	86503	57157
4	86509	73320
4	86513	86509
4	86517	86513
4	86521	86513
4	86525	86513
4	86529	86521
4	86534	84343
4	86539	77587
4	86547	74224
4	86552	73487
4	86579	84926
4	86606	74145
4	86612	72878
4	86618	86612
4	86658	73431
4	86663	72944
4	86674	72382
4	86683	35480
4	86695	76748
4	86712	77456
4	86742	76399
4	86751	85669
4	86756	65614
4	86760	67804
4	86767	72363
4	86800	73286
4	86803	13077
4	86810	86803
4	86814	86810
4	86819	27426
4	86825	86819
4	86832	74224
4	86910	79098
4	86920	76307
4	86924	84889
4	86929	3732
4	86939	74250
4	86943	17417
4	86991	83332
4	86996	83332
4	87001	77694
4	87021	76871
4	87027	87021
4	87031	39172
4	87036	36532
4	87052	87031
4	87094	9209
4	87106	29004
4	87115	33365
4	87137	86606
4	87143	87137
4	87159	74180
4	87180	85042
4	87185	87180
4	87193	87188
4	87221	70841
4	87224	87221
4	87226	73653
4	87239	86063
4	87243	86063
4	87254	86447
4	87266	11500
4	87271	76307
4	87284	29183
4	87286	70070
4	87322	33551
4	87329	74709
4	87339	87329
4	87344	70980
4	87348	84879
4	87364	39150
4	87368	76350
4	87380	78186
4	87422	54490
4	87443	78805
4	87450	76345
4	87455	74743
4	87459	87450
4	87485	74762
4	87493	87485
4	87498	87493
4	87502	70232
4	87512	87507
4	87613	70232
4	87619	74250
4	87641	86063
4	87657	71151
4	87663	70079
4	87692	76316
4	87696	87692
4	87703	85669
4	87711	74408
4	87721	87711
4	87726	86308
4	87732	70212
4	87737	86227
4	87744	87737
4	87750	86717
4	87756	74758
4	87761	74762
4	87773	74910
4	87796	38508
4	87805	38479
4	87815	57030
4	87820	78174
4	87825	87815
4	87851	86751
4	87874	70841
4	87893	87851
4	87904	74694
4	87939	9365
4	87962	3187
4	87989	76891
4	88001	83323
4	88005	74234
4	88008	63921
4	88023	76871
4	88028	87910
4	88033	87036
4	88043	87047
4	88048	87036
4	88052	88028
4	88057	88033
4	88067	88052
4	88072	88052
4	88087	79379
4	88096	70933
4	88102	74224
4	88129	15322
4	88135	73302
4	88169	86756
4	88173	77587
4	88180	88173
4	88186	76403
4	88192	74096
4	88198	87703
4	88213	77292
4	88219	88135
4	88231	87198
4	88235	88231
4	88262	70204
4	88279	71390
4	88284	79229
4	88288	70200
4	88292	88284
4	88296	88292
4	88301	88292
4	88316	88306
4	88321	88316
4	88327	88284
4	88331	88321
4	88336	88316
4	88340	88321
4	88348	88306
4	88352	88306
4	88356	88321
4	88360	88306
4	88365	88360
4	88369	88360
4	88391	88284
4	88395	88360
4	88399	21320
4	88401	73103
4	88422	86179
4	88462	70984
4	88467	87493
4	88471	76331
4	88477	86916
4	88481	88471
4	88485	79069
4	88489	70984
4	88499	88494
4	88510	79429
4	88518	74979
4	88523	86273
4	88569	71390
4	88574	71194
4	88584	86018
4	88590	72878
4	88595	86041
4	88600	74910
4	88605	79560
4	88610	85244
4	88616	88605
4	88621	88616
4	88626	88518
4	88665	71987
4	88669	10323
4	88685	49720
4	88691	73843
4	88703	72318
4	88709	88691
4	88715	88691
4	88722	72318
4	88728	88722
4	88747	73887
4	88770	74282
4	88774	87619
4	88826	14315
4	88866	73843
4	88878	88169
4	88882	50432
4	88919	73502
4	88928	76197
4	88932	88900
4	88937	72995
4	88957	86606
4	88977	84632
4	88983	88977
4	88994	84568
4	89001	77435
4	89057	77372
4	89075	77456
4	89077	70841
4	89092	76399
4	89121	74493
4	89126	88866
4	89178	76246
4	89201	70204
4	89207	84776
4	89216	84574
4	89222	19078
4	89226	33411
4	89248	83304
4	89259	83304
4	89263	89259
4	89284	88626
4	89319	79780
4	89337	72787
4	89420	16912
4	89487	88557
4	89492	86432
4	89496	87717
4	89525	74237
4	89528	30755
4	89538	87984
4	89542	89538
4	89578	74135
4	89584	73431
4	89595	89566
4	89601	89566
4	89648	85651
4	89652	31337
4	89736	74443
4	89745	76606
4	89754	76866
4	89764	88906
4	89781	20776
4	89787	87198
4	89802	89797
4	89812	78164
4	89863	52711
4	89875	89867
4	89881	89875
4	89885	89871
4	89889	89881
4	89901	89871
4	89905	89871
4	89908	89889
4	89912	89871
4	89916	89889
4	89924	89859
4	89932	89871
4	89936	71211
4	89940	89881
4	89949	89885
4	89953	89916
4	89965	89885
4	89969	89885
4	89973	89859
4	89981	89905
4	89985	89893
4	89989	89949
4	89997	89981
4	90006	89989
4	90010	90002
4	90014	89969
4	90018	89889
4	90022	90014
4	90030	89961
4	90034	89893
4	90038	89945
4	90042	89949
4	90046	89889
4	90051	90006
4	90055	89945
4	90059	89893
4	90063	89949
4	90071	89871
4	90075	89973
4	90083	90002
4	90087	89881
4	90091	90010
4	90095	89993
4	90099	89885
4	90111	85756
4	90118	52752
4	90135	72300
4	90148	89487
4	90153	71054
4	90159	71026
4	90165	52829
4	90224	52876
4	90228	77792
4	90239	86756
4	90248	85624
4	90253	90248
4	90262	74028
4	90266	87021
4	90277	73986
4	90281	90277
4	90289	90281
4	90293	83304
4	90298	90285
4	90311	73103
4	90316	56789
4	90319	89648
4	90326	88135
4	90332	85034
4	90336	86233
4	90340	87074
4	90343	90340
4	90429	83332
4	90477	78805
4	90493	90135
4	90503	79334
4	90578	84668
4	90584	73103
4	90587	73108
4	90596	87711
4	90605	74328
4	90611	74328
4	90616	90605
4	90645	83510
4	90650	86464
4	90674	85722
4	90682	15106
4	90721	73817
4	90738	76677
4	90749	90742
4	90786	78058
4	90790	34039
4	90795	76476
4	90812	90782
4	90827	76331
4	90841	70256
4	90845	70163
4	90849	90845
4	90853	90841
4	90856	85746
4	90875	72673
4	90901	83369
4	90925	90875
4	90990	71118
4	90994	90990
4	90998	87692
4	91004	90990
4	91009	90994
4	91017	84668
4	91022	91017
4	91027	91022
4	91036	84668
4	91047	85097
4	91053	91017
4	91105	55555
4	91129	91105
4	91134	91129
4	91152	76564
4	91160	55622
4	91165	91160
4	91177	72508
4	91184	90738
4	91192	91184
4	91196	70645
4	91212	14224
4	91221	74949
4	91225	91196
4	91229	91196
4	91234	91229
4	91253	91234
4	91262	91212
4	91277	55747
4	91289	76564
4	91299	54110
4	91302	32958
4	91318	84783
4	91324	86280
4	91349	86539
4	91365	84556
4	91371	84568
4	91376	70648
4	91381	91353
4	91387	77587
4	91404	69189
4	91407	75299
4	91412	74123
4	91418	74682
4	91424	88192
4	91575	72689
4	91586	73264
4	91591	85591
4	91597	51338
4	91610	56793
4	91616	83457
4	91622	56799
4	91626	91622
4	91687	77815
4	91692	86606
4	91696	72612
4	91720	79334
4	91726	73449
4	91743	88225
4	91765	61637
4	91789	86717
4	91795	89248
4	91886	61112
4	91892	86717
4	91932	76331
4	91937	91932
4	91943	87489
4	91947	86924
4	91954	91937
4	91960	70070
4	91999	85922
4	92009	84942
4	92015	14228
4	92021	92015
4	92026	92015
4	92032	92021
4	92041	92015
4	92046	84648
4	92064	90148
4	92069	73897
4	92075	92069
4	92080	90326
4	92133	86924
4	92139	76307
4	92145	84593
4	92151	74910
4	92166	86534
4	92172	70729
4	92177	88900
4	92183	91575
4	92188	61250
4	92193	92183
4	92204	88932
4	92226	88129
4	92232	92222
4	92237	76457
4	92254	84715
4	92278	79439
4	92295	89528
4	92301	92295
4	92307	92295
4	92312	92295
4	92318	78805
4	92339	61793
4	92348	86314
4	92364	71066
4	92369	89736
4	92373	70743
4	92377	70743
4	92380	91396
4	92384	87132
4	92389	72156
4	92396	87148
4	92431	77192
4	92436	84932
4	92447	92431
4	92453	76042
4	92463	70616
4	92476	77249
4	92482	76886
4	92487	76886
4	92492	92487
4	92497	92492
4	92502	92487
4	92507	74096
4	92516	85993
4	92537	79073
4	92578	70348
4	92597	12651
4	92608	73961
4	92621	92617
4	92625	92617
4	92629	92621
4	92633	92625
4	92638	92629
4	92644	92633
4	92649	92644
4	92655	72659
4	92659	73994
4	92668	92663
4	92673	92621
4	92677	92617
4	92681	92633
4	92685	92629
4	92690	92638
4	92695	89259
4	92699	92649
4	92704	92617
4	92714	92621
4	92723	92625
4	92732	92633
4	92737	85968
4	92744	72284
4	92754	87329
4	92760	89750
4	92764	72874
4	92771	72205
4	92776	92771
4	92781	92771
4	92799	55392
4	92809	87750
4	92850	73876
4	92856	85097
4	93079	88169
4	93097	84763
4	93130	93123
4	93148	78877
4	93155	84662
4	93162	78896
4	93168	93148
4	93315	52706
4	93326	84568
4	93333	93326
4	93339	91353
4	93345	93339
4	93358	93339
4	93364	86712
4	93367	73103
4	93370	83323
4	93393	91295
4	93397	72452
4	93401	93397
4	93404	91299
4	93411	93404
4	93414	74192
4	93417	74192
4	93421	10456
4	93427	76715
4	93446	76390
4	93555	79229
4	93566	71294
4	93573	72878
4	93578	71026
4	93764	87761
4	93768	20776
4	93773	70070
4	93778	87455
4	93788	87459
4	93791	74184
4	93794	74096
4	93816	74237
4	93819	74243
4	93822	72258
4	93836	64078
4	93840	77456
4	93881	18158
4	93889	72787
4	93896	93889
4	93901	93889
4	93907	93889
4	93913	93889
4	93919	93889
4	93925	93919
4	93932	93913
4	93938	93925
4	93944	93938
4	93950	93944
4	93956	90401
4	93966	73454
4	93980	93966
4	93988	83304
4	93992	90262
4	94015	89248
4	94041	91692
4	94045	87459
4	94050	72612
4	94055	64348
4	94059	88401
4	94092	87893
4	94096	78677
4	94100	91105
4	94105	91117
4	94123	74413
4	94133	87711
4	94163	87137
4	94168	87286
4	94173	87137
4	94177	78078
4	94183	88741
4	94189	94177
4	94204	94199
4	94221	94217
4	94225	94217
4	94229	64738
4	94280	73821
4	94287	90118
4	94298	78402
4	94303	78402
4	94318	87368
4	94327	85042
4	94334	92015
4	94339	77673
4	94343	79495
4	94348	85756
4	94353	94348
4	94363	94353
4	94410	93315
4	94421	84548
4	94429	91371
4	94436	94429
4	94469	70844
4	94474	94469
4	94479	77942
4	94520	87322
4	94525	94520
4	94544	86503
4	94549	79429
4	94557	94549
4	94565	70661
4	94569	94553
4	94579	22432
4	94583	22390
4	94587	73302
4	94593	85862
4	94598	65827
4	94602	93417
4	94606	74192
4	94612	94606
4	94615	94609
4	94619	91302
4	94624	72978
4	94639	94280
4	94645	55891
4	94649	9693
4	94656	73933
4	94662	73933
4	94671	70749
4	94673	66049
4	94681	88557
4	94714	84574
4	94717	74192
4	94726	94717
4	94730	94717
4	94733	94717
4	94736	94733
4	94739	94717
4	94743	72276
4	94748	74282
4	94752	77352
4	95310	37357
4	95312	84743
4	95339	76331
4	95351	66514
4	95356	51354
4	95360	72149
4	95365	72174
4	95371	95365
4	95375	92396
4	95380	77292
4	95389	87074
4	95420	75040
4	95429	66882
4	95450	86683
4	95465	88169
4	95469	74438
4	95476	88169
4	95480	69189
4	95524	93374
4	95544	86432
4	95628	67465
4	95649	87380
4	95667	62737
4	95704	94163
4	95708	74709
4	95713	71234
4	95722	72767
4	95735	73725
4	95752	95747
4	95769	87450
4	95774	78164
4	95777	95774
4	95781	74517
4	95787	91318
4	95794	88770
4	95798	35049
4	95805	77842
4	95812	93432
4	95818	93440
4	95827	72431
4	95830	91696
4	95841	84682
4	95859	74250
4	95877	73933
4	95883	52030
4	95897	72318
4	95903	95897
4	95910	88192
4	95914	89802
4	95920	79402
4	95925	93364
4	95988	91616
4	95993	95978
4	95997	95978
4	96002	95978
4	96007	95997
4	96011	91622
4	96016	96007
4	96030	96002
4	96087	79098
4	96096	71463
4	96204	78216
4	96216	84608
4	96226	86308
4	96231	71310
4	96235	71316
4	96240	68516
4	96310	93881
4	96337	87732
4	96366	77249
4	96376	86751
4	96415	76877
4	96420	74932
4	96422	87907
4	96424	39669
4	96439	79107
4	96460	79681
4	96485	87036
4	96490	96485
4	96495	96485
4	96501	87036
4	96539	168
4	96862	59362
4	97721	96539
4	97725	97721
4	97727	97725
4	97730	97725
4	97750	418
4	97763	97721
4	97774	97750
4	97789	97750
4	97796	97789
4	97839	97796
4	97854	97750
4	97857	97750
4	97867	97767
4	97880	97721
4	97882	97732
4	97892	97882
4	97895	97892
4	97897	97725
4	97903	97750
4	97912	97903
4	97935	58894
4	97948	97940
4	97952	97948
4	97956	97948
4	97960	97956
4	97964	97940
4	97968	97952
4	97972	97940
4	97977	97956
4	97981	97964
4	97985	97940
4	97990	97956
4	98004	97956
4	98008	97964
4	98012	97940
4	98016	97964
4	98020	97964
4	98230	42070
4	99737	91968
4	99742	59428
4	100958	57553
4	100963	57989
4	100969	57553
4	100978	100963
4	101020	318
4	101030	101020
4	101356	72127
4	101368	24670
4	101379	3664
4	101384	3676
4	101393	101388
4	101397	101388
4	101715	4471
4	101836	85662
4	101990	71012
4	102109	101356
4	102430	12597
4	102443	15322
4	102447	61250
4	102450	90620
4	102496	14228
4	102501	102496
4	102548	34216
4	102713	52380
4	102729	73487
4	102733	102729
4	102822	101990
4	103065	73826
4	103068	103063
4	103142	83304
4	103239	102671
4	103251	13178
4	103255	103251
4	103391	74386
4	103430	102564
4	103501	94163
4	103570	52380
4	103777	64547
4	103837	50852
4	103841	73897
4	103939	103234
4	103984	79274
4	103994	11783
4	104028	104018
4	104046	20962
4	104226	101715
4	104229	4476
4	104562	52116
4	104569	102708
4	104583	78365
4	104633	103234
4	104645	23080
4	104696	70859
4	104699	104694
4	104705	104699
4	104708	23705
4	104713	104699
4	105208	14794
4	105240	61837
4	105245	61793
4	105255	95544
4	105387	27186
4	105396	102453
4	105399	63078
4	105481	27904
4	105490	102698
4	105495	102703
4	105500	105490
4	105510	105495
4	105553	105396
4	105631	101356
4	105637	102713
4	105741	34996
4	105745	102733
4	105750	101723
4	105792	103570
4	105888	104038
4	106000	29677
4	106012	105208
4	106016	104226
4	106026	106019
4	106029	106019
4	106032	8248
4	106196	102430
4	107064	85662
4	107070	4890
4	107074	102564
4	107086	63078
4	107140	102430
4	107154	55555
4	107159	85910
4	107163	85922
4	107296	89057
4	107387	102488
4	107400	102564
4	107546	102808
4	107551	102729
4	107637	73556
4	107642	35194
4	107666	106032
4	107731	105631
4	107779	103430
4	107784	103430
4	107809	103570
4	107815	71054
4	108082	107064
4	108183	102317
4	108407	36938
4	108429	87711
4	108509	86219
4	108697	105631
4	108727	96455
4	108732	105255
4	108811	95735
4	108832	73717
4	108839	107731
4	108878	69240
4	108934	12289
4	108960	12538
4	109049	92161
4	109059	109049
4	109064	105236
4	109067	102733
4	109098	103984
4	109340	17791
4	109439	102109
4	109444	105259
4	109662	52373
4	109665	106032
4	109709	95678
4	109713	12538
4	109717	109709
4	109720	109709
4	110156	103234
4	110183	54008
4	110189	54013
4	110191	110189
4	110197	51338
4	110275	56876
4	110279	107079
4	110471	14611
4	110475	91105
4	110479	107391
4	110483	91277
4	110488	110483
4	110502	91277
4	110585	110574
4	110670	101356
4	110797	88866
4	110949	108505
4	111072	107079
4	111147	55597
4	111154	111147
4	111545	63998
4	111574	64140
4	111663	52866
4	111708	2645
4	111731	108296
4	111907	108960
4	111970	102317
4	111978	105259
4	112020	95678
4	112089	108509
4	112092	67804
4	112096	67808
4	112106	112092
4	112153	102631
4	112227	103939
4	112284	112020
4	112287	109720
4	112314	108878
4	112508	97867
4	112562	97721
4	112622	112508
4	112643	97854
4	112660	110161
4	112703	97763
4	112723	112508
4	112741	112728
4	112953	112562
4	113061	112703
4	113077	112508
4	113094	112723
4	113249	42122
4	113639	58047
4	113946	28113
4	113949	68481
4	113953	9584
4	113957	113953
4	113960	113953
4	113979	113957
4	114036	113946
4	114047	52909
4	114223	114220
4	114240	113946
4	114244	114223
4	114251	55160
4	114258	114255
4	114262	114258
4	114339	18669
4	114342	114339
4	114491	113957
4	114497	114491
4	114500	114494
4	114503	114491
4	114506	114255
4	114600	23903
4	114605	23916
4	114646	114339
4	114699	114680
4	114703	3280
4	114712	114703
4	114719	113946
4	114762	113946
4	114765	113949
4	114828	114825
4	114929	114491
4	114932	114929
4	115102	32979
4	115468	114822
4	115472	114506
4	115564	65361
4	115579	84608
4	115582	114258
4	115766	114265
4	115777	115775
4	115780	115777
4	115782	115777
4	115787	113960
4	115790	115787
4	115793	115787
4	115874	115579
4	115877	114680
4	116015	22824
4	116123	114342
4	116129	114342
4	116189	115570
4	116200	65827
4	116206	116203
4	116209	116203
4	116212	66286
4	116217	116203
4	116220	116209
4	116235	116212
4	116400	114488
4	116552	52760
4	116579	116552
4	116598	72391
4	116602	75884
4	116608	35761
4	116613	9822
4	116617	55736
4	116630	21466
4	116634	87805
4	116638	89855
4	116642	14018
4	116648	116646
4	116653	76677
4	116661	4953
4	116808	116731
4	116855	59116
4	116900	116750
4	116918	116900
4	116958	116900
4	117055	117004
4	117167	117029
4	117237	116797
4	117262	116855
4	117293	117288
4	117343	450
4	117371	116812
4	117388	116918
4	117417	116900
4	117422	117371
4	117430	59149
4	117469	117055
4	117487	117107
4	117569	117559
4	117655	116725
4	117831	117725
4	117836	117481
4	117841	117255
4	117845	117841
4	117897	59058
4	117930	117255
4	117952	117930
4	117972	117831
4	117989	117029
4	118049	57768
4	118060	118001
4	118122	59116
4	118160	118001
4	118164	117025
4	118407	117915
4	118441	117454
4	118454	118160
4	118471	118001
4	118571	117915
4	118575	118018
4	118620	117021
4	118638	117930
4	118667	117977
4	118684	117481
4	118764	118454
4	118809	118243
4	118824	117454
4	118938	118285
4	119009	117725
4	119049	118814
4	119067	117924
4	119071	117725
4	119126	118824
4	119137	116910
4	119142	117897
4	119263	118122
4	119294	119142
4	119305	117989
4	119341	117836
4	119375	119348
4	119458	117989
4	119557	119219
4	119561	119557
4	119578	119145
4	119585	58366
4	119615	117388
4	119702	59306
4	119718	118361
4	119746	116821
4	119835	116821
4	119842	117725
4	119878	119067
4	120010	118575
4	120030	118304
4	120051	116828
4	120153	118764
4	120189	119142
4	120341	118898
4	120444	119126
4	120456	118764
4	120459	118122
4	120465	119294
4	120478	118304
4	120495	118824
4	120499	120495
4	120534	119881
4	120557	117167
4	120582	120557
4	120585	117989
4	120638	118122
4	120742	119585
4	120864	118471
4	120875	120870
4	121015	120929
4	121023	117725
4	121054	119915
4	121072	117107
4	121079	120929
4	121210	121072
4	121250	119049
4	121252	119214
4	121273	119043
4	121317	118018
4	121355	118285
4	121360	121355
4	121366	116900
4	121427	121054
4	121752	116821
4	121778	118304
4	122105	120864
4	122117	119219
4	122129	117836
4	122214	119203
4	122325	121072
4	122395	119702
4	122465	116821
4	122500	117465
4	122512	118243
4	122617	117920
4	122627	121366
4	122696	118122
4	122702	118938
4	122714	120230
4	122739	120345
4	122769	119203
4	122773	121752
4	122840	121494
4	122866	119203
4	122871	122866
4	122899	118122
4	122970	117846
4	123002	119552
4	123019	122105
4	123022	119203
4	123035	117255
4	123041	123035
4	123058	121250
4	123081	118160
4	123116	208
4	123184	120341
4	123191	120585
4	123258	121778
4	123298	118517
4	123310	117725
4	123320	123316
4	123332	118122
4	123399	120864
4	123499	119574
4	123503	123499
4	123514	117298
4	123648	122455
4	123666	119878
4	123684	120189
4	123707	119731
4	123731	121105
4	123749	121875
4	123755	123749
4	123756	120030
4	123800	118809
4	123885	118638
4	123938	122455
4	123960	120478
4	123965	119309
4	124000	120046
4	124007	124000
4	124013	123593
4	124076	117718
4	124305	120691
4	124379	118575
4	124421	119585
4	124673	123938
4	124678	117255
4	124686	124678
4	124698	117676
4	124732	119333
4	124756	124305
4	124758	124309
4	124759	122773
4	124777	120153
4	124823	120538
4	124830	124732
4	124842	120538
4	124952	119578
4	125017	124698
4	125069	120557
4	125108	119137
4	125123	119333
4	125191	121308
4	125230	118528
4	125309	120317
4	125325	122866
4	125331	125325
4	125585	124673
4	125615	124379
4	125650	125095
4	125768	118670
4	125772	123499
4	125775	125772
4	125776	117052
4	125822	124823
4	125830	118824
4	125882	116855
4	125885	119193
4	125946	120538
4	125991	122866
4	125995	125991
4	126007	116918
4	126031	116900
4	126214	118160
4	126224	120568
4	126230	122773
4	126234	125066
4	126334	59185
4	126343	118829
4	126369	124673
4	126375	117725
4	126415	122899
4	126425	117167
4	126439	126434
4	126452	120605
4	126522	119659
4	126533	125639
4	126580	122325
4	126605	123965
4	126613	320
4	126622	120816
4	126678	124305
4	126682	126678
4	126712	125191
4	126734	120605
4	126738	59989
4	126785	125585
4	126899	116731
4	127030	120495
4	127034	127030
4	127160	117107
4	127225	125776
4	127238	124759
4	127248	124187
4	127305	126502
4	127308	127305
4	127327	123514
4	127429	118824
4	127459	119615
4	127475	126442
4	127479	127475
4	127500	117430
4	127511	101031
4	127569	117915
4	127573	125684
4	127576	125587
4	127643	122899
4	127746	99516
4	127750	120465
4	127767	124759
4	127777	120557
4	127840	119585
4	127850	126994
4	127870	123035
4	127873	127870
4	127892	116821
4	127912	127908
4	127930	121245
4	127970	127429
4	127999	60491
4	128004	121308
4	128027	118122
4	128137	122402
4	128338	127238
4	128374	117029
4	128487	127475
4	128490	128487
4	128502	117288
4	128505	128502
4	128506	122325
4	128510	128374
4	128598	118997
4	128632	123684
4	128719	123839
4	128722	120230
4	128803	119878
4	128840	118575
4	128859	122773
4	128865	122899
4	128896	123749
4	128922	119333
4	129141	118575
4	129151	129141
4	129152	125986
4	129207	126418
4	129219	125684
4	129230	119557
4	129235	129230
4	129236	119615
4	129266	118684
4	129270	126214
4	129335	123885
4	129343	129257
4	129370	118304
4	129381	125684
4	129394	118304
4	129444	121047
4	129448	125946
4	129467	118122
4	129487	122022
4	129502	122725
4	129551	117836
4	129600	119737
4	129703	121072
4	129712	127573
4	129715	122853
4	129765	123666
4	129859	122325
4	129889	128626
4	129910	116797
4	129922	125905
4	129981	117989
4	130006	122970
4	130043	120166
4	130278	122853
4	130297	117417
4	130314	129715
4	130319	125587
4	130374	122214
4	130413	127160
4	130531	120104
4	130634	123828
4	130693	119702
4	130700	128855
4	130742	126141
4	130854	121486
4	130870	130867
4	130993	123310
4	131008	118100
4	131138	123116
4	131157	126234
4	131198	124016
4	131222	119145
4	131277	117052
4	131279	120538
4	131327	57959
4	131344	125066
4	131370	126731
4	131398	117454
4	131401	127908
4	131404	131401
4	131423	131198
4	131433	127777
4	131443	117454
4	131527	131331
4	131541	123191
4	131670	119126
4	131734	129612
4	131744	126415
4	131754	123648
4	131760	126204
4	131770	125066
4	131786	119499
4	131802	120816
4	131806	131802
4	131903	117930
4	132033	130867
4	132037	132033
4	132071	119203
4	132152	130403
4	132169	120418
4	132213	124969
4	132250	126036
4	132274	119137
4	132281	131344
4	132436	120742
4	132495	120317
4	132520	119309
4	132685	124969
4	132767	119333
4	132989	123731
4	133009	121072
4	133013	131222
4	133089	129715
4	133113	124732
4	133238	126131
4	133311	119043
4	133353	124698
4	133416	133414
4	133478	126600
4	133509	129600
4	133524	122821
4	133623	130319
4	133645	123817
4	133692	132520
4	133736	123399
4	133803	125898
4	133839	120585
4	133898	119915
4	133982	122217
4	133988	133986
4	134017	57627
4	134130	123938
4	134253	126031
4	134260	120864
4	134467	117924
4	134488	122773
4	134566	124732
4	134569	118304
4	134663	127219
4	134667	134663
4	134680	119458
4	134711	129715
4	134836	128540
4	134883	133134
4	134896	122065
4	134911	121015
4	134916	134911
4	135008	117930
4	135021	131344
4	135045	125181
4	135198	129444
4	135263	120051
4	135355	133414
4	135362	135355
4	135433	132495
4	135541	128506
4	135552	122773
4	135555	119585
4	135620	119585
4	135661	117836
4	135726	129057
4	135768	126678
4	135772	135768
4	135773	121427
4	135794	117107
4	135823	130644
4	135847	127238
4	135919	129502
4	135987	133665
4	136001	135263
4	136004	128374
4	136014	129394
4	136050	121317
4	136070	124830
4	136101	59958
4	136149	116995
4	136196	118829
4	136208	125376
4	136212	118824
4	136226	123687
4	136230	120051
4	136232	125991
4	136235	136232
4	136278	133654
4	136322	136134
4	136361	136223
4	136409	130700
4	136411	131527
4	136470	123310
4	136498	119049
4	136537	129448
4	136676	117725
4	136857	132003
4	136862	117107
4	136997	130700
4	137024	117107
4	137081	118351
4	137087	127506
4	137136	135620
4	137178	128384
4	137181	125130
4	137250	125822
4	137335	135552
4	137372	124830
4	137431	130655
4	137510	123116
4	137598	132831
4	137644	128722
4	137706	131331
4	137745	125585
4	137751	318
4	137769	126613
4	137778	125885
4	137825	134783
4	137840	122696
4	137954	137178
4	138027	134888
4	138159	136744
4	138218	135552
4	138241	129219
4	138295	120568
4	138356	136698
4	138375	131222
4	138389	124722
4	138411	116821
4	138418	131433
4	138461	124000
4	138466	138461
4	138467	121072
4	138474	137598
4	138523	136537
4	138553	134576
4	138587	124759
4	138599	125042
4	138605	137751
4	138686	121489
4	138797	122691
4	138839	121250
4	139037	136223
4	139066	121072
4	139080	129257
4	139126	124013
4	139182	137335
4	139184	125123
4	139230	138218
4	139249	118824
4	139274	135021
4	139329	128896
4	139335	121308
4	139341	131378
4	139346	131462
4	139359	117559
4	139382	138306
4	139458	117874
4	139473	129073
4	139485	127030
4	139488	139485
4	139489	121317
4	139559	123258
4	139705	139104
4	139744	139653
4	139797	131279
4	139814	121875
4	139890	130531
4	139917	137970
4	139965	134888
4	139998	120732
4	140137	136411
4	140201	120317
4	140203	121250
4	140222	122512
4	140386	129152
4	140423	135049
4	140429	140423
4	140430	135794
4	140433	137136
4	140451	120732
4	140478	134888
4	140518	133589
4	140642	130668
4	140817	136862
4	140826	116955
4	140846	137502
4	140871	118968
4	140879	118122
4	140956	120769
4	141038	137178
4	141044	122455
4	141061	126434
4	141067	141061
4	141120	118829
4	141141	140137
4	141158	117255
4	141162	141158
4	141263	118990
4	141359	140504
4	141368	119219
4	141377	141368
4	141378	129765
4	141408	120444
4	141438	119137
4	141564	123731
4	141895	133623
4	141929	137502
4	141952	134888
4	141967	130531
4	142008	136532
4	142043	120418
4	142086	137265
4	142158	125066
4	142182	137431
4	142207	118575
4	142337	122853
4	142395	131277
4	142398	132213
4	142483	141120
4	142499	141225
4	142552	131398
4	142560	125946
4	142563	119049
4	142606	138579
4	142622	125376
4	142643	132436
4	142712	134994
4	142730	117288
4	142736	142730
4	142833	140137
4	142946	141061
4	142953	273
4	143072	118938
4	143090	136223
4	143137	122840
4	143145	117701
4	143185	131279
4	143187	130551
4	143229	125376
4	143436	136765
4	143562	141378
4	143601	134911
4	143656	109688
4	143777	97796
4	143781	143777
4	143784	143777
4	143857	143781
4	143926	143777
4	143929	112508
4	144004	143926
4	144050	143777
4	144070	143866
4	144083	144004
4	144118	143777
4	144121	144118
4	144165	143777
4	144194	123116
4	144210	37886
4	144211	144210
4	144212	144211
4	144215	144211
4	144216	144213
4	144217	144216
4	144218	144213
4	144219	144215
4	144220	144219
4	144221	144213
4	144222	144211
4	144224	144222
4	144227	144217
4	144228	144222
4	144229	144213
4	144230	144212
4	144231	144213
4	144232	144230
4	144234	144224
4	144235	144221
4	144236	144212
4	144237	144214
4	144238	144216
4	144239	144211
4	144240	144237
4	144241	144222
4	146746	133524
4	146755	146746
4	146783	129381
4	146820	146783
4	146827	130890
4	146921	141248
4	146923	141248
4	147006	146843
4	147009	146843
4	147029	116941
4	147051	135455
4	147071	130890
4	147078	132169
4	147086	128374
4	147090	136543
4	147123	146823
4	147178	126025
4	147192	146755
4	147195	128622
4	147246	147006
4	147250	125684
4	147273	125684
4	147276	147178
4	147602	147597
4	147607	3292
4	147611	3287
4	147615	147607
4	147621	147611
4	147640	30752
4	147681	147597
4	147686	147681
4	147752	4128
4	147758	147681
4	148194	25311
4	148388	4268
4	148486	9209
4	148629	94318
4	148675	5241
4	148679	8115
4	148954	147758
4	149434	148554
4	149492	148675
4	149498	147681
4	149503	37049
4	149507	149503
4	149638	7019
4	149642	7024
4	149853	20398
4	149861	9139
4	149982	72197
4	149992	4022
4	150033	147640
4	150119	147681
4	150256	114488
4	150312	14566
4	150440	10264
4	150445	21134
4	150452	150445
4	150498	149921
4	150507	116400
4	150513	149921
4	150705	21118
4	150825	147597
4	151155	78775
4	151159	87657
4	151165	73656
4	151171	151165
4	151175	73656
4	151179	11506
4	151184	73656
4	151188	151175
4	151340	102247
4	151802	13174
4	151806	151802
4	151811	151806
4	151815	13174
4	151818	147681
4	151828	13190
4	152083	20962
4	152302	148558
4	152312	149642
4	152317	18158
4	152323	152317
4	152487	149525
4	152538	149507
4	152541	149507
4	152876	15328
4	152879	15387
4	152882	152879
4	152885	152882
4	152888	152885
4	152917	75208
4	153012	75344
4	153028	149921
4	153041	15387
4	153047	153044
4	153050	153044
4	153053	153050
4	153056	153053
4	153059	153056
4	153062	153044
4	153065	153053
4	153067	153053
4	153084	152089
4	153216	153028
4	153274	151422
4	153616	153216
4	153649	152302
4	153744	55106
4	153785	152898
4	153832	16660
4	154027	16159
4	154410	149921
4	154644	13074
4	154883	147597
4	154887	154883
4	154890	147621
4	154894	154890
4	154899	154883
4	154907	154890
4	154910	150705
4	155344	92046
4	155885	114265
4	156182	155626
4	156417	153028
4	156526	147597
4	156561	155644
4	156710	21440
4	156714	156710
4	156795	154410
4	157370	155626
4	157468	72127
4	157754	153028
4	157784	155922
4	157845	148826
4	157849	155885
4	158014	147681
4	158017	147607
4	158020	154899
4	158024	158020
4	158031	158024
4	158035	158024
4	158047	154894
4	158136	24416
4	158162	95380
4	158830	78407
4	158912	151818
4	159240	108140
4	159662	83434
4	159666	159662
4	159669	150452
4	159679	13190
4	159719	72138
4	159722	78402
4	160062	154910
4	160301	149638
4	160363	153028
4	160422	148537
4	160564	148629
4	160568	151155
4	160572	154410
4	160825	147686
4	161090	94163
4	161152	13803
4	161303	149642
4	161318	116657
4	161327	35568
4	163964	157164
4	163975	154027
4	164025	155118
4	164073	151165
4	164600	154232
4	164700	31494
4	164814	110197
4	164829	34652
4	164920	114265
4	165017	151165
4	165022	151175
4	165031	165017
4	165091	148388
4	165095	71060
4	165514	65598
4	165598	147681
4	165620	23346
4	165844	154027
4	166006	154101
4	166160	150498
4	166427	161318
4	166458	95389
4	167480	74250
4	167497	86432
4	167503	163964
4	167701	157243
4	167725	148675
4	168032	168024
4	168036	168032
4	168039	147686
4	168043	168036
4	168055	168051
4	168059	168032
4	168070	168059
4	168385	166453
4	168390	154382
4	168518	155922
4	168707	160062
4	168763	166692
4	168795	86751
4	169089	168763
4	169148	159679
4	169525	157845
4	169791	160452
4	169807	166688
4	170035	148194
4	170146	158912
4	170150	151818
4	170299	148826
4	170301	10323
4	170486	152487
4	170490	89736
4	170499	52380
4	170607	167701
4	170799	90135
4	170975	165017
4	170979	151171
4	170984	170979
4	170989	170984
4	170994	165031
4	170997	151175
4	171006	151175
4	171014	171006
4	171018	155922
4	171175	95413
4	171182	2801
4	171234	147681
4	171237	168039
4	171264	149434
4	171577	164588
4	171614	157845
4	171701	70768
4	171711	167701
4	171772	54562
4	171838	169937
4	171876	147681
4	172458	159838
4	172641	115766
4	172645	158043
4	172657	172645
4	173367	169807
4	173455	171940
4	174565	116661
4	174566	174565
4	174966	159679
4	174986	149482
4	175353	57608
4	175364	59021
4	175373	59343
4	175378	59435
4	175382	57577
4	175404	59300
4	175410	58261
4	175429	59563
4	175461	59204
4	175466	58809
4	175491	60413
4	175506	175415
4	175512	57776
4	175517	58191
4	175549	60204
4	175554	59701
4	175558	175526
4	175619	60098
4	175625	60469
4	175629	175569
4	175638	59411
4	175666	175549
4	175698	59133
4	175703	57721
4	175729	58614
4	175749	175444
4	175761	60053
4	175774	175565
4	175776	60231
4	175783	58662
4	175801	60350
4	175823	57519
4	175832	175685
4	175836	58435
4	175844	175629
4	175853	175473
4	175860	59680
4	175927	59241
4	175943	175415
4	175950	175729
4	175958	175473
4	175966	175950
4	175997	175448
4	176037	59948
4	176042	59937
4	176052	175860
4	176071	175774
4	176077	175745
4	176081	175554
4	176137	159240
4	176187	165095
4	176636	150825
4	176755	161322
4	177089	154410
4	177121	157784
4	177735	168518
4	177914	149638
4	178047	74237
4	178197	151188
4	178205	151171
4	178218	164814
4	178317	152317
4	178399	153274
4	178584	154410
4	178752	160825
4	178863	168166
4	178952	166453
4	179054	171175
4	179136	171666
4	179391	150119
4	179395	149642
4	179398	151818
4	179536	159679
4	179633	66504
4	179645	179633
4	179649	88957
4	179656	170289
4	180138	173455
4	180620	112092
4	180680	166006
4	180694	154027
4	180725	171876
4	180731	180728
4	180874	170065
4	180981	149642
4	181239	107400
4	181266	170607
4	181270	174981
4	181277	30849
4	181349	167565
4	181418	69869
4	181491	35761
4	181569	44
4	181573	63
4	181583	114
4	181604	211
4	181611	258
4	181616	283
4	181617	285
4	181624	318
4	181625	320
4	181627	325
4	181654	400
4	181659	416
4	181660	418
4	181668	450
4	181722	713
4	181733	727
4	181782	975
4	181786	996
4	182648	2405
4	182704	12836
4	182709	2660
4	182710	2668
4	182711	2675
4	182712	2680
4	182713	2686
4	182714	2694
4	182715	2697
4	182730	2793
4	182732	2801
4	182739	2847
4	182752	2926
4	182754	2936
4	182755	2940
4	182756	2944
4	182757	2948
4	182758	2953
4	182759	2957
4	182780	3133
4	182783	3151
4	182789	3187
4	182790	30397
4	182791	3195
4	182793	3202
4	182802	3229
4	182805	3238
4	182806	3241
4	182810	3259
4	182811	3268
4	182812	3274
4	182813	3280
4	182814	3283
4	182815	3287
4	182816	3292
4	182955	3584
4	182966	3659
4	182967	3664
4	182969	3676
4	182976	3732
4	182992	3856
4	183009	3935
4	183033	4014
4	183043	4052
4	183086	4128
4	183117	4290
4	183118	4296
4	183120	4306
4	183121	4314
4	183122	4320
4	183123	4328
4	183125	4338
4	183127	4349
4	183156	4408
4	183167	4476
4	183170	4491
4	183191	4640
4	183249	4866
4	183251	4878
4	183253	4890
4	183254	4894
4	183270	4953
4	183285	5079
4	183286	5086
4	183287	5091
4	183289	5105
4	183290	5110
4	183305	5241
4	183320	5293
4	183328	5322
4	183365	5458
4	183373	5509
4	183384	5600
4	183392	5653
4	183394	5661
4	183395	5665
4	183399	5701
4	183400	5706
4	183410	5780
4	183474	6036
4	183475	6042
4	183506	6278
4	183507	6284
4	183510	6296
4	183511	6299
4	183540	6470
4	183546	6510
4	183548	6518
4	183550	6527
4	183551	6531
4	183552	6535
4	183574	6703
4	183575	6710
4	183577	6719
4	183578	183576
4	183580	6733
4	183583	6742
4	183584	6747
4	183586	6755
4	183587	6760
4	183626	7019
4	183627	7024
4	183628	7034
4	183836	8035
4	183837	8038
4	183838	8040
4	183841	8047
4	183842	8049
4	183843	8051
4	183844	8053
4	183851	8096
4	183852	8104
4	183869	8241
4	183870	8241
4	183883	8328
4	183885	8343
4	183892	8375
4	183896	8400
4	183900	8422
4	183933	8601
4	183938	8628
4	183942	8646
4	183950	8685
4	183977	8824
4	183988	8886
4	183999	8953
4	184000	8961
4	184001	8967
4	184003	8982
4	184004	8988
4	184009	9081
4	184014	9044
4	184015	9050
4	184016	9057
4	184021	9081
4	184026	9104
4	184032	9133
4	184033	9139
4	184034	9143
4	184052	9209
4	184071	9349
4	184073	9360
4	184074	9365
4	184075	9370
4	184076	9375
4	184077	9380
4	184078	9385
4	184079	9390
4	184081	9401
4	184082	9406
4	184083	9412
4	184084	9417
4	184086	9427
4	184087	9432
4	184088	9437
4	184110	9570
4	184111	9573
4	184112	9577
4	184113	9581
4	184114	9584
4	184128	9648
4	184130	9656
4	184137	9693
4	184163	9840
4	184164	9846
4	184172	9901
4	184195	10062
4	184196	10069
4	184197	10077
4	184198	10083
4	184199	10089
4	184208	10151
4	184225	10264
4	184226	10272
4	184227	10278
4	184229	10292
4	184230	10299
4	184233	10312
4	184234	10317
4	184236	10323
4	184237	10329
4	184238	10334
4	184239	10338
4	184242	10350
4	184243	10354
4	184244	10358
4	184253	10404
4	184254	10407
4	184261	18215
4	184262	10445
4	184266	10460
4	184269	10475
4	184270	10478
4	184271	10482
4	184273	10490
4	184309	10705
4	184316	10739
4	184320	10766
4	184323	10774
4	184357	10924
4	184358	10929
4	184359	10934
4	184363	10956
4	184364	10962
4	184365	10968
4	184367	10979
4	184369	10985
4	184370	10989
4	184371	10992
4	184372	10995
4	184373	10997
4	184381	11017
4	184382	11021
4	184383	11026
4	184384	11029
4	184386	11042
4	184388	11055
4	184389	11060
4	184390	11065
4	184391	11070
4	184392	11076
4	184393	11081
4	184395	11094
4	184396	11101
4	184397	11106
4	184398	11110
4	184399	11114
4	184400	11118
4	184403	11129
4	184404	11133
4	184407	11145
4	184408	11149
4	184418	11219
4	184420	11229
4	184451	11445
4	184458	11500
4	184459	11506
4	184460	11512
4	184461	11517
4	184464	11529
4	184470	11558
4	184471	11562
4	184472	11566
4	184473	11570
4	184474	11576
4	184477	11589
4	184478	11593
4	184496	11704
4	184503	11758
4	184504	11766
4	184505	11772
4	184507	11783
4	184510	11796
4	184511	11799
4	184519	11832
4	184581	12106
4	184583	12121
4	184585	12131
4	184586	12134
4	184587	12139
4	184588	12144
4	184589	12147
4	184590	12153
4	184591	12156
4	184592	12159
4	184609	12295
4	184624	12361
4	184649	12544
4	184654	12581
4	184655	12586
4	184657	12597
4	184658	12602
4	184659	12607
4	184660	12611
4	184661	12615
4	184664	12629
4	184665	12633
4	184666	12637
4	184667	12643
4	184670	12656
4	184671	12660
4	184675	12688
4	184676	12692
4	184708	12828
4	184709	12833
4	184710	12836
4	184724	12922
4	184735	12971
4	184749	13062
4	184752	13074
4	184768	13178
4	184771	13190
4	184772	13198
4	184780	13239
4	184781	13246
4	184806	13407
4	184807	13412
4	184808	13415
4	184814	13448
4	184844	13518
4	184845	13523
4	184846	13528
4	184847	13533
4	184848	13538
4	184849	13543
4	184850	13547
4	184851	13551
4	184860	13610
4	184883	13734
4	184886	13742
4	184887	13745
4	184889	13751
4	184895	13767
4	184897	13773
4	184908	13806
4	184936	14001
4	184937	14004
4	184938	14007
4	184939	14012
4	184940	14018
4	184946	14056
4	184948	14070
4	184965	14202
4	184967	14211
4	184968	14218
4	184969	14224
4	184971	14234
4	184972	14241
4	184973	14245
4	184983	14315
4	184984	14321
4	184986	14331
4	184987	14336
4	184988	14342
4	184989	14351
4	184990	14358
4	184993	14378
4	184994	14382
4	185028	14572
4	185032	14591
4	185036	14608
4	185054	14688
4	185055	14694
4	185056	14698
4	185058	14708
4	185060	14720
4	185061	14724
4	185062	14728
4	185064	14737
4	185065	14741
4	185074	14794
4	185118	15062
4	185120	15077
4	185123	15090
4	185124	15094
4	185125	15098
4	185126	15102
4	185127	15106
4	185128	15111
4	185129	15115
4	185130	15119
4	185132	15127
4	185133	15131
4	185134	15135
4	185136	15143
4	185137	15147
4	185138	15151
4	185139	15156
4	185178	15322
4	185180	15333
4	185190	15387
4	185232	15588
4	185233	15592
4	185234	15596
4	185237	15613
4	185240	15632
4	185263	15782
4	185326	16144
4	185328	16159
4	185334	16199
4	185339	16232
4	185384	16437
4	185395	16519
4	185403	16544
4	185405	16554
4	185406	16556
4	185424	16660
4	185428	16683
4	185429	16686
4	185430	16689
4	185431	16692
4	185433	16702
4	185434	16713
4	185443	16780
4	185453	16836
4	185456	185453
4	185457	16846
4	185464	16883
4	185469	16917
4	185482	17012
4	185491	17062
4	185504	17143
4	185506	17152
4	185507	17157
4	185508	17161
4	185509	17165
4	185510	17170
4	185512	17181
4	185513	17185
4	185533	17333
4	185535	17343
4	185536	17348
4	185537	17352
4	185538	17356
4	185539	17360
4	185540	17364
4	185544	17378
4	185564	17457
4	185565	17460
4	185566	17463
4	185578	17540
4	185606	17728
4	185609	17757
4	185611	17752
4	185613	17760
4	185614	17767
4	185615	17771
4	185616	17776
4	185617	17782
4	185620	17795
4	185630	17858
4	185665	18061
4	185666	18065
4	185684	18158
4	185685	18165
4	185691	18194
4	185701	18234
4	185702	18238
4	185704	18244
4	185705	18248
4	185708	18263
4	185709	18267
4	185712	18286
4	185713	18292
4	185714	18296
4	185717	18308
4	185719	18316
4	185720	18320
4	185721	18324
4	185722	18328
4	185724	18338
4	185725	18342
4	185726	18346
4	185727	18350
4	185729	18361
4	185730	18367
4	185731	18372
4	185732	18377
4	185733	18384
4	185734	18391
4	185735	18396
4	185736	18401
4	185737	18407
4	185738	18412
4	185739	18417
4	185740	18422
4	185741	18427
4	185745	18446
4	185755	18534
4	185771	18582
4	185773	18593
4	185784	18669
4	185801	18783
4	185802	18789
4	185803	18797
4	185817	18887
4	185818	18891
4	185819	18895
4	185856	19078
4	185861	19105
4	185862	19110
4	185863	19114
4	185889	19294
4	185900	19349
4	185901	19353
4	185902	19359
4	185903	19363
4	185906	19382
4	185909	19397
4	185910	19401
4	185911	19405
4	185912	19408
4	185941	19633
4	185943	19642
4	185945	19650
4	185946	19654
4	185948	19662
4	185949	19666
4	185952	19679
4	185953	19683
4	185977	19821
4	185978	19827
4	185987	19871
4	186091	20494
4	186092	20498
4	186093	20502
4	186094	20506
4	186099	20533
4	186100	20537
4	186102	20544
4	186103	20551
4	186107	20576
4	186126	20715
4	186147	20842
4	186148	20848
4	186149	20853
4	186152	20867
4	186153	20871
4	186155	20881
4	186156	20885
4	186157	20889
4	186158	20894
4	186159	20898
4	186160	20903
4	186161	186151
4	186162	20911
4	186164	20922
4	186165	20926
4	186168	20938
4	186170	20947
4	186171	186167
4	186172	20957
4	186173	20962
4	186192	21087
4	186193	21094
4	186199	21118
4	186201	21127
4	186202	21134
4	186205	21149
4	186206	21153
4	186207	21158
4	186233	21320
4	186237	21341
4	186238	21345
4	186239	21349
4	186240	21353
4	186249	185575
4	186259	21457
4	186260	21462
4	186277	21576
4	186278	21579
4	186280	21585
4	186281	21588
4	186282	21591
4	186284	21597
4	186286	21603
4	186287	21606
4	186307	21730
4	186308	21734
4	186309	21740
4	186310	21744
4	186311	21749
4	186312	21753
4	186313	21757
4	186314	21763
4	186316	21772
4	186318	21781
4	186319	21785
4	186320	21789
4	186342	21932
4	186343	21937
4	186344	21943
4	186345	21947
4	186346	21951
4	186347	21956
4	186350	21966
4	186374	22137
4	186377	22159
4	186423	22356
4	186424	22360
4	186429	22381
4	186430	22386
4	186431	22390
4	186436	22411
4	186437	22415
4	186440	22428
4	186443	22440
4	186444	22444
4	186445	22448
4	186446	22452
4	186447	22457
4	186449	22466
4	186451	22474
4	186509	22680
4	186510	22686
4	186511	22691
4	186512	22696
4	186528	22811
4	186529	22819
4	186530	22824
4	186546	22903
4	186547	22908
4	186554	185948
4	186555	22959
4	186556	22963
4	186557	22967
4	186558	22972
4	186559	22977
4	186561	22987
4	186562	22991
4	186563	22996
4	186565	23004
4	186567	23012
4	186568	23016
4	186569	23020
4	186570	23027
4	186576	23061
4	186579	23080
4	186580	23087
4	186584	23107
4	186602	23245
4	186603	23253
4	186604	23263
4	186626	23381
4	186628	23394
4	186629	23399
4	186634	23424
4	186642	23489
4	186643	23496
4	186660	23616
4	186673	23697
4	186674	23701
4	186677	23713
4	186679	23720
4	186681	23728
4	186682	23731
4	186683	23735
4	186684	23739
4	186702	23856
4	186709	23903
4	186710	23908
4	186711	23913
4	186712	23916
4	186714	23924
4	186715	23928
4	186716	23934
4	186717	23939
4	186718	23943
4	186719	23947
4	186721	23955
4	186739	24107
4	186740	24115
4	186742	186741
4	186744	24134
4	186801	24421
4	186853	24498
4	186855	24509
4	186856	24515
4	186857	24521
4	186858	24524
4	186859	24528
4	186860	24532
4	186861	24536
4	186895	24670
4	186896	24675
4	186898	186897
4	186899	24691
4	186900	24696
4	186901	24703
4	186902	24709
4	186903	24714
4	186926	24836
4	186948	24969
4	186949	24975
4	186952	24986
4	186954	24995
4	186987	25185
4	186988	25192
4	186991	25207
4	186992	25209
4	186993	25213
4	187012	25294
4	187014	25311
4	187017	25326
4	187018	25329
4	187019	25333
4	187029	25408
4	187030	25413
4	187031	25416
4	187035	25429
4	187036	25433
4	187037	25436
4	187038	25438
4	187041	25446
4	187042	25449
4	187043	25452
4	187056	25538
4	187057	25547
4	187059	25559
4	187081	25683
4	187090	25736
4	187105	25838
4	187106	25844
4	187107	25850
4	187108	25857
4	187110	25867
4	187111	25872
4	187553	27311
4	187561	27352
4	187574	27418
4	187575	27426
4	187586	187585
4	187588	27507
4	187590	27514
4	187634	27793
4	187649	27901
4	187650	27904
4	187652	27913
4	187653	27918
4	187654	27923
4	187655	27929
4	187660	27962
4	187661	27967
4	187671	27989
4	187675	28009
4	187685	28041
4	187686	28045
4	187698	28113
4	187705	28154
4	187734	28356
4	187739	28385
4	187740	182967
4	187762	28456
4	187781	28589
4	187815	28681
4	187816	28686
4	187817	28690
4	187819	28701
4	187821	28710
4	187822	28715
4	187823	28720
4	187824	28725
4	187826	28735
4	187828	28744
4	187829	28749
4	187830	28754
4	187831	28757
4	187832	28761
4	187833	28764
4	187834	28768
4	187835	28773
4	187836	28777
4	187839	28792
4	187840	28797
4	187842	28807
4	187846	28824
4	187852	28867
4	187861	28911
4	187863	28920
4	187864	28924
4	187879	28992
4	187881	28998
4	187883	29004
4	187919	29183
4	187955	29408
4	187968	29477
4	187991	29623
4	187992	29632
4	187994	29646
4	187999	29677
4	188001	29686
4	188002	29689
4	188003	29694
4	188004	29698
4	188007	29707
4	188008	29710
4	188009	29713
4	188010	29716
4	188011	29719
4	188014	29728
4	188015	29731
4	188016	29734
4	188025	29754
4	188042	29826
4	188043	29830
4	188044	29834
4	188046	29842
4	188048	29852
4	188049	29856
4	188051	29868
4	188055	29888
4	188056	29894
4	188063	29945
4	188066	29955
4	188071	29966
4	188075	29975
4	188076	29980
4	188077	29984
4	188078	29988
4	188079	29992
4	188114	30210
4	188115	30217
4	188117	30228
4	188118	30234
4	188119	30239
4	188120	30245
4	188121	30252
4	188122	30257
4	188123	30262
4	188124	30268
4	188125	30273
4	188126	30278
4	188127	30283
4	188128	30290
4	188129	30295
4	188130	30299
4	188132	30307
4	188134	30315
4	188135	30321
4	188136	30330
4	188137	30334
4	188138	30338
4	188139	30346
4	188147	30388
4	188149	30394
4	188152	30402
4	188153	30406
4	188154	30418
4	188156	30418
4	188167	30496
4	188191	30589
4	188210	30698
4	188222	30752
4	188223	30755
4	188228	30789
4	188237	30834
4	188238	30839
4	188252	30901
4	188264	30946
4	188267	30960
4	188268	30965
4	188304	31042
4	188323	31144
4	188324	31149
4	188388	31333
4	188389	31337
4	188390	31340
4	188391	31343
4	188392	31346
4	188424	31467
4	188429	31494
4	188432	31504
4	188434	31515
4	188515	31613
4	188517	31628
4	188534	31697
4	188537	31717
4	188538	31720
4	188542	31731
4	188634	31998
4	188652	32121
4	188664	32167
4	188669	185691
4	188695	185711
4	188723	32533
4	188726	32549
4	188734	32591
4	188735	32595
4	188736	32599
4	188741	32620
4	188753	32701
4	188769	32770
4	188790	32926
4	188797	32963
4	188807	33021
4	188864	33282
4	188865	33287
4	188866	33292
4	188867	33298
4	188869	33310
4	188870	33315
4	188871	33320
4	188872	33325
4	188873	33330
4	188874	33335
4	188875	33340
4	188878	33355
4	188879	33360
4	188880	33365
4	188881	33371
4	188882	33376
4	188884	33386
4	188885	33391
4	188887	33401
4	188889	33411
4	188890	33416
4	188891	33421
4	188892	33426
4	188893	33431
4	188894	33436
4	188897	33452
4	188898	33457
4	188901	33472
4	188902	33477
4	188904	33487
4	188906	33497
4	188907	33502
4	188911	33522
4	188913	33532
4	188914	33537
4	188917	33551
4	188938	33708
4	188939	33714
4	188950	33783
4	188977	33950
4	188987	34013
4	188989	34025
4	188990	34030
4	188991	34034
4	188993	34043
4	188994	34047
4	188996	34055
4	188997	34059
4	189032	34263
4	189034	34276
4	189035	34282
4	189037	34296
4	189038	34299
4	189039	34308
4	189065	34479
4	189082	34591
4	189083	34595
4	189094	34675
4	189095	34682
4	189097	34692
4	189098	34697
4	189099	34703
4	189106	34726
4	189111	34743
4	189112	34747
4	189151	34987
4	189152	34992
4	189153	34996
4	189154	35001
4	189155	35006
4	189157	35014
4	189159	35023
4	189163	35049
4	189181	35160
4	189182	35167
4	189183	35174
4	189210	35285
4	189235	35411
4	189245	35480
4	189247	35490
4	189249	35502
4	189259	35540
4	189262	185745
4	189264	35568
4	189283	35683
4	189285	35691
4	189286	35695
4	189287	35700
4	189288	35704
4	189289	35708
4	189292	35720
4	189293	35724
4	189300	35761
4	189312	35807
4	189314	35817
4	189365	36127
4	189366	36130
4	189399	36294
4	189400	36299
4	189402	36309
4	189407	36328
4	189408	36332
4	189410	36340
4	189417	36388
4	189418	36393
4	189424	36427
4	189438	36525
4	189439	36532
4	189462	36685
4	189463	36688
4	189476	36766
4	189477	36775
4	189478	36781
4	189486	36830
4	189507	36938
4	189516	37009
4	189517	37014
4	189520	37026
4	189532	37045
4	189533	37049
4	189535	37059
4	189538	37075
4	189539	37082
4	189540	37089
4	189541	37096
4	189542	37102
4	189567	37281
4	189579	37357
4	189580	37360
4	189581	37364
4	189610	37443
4	189619	37503
4	189622	37519
4	189627	37541
4	189628	37546
4	189634	37584
4	189663	37713
4	189664	37717
4	189665	37722
4	189666	37727
4	189667	37731
4	189692	37897
4	189693	37904
4	189695	37915
4	189736	38169
4	189737	38173
4	189761	38324
4	189762	38330
4	189776	38397
4	189777	38401
4	189779	38412
4	189782	38431
4	189786	38454
4	189790	38466
4	189792	38474
4	189793	38479
4	189795	38485
4	189797	38494
4	189798	38498
4	189799	38503
4	189800	38508
4	189804	38527
4	189806	38536
4	189808	38547
4	189839	38756
4	189843	38788
4	189845	38795
4	189853	38845
4	189860	38893
4	189874	38968
4	189898	38979
4	189907	39045
4	189909	39056
4	189931	39150
4	189936	39172
4	189939	39185
4	189951	39222
4	189952	39226
4	189960	39261
4	189962	39269
4	189963	39273
4	189965	39280
4	189968	39293
4	189971	39304
4	189988	39361
4	189989	39369
4	189990	39375
4	190001	39456
4	190029	39553
4	190030	39556
4	190031	39559
4	190032	39562
4	190033	39566
4	190051	39656
4	190053	39663
4	190054	39665
4	190055	190054
4	190056	39669
4	190095	39775
4	190096	39783
4	190098	39794
4	190099	39797
4	190109	183410
4	190110	39865
4	190111	39870
4	190112	39875
4	190117	39904
4	190120	39918
4	190121	39921
4	190123	39927
4	190139	39981
4	190170	40164
4	190171	40169
4	190184	40229
4	190185	40232
4	190186	40235
4	190203	40341
4	190673	42122
4	190674	42123
4	190747	42289
4	192947	192857
4	192949	190747
4	193449	49678
4	193450	49683
4	193451	49689
4	193457	49726
4	193475	49767
4	193476	49774
4	193477	49780
4	193510	50007
4	193582	50334
4	193589	50373
4	193595	50404
4	193596	50409
4	193597	50413
4	193598	50418
4	193600	50423
4	193601	50427
4	193602	50432
4	193603	50435
4	193618	50546
4	193619	50550
4	193620	50554
4	193621	50560
4	193624	50575
4	193636	50648
4	193637	50657
4	193676	50870
4	193705	50986
4	193706	50989
4	193718	51051
4	193720	51060
4	193730	51110
4	193767	51332
4	193768	51335
4	193769	51338
4	193770	51343
4	193771	51349
4	193772	51354
4	193773	51359
4	193779	51394
4	193781	51403
4	193783	51412
4	193785	51420
4	193786	51424
4	193787	51428
4	193788	51432
4	193789	51436
4	193807	51561
4	193808	51566
4	193809	51569
4	193810	51573
4	193829	51696
4	193834	51718
4	193837	51746
4	193857	51872
4	193887	51929
4	193910	52063
4	193920	52116
4	193921	52120
4	193926	52141
4	193954	52259
4	193955	52265
4	193956	52272
4	193957	19865
4	193958	52282
4	193959	52286
4	193960	52290
4	193974	52373
4	193975	52377
4	193976	52380
4	194010	52574
4	194011	52577
4	194029	52706
4	194037	52752
4	194038	52760
4	194043	52785
4	194054	52829
4	194055	52833
4	194062	52866
4	194064	52876
4	194065	52881
4	194066	52886
4	194069	52900
4	194071	52909
4	194073	52918
4	194075	52925
4	194099	53112
4	194100	53119
4	194102	53132
4	194106	53153
4	194107	53158
4	194110	53171
4	194157	53446
4	194182	53616
4	194183	53619
4	194184	53621
4	194185	53623
4	194189	53633
4	194190	53636
4	194191	53638
4	194204	53719
4	194205	53724
4	194249	53984
4	194253	54008
4	194255	54015
4	194259	54029
4	194262	54044
4	194263	54049
4	194264	54054
4	194278	54101
4	194280	54107
4	194281	54110
4	194283	54118
4	194285	54129
4	194286	54133
4	194287	54137
4	194288	54142
4	194296	54199
4	194298	54210
4	194300	54222
4	194301	54230
4	194312	54303
4	194313	54307
4	194314	54311
4	194318	54338
4	194320	54351
4	194350	54497
4	194351	54500
4	194352	54503
4	194353	54506
4	194364	54567
4	194365	54571
4	194367	54581
4	194370	54597
4	194401	54716
4	194402	54721
4	194404	54730
4	194416	54786
4	194442	54957
4	194445	54975
4	194453	55024
4	194483	55160
4	194505	55293
4	194520	55392
4	194533	55489
4	194534	55494
4	194535	55498
4	194536	55502
4	194539	55521
4	194541	55533
4	194546	55555
4	194547	55560
4	194548	55564
4	194549	55568
4	194553	55597
4	194555	55613
4	194557	55622
4	194564	55665
4	194565	55672
4	194568	55682
4	194572	55698
4	194573	55704
4	194574	55708
4	194584	55747
4	194585	55751
4	194587	55761
4	194589	55773
4	194590	55778
4	194592	194546
4	194593	55792
4	194594	55794
4	194595	55800
4	194597	55811
4	194598	55817
4	194599	55823
4	194600	55829
4	194602	55840
4	194603	55846
4	194610	55891
4	194612	55904
4	194613	183628
4	194633	56045
4	194636	56067
4	194637	56074
4	194641	56091
4	194642	56096
4	194652	56142
4	194654	56148
4	194655	56151
4	194656	56155
4	194657	56158
4	194658	56161
4	194659	56164
4	194660	56167
4	194661	56170
4	194662	56174
4	194663	56177
4	194804	184262
4	194808	56789
4	194809	56793
4	194810	56799
4	194811	56803
4	194812	56809
4	194813	56813
4	194825	56876
4	194846	57015
4	194848	57024
4	194856	57077
4	194857	57081
4	194858	57085
4	194869	57157
4	194870	194598
4	194875	57163
4	194893	57275
4	194907	57349
4	194908	57354
4	194912	57375
4	194916	57400
4	194917	57409
4	194919	57419
4	194921	57433
4	194925	57463
4	194930	57509
4	194931	57512
4	194932	57519
4	194933	57526
4	194935	57537
4	194939	57560
4	194949	57627
4	194957	57663
4	194961	57688
4	194963	57703
4	194964	57710
4	194966	57721
4	194970	57741
4	194973	57757
4	194974	57763
4	194975	57768
4	194977	57776
4	194992	57855
4	194994	57864
4	195014	57989
4	195015	57996
4	195016	58003
4	195018	58020
4	195019	58026
4	195021	58034
4	195024	58054
4	195025	58059
4	195028	58086
4	195032	58102
4	195034	58114
4	195035	58119
4	195039	58138
4	195041	58151
4	195042	58154
4	195048	58191
4	195050	58202
4	195051	58205
4	195054	58222
4	195055	58229
4	195059	58261
4	195060	58266
4	195062	58276
4	195067	58301
4	195068	58306
4	195070	194977
4	195071	58324
4	195073	58334
4	195074	58339
4	195081	58369
4	195084	58391
4	195085	58398
4	195091	58435
4	195092	58439
4	195094	58451
4	195095	58456
4	195097	58464
4	195098	58472
4	195100	58483
4	195101	58487
4	195103	58498
4	195104	58506
4	195105	58513
4	195108	58529
4	195110	58542
4	195113	58562
4	195121	58608
4	195127	58642
4	195131	58662
4	195132	58668
4	195134	58679
4	195139	58714
4	195140	58721
4	195141	58727
4	195144	58746
4	195151	58766
4	195153	58779
4	195154	58783
4	195155	58791
4	195158	58809
4	195161	58825
4	195163	58835
4	195165	58844
4	195167	58849
4	195176	58940
4	195185	58985
4	195187	58999
4	195191	59021
4	195193	59036
4	195195	59047
4	195202	59082
4	195207	59106
4	195208	59112
4	195210	59126
4	195211	59133
4	195214	59149
4	195215	59153
4	195224	59204
4	195228	59230
4	195229	59233
4	195230	59236
4	195231	59241
4	195232	59246
4	195233	59255
4	195235	59274
4	195240	59306
4	195241	195198
4	195242	59316
4	195246	59334
4	195249	59348
4	195269	59516
4	195270	59522
4	195271	59528
4	195272	59534
4	195276	59553
4	195278	59563
4	195280	59580
4	195281	59586
4	195282	59590
4	195283	59595
4	195289	59633
4	195294	59667
4	195298	59693
4	195299	59698
4	195300	59701
4	195306	59734
4	195316	59758
4	195317	59764
4	195319	59773
4	195325	59804
4	195326	59808
4	195327	59812
4	195328	59817
4	195329	59822
4	195331	59836
4	195333	59842
4	195336	59861
4	195337	59868
4	195339	59878
4	195341	59890
4	195344	59909
4	195345	59917
4	195348	59931
4	195349	59937
4	195352	59954
4	195357	59980
4	195360	59993
4	195363	60010
4	195367	60016
4	195368	60022
4	195369	60026
4	195370	60045
4	195371	60053
4	195372	60058
4	195374	60071
4	195375	60076
4	195382	60123
4	195383	60129
4	195388	60166
4	195394	60204
4	195395	60210
4	195398	60223
4	195399	60226
4	195400	60231
4	195402	60242
4	195403	60247
4	195408	195388
4	195410	60299
4	195411	60303
4	195414	60321
4	195415	60327
4	195416	60331
4	195417	60335
4	195430	60375
4	195431	60382
4	195435	60407
4	195441	60435
4	195445	60459
4	195446	60464
4	195447	60469
4	195449	60479
4	195453	60511
4	195472	60623
4	195493	60764
4	195514	60918
4	195515	60921
4	195522	60972
4	195542	61112
4	195557	61206
4	195562	61238
4	195563	61242
4	195610	61521
4	195627	61637
4	195628	61640
4	195632	61660
4	195751	61706
4	195752	61710
4	195754	195752
4	195755	61720
4	195756	61723
4	195757	61726
4	195773	61790
4	195785	61837
4	195786	61842
4	195787	61848
4	195790	61860
4	195795	61886
4	195822	62049
4	195839	62137
4	195840	62140
4	195841	62142
4	195842	62145
4	195843	62147
4	195863	62234
4	195870	62253
4	195871	62257
4	195875	62268
4	195878	62278
4	195879	62284
4	195880	62288
4	195881	62294
4	195882	62298
4	195883	62304
4	195884	62308
4	195885	62313
4	195895	62419
4	195896	62424
4	195897	62428
4	195898	62432
4	195899	62436
4	195921	62585
4	195945	62737
4	195960	62799
4	195962	62809
4	195963	62814
4	196010	62952
4	196011	62958
4	196016	62982
4	196023	63028
4	196025	63036
4	196029	63063
4	196030	63066
4	196031	63070
4	196033	63078
4	196066	63285
4	196089	63421
4	196090	63427
4	196091	63433
4	196107	63521
4	196108	63527
4	196109	63533
4	196110	63538
4	196131	63679
4	196160	63800
4	196182	63921
4	196183	63927
4	196184	63932
4	196185	63935
4	196192	63982
4	196193	63987
4	196194	63993
4	196197	64006
4	196198	64010
4	196208	64065
4	196212	64084
4	196213	64089
4	196214	64094
4	196218	64115
4	196223	64130
4	196224	64132
4	196225	64136
4	196227	64148
4	196248	64211
4	196250	64221
4	196256	64245
4	196257	64250
4	196258	64254
4	196260	64264
4	196261	64268
4	196262	64272
4	196263	64276
4	196267	64294
4	196274	64340
4	196275	64343
4	196276	64348
4	196309	64547
4	196312	64564
4	196313	64569
4	196316	64582
4	196317	64586
4	196330	64664
4	196331	64667
4	196332	64671
4	196340	64702
4	196341	64706
4	196344	64730
4	196345	64734
4	196346	64738
4	196347	64742
4	196349	64752
4	196350	64757
4	196352	64765
4	196354	64773
4	196355	64778
4	196356	64782
4	196358	64790
4	196359	64794
4	196360	64798
4	196361	64802
4	196363	64811
4	196364	64815
4	196366	64823
4	196367	64827
4	196368	64831
4	196369	64835
4	196370	64839
4	196371	64844
4	196372	64848
4	196373	64853
4	196375	64864
4	196378	64876
4	196380	64884
4	196447	65321
4	196452	65345
4	196453	65350
4	196460	65387
4	196461	65391
4	196465	65404
4	196466	65407
4	196467	65410
4	196498	65618
4	196510	65701
4	196511	65708
4	196517	65745
4	196523	65781
4	196531	65831
4	196535	65848
4	196537	65859
4	196565	66033
4	196566	66039
4	196568	66049
4	196598	66225
4	196599	66232
4	196611	66282
4	196612	66286
4	196653	66508
4	196654	66514
4	196655	66519
4	196670	66524
4	196676	66568
4	196677	66573
4	196680	66589
4	196694	66668
4	196695	66674
4	196697	66685
4	196698	66690
4	196699	66695
4	196700	66701
4	196701	66708
4	196709	66750
4	196710	66755
4	196749	66971
4	196761	67047
4	196762	67052
4	196763	67057
4	196766	67069
4	196781	67135
4	196786	67161
4	196800	67250
4	196831	67430
4	196837	67465
4	196843	67496
4	196844	67499
4	196852	67535
4	196869	67655
4	196870	67659
4	196871	67662
4	196877	67687
4	196895	67799
4	196897	67808
4	196898	67814
4	196899	67819
4	196900	67824
4	196901	67829
4	196902	67834
4	196903	67838
4	196905	67847
4	196922	67873
4	196924	67886
4	196925	67891
4	196927	67899
4	196966	68156
4	196967	68160
4	196968	68165
4	197006	68433
4	197015	68465
4	197019	68481
4	197022	68491
4	197023	68499
4	197024	68505
4	197027	68516
4	197028	68520
4	197029	68523
4	197042	68613
4	197048	68658
4	197049	68662
4	197050	68666
4	197052	68675
4	197127	69170
4	197129	69178
4	197130	69182
4	197131	69186
4	197134	69196
4	197135	69200
4	197136	69206
4	197143	69240
4	197151	69278
4	197152	69281
4	197265	69869
4	197266	69873
4	197267	69876
4	197269	69884
4	197280	69950
4	197283	69961
4	197293	70027
4	197294	70029
4	197295	70032
4	197296	70034
4	197297	70036
4	197300	70043
4	197301	70045
4	197303	70050
4	197307	70063
4	197308	70070
4	197323	70163
4	197325	70172
4	197328	70184
4	197329	70188
4	197331	70197
4	197332	70200
4	197333	70204
4	197338	70232
4	197340	70245
4	197341	70251
4	197343	70261
4	197347	70284
4	197349	70294
4	197350	197344
4	197351	70305
4	197352	70309
4	197353	70314
4	197354	70319
4	197355	70325
4	197358	70342
4	197359	70346
4	197360	70348
4	197370	70387
4	197371	70391
4	197375	70407
4	197376	70412
4	197377	70416
4	197378	70421
4	197380	70430
4	197382	70437
4	197383	70440
4	197384	197376
4	197385	70448
4	197388	70461
4	197389	70465
4	197390	70468
4	197391	70472
4	197394	70485
4	197396	70492
4	197398	70499
4	197400	70507
4	197401	70511
4	197402	70514
4	197403	70517
4	197404	70521
4	197405	70525
4	197406	70529
4	197407	70532
4	197408	70538
4	197421	70616
4	197423	70627
4	197424	70632
4	197425	70636
4	197426	70641
4	197431	70668
4	197441	70724
4	197442	70729
4	197444	70743
4	197445	70746
4	197446	70749
4	197459	70833
4	197460	70841
4	197461	70844
4	197462	70849
4	197463	70854
4	197464	70859
4	197465	70864
4	197466	70869
4	197468	70881
4	197469	70886
4	197470	70891
4	197473	70908
4	197475	70917
4	197477	70928
4	197478	70933
4	197479	70942
4	197481	70958
4	197483	70970
4	197486	70984
4	197491	71012
4	197494	71026
4	197497	71038
4	197498	71044
4	197499	71049
4	197501	71060
4	197502	71066
4	197503	71071
4	197508	71095
4	197511	71111
4	197512	71118
4	197513	71122
4	197517	71146
4	197521	71163
4	197522	71167
4	197525	71181
4	197531	71206
4	197532	71211
4	197533	71216
4	197535	71226
4	197538	71238
4	197539	71243
4	197541	71255
4	197542	71260
4	197544	71270
4	197545	71277
4	197550	71308
4	197551	71310
4	197552	71316
4	197554	71327
4	197560	71357
4	197565	71390
4	197572	71427
4	197576	197332
4	197578	71458
4	197583	71485
4	197589	71530
4	197609	71626
4	197611	71640
4	197623	71719
4	197658	71910
4	197703	72127
4	197704	72133
4	197707	72149
4	197710	72169
4	197711	72174
4	197712	72182
4	197714	72189
4	197715	72193
4	197716	72197
4	197717	72201
4	197728	72252
4	197730	72262
4	197731	72267
4	197732	96216
4	197733	72276
4	197734	72284
4	197735	72290
4	197738	72306
4	197739	72312
4	197740	72318
4	197741	72324
4	197746	72354
4	197749	72370
4	197750	72376
4	197752	72391
4	197753	72396
4	197754	72401
4	197755	72406
4	197758	72421
4	197760	72431
4	197762	72441
4	197763	72444
4	197764	72448
4	197765	72452
4	197768	72459
4	197769	72463
4	197773	72477
4	197780	72514
4	197781	72519
4	197782	197780
4	197783	72529
4	197784	72534
4	197786	72542
4	197787	72547
4	197788	72551
4	197789	72556
4	197792	72569
4	197793	72573
4	197794	72577
4	197795	72582
4	197796	72586
4	197798	72595
4	197800	72604
4	197803	72617
4	197804	72622
4	197805	72627
4	197812	72659
4	197814	72668
4	197819	72695
4	197828	197705
4	197829	72755
4	197830	72759
4	197833	72772
4	197836	72787
4	197837	72794
4	197838	72798
4	197845	72834
4	197851	72864
4	197852	72869
4	197854	72878
4	197855	72884
4	197856	72890
4	197869	72944
4	197874	72968
4	197876	72978
4	197877	72982
4	197879	72995
4	197880	72998
4	197881	73000
4	197882	73003
4	197884	73009
4	197885	73012
4	197906	73103
4	197907	73108
4	197908	73111
4	197909	73114
4	197911	73123
4	197913	73133
4	197935	73256
4	197936	73261
4	197939	73272
4	197940	73275
4	197941	73281
4	197942	73286
4	197944	73294
4	197945	73298
4	197946	73302
4	197950	73326
4	197951	73330
4	197952	73335
4	197953	73339
4	197955	73347
4	197956	73351
4	197960	73368
4	197962	73377
4	197963	73381
4	197964	73387
4	197965	73393
4	197966	73399
4	197967	73405
4	197968	73412
4	197969	73418
4	197971	73431
4	197972	73436
4	197974	73444
4	197975	73449
4	197976	73454
4	197977	73459
4	197978	73463
4	197981	73477
4	197984	73484
4	197985	73487
4	197987	73497
4	197992	73526
4	197993	73531
4	197994	73536
4	197995	73545
4	198001	73577
4	198012	73639
4	198013	73644
4	198014	73649
4	198015	73653
4	198016	73656
4	198027	73717
4	198043	73805
4	198044	73810
4	198056	73826
4	198059	73843
4	198065	73882
4	198066	73887
4	198067	73893
4	198068	73897
4	198070	73911
4	198071	73918
4	198072	183365
4	198074	73933
4	198075	73940
4	198076	73945
4	198080	73961
4	198081	73966
4	198082	73971
4	198083	73976
4	198086	73990
4	198087	73994
4	198089	74003
4	198090	74007
4	198092	74014
4	198097	74036
4	198103	74070
4	198108	74096
4	198109	74100
4	198112	74118
4	198113	74123
4	198114	74128
4	198117	74145
4	198118	74150
4	198119	74156
4	198121	74166
4	198123	74175
4	198124	74180
4	198125	74184
4	198127	74192
4	198132	74224
4	198135	74237
4	198136	74240
4	198138	74246
4	198139	74250
4	198142	74266
4	198145	74282
4	198146	74287
4	198149	74307
4	198150	74313
4	198151	74319
4	198152	74323
4	198153	74328
4	198155	74339
4	198157	74347
4	198158	74351
4	198160	74359
4	198161	74363
4	198164	74378
4	198166	74386
4	198167	74390
4	198169	74398
4	198170	74403
4	198172	74413
4	198175	74433
4	198176	74436
4	198178	74440
4	198180	74448
4	198182	74458
4	198183	74463
4	198184	74469
4	198185	74473
4	198189	74500
4	198194	74529
4	198196	74542
4	198198	74550
4	198199	74554
4	198209	74604
4	198210	74611
4	198219	74643
4	198225	74671
4	198226	74677
4	198227	74682
4	198231	74697
4	198233	74704
4	198234	74709
4	198235	74713
4	198237	74722
4	198240	74732
4	198241	74736
4	198242	74740
4	198243	74743
4	198246	74754
4	198247	74758
4	198251	74776
4	198252	74785
4	198253	74792
4	198254	74797
4	198256	74807
4	198257	74812
4	198258	74819
4	198260	74831
4	198273	74900
4	198275	74910
4	198279	74932
4	198280	74936
4	198281	74940
4	198282	74940
4	198283	74949
4	198284	74953
4	198287	74967
4	198288	74971
4	198290	74979
4	198291	74983
4	198292	74989
4	198293	74993
4	198294	74997
4	198300	75027
4	198301	75034
4	198308	75072
4	198312	75092
4	198314	75104
4	198315	75110
4	198316	75116
4	198318	75128
4	198319	75135
4	198329	75197
4	198330	75203
4	198331	75208
4	198332	75214
4	198339	75258
4	198342	75281
4	198345	75299
4	198346	75307
4	198348	75316
4	198352	75344
4	198353	75349
4	198362	75400
4	198363	75405
4	198364	75409
4	198365	75412
4	198366	75415
4	198369	75435
4	198394	75591
4	198401	75636
4	198414	75726
4	198438	75884
4	198439	75891
4	198441	75902
4	198442	75907
4	198443	75912
4	198445	75922
4	198446	75927
4	198447	75932
4	198456	75986
4	198458	76000
4	198465	76047
4	198470	76082
4	198485	76173
4	198495	76235
4	198497	76246
4	198498	76251
4	198501	76269
4	198506	76296
4	198507	76301
4	198508	76307
4	198509	76312
4	198510	76316
4	198514	76335
4	198517	76350
4	198521	76374
4	198522	76382
4	198524	76396
4	198525	76399
4	198526	76403
4	198528	76410
4	198529	76414
4	198532	76433
4	198533	76437
4	198535	76452
4	198536	76457
4	198537	76462
4	198538	76467
4	198539	76472
4	198542	76485
4	198543	76490
4	198545	76506
4	198548	76521
4	198551	76536
4	198552	76542
4	198556	76564
4	198558	76575
4	198562	76595
4	198564	76606
4	198565	76611
4	198566	76616
4	198567	76623
4	198569	76633
4	198570	76638
4	198572	76647
4	198574	76657
4	198577	76677
4	198582	76703
4	198584	76715
4	198585	76720
4	198586	76726
4	198587	76730
4	198588	76734
4	198589	76738
4	198591	76748
4	198592	76753
4	198593	76757
4	198594	76762
4	198603	76807
4	198605	76819
4	198607	76828
4	198615	76871
4	198617	76881
4	198618	76886
4	198619	76891
4	198624	76924
4	198638	76988
4	198639	76995
4	198647	77043
4	198649	77053
4	198651	77064
4	198652	198649
4	198654	77077
4	198658	77094
4	198659	77098
4	198660	77102
4	198661	77106
4	198662	77111
4	198663	77117
4	198664	77123
4	198666	77132
4	198677	77188
4	198679	77197
4	198684	77227
4	198685	77232
4	198686	77237
4	198689	77254
4	198691	77263
4	198695	77289
4	198696	77292
4	198704	77336
4	198705	77340
4	198707	77352
4	198711	77372
4	198723	77435
4	198727	77456
4	198747	77560
4	198750	77577
4	198752	77584
4	198753	77587
4	198756	77600
4	198757	77607
4	198758	77611
4	198759	77614
4	198767	77661
4	198768	77667
4	198769	77673
4	198770	77678
4	198772	77689
4	198773	77694
4	198774	77698
4	198775	77701
4	198776	77706
4	198777	77711
4	198782	77734
4	198784	77743
4	198786	77751
4	198787	77755
4	198788	77759
4	198789	77763
4	198790	77767
4	198791	77771
4	198805	77835
4	198807	77847
4	198810	77860
4	198811	77866
4	198823	77923
4	198824	77926
4	198830	77962
4	198831	77967
4	198833	77976
4	198834	77981
4	198835	77986
4	198836	77990
4	198837	77994
4	198838	77998
4	198839	78002
4	198841	78012
4	198842	78016
4	198843	78020
4	198844	78025
4	198845	78029
4	198846	78033
4	198847	78037
4	198848	78041
4	198852	78050
4	198853	78054
4	198855	78062
4	198856	78066
4	198857	78070
4	198858	198839
4	198861	78090
4	198863	78101
4	198868	78135
4	198869	78139
4	198871	78150
4	198873	78160
4	198874	78164
4	198875	78169
4	198876	78174
4	198878	78186
4	198884	78216
4	198885	78221
4	198900	78311
4	198909	78363
4	198910	78365
4	198911	78368
4	198913	78376
4	198914	78380
4	198915	78384
4	198916	78390
4	198917	78394
4	198952	78554
4	198953	78558
4	198954	78562
4	198955	78567
4	198956	78574
4	198960	78592
4	198961	78595
4	198962	78598
4	198980	78691
4	198989	78739
4	198990	78745
4	198991	197461
4	198996	78775
4	198997	78780
4	199000	78794
4	199002	78799
4	199003	78805
4	199004	78809
4	199005	78813
4	199006	78817
4	199007	78822
4	199008	78827
4	199009	78833
4	199015	78877
4	199017	78888
4	199018	78896
4	199019	78900
4	199020	78906
4	199021	78910
4	199022	78918
4	199024	78929
4	199036	79000
4	199037	79004
4	199043	79032
4	199045	79042
4	199046	79047
4	199047	79052
4	199050	79065
4	199052	79073
4	199053	79078
4	199055	79086
4	199056	79090
4	199057	199049
4	199058	79098
4	199059	79103
4	199061	79113
4	199062	79118
4	199064	79127
4	199066	79135
4	199068	79143
4	199070	79151
4	199071	79155
4	199074	79169
4	199076	79177
4	199077	79181
4	199080	79193
4	199081	79197
4	199083	79205
4	199087	79229
4	199088	79233
4	199094	197612
4	199096	79268
4	199098	79274
4	199099	79279
4	199109	79334
4	199110	79340
4	199111	79344
4	199112	79366
4	199113	79355
4	199114	79360
4	199115	79366
4	199118	79379
4	199121	79395
4	199122	79402
4	199125	79420
4	199126	79425
4	199127	79429
4	199128	79433
4	199129	79439
4	199130	79446
4	199131	79452
4	199133	79463
4	199138	79485
4	199140	79495
4	199143	79511
4	199146	79527
4	199148	79537
4	199149	79542
4	199151	79554
4	199153	79560
4	199154	79565
4	199169	79657
4	199170	79662
4	199171	79666
4	199173	79675
4	199174	79681
4	199175	79687
4	199176	79693
4	199177	79699
4	199179	185021
4	199181	79721
4	199186	79749
4	199187	79751
4	199192	79763
4	199193	79765
4	199195	79769
4	199197	79780
4	199206	79822
4	199212	79852
4	199213	79857
4	201106	83301
4	201107	83304
4	201108	83309
4	201110	83318
4	201111	83323
4	201113	83332
4	201114	83338
4	201116	83348
4	201123	83384
4	201129	83414
4	201132	187081
4	201133	83434
4	201135	83443
4	201137	83451
4	201138	83457
4	201139	83461
4	201140	201135
4	201141	83470
4	201147	83496
4	201150	83510
4	201152	83520
4	201156	83550
4	201157	83555
4	201549	84165
4	201552	84177
4	201553	84183
4	201554	84189
4	201561	84218
4	201563	84227
4	201564	84232
4	201565	84237
4	201566	84241
4	201568	84250
4	201569	84254
4	201570	84258
4	201575	84278
4	201576	84282
4	201578	84290
4	201582	84314
4	201583	84319
4	201584	84325
4	201585	84329
4	201596	84387
4	201598	84397
4	201602	84417
4	201603	84422
4	201604	84427
4	201605	84432
4	201607	84442
4	201608	84447
4	201609	84452
4	201610	84457
4	201612	84467
4	201621	84518
4	201623	84526
4	201624	84531
4	201626	84548
4	201627	84556
4	201628	84561
4	201630	84574
4	201632	84583
4	201633	84588
4	201634	84593
4	201635	84598
4	201637	84608
4	201639	84622
4	201640	84627
4	201643	84643
4	201644	84648
4	201645	84653
4	201647	84662
4	201648	84665
4	201649	84668
4	201650	84675
4	201651	84682
4	201652	84687
4	201653	84694
4	201654	84700
4	201655	84706
4	201656	84710
4	201657	84715
4	201662	84743
4	201663	84750
4	201665	84763
4	201668	84776
4	201671	84792
4	201675	84817
4	201676	84823
4	201685	84875
4	201686	84879
4	201687	84884
4	201688	84889
4	201689	84894
4	201692	84912
4	201693	84917
4	201694	84922
4	201695	84926
4	201697	84937
4	201699	84947
4	201700	84952
4	201701	84959
4	201702	84964
4	201703	84967
4	201707	84983
4	201718	85034
4	201719	85038
4	201720	85042
4	201721	85047
4	201724	85063
4	201725	85068
4	201729	85089
4	201730	85097
4	201733	85112
4	201734	85117
4	201736	85126
4	201739	85139
4	201741	85148
4	201742	85152
4	201743	85158
4	201750	85186
4	201751	85190
4	201753	85200
4	201754	85204
4	201755	85208
4	201756	85213
4	201757	85218
4	201758	85224
4	201760	85232
4	201761	85236
4	201763	85244
4	201765	85254
4	201786	85367
4	201799	85427
4	201800	85431
4	201801	85436
4	201807	85477
4	201808	85486
4	201811	85504
4	201812	85509
4	201816	85528
4	201817	85535
4	201822	85562
4	201823	85567
4	201824	85572
4	201825	85576
4	201829	85594
4	201830	85597
4	201835	85624
4	201839	85648
4	201840	85651
4	201843	85669
4	201847	85689
4	201851	85709
4	201852	85715
4	201853	85722
4	201856	85736
4	201857	85741
4	201858	85746
4	201860	85756
4	201861	85762
4	201862	85767
4	201863	85773
4	201864	85777
4	201865	85782
4	201867	197541
4	201868	197327
4	201875	85826
4	201876	85830
4	201878	85841
4	201879	85846
4	201881	85856
4	201882	85862
4	201883	85868
4	201884	85873
4	201885	85880
4	201888	85896
4	201889	85905
4	201891	85916
4	201892	85922
4	201893	85928
4	201898	85961
4	201901	85973
4	201902	199062
4	201903	85983
4	201905	85993
4	201906	85999
4	201907	86003
4	201908	86008
4	201909	86012
4	201910	86018
4	201912	86025
4	201913	86029
4	201914	86032
4	201915	86036
4	201917	86044
4	201921	86063
4	201922	86066
4	201937	86138
4	201939	86148
4	201945	86179
4	201947	86189
4	201949	86200
4	201953	86219
4	201954	86224
4	201955	86227
4	201957	86238
4	201958	86244
4	201964	86280
4	201965	86286
4	201967	86296
4	201969	86305
4	201970	86308
4	201971	86314
4	201993	86432
4	201994	86447
4	201995	86452
4	201997	86464
4	201998	86468
4	202003	86503
4	202004	86509
4	202005	86513
4	202006	86517
4	202007	86521
4	202009	86529
4	202011	86534
4	202012	86539
4	202014	86547
4	202015	86552
4	202021	86579
4	202027	86606
4	202028	86612
4	202029	86618
4	202037	86658
4	202038	86663
4	202039	86667
4	202040	86674
4	202041	86683
4	202043	86695
4	202048	86717
4	202055	86751
4	202056	86756
4	202057	86760
4	202058	86767
4	202065	86800
4	202066	86803
4	202067	86810
4	202068	86814
4	202069	86819
4	202070	86825
4	202071	86832
4	202080	86905
4	202081	86910
4	202083	86920
4	202084	86924
4	202087	86939
4	202088	86943
4	202096	86991
4	202097	86996
4	202098	87001
4	202102	87021
4	202104	87031
4	202108	87052
4	202115	87094
4	202117	87106
4	202119	87115
4	202120	87122
4	202123	87137
4	202124	87143
4	202127	87159
4	202130	87180
4	202131	87185
4	202132	87188
4	202133	87193
4	202142	87226
4	202144	87235
4	202145	87239
4	202146	87243
4	202148	87254
4	202151	87271
4	202154	87284
4	202155	87286
4	202162	87322
4	202163	87329
4	202165	87339
4	202167	87348
4	202170	87364
4	202171	87368
4	202173	87380
4	202187	87422
4	202189	185552
4	202190	87443
4	202192	87450
4	202193	87455
4	202194	87459
4	202195	87464
4	202199	87485
4	202200	87489
4	202201	87493
4	202202	87498
4	202203	87502
4	202205	87512
4	202222	87613
4	202223	87619
4	202230	87657
4	202231	87663
4	202237	87692
4	202238	87696
4	202239	87703
4	202241	87711
4	202243	87721
4	202244	87726
4	202245	87732
4	202246	87737
4	202247	87744
4	202248	87750
4	202249	87756
4	202250	87761
4	202253	87773
4	202257	87796
4	202259	87805
4	202261	87815
4	202262	87820
4	202263	87825
4	202272	87874
4	202275	87893
4	202277	87904
4	202285	87939
4	202289	87962
4	202295	87989
4	202297	88001
4	202298	88005
4	202299	88008
4	202302	88023
4	202303	88028
4	202304	88033
4	202306	88043
4	202307	88048
4	202308	88052
4	202309	88057
4	202311	88067
4	202312	88072
4	202315	88087
4	202316	88096
4	202322	88129
4	202323	88135
4	202329	88169
4	202330	88173
4	202331	88177
4	202332	88180
4	202333	88183
4	202334	88186
4	202336	88192
4	202338	88198
4	202341	88213
4	202342	88219
4	202344	88231
4	202345	88235
4	202349	88262
4	202352	88279
4	202353	88284
4	202354	88288
4	202356	88296
4	202357	88301
4	202360	88316
4	202361	88321
4	202362	88327
4	202363	88331
4	202364	88336
4	202365	88340
4	202367	88348
4	202368	88352
4	202369	88356
4	202370	88360
4	202371	88365
4	202372	88369
4	202374	88379
4	202377	88391
4	202378	88395
4	202379	88399
4	202380	88401
4	202383	201945
4	202390	88462
4	202391	88467
4	202392	88471
4	202393	88477
4	202394	88481
4	202395	88485
4	202397	88494
4	202398	88499
4	202400	88510
4	202401	88518
4	202402	88523
4	202409	88569
4	202410	88574
4	202412	88584
4	202413	88590
4	202414	88595
4	202415	88600
4	202416	88605
4	202417	88610
4	202418	88616
4	202419	88621
4	202420	88626
4	202427	88661
4	202428	88665
4	202432	88685
4	202433	88691
4	202435	88703
4	202443	88715
4	202444	88722
4	202445	88728
4	202446	88735
4	202448	88747
4	202452	88770
4	202453	88774
4	202463	88826
4	202471	88878
4	202472	88882
4	202473	88886
4	202475	88900
4	202479	88919
4	202481	88928
4	202482	88932
4	202483	88937
4	202484	88941
4	202487	88957
4	202490	88977
4	202491	88983
4	202493	88994
4	202494	89001
4	202503	89057
4	202505	89075
4	202506	89077
4	202509	89092
4	202514	89121
4	202515	89126
4	202517	89137
4	202525	89178
4	202530	89201
4	202531	89207
4	202532	89216
4	202533	89222
4	202534	89226
4	202538	89248
4	202540	89259
4	202541	89263
4	202545	89284
4	202547	198043
4	202550	89319
4	202568	89420
4	202580	89487
4	202581	89492
4	202582	89496
4	202587	89525
4	202588	89528
4	202589	89538
4	202590	89542
4	202597	89578
4	202598	89584
4	202600	89595
4	202601	89601
4	202609	89648
4	202610	89652
4	202630	89736
4	202632	89745
4	202634	89754
4	202636	89764
4	202640	89781
4	202641	89787
4	202644	89802
4	202645	89807
4	202646	89812
4	202656	89863
4	202659	89875
4	202660	89881
4	202661	89885
4	202662	89889
4	202664	89901
4	202665	89905
4	202667	89912
4	202668	89916
4	202670	89924
4	202672	89932
4	202673	89936
4	202674	89940
4	202676	89949
4	202677	89953
4	202680	89965
4	202681	89969
4	202682	89973
4	202684	89981
4	202685	89985
4	202686	89989
4	202688	89997
4	202690	90006
4	202691	90010
4	202692	90014
4	202693	90018
4	202694	90022
4	202696	90030
4	202697	90034
4	202698	90038
4	202699	90042
4	202700	90046
4	202701	90051
4	202702	90055
4	202703	90059
4	202704	90063
4	202706	90071
4	202707	90075
4	202709	90083
4	202710	90087
4	202711	90091
4	202712	90095
4	202713	90099
4	202716	90111
4	202717	90118
4	202719	90130
4	202722	90148
4	202723	90153
4	202724	90159
4	202725	90165
4	202737	90224
4	202738	90228
4	202739	90234
4	202740	90239
4	202742	90248
4	202743	90253
4	202745	90262
4	202746	90266
4	202748	90277
4	202749	90281
4	202751	90289
4	202752	90293
4	202753	90298
4	202756	90311
4	202757	194808
4	202758	90319
4	202760	90326
4	202761	90332
4	202762	90336
4	202763	90340
4	202764	90343
4	202779	90429
4	202787	90477
4	202791	90493
4	202807	90578
4	202808	90584
4	202811	90596
4	202813	90605
4	202814	90611
4	202815	90616
4	202823	90645
4	202824	90650
4	202829	90674
4	202831	90682
4	202838	90721
4	202842	90738
4	202844	90749
4	202852	90786
4	202853	90790
4	202854	90795
4	202858	90812
4	202861	90827
4	202864	90841
4	202865	90845
4	202866	90849
4	202867	90853
4	202868	90856
4	202872	90875
4	202876	197754
4	202880	90925
4	202898	90990
4	202899	90994
4	202900	90998
4	202901	91004
4	202902	91009
4	202904	91017
4	202905	91022
4	202906	91027
4	202908	91036
4	202910	91047
4	202911	91053
4	202923	91105
4	202928	91134
4	202931	91152
4	202932	91160
4	202933	91165
4	202935	91177
4	202936	91184
4	202938	91192
4	202939	91196
4	202943	91212
4	202945	91221
4	202946	91225
4	202947	91229
4	202948	91234
4	202952	91253
4	202955	91262
4	202960	91283
4	202961	91289
4	202963	91299
4	202964	91302
4	202967	91318
4	202975	91349
4	202976	91353
4	202978	91365
4	202979	91371
4	202980	91376
4	202981	91381
4	202982	91387
4	202986	91404
4	202987	91407
4	202988	91412
4	202989	91418
4	203020	91575
4	203022	91586
4	203023	91591
4	203024	91597
4	203026	194809
4	203027	91616
4	203028	91622
4	203029	91626
4	203040	198801
4	203041	91692
4	203042	91696
4	203047	91715
4	203048	91720
4	203049	91726
4	203052	91743
4	203056	91765
4	203061	91789
4	203062	91795
4	203078	91886
4	203079	202248
4	203087	91932
4	203088	91937
4	203089	91943
4	203090	91947
4	203091	91954
4	203092	91960
4	203100	91999
4	203102	92009
4	203103	92015
4	203104	92021
4	203105	92026
4	203106	92032
4	203108	92041
4	203109	92046
4	203112	92064
4	203113	92069
4	203114	92075
4	203115	92080
4	203124	92133
4	203126	92145
4	203127	92151
4	203129	92161
4	203130	92166
4	203131	92172
4	203132	92177
4	203133	92183
4	203134	92188
4	203135	92193
4	203137	92204
4	203141	92226
4	203142	92232
4	203143	92237
4	203147	92254
4	203155	92278
4	203166	92295
4	203167	92301
4	203168	92307
4	203169	92312
4	203170	92318
4	203175	92339
4	203177	92348
4	203178	92351
4	203180	92364
4	203181	92369
4	203182	92373
4	203183	92377
4	203184	92380
4	203185	92384
4	203186	92389
4	203187	92396
4	203193	92431
4	203194	92436
4	203196	92447
4	203197	92453
4	203199	92463
4	203202	92482
4	203203	92487
4	203204	92492
4	203205	92497
4	203206	92502
4	203207	92507
4	203209	92516
4	203210	92521
4	203213	92537
4	203227	92578
4	203234	92597
4	203236	92608
4	203239	92621
4	203240	92625
4	203241	92629
4	203242	92633
4	203243	92638
4	203244	92644
4	203245	92649
4	203246	92655
4	203247	92659
4	203249	92668
4	203250	92673
4	203251	92677
4	203252	203238
4	203253	92685
4	203254	92690
4	203255	92695
4	203256	92699
4	203257	92704
4	203259	92714
4	203261	92723
4	203263	92732
4	203264	92737
4	203265	92744
4	203267	92754
4	203268	92760
4	203269	92764
4	203270	92771
4	203271	92776
4	203272	92781
4	203275	92799
4	203277	92809
4	203287	92850
4	203288	92856
4	203331	93079
4	203334	93097
4	203339	93130
4	203342	93148
4	203343	93155
4	203344	93162
4	203345	93168
4	203370	93292
4	203374	93315
4	203375	93321
4	203376	93326
4	203377	93333
4	203378	93339
4	203381	93358
4	203382	93364
4	203383	93367
4	203384	93370
4	203389	93393
4	203390	93397
4	203391	93401
4	203392	93404
4	203394	93411
4	203395	93414
4	203397	197816
4	203398	93427
4	203401	93446
4	203418	93555
4	203419	93560
4	203420	93566
4	203421	93573
4	203422	93578
4	203451	93764
4	203452	93768
4	203453	93773
4	203454	93778
4	203456	93788
4	203457	95827
4	203463	93816
4	203464	93819
4	203465	93822
4	203468	93836
4	203469	93840
4	203477	93881
4	203479	93889
4	203480	93896
4	203481	93901
4	203482	93907
4	203483	93913
4	203484	93919
4	203485	93925
4	203486	93932
4	203487	93938
4	203489	93950
4	203490	93956
4	203492	93966
4	203495	93980
4	203497	93988
4	203498	93992
4	203502	94015
4	203507	94041
4	203508	94045
4	203509	94050
4	203510	94055
4	203511	94059
4	203518	94092
4	203519	94096
4	203521	94105
4	203522	94111
4	203525	94123
4	203528	94133
4	203533	94163
4	203534	94168
4	203535	94173
4	203536	94177
4	203537	94183
4	203538	94189
4	203541	94204
4	203544	94217
4	203545	94221
4	203546	94225
4	203547	94229
4	203548	94233
4	203556	94280
4	203557	94287
4	203559	94298
4	203560	94303
4	203563	94318
4	203565	94327
4	203566	203564
4	203567	94339
4	203568	94343
4	203569	94348
4	203570	94353
4	203572	94363
4	203573	94369
4	203580	94410
4	203581	94415
4	203582	94421
4	203583	94429
4	203584	94436
4	203591	94469
4	203592	94474
4	203593	94479
4	203598	94506
4	203601	94520
4	203602	94525
4	203605	94544
4	203606	94549
4	203608	94557
4	203610	94565
4	203611	94569
4	203614	94583
4	203615	94587
4	203616	94593
4	203618	94602
4	203619	94606
4	203621	94612
4	203622	94615
4	203623	94619
4	203624	94624
4	203627	94639
4	203628	94645
4	203629	94649
4	203630	94656
4	203631	94662
4	203633	94671
4	203634	94673
4	203637	94681
4	203644	94714
4	203645	94717
4	203648	94726
4	203649	94730
4	203650	94733
4	203651	94736
4	203652	94739
4	203654	94748
4	203655	94752
4	203827	95310
4	203828	95312
4	203832	95339
4	203835	95351
4	203836	95356
4	203837	95360
4	203838	95365
4	203839	95371
4	203840	95375
4	203842	95389
4	203855	95420
4	203857	95429
4	203864	95469
4	203866	95476
4	203867	95480
4	203875	95524
4	203879	95544
4	203894	95616
4	203896	95628
4	203900	95649
4	203904	95667
4	203910	95704
4	203911	95708
4	203912	95713
4	203914	95722
4	203916	95735
4	203919	95752
4	203922	95769
4	203923	95774
4	203924	95777
4	203925	95781
4	203926	95787
4	203927	95794
4	203928	95798
4	203929	95805
4	203930	95812
4	203931	95818
4	203932	95823
4	203933	95827
4	203934	95830
4	203939	95859
4	203942	95877
4	203943	95883
4	203945	95897
4	203946	95903
4	203947	95910
4	203948	95914
4	203949	95920
4	203950	95925
4	203962	95988
4	203963	95993
4	203964	95997
4	203965	96002
4	203966	96007
4	203967	96011
4	203968	96016
4	203971	96030
4	203980	96087
4	203982	96096
4	204010	96216
4	204012	96226
4	204013	96231
4	204014	96235
4	204015	96240
4	204027	96310
4	204032	96337
4	204037	96366
4	204038	96370
4	204039	96376
4	204046	96415
4	204047	96420
4	204048	96422
4	204049	96424
4	204052	96439
4	204056	96460
4	204061	96485
4	204062	96490
4	204063	96495
4	204064	96501
4	204073	96539
4	204235	96862
4	204595	97721
4	204596	97725
4	204597	97727
4	204598	97730
4	204604	97750
4	204609	97763
4	204611	97774
4	204616	97789
4	204619	97796
4	204645	97839
4	204648	97854
4	204652	97867
4	204655	97880
4	204656	97882
4	204659	97892
4	204660	97895
4	204661	97897
4	204663	97903
4	204665	97912
4	204674	97935
4	204675	97940
4	204677	97948
4	204678	97952
4	204679	97956
4	204680	97960
4	204681	97964
4	204682	97968
4	204683	97972
4	204685	204681
4	204686	97985
4	204687	97990
4	204690	98004
4	204691	98008
4	204692	98012
4	204693	98016
4	204694	98020
4	204810	98230
4	205180	99737
4	205181	99742
4	205408	100943
4	205411	100958
4	205412	100963
4	205413	100969
4	205415	100978
4	205422	101020
4	205423	101030
4	205511	101356
4	205515	101379
4	205516	101384
4	205518	101393
4	205519	101397
4	205593	101715
4	205649	101836
4	205690	101990
4	205754	102109
4	205831	102430
4	205834	102443
4	205835	102447
4	205836	102450
4	205837	102453
4	205845	102496
4	205853	102548
4	205882	102713
4	205885	102729
4	205902	102822
4	205956	103059
4	205958	103065
4	205959	103068
4	205971	103142
4	205999	103239
4	206002	103251
4	206003	103255
4	206033	103391
4	206039	103430
4	206044	103449
4	206051	103501
4	206082	103570
4	206132	103777
4	206192	103837
4	206219	103984
4	206227	104028
4	206230	194404
4	206286	104205
4	206290	104226
4	206291	104229
4	206422	104562
4	206424	104569
4	206427	104583
4	206435	104633
4	206437	104645
4	206459	104696
4	206460	104699
4	206462	104705
4	206464	104713
4	206628	105208
4	206634	105236
4	206635	105240
4	206636	105245
4	206638	105255
4	206701	105387
4	206703	105396
4	206704	105399
4	206742	105481
4	206744	105490
4	206745	105495
4	206746	105500
4	206748	105510
4	206756	105553
4	206760	105573
4	206786	105631
4	206787	105637
4	206841	105745
4	206842	105750
4	206846	105792
4	206965	106000
4	206967	106012
4	206968	106016
4	206971	106026
4	206972	106029
4	206973	106032
4	207029	106196
4	207642	107064
4	207643	107070
4	207644	107074
4	207646	107086
4	207654	107140
4	207657	107154
4	207658	107159
4	207659	107163
4	207690	107296
4	207703	107387
4	207706	107400
4	207775	107546
4	207776	107551
4	207790	107637
4	207791	107642
4	207798	107666
4	207808	107731
4	207812	107779
4	207813	107784
4	207819	206082
4	207820	107815
4	207933	108082
4	207952	108183
4	207994	108296
4	208029	108407
4	208041	108429
4	208082	108509
4	208130	108697
4	208148	108727
4	208263	108811
4	208268	108832
4	208270	108839
4	208276	108878
4	208285	108934
4	208303	108960
4	208334	109049
4	208336	109059
4	208337	109064
4	208338	109067
4	208339	109071
4	208437	109340
4	208453	109439
4	208454	109444
4	208495	109662
4	208496	109665
4	208532	109709
4	208533	109713
4	208534	109717
4	208535	109720
4	208557	109842
4	208648	110156
4	208652	110173
4	208654	110183
4	208655	110189
4	208656	110191
4	208658	110197
4	208675	110279
4	208714	110468
4	208715	110471
4	208716	110475
4	208717	110479
4	208718	110483
4	208719	110488
4	208720	110494
4	208722	110502
4	208734	110574
4	208750	110670
4	208770	110797
4	208819	110949
4	209119	111072
4	209140	111147
4	209141	111154
4	209300	111545
4	209309	111574
4	209325	111663
4	209326	111666
4	209335	111708
4	209339	111731
4	209422	111907
4	209433	111970
4	209435	111978
4	209442	112020
4	209453	112089
4	209454	112092
4	209457	112106
4	209469	112157
4	209481	112227
4	209483	112235
4	209491	112287
4	209497	112314
4	209502	112340
4	209519	112438
4	209541	112508
4	209564	112562
4	209592	112622
4	209600	112643
4	209606	112660
4	209625	112703
4	209633	112723
4	209634	112728
4	209638	112741
4	209731	112953
4	209767	113049
4	209770	113061
4	209776	113077
4	209783	113094
4	209815	181637
4	209881	113639
4	209980	113946
4	209981	113949
4	209982	113953
4	209983	113957
4	209984	113960
4	209985	113963
4	209989	113976
4	209990	113979
4	210002	114036
4	210003	114040
4	210004	114044
4	210005	114047
4	210057	114223
4	210059	114229
4	210062	114240
4	210063	114244
4	210065	114251
4	210067	114258
4	210068	114262
4	210096	114339
4	210097	114342
4	210146	114491
4	210147	114494
4	210149	114500
4	210150	114503
4	210151	114506
4	210169	114600
4	210170	114605
4	210189	114646
4	210208	114699
4	210209	114703
4	210211	114712
4	210213	114719
4	210214	114722
4	210223	114762
4	210224	114765
4	210243	114828
4	210267	114929
4	210268	114932
4	210365	115102
4	210440	115468
4	210441	115472
4	210470	115564
4	210473	115579
4	210474	115582
4	210536	115766
4	210539	115777
4	210540	115780
4	210541	115782
4	210543	115787
4	210544	115790
4	210545	115793
4	210546	115796
4	210581	115880
4	210682	116123
4	210684	116129
4	210703	116189
4	210705	116200
4	210707	116206
4	210708	116209
4	210709	116212
4	210711	116217
4	210712	116220
4	210715	116232
4	210716	116235
4	210756	116400
4	210810	116552
4	210814	116579
4	210817	116598
4	210818	116602
4	210819	116608
4	210820	116613
4	210821	116617
4	210824	116630
4	210825	116634
4	210826	116638
4	210827	116642
4	210829	116648
4	210831	116653
4	210833	116661
4	210887	116808
4	210892	116828
4	210899	116855
4	210913	116918
4	210923	116958
4	210940	117055
4	210957	117167
4	210982	117237
4	210986	119578
4	210990	117288
4	210991	117293
4	211002	117343
4	211005	117371
4	211012	117417
4	211013	117422
4	211014	117430
4	211019	117465
4	211020	117469
4	211023	117487
4	211038	117559
4	211041	131198
4	211061	117655
4	211103	117831
4	211104	117836
4	211105	117841
4	211106	117845
4	211117	117897
4	211122	117930
4	211125	117952
4	211127	117972
4	211140	118018
4	211149	118049
4	211151	118060
4	211165	118122
4	211170	118160
4	211171	118164
4	211226	118407
4	211235	118454
4	211238	118471
4	211240	118484
4	211250	118528
4	211266	118571
4	211268	118575
4	211284	118620
4	211287	118638
4	211300	118667
4	211304	118684
4	211327	118764
4	211342	118809
4	211359	118898
4	211365	118938
4	211375	119009
4	211381	119049
4	211384	119067
4	211385	119071
4	211394	119126
4	211397	119137
4	211398	119142
4	211428	211165
4	211435	119294
4	211437	119305
4	211445	119341
4	211450	119372
4	211451	119375
4	211468	119458
4	211504	119561
4	211508	119578
4	211509	119585
4	211517	119615
4	211538	119702
4	211540	119718
4	211542	119731
4	211579	119835
4	211581	119842
4	211587	119878
4	211616	120010
4	211619	120030
4	211622	120051
4	211645	120153
4	211654	120189
4	211703	120341
4	211720	120444
4	211724	120456
4	211725	120459
4	211726	120465
4	211729	120478
4	211734	120495
4	211735	120499
4	211745	120557
4	211749	120582
4	211750	120585
4	211762	120638
4	211776	120742
4	211814	120864
4	211816	120870
4	211817	120875
4	211862	121015
4	211864	121023
4	211869	121054
4	211873	121072
4	211874	121079
4	211908	121210
4	211917	121250
4	211918	121252
4	211919	121273
4	211926	121308
4	211928	121317
4	211937	121355
4	211938	121360
4	211940	121366
4	211953	121427
4	211995	121767
4	211997	121778
4	212015	129467
4	212074	122105
4	212076	122117
4	212078	122129
4	212095	122214
4	212133	122325
4	212147	122395
4	212170	122500
4	212173	122512
4	212178	122617
4	212180	122627
4	212183	122644
4	212189	122696
4	212190	122702
4	212192	122714
4	212198	122739
4	212205	122769
4	212206	122773
4	212209	122802
4	212216	122840
4	212222	122866
4	212223	122871
4	212230	122899
4	212243	122970
4	212251	123002
4	212257	123019
4	212258	123022
4	212259	123035
4	212260	123041
4	212267	123058
4	212271	123081
4	212279	123116
4	212296	123184
4	212298	123191
4	212311	123258
4	212325	128722
4	212329	123320
4	212332	123332
4	212359	123499
4	212360	123503
4	212362	123514
4	212364	123527
4	212396	123684
4	212397	123687
4	212405	123731
4	212407	123749
4	212408	123755
4	212409	123756
4	212416	123800
4	212429	123885
4	212438	123938
4	212451	124000
4	212452	124007
4	212455	124013
4	212467	124076
4	212501	124205
4	212528	124305
4	212529	124309
4	212546	124379
4	212549	124421
4	212607	124673
4	212609	124678
4	212610	124686
4	212612	124698
4	212622	124732
4	212627	124756
4	212628	124758
4	212629	124759
4	212633	124777
4	212642	124823
4	212644	124830
4	212647	124842
4	212662	124952
4	212676	125017
4	212679	125042
4	212683	125069
4	212693	125108
4	212711	125191
4	212719	125230
4	212733	125309
4	212735	125325
4	212736	125331
4	212787	125585
4	212792	125615
4	212797	125650
4	212820	125768
4	212821	125772
4	212822	125775
4	212823	125776
4	212832	125822
4	212835	125830
4	212845	125882
4	212846	125885
4	212860	125946
4	212882	125991
4	212883	125995
4	212887	126007
4	212892	126031
4	212931	126214
4	212934	126224
4	212936	126230
4	212937	126234
4	212959	126334
4	212961	126343
4	212967	126369
4	212969	126375
4	212980	126425
4	212982	126434
4	212983	126439
4	212989	126452
4	212991	126468
4	213005	126522
4	213007	126533
4	213018	126580
4	213022	126605
4	213023	126613
4	213025	126622
4	213037	126682
4	213043	126712
4	213049	126734
4	213050	126738
4	213059	126785
4	213080	126899
4	213114	127030
4	213139	127160
4	213150	212607
4	213153	127238
4	213155	127248
4	213168	127305
4	213169	127308
4	213174	127327
4	213195	127429
4	213200	127459
4	213202	127475
4	213203	127479
4	213214	127500
4	213217	127511
4	213226	127569
4	213227	127573
4	213228	127576
4	213237	127619
4	213241	127643
4	213257	127746
4	213258	127750
4	213260	127767
4	213262	127777
4	213281	127840
4	213283	127850
4	213287	127870
4	213288	127873
4	213293	127892
4	213299	127912
4	213302	127930
4	213308	127970
4	213311	127993
4	213313	127999
4	213314	128004
4	213318	128027
4	213352	128137
4	213391	128338
4	213398	128374
4	213418	128487
4	213419	128490
4	213422	128502
4	213423	128505
4	213424	128506
4	213425	128510
4	213446	128598
4	213478	128719
4	213479	128722
4	213492	128803
4	213497	128840
4	213502	128855
4	213504	128859
4	213511	128896
4	213514	128922
4	213561	129141
4	213562	129151
4	213563	129152
4	213582	129207
4	213584	129219
4	213587	129230
4	213588	129235
4	213589	129236
4	213597	129266
4	213598	129270
4	213611	129335
4	213613	129343
4	213619	129370
4	213620	129381
4	213623	129394
4	213633	129444
4	213634	129448
4	213637	129467
4	213640	129487
4	213644	129502
4	213656	129551
4	213665	129600
4	213684	129703
4	213686	129712
4	213687	129715
4	213699	129765
4	213714	129859
4	213724	129889
4	213732	129910
4	213735	129922
4	213746	129981
4	213756	130006
4	213763	130043
4	213814	130297
4	213817	130314
4	213818	130319
4	213831	130374
4	213843	130413
4	213869	130531
4	213893	130634
4	213906	130693
4	213907	130700
4	213915	130742
4	213937	130854
4	213940	130867
4	213941	130870
4	213972	131008
4	213995	131138
4	214000	131157
4	214010	131198
4	214013	131222
4	214019	131277
4	214020	131279
4	214028	131327
4	214033	131344
4	214040	131370
4	214045	131398
4	214046	131401
4	214047	131404
4	214053	131423
4	214056	131433
4	214058	131443
4	214079	131527
4	214082	131539
4	214083	131541
4	214107	131670
4	214122	131734
4	214125	131744
4	214127	131754
4	214129	131760
4	214136	131786
4	214139	131802
4	214140	131806
4	214161	131903
4	214182	132033
4	214189	132071
4	214201	132152
4	214205	132169
4	214218	132213
4	214227	132250
4	214231	132274
4	214232	132281
4	214258	132436
4	214272	132495
4	214276	132520
4	214312	132685
4	214330	132767
4	214373	132989
4	214377	133009
4	214378	133013
4	214418	133238
4	214427	133311
4	214449	133414
4	214450	133416
4	214475	133478
4	214483	133524
4	214502	133623
4	214505	133645
4	214515	133692
4	214528	133736
4	214540	133803
4	214546	133828
4	214547	133831
4	214549	133839
4	214559	133898
4	214581	133982
4	214583	133988
4	214590	134017
4	214603	134130
4	214632	134253
4	214634	134260
4	214670	134467
4	214671	134488
4	214686	134566
4	214687	134569
4	214688	134576
4	214700	134626
4	214710	134663
4	214711	134667
4	214714	134680
4	214718	134711
4	214743	134836
4	214752	134883
4	214754	134896
4	214756	134911
4	214757	134916
4	214771	135008
4	214774	135021
4	214801	135198
4	214831	135355
4	214832	135362
4	214850	135433
4	214874	135541
4	214876	135552
4	214877	135555
4	214893	135620
4	214905	135661
4	214917	135726
4	214927	135768
4	214928	135772
4	214929	135773
4	214934	135794
4	214938	135819
4	214939	135823
4	214944	135847
4	214956	135919
4	214972	135987
4	214976	136001
4	214977	136004
4	214979	136014
4	214984	136050
4	214989	136070
4	214996	136101
4	215006	136149
4	215017	136196
4	215020	136208
4	215021	136212
4	215024	136226
4	215025	136230
4	215026	136232
4	215027	136235
4	215037	136278
4	215046	136322
4	215055	136361
4	215064	136411
4	215073	136470
4	215078	136498
4	215084	136537
4	215116	136668
4	215118	136676
4	215149	136857
4	215150	136862
4	215171	136997
4	215176	137024
4	215195	137081
4	215206	137136
4	215212	137164
4	215214	137178
4	215215	137181
4	215229	137250
4	215240	137335
4	215246	137372
4	215261	137431
4	215276	137510
4	215305	137598
4	215326	137644
4	215347	137745
4	215349	137751
4	215353	137778
4	215362	137825
4	215363	137840
4	215385	137954
4	215402	138027
4	215422	138159
4	215431	138218
4	215438	138241
4	215447	138295
4	215467	138356
4	215473	138375
4	215475	138389
4	215480	138411
4	215482	138418
4	215491	138461
4	215492	138466
4	215493	138467
4	215494	138474
4	215512	138523
4	215517	138553
4	215524	138587
4	215527	213655
4	215528	138605
4	215535	138635
4	215541	138686
4	215588	138839
4	215629	139037
4	215637	139066
4	215640	139080
4	215649	139126
4	215671	139182
4	215672	139184
4	215679	139230
4	215683	139249
4	215688	139274
4	215700	139329
4	215701	214157
4	215702	139341
4	215703	139346
4	215706	139359
4	215711	139382
4	215730	139458
4	215733	139473
4	215739	139489
4	215749	139559
4	215792	139671
4	215801	139705
4	215806	139744
4	215815	139797
4	215819	139814
4	215837	139917
4	215847	139965
4	215850	139998
4	215897	140201
4	215898	140203
4	215903	140222
4	215917	140386
4	215928	140423
4	215929	140429
4	215930	140430
4	215931	140433
4	215941	214753
4	215947	140518
4	215973	140642
4	216000	140817
4	216002	140826
4	216011	140871
4	216012	140879
4	216027	140956
4	216042	141018
4	216047	141038
4	216048	141044
4	216051	141061
4	216052	141067
4	216060	141120
4	216064	141141
4	216067	141158
4	216068	141162
4	216083	141248
4	216086	141263
4	216116	141359
4	216118	141368
4	216119	141377
4	216120	141378
4	216127	141408
4	216128	141411
4	216132	141438
4	216166	141564
4	216184	141603
4	216235	141895
4	216242	141929
4	216247	141952
4	216249	141967
4	216257	142008
4	216264	142043
4	216270	142086
4	216288	142158
4	216295	142182
4	216298	142207
4	216332	142337
4	216341	142395
4	216342	142398
4	216359	142483
4	216362	142499
4	216374	142552
4	216376	142560
4	216377	142563
4	216389	142622
4	216393	142643
4	216411	142712
4	216436	142833
4	216455	142946
4	216456	142953
4	216458	142965
4	216483	143072
4	216486	143090
4	216495	143137
4	216504	143182
4	216505	143185
4	216506	143187
4	216512	143229
4	216550	143436
4	216578	143562
4	216588	143601
4	216601	143656
4	216629	143777
4	216630	143781
4	216631	143784
4	216664	143857
4	216668	143866
4	216695	143926
4	216696	143929
4	216717	143976
4	216727	144004
4	216746	144050
4	216748	144056
4	216753	144070
4	216759	144083
4	216765	144100
4	216772	144118
4	216773	144121
4	216789	144165
4	216800	144194
4	216805	144211
4	216806	144212
4	216807	144213
4	216809	144215
4	216810	144216
4	216811	144217
4	216812	144218
4	216813	144219
4	216814	144220
4	216815	144221
4	216816	144222
4	216820	144227
4	216821	144228
4	216822	216812
4	216823	144230
4	216824	144231
4	216825	144232
4	216829	144236
4	216830	144237
4	216831	144238
4	216832	144239
4	216833	144240
4	216834	144241
4	217324	146732
4	217326	146746
4	217328	146755
4	217333	146783
4	217343	146820
4	217345	146827
4	217366	146921
4	217367	146923
4	217385	147006
4	217386	147009
4	217393	147024
4	217394	147029
4	217398	147051
4	217401	147071
4	217403	147078
4	217404	147086
4	217405	147090
4	217406	147093
4	217411	147123
4	217423	147178
4	217426	147192
4	217427	211281
4	217439	147246
4	217440	147250
4	217444	147273
4	217478	147435
4	217506	147602
4	217507	147607
4	217508	147611
4	217509	147615
4	217510	147621
4	217513	147640
4	217521	147681
4	217522	147686
4	217531	147752
4	217532	147758
4	217686	148194
4	217721	148388
4	217744	148486
4	217770	148629
4	217777	148675
4	217778	148679
4	217835	148954
4	217885	149219
4	217926	149434
4	217936	149492
4	217937	149498
4	217938	149503
4	217939	149507
4	217967	149638
4	217968	149642
4	218010	149853
4	218011	149861
4	218039	149982
4	218042	149992
4	218056	150033
4	218073	151818
4	218102	150256
4	218112	150312
4	218136	150440
4	218137	150445
4	218139	150452
4	218152	150513
4	218191	150705
4	218214	150825
4	218247	150977
4	218276	151155
4	218277	151159
4	218278	151165
4	218279	151171
4	218280	151175
4	218281	151179
4	218282	151184
4	218283	151188
4	218315	151340
4	218407	151802
4	218408	151806
4	218409	151811
4	218410	151815
4	218411	151818
4	218412	151822
4	218506	152302
4	218508	152312
4	218509	152317
4	218510	152323
4	218543	152487
4	218552	152538
4	218553	152541
4	218621	152840
4	218627	152876
4	218628	152879
4	218629	152882
4	218630	152885
4	218631	152888
4	218637	152917
4	218657	153012
4	218660	153028
4	218662	153041
4	218664	153047
4	218666	153053
4	218667	153056
4	218668	153059
4	218669	153062
4	218670	153065
4	218671	153067
4	218675	153084
4	218703	153216
4	218713	153274
4	218774	153616
4	218781	153649
4	218798	153744
4	218806	153785
4	218857	154027
4	218937	154410
4	219035	154883
4	219036	154887
4	219037	154890
4	219038	154894
4	219039	154899
4	219041	154907
4	219042	154910
4	219148	155344
4	219267	155885
4	219334	156182
4	219380	156417
4	219401	156526
4	219408	156561
4	219437	156710
4	219438	156714
4	219455	156795
4	219532	157164
4	219595	157370
4	219613	157468
4	219670	157754
4	219676	157784
4	219690	157845
4	219691	157849
4	219722	158014
4	219723	158017
4	219725	158024
4	219727	158031
4	219728	158035
4	219731	158047
4	219757	158162
4	219882	158830
4	219897	158912
4	219965	159240
4	220052	159662
4	220053	159666
4	220054	159669
4	220056	159679
4	220063	159719
4	220072	184203
4	220140	160062
4	220189	160301
4	220204	160363
4	220219	160422
4	220246	160564
4	220247	160568
4	220248	160572
4	220305	160833
4	220378	161152
4	220414	161303
4	220417	161318
4	220418	161322
4	220419	161327
4	221376	163964
4	221378	163975
4	221386	164025
4	221395	164073
4	221513	164600
4	221534	164700
4	221559	164814
4	221561	164829
4	221575	164920
4	221596	165017
4	221597	165022
4	221599	165031
4	221611	165091
4	221612	165095
4	221704	165514
4	221721	165598
4	221725	165620
4	221774	165844
4	221775	165847
4	221805	154101
4	221895	166427
4	221902	166458
4	222005	166909
4	222141	167503
4	222177	167701
4	222181	167725
4	222262	168032
4	222263	168036
4	222264	168039
4	222265	168043
4	222268	168055
4	222269	168059
4	222272	168070
4	222292	168162
4	222353	168390
4	222376	168518
4	222413	168707
4	222430	168795
4	222493	169089
4	222508	169148
4	222593	169525
4	222654	169791
4	222710	170035
4	222715	170065
4	222731	170146
4	222732	170150
4	222762	170289
4	222764	170299
4	222765	170301
4	222798	170486
4	222799	170490
4	222801	170499
4	222823	170607
4	222862	170799
4	222903	221596
4	222904	170979
4	222905	170984
4	222906	170989
4	222907	170994
4	222908	170997
4	222910	171006
4	222912	171014
4	222913	171018
4	222944	171175
4	222954	171234
4	222955	171237
4	222959	217926
4	223023	171577
4	223032	171614
4	223048	171701
4	223050	171711
4	223064	171772
4	223077	171838
4	223083	171876
4	223194	172458
4	223229	172641
4	223230	172645
4	223232	172653
4	223233	172657
4	223395	173455
4	223622	174565
4	223623	174566
4	223750	174966
4	223753	218872
4	223826	175353
4	223828	175836
4	223830	175373
4	223831	175378
4	223832	175382
4	223834	175404
4	223835	175410
4	223839	175429
4	223844	175461
4	223845	175466
4	223856	175491
4	223858	175506
4	223860	175512
4	223861	175517
4	223866	175549
4	223867	175554
4	223873	175619
4	223874	175625
4	223875	175629
4	223876	175638
4	223882	175666
4	223886	175689
4	223888	175698
4	223889	175703
4	223894	175729
4	223897	175749
4	223899	175761
4	223901	175774
4	223902	175776
4	223903	175783
4	223906	175801
4	223909	175823
4	223910	175827
4	223911	175832
4	223912	175836
4	223913	175844
4	223915	175853
4	223916	175860
4	223932	175943
4	223933	175950
4	223935	175958
4	223936	175966
4	223938	175974
4	223942	175997
4	223947	176037
4	223948	176042
4	223950	176052
4	223953	176071
4	223955	176077
4	223956	176081
4	223967	176137
4	223979	176187
4	224085	176636
4	224111	176755
4	224179	177089
4	224185	177121
4	224326	177735
4	224365	177914
4	224399	178047
4	224434	178197
4	224436	178205
4	224439	178218
4	224458	178317
4	224474	178399
4	224517	178584
4	224554	178752
4	224578	178863
4	224597	178952
4	224619	179054
4	224636	179136
4	224684	179391
4	224685	179395
4	224686	179398
4	224715	179536
4	224737	179633
4	224738	179641
4	224739	179645
4	224740	179649
4	224741	179656
4	224853	180138
4	224957	180620
4	224975	222430
4	224984	180725
4	224986	180731
4	225016	180874
4	225036	180981
4	225092	181239
4	225095	181266
4	225096	181270
4	225097	181277
4	225127	181418
4	225141	181491
5	667	-1
5	713	667
5	969	667
5	2638	713
5	2642	2638
5	2645	667
5	2655	969
5	2660	2645
5	2668	2645
5	2680	2668
5	2686	2680
5	2694	713
5	2697	2694
5	2755	2750
5	2765	2760
5	2793	2788
5	2798	2793
5	2801	2645
5	2806	2793
5	2841	2645
5	2847	2841
5	2909	667
5	2931	2926
5	2940	2936
5	2944	2940
5	2948	2931
5	2953	2948
5	2957	2948
5	3133	2806
5	3151	2926
5	3187	713
5	3191	3187
5	3195	3187
5	3199	3195
5	3202	3195
5	3229	3195
5	3238	3195
5	3241	3229
5	3259	2750
5	3659	3145
5	3664	2841
5	3671	3664
5	3676	3671
5	3732	2926
5	3856	2926
5	3868	3856
5	3871	3856
5	3879	3871
5	3882	3879
5	3932	3868
5	3975	3856
5	4022	3871
5	4052	3871
5	4128	2750
5	4277	2750
5	4290	3659
5	4296	2841
5	4301	4290
5	4314	4268
5	4320	2645
5	4334	4328
5	4338	4334
5	4342	4338
5	4349	2660
5	4395	3584
5	4402	4314
5	4476	4471
5	4491	3229
5	4649	2750
5	4657	4649
5	4866	4320
5	4885	4878
5	4890	4885
5	4894	4890
5	5079	4268
5	5086	5079
5	5105	5079
5	5293	3259
5	5322	3259
5	5325	3229
5	5458	3259
5	5465	5458
5	5600	3659
5	5653	2926
5	6036	3659
5	6057	2940
5	6185	3659
5	6278	5458
5	6299	6296
5	6302	6299
5	6470	5600
5	6499	3259
5	6505	6499
5	6510	6505
5	6514	6505
5	6518	3145
5	6523	6505
5	6527	6514
5	6531	6523
5	6535	6505
5	6539	6499
5	6689	5509
5	6697	6689
5	6703	5293
5	6714	6703
5	6719	6714
5	6723	6714
5	6729	6714
5	6733	6719
5	6738	6710
5	6742	6710
5	6747	6714
5	6751	6742
5	6755	6710
5	6760	6755
5	6765	6760
5	8031	5322
5	8035	8031
5	8038	8031
5	8040	8038
5	8042	8031
5	8044	8042
5	8047	8042
5	8049	8047
5	8051	8035
5	8053	8047
5	8056	4277
5	8141	6689
5	8149	4657
5	8156	8149
5	8160	8149
5	8165	8149
5	8248	4471
5	8313	3732
5	8317	3584
5	8324	8317
5	8339	8328
5	8343	8339
5	8346	8328
5	8350	8339
5	8354	8317
5	8367	8362
5	8371	8362
5	8375	8328
5	8382	8354
5	8390	8324
5	8400	8328
5	8406	8317
5	8412	8324
5	8447	8406
5	8454	8412
5	8457	8454
5	8461	8412
5	8467	8461
5	8476	8473
5	8483	8461
5	8486	8470
5	8566	8400
5	8601	8328
5	8628	8375
5	8635	8382
5	8638	8390
5	8642	8638
5	8646	8566
5	8649	8375
5	8662	8601
5	8669	8382
5	8685	8662
5	8696	8354
5	8701	8696
5	8711	8669
5	8715	8354
5	8720	8367
5	8726	8711
5	8730	8367
5	8746	8354
5	8753	8711
5	8758	8753
5	8761	8758
5	8768	8758
5	8771	8764
5	8775	8768
5	8779	8354
5	8783	8768
5	8799	8779
5	8803	8775
5	8809	8783
5	8814	8317
5	8819	8814
5	8824	8646
5	8840	8814
5	8847	8840
5	8853	8840
5	8865	8711
5	8869	8865
5	8874	8865
5	8882	8869
5	8892	8753
5	8903	8898
5	8907	8892
5	8917	8913
5	8922	8892
5	8967	2750
5	8975	8967
5	8982	8975
5	8988	8053
5	9349	4290
5	9355	4301
5	9365	9355
5	9370	9365
5	9375	9360
5	9380	9360
5	9385	9360
5	9390	9360
5	9401	2793
5	9406	9365
5	9412	9380
5	9422	9380
5	9427	9380
5	9432	9375
5	9437	9412
5	9520	4649
5	9652	2750
5	9656	2793
5	9671	4301
5	9677	9666
5	9682	9677
5	9693	3584
5	9699	9693
5	9704	9693
5	9709	4320
5	9822	5458
5	9829	9406
5	9834	4296
5	9840	9671
5	9846	9829
5	9901	6036
5	9915	9652
5	10055	9693
5	10062	4296
5	10083	10062
5	10094	3259
5	10117	5600
5	10122	9846
5	10264	10117
5	10272	10264
5	10278	6703
5	10323	9693
5	10334	10323
5	10338	10329
5	10342	10329
5	10346	10334
5	10350	10329
5	10354	10334
5	10358	10346
5	10373	8967
5	10379	8160
5	10436	5105
5	10440	10436
5	10456	9652
5	10460	3664
5	10475	8031
5	10478	6296
5	10705	3259
5	10739	3584
5	10766	3856
5	10774	3935
5	10875	8967
5	10881	10875
5	10886	10881
5	10892	10886
5	10924	10151
5	10929	6510
5	10934	3664
5	10941	10739
5	10946	10941
5	10956	10062
5	10962	10956
5	10974	10968
5	10979	5322
5	10985	5325
5	10989	8042
5	10992	10989
5	10995	10985
5	10997	10985
5	11029	10460
5	11035	11029
5	11042	11035
5	11055	11042
5	11060	11029
5	11065	11042
5	11070	11060
5	11081	9829
5	11094	3259
5	11101	11094
5	11106	11094
5	11110	11094
5	11114	11101
5	11118	11094
5	11129	11118
5	11133	11110
5	11145	5322
5	11214	4485
5	11223	11214
5	11229	11207
5	11234	11214
5	11238	8696
5	11445	8685
5	11454	8248
5	11500	3259
5	11506	6470
5	11512	11506
5	11517	11506
5	11521	11506
5	11525	11517
5	11529	11506
5	11534	8165
5	11541	11506
5	11545	11512
5	11554	11512
5	11558	11506
5	11562	11549
5	11566	11558
5	11585	11562
5	11589	11549
5	11593	11549
5	11758	8967
5	11766	11758
5	11772	11766
5	11783	5458
5	11796	11145
5	11799	5657
5	11802	11799
5	11805	4894
5	11810	9704
5	11815	4328
5	11823	11815
5	11828	11815
5	11832	4314
5	12106	8248
5	12113	10055
5	12121	10083
5	12127	12113
5	12131	12113
5	12134	12113
5	12139	12113
5	12144	12134
5	12153	12134
5	12156	12147
5	12159	12113
5	12289	8662
5	12295	8400
5	12361	6185
5	12538	9693
5	12544	12538
5	12551	12538
5	12557	12538
5	12586	12581
5	12597	5600
5	12637	3676
5	12651	12637
5	12692	3879
5	12833	12824
5	12836	12833
5	12965	3259
5	12971	11589
5	12990	10875
5	12996	12990
5	13062	3241
5	13190	8967
5	13198	3151
5	13239	3259
5	13246	13239
5	13402	2788
5	13407	13402
5	13412	10475
5	13415	13412
5	13448	8053
5	13512	10460
5	13518	13512
5	13523	11029
5	13528	13523
5	13533	11029
5	13538	8056
5	13543	13538
5	13547	13538
5	13606	8042
5	13610	2697
5	13734	13415
5	13742	3229
5	13748	13745
5	13756	13742
5	13760	13734
5	13767	13742
5	13770	13748
5	13773	13734
5	13778	13726
5	13781	13760
5	13789	13748
5	13806	6296
5	14001	3241
5	14004	13062
5	14007	9693
5	14012	9693
5	14018	11796
5	14070	11796
5	14074	10875
5	14218	4878
5	14224	2926
5	14228	12581
5	14234	12931
5	14241	12824
5	14245	14241
5	14249	2948
5	14315	5600
5	14342	3259
5	14351	6535
5	14358	14351
5	14363	12990
5	14378	14224
5	14382	2953
5	14385	14382
5	14537	9693
5	14566	4471
5	14575	14007
5	14611	13077
5	14688	11094
5	14694	2944
5	14698	11106
5	14708	14694
5	14714	14698
5	14720	14694
5	14724	14224
5	14728	6714
5	14733	14720
5	14737	14720
5	14794	5110
5	14800	14537
5	15062	8649
5	15077	10323
5	15086	15082
5	15090	15086
5	15094	15082
5	15098	8406
5	15106	15098
5	15111	15094
5	15115	15082
5	15119	15115
5	15123	15082
5	15131	15119
5	15135	15098
5	15143	15119
5	15147	15086
5	15151	15102
5	15156	8649
5	15322	14218
5	15577	12538
5	15582	15577
5	15588	15582
5	15592	15582
5	15596	15592
5	15776	9693
5	15842	15077
5	15852	15842
5	15856	15842
5	15859	15856
5	15871	15863
5	15876	15863
5	15884	15852
5	15889	15852
5	15893	15884
5	15897	15880
5	15906	15863
5	15911	15889
5	15914	15893
5	15918	15852
5	15921	15906
5	15926	15889
5	15931	15926
5	15935	15906
5	15939	15876
5	15942	15918
5	16199	15577
5	16519	15106
5	16622	14566
5	16678	15577
5	16683	16678
5	16689	16686
5	16692	16686
5	16702	8886
5	16713	16702
5	16780	16678
5	16824	10979
5	16833	13789
5	16836	13748
5	16844	16836
5	16846	13767
5	16849	13533
5	16883	14228
5	16912	13396
5	16917	14336
5	17012	2926
5	17062	14234
5	17152	17148
5	17157	2926
5	17165	17152
5	17170	17148
5	17181	2926
5	17185	17181
5	17310	4408
5	17318	17310
5	17328	11094
5	17333	10929
5	17338	17333
5	17343	17338
5	17348	17338
5	17352	17328
5	17356	17333
5	17360	17356
5	17364	17352
5	17373	17343
5	17383	17328
5	17392	8696
5	17396	17392
5	17417	5322
5	17457	3856
5	17460	14018
5	17527	12289
5	17540	16686
5	17715	10055
5	17722	17715
5	17728	17722
5	17734	17722
5	17740	17734
5	17743	17734
5	17748	4476
5	17752	17722
5	17757	17740
5	17760	17728
5	17767	17728
5	17771	17728
5	17776	17722
5	17782	17767
5	17791	4268
5	17795	3187
5	17853	4314
5	17858	17853
5	17935	13077
5	17942	11229
5	18057	13077
5	18065	18057
5	18085	4471
5	18097	10373
5	18103	4649
5	18108	18103
5	18115	18103
5	18158	5458
5	18165	16883
5	18194	8988
5	18197	10373
5	18202	10379
5	18209	18202
5	18215	4471
5	18263	12581
5	18267	6703
5	18274	13551
5	18280	18267
5	18286	18274
5	18292	18280
5	18296	18267
5	18304	18300
5	18308	6510
5	18312	18280
5	18316	18304
5	18320	18286
5	18324	18312
5	18328	18304
5	18338	18304
5	18342	18292
5	18346	18316
5	18354	12289
5	18367	18361
5	18372	18361
5	18377	13551
5	18384	11500
5	18391	18384
5	18396	6505
5	18401	18384
5	18412	18384
5	18417	18401
5	18422	18412
5	18427	18422
5	18446	14331
5	18593	8248
5	18789	18783
5	18797	16883
5	18887	5322
5	18891	14004
5	18895	10460
5	19048	8056
5	19053	8056
5	19078	18158
5	19095	17791
5	19100	14611
5	19105	9704
5	19114	14228
5	19118	18593
5	19294	18354
5	19344	10456
5	19349	19344
5	19353	19349
5	19359	13538
5	19377	16912
5	19382	16883
5	19633	17328
5	19638	17383
5	19642	19638
5	19650	19646
5	19654	17364
5	19658	19650
5	19662	19650
5	19666	19662
5	19671	19654
5	19679	17383
5	19683	19646
5	19687	19679
5	19791	2750
5	19798	2765
5	19814	9693
5	19827	19814
5	19832	18215
5	19836	19814
5	19842	19100
5	19858	2750
5	20002	6689
5	20012	18115
5	20019	8160
5	20025	20019
5	20033	20025
5	20042	20025
5	20048	20019
5	20057	20033
5	20064	20057
5	20071	20033
5	20078	20057
5	20398	14800
5	20481	8056
5	20488	6042
5	20498	9656
5	20502	20498
5	20506	20502
5	20510	17143
5	20515	4277
5	20533	3732
5	20540	11145
5	20544	19382
5	20566	13997
5	20576	5458
5	20715	10055
5	20776	14234
5	20838	8988
5	20848	20776
5	20853	17012
5	20858	20853
5	20863	20858
5	20867	20863
5	20871	20858
5	20876	20867
5	20881	20863
5	20885	20858
5	20894	20867
5	20898	20867
5	20907	20863
5	20911	17157
5	20922	17152
5	20926	20894
5	20930	20863
5	20938	20926
5	20942	20863
5	20947	20881
5	20952	20898
5	20957	20934
5	21087	5458
5	21094	10475
5	21127	11506
5	21134	10272
5	21139	21127
5	21144	21139
5	21149	21134
5	21158	21139
5	21320	18887
5	21341	17328
5	21345	11133
5	21349	19638
5	21353	18342
5	21366	3868
5	21457	3584
5	21462	5105
5	21466	14018
5	21734	3259
5	21740	21734
5	21744	21740
5	21753	21740
5	21757	21740
5	21768	6714
5	21772	21734
5	21776	21753
5	21785	21753
5	21932	17328
5	21937	21932
5	21947	11118
5	21951	21947
5	22137	11445
5	22352	17457
5	22360	12836
5	22377	18267
5	22381	18267
5	22386	22381
5	22390	22386
5	22407	22390
5	22411	22381
5	22415	18346
5	22419	22415
5	22424	22411
5	22428	10278
5	22432	22390
5	22440	22415
5	22448	18316
5	22452	22381
5	22457	22436
5	22462	22452
5	22474	22457
5	22478	22452
5	22482	9666
5	22675	14794
5	22680	6042
5	22686	4301
5	22691	22686
5	22696	9671
5	22804	17853
5	22819	11766
5	22834	18215
5	22903	9693
5	22951	21341
5	22955	19662
5	22963	11106
5	22967	21937
5	22977	11101
5	22987	11094
5	22991	22951
5	22996	19662
5	23000	11101
5	23004	22967
5	23008	22959
5	23012	11094
5	23016	11133
5	23020	14315
5	23061	21094
5	23065	4277
5	23080	14315
5	23087	23080
5	23107	9693
5	23240	4342
5	23245	8248
5	23253	3259
5	23263	20510
5	23346	6499
5	23361	3935
5	23364	4649
5	23369	21320
5	23381	17715
5	23387	17310
5	23394	17760
5	23424	11506
5	23489	9709
5	23496	23489
5	23631	19858
5	23635	23631
5	23690	5286
5	23694	14522
5	23701	23694
5	23713	23694
5	23717	23709
5	23724	23713
5	23728	23701
5	23731	23694
5	23735	23709
5	23739	17012
5	23848	20481
5	23852	23848
5	23856	9406
5	23861	9840
5	23869	20715
5	23928	2655
5	23934	16912
5	23939	23924
5	23943	23928
5	23947	23934
5	23955	23489
5	24107	4128
5	24115	10083
5	24121	12134
5	24126	24115
5	24130	11149
5	24134	24130
5	24416	13239
5	24421	13246
5	24498	23061
5	24502	23245
5	24515	19118
5	24524	14311
5	24528	24524
5	24532	24524
5	24536	18887
5	24670	21118
5	24681	9365
5	24686	24681
5	24691	24675
5	24696	9365
5	24703	11029
5	24714	24709
5	24836	3259
5	24911	19791
5	24995	12113
5	25006	24995
5	25119	23690
5	25185	11029
5	25192	25185
5	25249	5458
5	25289	11029
5	25294	13512
5	25311	10323
5	25326	5653
5	25329	3732
5	25333	14378
5	25403	8141
5	25408	14378
5	25429	4649
5	25433	25429
5	25436	25433
5	25438	25433
5	25446	13448
5	25452	10766
5	25455	21734
5	25547	18783
5	25559	25547
5	25683	9693
5	25736	21320
5	25829	20481
5	25833	9671
5	25838	25833
5	25844	25838
5	25850	9840
5	25857	25850
5	25862	25833
5	25867	25844
5	25872	19100
5	27186	4878
5	27311	18194
5	27418	12538
5	27426	18065
5	27432	9915
5	27483	5458
5	27495	17417
5	27499	27495
5	27507	17143
5	27514	18887
5	27517	10985
5	27773	19791
5	27793	18887
5	27904	14218
5	27913	14611
5	27923	12651
5	27929	23424
5	27956	11029
5	27962	11070
5	27984	23240
5	27989	10774
5	28006	4649
5	28020	19294
5	28305	8141
5	28312	8149
5	28316	8141
5	28350	27507
5	28368	18593
5	28380	28373
5	28385	8988
5	28387	3664
5	28393	14611
5	28456	17328
5	28589	19095
5	28593	21087
5	28599	11506
5	28681	12965
5	28686	28681
5	28690	28681
5	28701	28690
5	28706	28686
5	28715	28701
5	28720	28715
5	28725	28690
5	28730	28690
5	28735	28701
5	28740	28690
5	28744	28701
5	28749	28710
5	28754	28686
5	28757	28690
5	28761	28686
5	28773	28740
5	28777	28690
5	28782	28690
5	28787	28768
5	28792	28735
5	28797	28686
5	28801	25838
5	28807	28730
5	28819	28690
5	28824	28797
5	28867	20533
5	28871	4649
5	28876	28871
5	28880	28871
5	28911	4268
5	28975	25249
5	28981	9671
5	29015	8248
5	29183	3187
5	29187	19118
5	29248	20515
5	29253	29248
5	29408	18797
5	29623	14342
5	29640	18401
5	29646	14351
5	29677	12113
5	29681	12134
5	29686	12144
5	29689	29681
5	29694	29689
5	29698	29686
5	29707	17417
5	29710	16846
5	29713	29710
5	29716	29713
5	29719	29710
5	29728	29713
5	29731	29719
5	29734	29710
5	29739	29734
5	29754	29713
5	29768	29761
5	29778	9693
5	29830	29826
5	29842	29834
5	29856	22933
5	29860	20551
5	29868	23739
5	29894	8248
5	29945	5322
5	29955	6296
5	29966	3229
5	29972	13062
5	29975	3195
5	29980	3241
5	29984	14004
5	29988	29975
5	29992	3241
5	30210	14228
5	30217	25683
5	30228	10055
5	30234	30228
5	30239	17318
5	30245	17757
5	30252	30228
5	30257	30252
5	30262	30228
5	30268	30252
5	30273	30262
5	30278	30228
5	30283	30228
5	30290	30262
5	30295	30268
5	30299	30295
5	30303	30273
5	30307	30295
5	30312	30239
5	30315	30307
5	30330	30273
5	30334	30299
5	30346	30283
5	30365	27495
5	30369	18197
5	30383	24911
5	30391	13062
5	30394	30391
5	30397	3241
5	30399	3238
5	30402	17795
5	30406	30394
5	30413	14224
5	30418	20922
5	30496	8988
5	30589	28154
5	30656	2750
5	30661	11029
5	30691	18097
5	30755	10323
5	30834	14315
5	30839	24696
5	30844	4301
5	30849	27311
5	30857	12922
5	30946	14218
5	30960	14315
5	30965	25833
5	31042	10151
5	31047	6729
5	31144	31138
5	31333	29004
5	31340	31337
5	31343	31340
5	31362	10875
5	31376	31368
5	31385	31376
5	31428	24911
5	31449	14537
5	31463	21734
5	31467	21740
5	31478	28316
5	31485	31471
5	31490	10379
5	31613	29015
5	31628	3664
5	31717	21466
5	31720	3935
5	31724	31717
5	31731	31720
5	31743	31717
5	31998	31333
5	32121	27186
5	32125	4890
5	32167	31449
5	32195	19377
5	32201	18194
5	32533	11506
5	32539	3145
5	32544	32539
5	32549	32533
5	32591	13239
5	32595	32591
5	32599	2788
5	32603	17143
5	32607	32603
5	32615	25683
5	32701	27956
5	32935	12538
5	32948	13512
5	32958	14611
5	32963	32958
5	32994	32121
5	33008	16824
5	33017	29710
5	33021	11094
5	33025	15842
5	33031	15867
5	33042	33031
5	33049	33036
5	33053	33031
5	33058	33036
5	33062	33042
5	33066	33031
5	33070	33058
5	33074	33066
5	33078	33066
5	33082	33053
5	33087	33074
5	33091	33031
5	33099	33074
5	33103	33049
5	33107	33066
5	33111	33031
5	33115	33107
5	33119	33099
5	33123	33074
5	33127	33111
5	33135	33031
5	33139	33087
5	33143	33066
5	33147	33031
5	33151	33139
5	33163	33095
5	33167	33058
5	33171	33167
5	33175	33167
5	33282	28681
5	33287	25862
5	33298	25862
5	33305	25833
5	33310	33287
5	33320	33298
5	33325	33282
5	33330	33325
5	33335	33287
5	33340	33330
5	33345	33330
5	33355	33350
5	33360	33287
5	33365	33360
5	33371	33305
5	33376	33371
5	33381	33310
5	33386	33371
5	33391	33350
5	33396	33391
5	33401	33340
5	33406	33325
5	33411	33371
5	33416	33287
5	33421	33287
5	33426	33340
5	33431	33305
5	33436	33431
5	33441	33386
5	33447	33345
5	33452	33406
5	33457	33305
5	33462	33391
5	33477	33386
5	33482	33396
5	33497	33416
5	33507	33287
5	33512	33431
5	33517	33360
5	33522	33396
5	33527	33492
5	33532	33416
5	33537	33472
5	33542	10774
5	33546	28599
5	33551	14315
5	33600	30383
5	33708	5509
5	33714	8982
5	33783	5322
5	33886	5286
5	33891	4277
5	33895	33891
5	33950	10055
5	34004	29888
5	34013	29894
5	34034	14728
5	34039	34025
5	34043	5105
5	34047	14241
5	34050	34047
5	34055	3151
5	34059	34047
5	34216	20544
5	34221	34216
5	34263	29819
5	34282	25547
5	34296	28154
5	34308	34299
5	34492	2750
5	34503	34492
5	34508	34503
5	34579	24911
5	34586	19858
5	34652	33774
5	34668	31693
5	34675	31138
5	34682	34675
5	34688	34675
5	34692	34688
5	34697	31144
5	34726	3187
5	34739	18292
5	34747	34743
5	34751	34747
5	34813	32701
5	34987	14218
5	34992	30946
5	35001	34996
5	35006	25408
5	35014	4268
5	35049	2675
5	35155	9915
5	35160	21127
5	35167	21139
5	35174	21158
5	35178	2750
5	35194	18593
5	35285	25736
5	35480	8248
5	35494	4649
5	35502	18354
5	35558	18446
5	35563	20922
5	35568	35563
5	35573	32603
5	35578	20911
5	35683	21734
5	35687	21763
5	35691	35687
5	35695	21740
5	35700	35683
5	35704	35695
5	35708	35704
5	35712	35700
5	35716	35712
5	35720	35704
5	35724	35704
5	35728	35720
5	35732	18401
5	35738	21466
5	35761	14224
5	35786	10929
5	35807	19814
5	35817	30834
5	35968	30383
5	35974	35968
5	35978	35974
5	36258	8461
5	36294	24670
5	36299	20848
5	36305	36299
5	36309	36305
5	36313	36305
5	36318	36309
5	36322	36305
5	36340	30844
5	36388	35558
5	36405	36398
5	36420	34004
5	36427	14566
5	36525	14537
5	36532	36525
5	36536	11832
5	36540	36525
5	36685	8988
5	36705	10373
5	36766	34216
5	36775	12971
5	36781	36775
5	36938	13190
5	37005	34216
5	37009	3145
5	37014	12931
5	37018	37014
5	37026	37018
5	37030	25862
5	37053	21087
5	37059	11506
5	37064	11541
5	37075	8982
5	37089	37075
5	37281	14218
5	37357	27901
5	37360	20544
5	37364	32533
5	37368	37360
5	37509	19858
5	37522	10997
5	37531	25403
5	37535	37531
5	37584	21087
5	37713	30210
5	37717	37713
5	37722	9822
5	37727	21149
5	37800	29623
5	37897	36938
5	37907	31362
5	37948	37069
5	37952	23240
5	38169	14070
5	38173	5657
5	38318	34591
5	38324	34591
5	38412	18895
5	38454	22680
5	38460	38454
5	38466	36328
5	38474	21122
5	38485	22680
5	38490	38460
5	38494	38460
5	38498	30844
5	38503	38479
5	38508	38466
5	38517	38485
5	38522	38474
5	38531	38466
5	38536	38508
5	38541	30844
5	38750	25403
5	38756	2686
5	38788	33783
5	38791	21457
5	38809	35155
5	38814	37535
5	38845	9829
5	38893	36427
5	38925	23245
5	38934	20515
5	38938	20515
5	38942	38938
5	38946	38934
5	38950	38938
5	38954	38938
5	38957	38934
5	38968	19377
5	38979	14234
5	39045	12106
5	39050	8406
5	39056	8375
5	39150	25408
5	39172	4878
5	39177	4890
5	39181	19842
5	39185	39172
5	39212	14311
5	39217	36536
5	39222	10436
5	39226	11445
5	39239	14218
5	39361	17715
5	39369	23394
5	39375	39361
5	39461	12637
5	39553	12824
5	39556	34047
5	39559	3151
5	39562	35006
5	39566	39556
5	39650	24502
5	39775	24416
5	39783	3259
5	39865	4649
5	39870	39865
5	39875	39865
5	39892	4649
5	39899	39892
5	39904	28981
5	39915	29707
5	39918	13734
5	39921	29719
5	39924	29710
5	39927	39921
5	39930	29713
5	39937	39921
5	39977	29710
5	39981	39930
5	39989	39930
5	40337	35155
5	49520	40337
5	49530	6697
5	49538	27773
5	49544	49538
5	49548	49544
5	49551	49544
5	49555	49548
5	49559	49551
5	49562	49559
5	49567	49544
5	49572	49555
5	49577	49544
5	49581	49559
5	49668	14331
5	49678	25289
5	49683	24709
5	49689	17310
5	49695	23245
5	49701	18354
5	49720	9693
5	49726	12538
5	49767	34813
5	49774	13523
5	49780	3659
5	50007	24130
5	50369	35817
5	50373	18593
5	50404	36388
5	50413	21466
5	50418	50413
5	50421	12833
5	50427	50409
5	50432	5653
5	50435	11799
5	50546	29834
5	50550	17942
5	50560	11223
5	50566	5110
5	50575	37360
5	50648	24107
5	50657	17757
5	50739	28305
5	50756	50745
5	50762	50745
5	50769	50745
5	50778	50739
5	50789	50745
5	50855	17463
5	50858	17463
5	50989	25333
5	51051	16912
5	51056	16912
5	51110	23240
5	51338	4268
5	51343	25547
5	51349	51343
5	51359	27904
5	51370	27904
5	51382	20566
5	51398	35558
5	51403	2926
5	51407	2948
5	51416	51412
5	51420	2944
5	51428	51416
5	51432	51424
5	51436	51416
5	51566	18887
5	51569	51566
5	51573	18887
5	51700	29004
5	51709	18197
5	51714	10384
5	51718	16912
5	51746	31998
5	51756	8141
5	51863	51709
5	51929	3659
5	52026	8317
5	52036	8382
5	52039	52036
5	52045	51060
5	52051	52048
5	52056	52036
5	52060	52051
5	52063	8685
5	52070	52036
5	52074	52070
5	52086	52039
5	52100	52060
5	52106	52074
5	52116	52063
5	52120	8649
5	52123	52103
5	52130	52036
5	52136	52039
5	52141	52120
5	52150	52045
5	52156	52106
5	52161	52048
5	52164	52056
5	52167	8701
5	52171	52164
5	52181	52048
5	52187	52181
5	52191	52187
5	52196	52181
5	52211	52200
5	52215	52211
5	52222	52204
5	52226	52204
5	52233	52036
5	52239	52196
5	52244	52196
5	52247	52244
5	52250	52244
5	52254	52250
5	52272	49774
5	52286	29004
5	52304	20515
5	52308	23631
5	52317	52308
5	52321	23631
5	52324	52313
5	52463	8746
5	52574	29945
5	52577	20510
5	52706	37005
5	52711	25254
5	52752	20551
5	52760	36938
5	52785	16199
5	52833	52829
5	52837	37509
5	52842	2755
5	52851	51714
5	52856	52846
5	52866	10264
5	52871	11570
5	52876	11512
5	52886	18346
5	52890	52876
5	52897	34221
5	52900	37722
5	52914	8031
5	52918	50435
5	52921	5657
5	52925	52921
5	53112	29677
5	53153	49668
5	53158	53153
5	53164	53158
5	53168	30656
5	53171	38522
5	53176	38474
5	53187	37907
5	53193	53181
5	53199	37907
5	53206	37907
5	53211	53187
5	53217	53193
5	53222	53211
5	53229	18361
5	53446	52833
5	53612	12538
5	53616	11796
5	53621	17460
5	53625	53616
5	53628	53623
5	53631	53619
5	53636	53619
5	53638	11796
5	53724	35494
5	53729	9677
5	53733	53176
5	53893	19858
5	53898	53893
5	53940	38809
5	54021	34591
5	54025	54021
5	54033	34591
5	54044	51110
5	54054	13528
5	54124	6729
5	54129	17012
5	54133	29868
5	54137	20922
5	54194	23381
5	54199	30321
5	54203	17760
5	54210	30295
5	54214	17757
5	54222	39865
5	54230	54222
5	54307	18446
5	54311	54307
5	54338	17062
5	54344	30217
5	54351	54344
5	54356	54344
5	54490	14070
5	54500	14018
5	54503	54500
5	54506	54503
5	54538	31362
5	54567	21932
5	54571	21937
5	54576	17352
5	54581	21937
5	54597	54591
5	54716	32195
5	54721	35563
5	54726	35568
5	55489	51718
5	55494	51718
5	55498	51718
5	55502	51718
5	55521	38791
5	55555	4878
5	55560	55555
5	55564	55560
5	55568	55564
5	55597	33708
5	55613	25872
5	55665	29015
5	55672	11445
5	55675	8601
5	55682	17364
5	55686	54576
5	55694	55682
5	55698	55690
5	55704	55690
5	55708	55678
5	55713	19650
5	55722	30418
5	55732	55713
5	55736	33542
5	55747	9693
5	55751	22903
5	55761	29778
5	55773	55747
5	55778	19821
5	55794	27913
5	55800	55794
5	55805	55800
5	55811	55805
5	55817	55794
5	55823	27967
5	55829	55800
5	55840	55805
5	55867	29677
5	55891	32615
5	55920	667
5	55923	55915
5	56045	23489
5	56052	56045
5	56060	56045
5	56067	4338
5	56074	6703
5	56083	6765
5	56087	56083
5	56091	56079
5	56096	20838
5	56099	5653
5	56123	30755
5	56138	27773
5	56142	34047
5	56145	34047
5	56148	56142
5	56151	34059
5	56155	14694
5	56158	56142
5	56164	56158
5	56167	56151
5	56170	56151
5	56177	56161
5	56748	34996
5	56754	56748
5	56760	56754
5	56765	56754
5	56789	27793
5	56793	14218
5	56799	56793
5	56803	56793
5	56809	56793
5	56813	3856
5	56880	28316
5	57015	9349
5	57024	53724
5	57030	20848
5	57077	22352
5	57081	57077
5	57087	21466
5	57157	34813
5	57163	55811
5	57227	54538
5	57263	22482
5	57267	9677
5	57271	57267
5	57275	10968
5	57281	57271
5	57285	9677
5	57289	57267
5	57294	57271
5	57299	57271
5	57304	57271
5	57308	57304
5	57313	57299
5	57319	57267
5	57323	57267
5	57327	57289
5	60606	16702
5	60623	12113
5	60631	16678
5	60764	20838
5	60911	25538
5	61112	33950
5	61198	32533
5	61206	20544
5	61232	49695
5	61238	17942
5	61242	29848
5	61246	56748
5	61254	4481
5	61327	28006
5	61521	14224
5	61637	37519
5	61660	4268
5	61701	2750
5	61790	17417
5	61793	54716
5	61826	52760
5	61837	23418
5	61842	27426
5	61872	8601
5	61886	29856
5	62041	23690
5	62045	27432
5	62049	38756
5	62055	17791
5	62137	11796
5	62140	50432
5	62142	52925
5	62145	62140
5	62147	50432
5	62220	25429
5	62234	11149
5	62241	62234
5	62257	62253
5	62268	62234
5	62278	28387
5	62284	27904
5	62294	12660
5	62298	52272
5	62304	62284
5	62308	62288
5	62313	62308
5	62414	10373
5	62419	62414
5	62424	62419
5	62428	62424
5	62436	11042
5	62585	12538
5	62737	54307
5	62783	33774
5	62799	34492
5	62804	62799
5	62809	62799
5	62814	62809
5	62952	12538
5	62958	12551
5	62962	62958
5	62966	52833
5	62982	29677
5	63028	3259
5	63032	18361
5	63314	30656
5	63406	34579
5	63414	19858
5	63421	61837
5	63427	13551
5	63433	52373
5	63521	14070
5	63527	12538
5	63533	63527
5	63538	62313
5	63679	27901
5	63800	3659
5	63814	10384
5	63820	54538
5	63826	63814
5	63921	31463
5	63927	52876
5	63932	10122
5	63982	29778
5	63987	38795
5	63993	63987
5	64006	64002
5	64010	55778
5	64065	18361
5	64070	11541
5	64074	52876
5	64078	23087
5	64084	11541
5	64089	37059
5	64094	11558
5	64115	18158
5	64125	35568
5	64130	56099
5	64132	56177
5	64136	20838
5	64148	24995
5	64217	54542
5	64221	64217
5	64229	21349
5	64234	63932
5	64241	19638
5	64245	11110
5	64250	11106
5	64254	22982
5	64259	64237
5	64264	54567
5	64268	11133
5	64272	54567
5	64285	18286
5	64289	64241
5	64340	63927
5	64343	11529
5	64348	11558
5	64547	50373
5	64560	16622
5	64564	55672
5	64569	64560
5	64730	19633
5	64738	18286
5	64742	19654
5	64746	64272
5	64752	35720
5	64757	17348
5	64761	55678
5	64765	22982
5	64769	17383
5	64773	64746
5	64778	64250
5	64782	64769
5	64790	64769
5	64798	55682
5	64802	64765
5	64806	64285
5	64811	54581
5	64815	64782
5	64819	64806
5	64827	64769
5	64831	64285
5	64835	64815
5	64839	64742
5	64844	64769
5	64848	64827
5	64853	23000
5	64868	64765
5	64876	64839
5	64880	64790
5	64884	64827
5	65321	23240
5	65387	12688
5	65395	65391
5	65399	11799
5	65402	65391
5	65404	65387
5	65407	65391
5	65598	14537
5	65610	57227
5	65614	13803
5	65618	11799
5	65689	34813
5	65701	25294
5	65708	11065
5	65745	18267
5	65774	18789
5	65781	54351
5	65848	51343
5	65859	10460
5	66033	14378
5	66045	25329
5	66049	64582
5	66181	65610
5	66186	66181
5	66190	66186
5	66197	66186
5	66202	66190
5	66208	66181
5	66212	66197
5	66216	66181
5	66220	66186
5	66232	66225
5	66407	56748
5	66469	52026
5	66504	63921
5	66508	66504
5	66514	51343
5	66519	51349
5	66568	5105
5	66576	10323
5	66584	66576
5	66668	24107
5	66674	50657
5	66678	39239
5	66685	18789
5	66690	35049
5	66695	34282
5	66701	66695
5	66708	51354
5	66744	64695
5	66750	10323
5	66785	57263
5	66790	57299
5	66795	57289
5	66800	57308
5	66805	66790
5	66810	66800
5	66820	66785
5	66825	66820
5	66830	66820
5	66835	66815
5	66840	66800
5	66846	66790
5	66851	66835
5	66858	66810
5	66863	66805
5	66868	57299
5	66873	66830
5	66877	66863
5	66943	18354
5	66947	8628
5	66955	49695
5	66966	32595
5	67047	19814
5	67057	55761
5	67061	55767
5	67065	67057
5	67069	19821
5	67075	37526
5	67135	56096
5	67161	23735
5	67166	34579
5	67171	49559
5	67250	28393
5	67430	13396
5	67535	35285
5	67655	14378
5	67659	3151
5	67662	67659
5	67687	12538
5	67771	52866
5	67775	60631
5	67780	36420
5	67799	67655
5	67808	67804
5	67814	67804
5	67819	67804
5	67824	67804
5	67829	67824
5	67834	67824
5	67838	67804
5	67842	67804
5	67847	67838
5	67873	18158
5	67886	22834
5	67947	67659
5	67951	67944
5	68103	65769
5	68156	66504
5	68165	22991
5	68428	11445
5	68433	63679
5	68440	29801
5	68465	20957
5	68483	4314
5	68491	13190
5	68505	68499
5	68508	68505
5	68513	68505
5	68516	68505
5	68523	68505
5	68613	9693
5	68658	10151
5	68662	56079
5	68666	20776
5	68670	28801
5	69070	52752
5	69174	62737
5	69178	11796
5	69182	10774
5	69189	69182
5	69193	11799
5	69196	69189
5	69200	13239
5	69213	9822
5	69236	4649
5	69240	49551
5	69245	49559
5	69249	69236
5	69253	49538
5	69257	49577
5	69264	49581
5	69268	69236
5	69654	17143
5	69863	10264
5	69869	69863
5	69873	24536
5	69876	69873
5	69879	63807
5	69884	69240
5	69889	52856
5	69932	29183
5	69952	36525
5	69957	11828
5	70027	21320
5	70029	11149
5	70034	50409
5	70036	70034
5	70039	31724
5	70041	70032
5	70043	70034
5	70045	70039
5	70052	70050
5	70054	2750
5	70059	70054
5	70063	23955
5	70070	37360
5	70075	5600
5	70099	52171
5	70141	51929
5	70145	32549
5	70150	70145
5	70154	3139
5	70163	70158
5	70167	70145
5	70172	70158
5	70180	70167
5	70184	70167
5	70188	70154
5	70192	37509
5	70197	61790
5	70200	3259
5	70204	60623
5	70217	53940
5	70245	4290
5	70251	33345
5	70261	3664
5	70266	70261
5	70278	3676
5	70289	70261
5	70294	70261
5	70300	70266
5	70305	70289
5	70309	70305
5	70314	70294
5	70319	70284
5	70325	70266
5	70339	3732
5	70342	69178
5	70346	69178
5	70348	56813
5	70380	70245
5	70384	70380
5	70387	70384
5	70391	70384
5	70395	70391
5	70403	70395
5	70407	70395
5	70412	70395
5	70416	70380
5	70421	70399
5	70426	70399
5	70434	70391
5	70437	70430
5	70440	70387
5	70448	70430
5	70454	70399
5	70461	70421
5	70465	70461
5	70468	70407
5	70472	70391
5	70475	70426
5	70480	70176
5	70485	70421
5	70489	70399
5	70492	70430
5	70496	70457
5	70499	70457
5	70503	70457
5	70507	70384
5	70511	70499
5	70514	70457
5	70517	70412
5	70521	70511
5	70525	70407
5	70529	70496
5	70532	12113
5	70538	68491
5	70595	70590
5	70600	70595
5	70605	70595
5	70611	70595
5	70616	54753
5	70627	70616
5	70636	70632
5	70641	14224
5	70645	14694
5	70648	51110
5	70655	4320
5	70668	70661
5	70672	70668
5	70677	70266
5	70687	4395
5	70700	70681
5	70706	70687
5	70724	50546
5	70729	11214
5	70743	69178
5	70746	70743
5	70749	70746
5	70776	4649
5	70781	70776
5	70785	70776
5	70820	27186
5	70827	51060
5	70841	61860
5	70844	70616
5	70849	70844
5	70854	70849
5	70859	23713
5	70864	70854
5	70869	70849
5	70881	70854
5	70886	70854
5	70891	70869
5	70902	70854
5	70908	70886
5	70912	70881
5	70917	70912
5	70928	13077
5	70933	70204
5	70964	70192
5	70970	33551
5	70975	70079
5	70980	70975
5	70984	5293
5	71012	20576
5	71017	70192
5	71022	70192
5	71026	14228
5	71038	36938
5	71049	70636
5	71060	10934
5	71066	28599
5	71081	71077
5	71085	71081
5	71095	70841
5	71122	71060
5	71129	71122
5	71135	18057
5	71141	12581
5	71146	18797
5	71151	37360
5	71155	70180
5	71159	71155
5	71163	71155
5	71167	71163
5	71171	71167
5	71177	34221
5	71181	71167
5	71186	71155
5	71190	6036
5	71194	70176
5	71198	71155
5	71206	71163
5	71211	37368
5	71221	71216
5	71226	71167
5	71230	71171
5	71238	71190
5	71243	71226
5	71255	32533
5	71260	71012
5	71265	70158
5	71277	24836
5	71282	71277
5	71288	71282
5	71294	71277
5	71300	14074
5	71310	70844
5	71316	71135
5	71327	70859
5	71345	10875
5	71352	25403
5	71357	69240
5	71364	70091
5	71372	71364
5	71390	11500
5	71397	71390
5	71405	40337
5	71415	19791
5	71427	3856
5	71445	70200
5	71458	39456
5	71463	33551
5	71468	34047
5	71524	71060
5	71530	70289
5	71536	70590
5	71541	969
5	71545	71541
5	71550	71545
5	71556	71541
5	71561	71545
5	71566	71545
5	71571	71545
5	71576	71541
5	71580	71541
5	71584	71556
5	71589	71566
5	71594	71584
5	71599	71550
5	71605	71580
5	71609	71580
5	71618	71609
5	71622	71545
5	71633	71626
5	71640	71277
5	71651	31362
5	71658	71651
5	71702	8328
5	71719	71702
5	71777	71719
5	71874	52200
5	71879	8779
5	71884	71879
5	72127	49695
5	72133	70261
5	72138	70180
5	72142	70980
5	72149	72138
5	72156	71194
5	72169	72164
5	72186	53168
5	72193	72189
5	72197	19377
5	72201	23263
5	72205	71536
5	72210	72205
5	72215	72210
5	72220	72210
5	72225	70192
5	72230	70212
5	72234	72230
5	72258	67499
5	72262	70180
5	72267	39783
5	72276	72258
5	72284	72164
5	72296	72284
5	72306	72300
5	72312	72300
5	72324	72312
5	72354	2788
5	72358	37069
5	72363	70655
5	72370	52045
5	72376	4320
5	72382	18354
5	72391	72258
5	72396	34034
5	72406	14611
5	72412	21932
5	72416	56083
5	72421	72416
5	72426	37069
5	72431	71066
5	72441	72437
5	72459	64340
5	72463	72459
5	72467	70192
5	72473	66744
5	72477	39559
5	72508	12113
5	72514	72508
5	72519	72508
5	72524	72514
5	72529	72258
5	72538	71282
5	72542	71288
5	72551	72267
5	72556	72534
5	72561	72267
5	72565	71288
5	72569	71277
5	72573	72547
5	72577	72267
5	72582	72542
5	72586	72542
5	72591	72258
5	72595	72556
5	72600	72547
5	72608	72459
5	72612	72138
5	72617	72612
5	72622	72612
5	72627	72612
5	72631	72622
5	72659	62284
5	72668	37014
5	72689	50550
5	72695	72689
5	72700	72382
5	72731	19791
5	72736	72731
5	72741	72736
5	72746	52851
5	72751	72138
5	72755	72138
5	72759	72755
5	72763	72759
5	72767	72755
5	72772	72767
5	72787	71038
5	72827	72787
5	72834	32615
5	72839	72827
5	72844	72839
5	72849	72839
5	72855	72849
5	72859	72839
5	72864	33551
5	72869	71066
5	72874	71194
5	72878	33551
5	72884	72878
5	72890	72296
5	72894	72182
5	72899	72225
5	72903	10436
5	72944	72197
5	72962	10460
5	72968	72962
5	72973	65854
5	72978	72962
5	72982	52752
5	72990	72982
5	72998	70339
5	73003	73000
5	73009	73003
5	73012	72197
5	73017	71415
5	73023	71352
5	73027	73017
5	73031	73017
5	73036	73027
5	73040	73017
5	73045	73031
5	73050	73027
5	73054	73017
5	73058	73031
5	73062	73027
5	73066	73062
5	73071	73031
5	73075	73058
5	73080	73017
5	73085	73050
5	73089	73085
5	73094	73031
5	73099	33365
5	73118	23924
5	73123	51718
5	73138	71651
5	73145	73138
5	73151	73145
5	73158	73145
5	73163	73151
5	73167	73151
5	73181	73167
5	73186	71352
5	73195	73158
5	73201	73181
5	73210	73163
5	73216	73158
5	73226	73195
5	73231	73173
5	73245	72801
5	73256	73245
5	73261	10985
5	73275	57024
5	73281	14315
5	73290	69236
5	73294	62809
5	73302	10934
5	73308	72973
5	73326	73320
5	73330	73326
5	73335	73320
5	73343	73326
5	73347	73330
5	73351	73347
5	73356	73320
5	73360	73335
5	73364	73343
5	73368	73335
5	73372	73364
5	73377	73360
5	73381	60631
5	73387	73381
5	73393	73381
5	73405	73381
5	73412	73381
5	73418	73381
5	73438	53724
5	73444	33282
5	73449	73438
5	73454	11094
5	73463	73459
5	73467	73459
5	73477	28154
5	73487	34996
5	73497	73487
5	73502	73497
5	73512	72487
5	73526	70768
5	73531	70616
5	73536	11445
5	73545	72982
5	73551	70632
5	73556	11047
5	73561	73556
5	73580	73245
5	73588	73556
5	73594	73588
5	73600	73387
5	73617	73611
5	73623	73594
5	73639	19382
5	73649	11500
5	73653	11506
5	73656	72627
5	73717	55597
5	73725	71012
5	73730	72358
5	73736	11815
5	73743	73730
5	73748	73730
5	73753	73748
5	73758	73730
5	73763	73758
5	73768	73736
5	73774	73748
5	73779	73768
5	73786	73743
5	73791	73763
5	73796	73748
5	73801	73791
5	73805	3151
5	73810	22834
5	73821	10055
5	73826	72508
5	73834	12159
5	73839	73834
5	73843	49720
5	73850	12557
5	73857	73843
5	73864	12551
5	73876	73864
5	73882	73857
5	73887	73864
5	73893	73857
5	73897	73893
5	73904	72689
5	73911	35014
5	73918	12581
5	73923	5458
5	73933	72300
5	73940	73653
5	73945	73730
5	73961	73953
5	73966	73961
5	73971	73953
5	73976	73966
5	73990	73957
5	73994	73990
5	74003	73990
5	74007	73966
5	74014	73953
5	74019	73961
5	74023	12623
5	74028	74019
5	74036	73971
5	74066	69178
5	74085	73666
5	74091	70059
5	74096	70348
5	74100	74096
5	74118	71038
5	74123	18057
5	74128	74123
5	74145	70480
5	74150	37014
5	74156	74150
5	74161	12931
5	74166	74161
5	74171	70054
5	74175	71151
5	74180	74145
5	74184	72755
5	74198	4649
5	74224	71135
5	74254	74175
5	74260	72290
5	74266	72284
5	74272	74266
5	74278	71198
5	74282	54307
5	74287	13402
5	74307	13512
5	74313	73671
5	74319	74313
5	74323	74313
5	74328	73687
5	74334	74323
5	74343	74319
5	74347	74343
5	74351	74339
5	74355	74319
5	74363	74313
5	74378	74343
5	74382	74313
5	74386	72962
5	74390	74386
5	74394	74390
5	74398	74386
5	74403	34043
5	74408	34591
5	74413	11145
5	74433	65614
5	74436	13806
5	74438	70841
5	74440	74433
5	74443	73639
5	74448	72890
5	74452	72874
5	74458	72149
5	74463	72874
5	74469	74260
5	74493	51382
5	74500	71211
5	74523	73594
5	74529	73594
5	74542	72258
5	74546	72565
5	74550	72586
5	74554	71288
5	74558	74554
5	74562	71300
5	74604	72801
5	74611	3664
5	74643	14228
5	74648	14234
5	74657	35761
5	74677	70908
5	74682	74135
5	74697	72678
5	74701	72755
5	74704	72612
5	74713	74709
5	74718	72612
5	74722	74260
5	74725	72755
5	74728	74704
5	74736	70176
5	74743	72138
5	74750	74743
5	74754	74743
5	74758	38431
5	74762	23346
5	74772	71352
5	74776	52760
5	74785	74776
5	74792	74785
5	74797	74776
5	74802	74792
5	74807	74785
5	74812	74802
5	74819	74792
5	74823	54044
5	74831	74797
5	74838	70681
5	74843	70692
5	74858	74843
5	74863	74843
5	74868	14537
5	74874	65598
5	74880	73801
5	74885	74874
5	74889	74885
5	74894	71066
5	74900	71159
5	74910	72156
5	74936	52286
5	74940	70632
5	74944	14724
5	74949	74940
5	74953	74949
5	74957	74949
5	74961	14688
5	74971	34030
5	74975	74949
5	74989	70984
5	74993	10278
5	74997	74989
5	75018	75007
5	75023	75018
5	75034	74103
5	75040	29183
5	75072	73526
5	75092	71135
5	75110	12538
5	75116	72318
5	75122	75116
5	75135	75122
5	75141	71364
5	75149	71364
5	75197	73381
5	75203	75197
5	75208	75203
5	75214	75203
5	75221	75203
5	75227	75214
5	75239	75233
5	75258	15062
5	75274	75197
5	75281	75274
5	75288	75135
5	75299	74677
5	75310	14611
5	75316	71777
5	75327	14800
5	75344	12538
5	75349	75344
5	75366	17935
5	75373	73487
5	75415	56876
5	75440	61660
5	75552	75546
5	75557	75552
5	75562	75552
5	75567	75562
5	75572	75552
5	75577	75572
5	75581	75572
5	75591	75415
5	75597	75333
5	75636	75274
5	75697	14800
5	75726	8375
5	75776	36420
5	75783	75726
5	75853	75697
5	75876	75092
5	75891	75884
5	75896	75891
5	75902	75891
5	75907	75891
5	75917	75912
5	75922	75917
5	75932	75912
5	75986	75344
5	76000	75986
5	76037	75884
5	76042	76037
5	76053	36420
5	76082	75986
5	76173	16780
5	76190	75986
5	76197	29834
5	76200	76197
5	76246	70933
5	76251	70933
5	76258	70933
5	76263	53168
5	76269	72406
5	76274	30217
5	76281	66678
5	76285	76281
5	76289	76281
5	76296	76274
5	76301	72678
5	76307	71238
5	76312	70163
5	76320	76263
5	76331	71012
5	76335	76331
5	76345	3259
5	76350	73639
5	76356	76350
5	76382	74915
5	76403	73009
5	76406	56099
5	76410	13803
5	76414	66049
5	76418	74313
5	76425	55555
5	76433	14315
5	76437	76361
5	76452	14218
5	76457	76452
5	76462	76452
5	76467	34652
5	76472	33021
5	76476	17333
5	76480	17373
5	76485	73123
5	76490	75044
5	76509	74171
5	76521	29183
5	76524	75344
5	76530	73850
5	76542	72318
5	76549	73897
5	76559	73666
5	76564	74403
5	76570	72834
5	76575	2801
5	76601	74175
5	76606	76437
5	76611	72689
5	76616	17935
5	76623	72695
5	76628	56765
5	76638	76633
5	76642	76611
5	76647	74224
5	76657	74408
5	76664	70776
5	76671	73151
5	76677	55489
5	76683	14234
5	76697	14074
5	76703	2686
5	76710	68428
5	76715	74648
5	76720	76345
5	76726	76345
5	76734	76730
5	76738	76307
5	76743	28599
5	76748	76743
5	76753	76748
5	76762	76757
5	76766	18377
5	76802	72225
5	76807	2793
5	76828	74403
5	76861	54124
5	76866	76350
5	76871	8375
5	76886	25249
5	76891	70176
5	76924	73545
5	76937	73666
5	76941	76937
5	76945	76941
5	76949	76941
5	76953	73666
5	76957	76953
5	76961	76949
5	76965	76945
5	76969	76961
5	76974	70192
5	76978	72426
5	76988	73545
5	76995	76988
5	77010	72827
5	77016	77010
5	77022	77010
5	77043	55521
5	77048	77043
5	77059	77053
5	77064	77048
5	77068	77064
5	77077	77064
5	77081	77053
5	77085	77048
5	77089	77048
5	77094	72339
5	77098	77081
5	77102	77081
5	77117	77111
5	77123	76611
5	77128	77053
5	77132	77072
5	77137	19048
5	77141	71571
5	77151	77141
5	77157	77146
5	77163	77141
5	77168	77163
5	77173	77168
5	77178	71550
5	77184	77146
5	77192	75415
5	77204	73933
5	77210	77204
5	77222	74408
5	77227	77222
5	77237	77227
5	77249	54338
5	77254	74648
5	77259	76730
5	77263	71390
5	77327	74171
5	77331	77327
5	77336	73118
5	77348	69236
5	77361	68040
5	77367	77361
5	77372	71357
5	77383	77367
5	77388	77367
5	77393	77388
5	77399	63587
5	77405	77388
5	77409	20057
5	77414	77405
5	77419	77383
5	77435	75636
5	77441	74874
5	77447	71345
5	77452	77447
5	77456	76521
5	77501	62041
5	77511	70590
5	77517	77511
5	77521	77511
5	77526	77517
5	77530	77517
5	77534	77530
5	77538	77517
5	77542	77534
5	77547	76969
5	77551	77530
5	77555	77517
5	77566	71077
5	77577	65614
5	77584	74440
5	77587	76399
5	77600	76564
5	77607	51746
5	77614	20715
5	77623	77614
5	77630	77623
5	77635	71122
5	77661	76356
5	77667	76715
5	77673	77656
5	77678	77667
5	77689	76345
5	77694	62737
5	77698	72894
5	77701	64340
5	77706	74732
5	77711	77706
5	77729	71099
5	77734	77729
5	77743	72138
5	77747	9822
5	77759	77755
5	77771	73454
5	77792	49695
5	77798	75333
5	77815	65598
5	77826	76053
5	77830	70729
5	77842	77798
5	77847	77842
5	77852	76738
5	77860	21457
5	77866	77835
5	77871	77566
5	77876	77871
5	77882	77876
5	77887	77876
5	77897	77882
5	77901	77882
5	77906	77887
5	77911	77882
5	77915	77882
5	77919	77906
5	77923	70348
5	77946	73666
5	77952	77946
5	77956	76974
5	77962	76472
5	77967	55708
5	77971	21947
5	77976	73459
5	77981	64864
5	77986	3145
5	77990	77986
5	77994	77990
5	77998	77986
5	78002	77990
5	78016	77998
5	78020	78006
5	78025	77986
5	78033	78012
5	78037	77976
5	78041	78033
5	78047	78033
5	78050	78033
5	78054	77998
5	78058	78002
5	78062	77990
5	78066	77998
5	78074	78002
5	78078	73810
5	78090	74096
5	78135	71277
5	78139	74386
5	78150	78101
5	78155	74403
5	78169	72894
5	78174	77729
5	78186	67756
5	78221	22834
5	78226	78221
5	78237	74517
5	78243	73594
5	78250	73568
5	78256	78243
5	78263	78243
5	78269	78256
5	78275	78237
5	78281	78250
5	78287	73594
5	78293	78237
5	78299	73588
5	78305	78293
5	78311	73600
5	78316	78275
5	78322	78305
5	78328	78243
5	78334	78250
5	78340	75288
5	78346	78328
5	78352	78256
5	78358	73594
5	78363	70197
5	78365	76197
5	78368	22951
5	78380	78372
5	78384	22982
5	78390	64225
5	78394	73459
5	78398	64259
5	78402	14315
5	78407	70841
5	78411	74440
5	78415	61790
5	78418	23065
5	78423	78418
5	78428	78418
5	78432	78418
5	78438	78428
5	78443	78418
5	78448	78418
5	78453	78432
5	78458	78423
5	78463	78438
5	78468	78423
5	78472	78468
5	78476	78463
5	78481	78468
5	78485	78453
5	78490	78481
5	78494	78432
5	78499	70600
5	78503	78448
5	78508	78503
5	78513	78428
5	78518	78468
5	78522	78513
5	78527	78443
5	78532	78485
5	78538	78476
5	78550	23087
5	78554	33551
5	78558	74736
5	78562	74709
5	78567	78558
5	78574	78558
5	78578	33551
5	78589	3732
5	78592	76403
5	78595	69186
5	78677	78673
5	78691	70348
5	78699	56060
5	78715	23631
5	78720	78715
5	78724	23107
5	78729	70192
5	78734	74091
5	78739	70933
5	78745	70933
5	78750	70844
5	78765	70197
5	78775	18043
5	78784	23852
5	78789	78784
5	78794	72894
5	78805	37519
5	78809	23924
5	78817	23947
5	78827	56876
5	78833	11766
5	78877	24107
5	78882	73821
5	78888	76575
5	78896	78882
5	78900	72519
5	78906	78882
5	78910	78882
5	78918	78882
5	78924	74403
5	78929	24416
5	78980	72487
5	78986	78980
5	78992	78986
5	78997	78992
5	79000	74989
5	79004	72133
5	79009	77447
5	79013	79009
5	79017	70266
5	79022	79009
5	79026	74123
5	79032	79026
5	79037	76638
5	79042	75299
5	79047	79042
5	79052	74758
5	79061	74758
5	79065	79052
5	79069	79065
5	79073	79069
5	79082	79069
5	79090	79078
5	79094	79061
5	79098	74989
5	79103	22977
5	79107	78006
5	79113	74989
5	79118	70984
5	79131	79127
5	79155	79131
5	79159	79155
5	79169	79155
5	79173	79131
5	79181	79131
5	79189	79169
5	79193	79159
5	79197	79177
5	79201	79193
5	79205	74403
5	79210	73736
5	79214	77327
5	79222	79214
5	79229	70200
5	79233	79082
5	79238	72267
5	79243	70192
5	79248	72225
5	79254	79248
5	79274	8248
5	79292	2750
5	79296	70059
5	79301	79296
5	79334	71099
5	79340	79334
5	79344	77738
5	79350	20848
5	79355	74145
5	79360	77738
5	79371	79340
5	79379	71122
5	79395	20576
5	79402	76886
5	79407	74145
5	79420	72276
5	79425	74278
5	79429	74386
5	79433	79429
5	79439	70204
5	79446	79439
5	79452	76983
5	79474	74156
5	79479	71146
5	79485	71260
5	79490	73928
5	79495	79474
5	79501	79485
5	79511	70743
5	79515	77010
5	79522	77409
5	79527	77614
5	79537	78924
5	79542	72230
5	79554	78090
5	79565	74070
5	79575	66514
5	79657	73275
5	79662	70251
5	79666	70475
5	79670	25872
5	79675	77222
5	79681	77237
5	79687	79681
5	79693	79681
5	79711	14537
5	79716	39177
5	79749	73477
5	79751	78805
5	79763	78805
5	79765	79763
5	79767	79763
5	79769	77577
5	79780	35014
5	79788	70054
5	79792	79296
5	79797	79788
5	79802	79797
5	79806	79296
5	79810	2801
5	79822	71316
5	79827	77842
5	79846	79827
5	79852	72138
5	79857	72164
5	83297	69236
5	83301	77456
5	83309	27904
5	83314	83304
5	83318	83304
5	83327	76937
5	83332	73118
5	83338	74307
5	83344	83338
5	83348	71066
5	83372	39865
5	83414	62737
5	83418	71651
5	83423	83418
5	83428	25683
5	83434	11506
5	83438	56793
5	83443	56793
5	83457	83443
5	83461	83457
5	83470	52030
5	83488	34025
5	83496	83492
5	83500	70641
5	83506	70645
5	83550	71255
5	83555	74443
5	84165	28681
5	84169	28706
5	84173	28764
5	84183	28749
5	84189	84169
5	84194	84173
5	84198	84177
5	84202	84198
5	84206	84198
5	84222	84202
5	84227	77678
5	84232	84189
5	84237	84218
5	84241	84202
5	84254	84214
5	84258	84177
5	84270	84241
5	84274	84210
5	84278	84270
5	84282	84198
5	84290	70841
5	84294	73138
5	84329	83414
5	84338	71012
5	84343	78216
5	84349	71364
5	84379	84373
5	84384	84379
5	84387	29004
5	84391	70648
5	84397	75567
5	84402	37952
5	84407	84402
5	84412	84391
5	84417	84407
5	84422	84402
5	84432	84402
5	84437	84422
5	84442	84402
5	84447	84422
5	84452	84442
5	84457	75591
5	84462	84417
5	84467	84462
5	84473	75552
5	84502	72487
5	84509	20515
5	84513	84509
5	84518	84391
5	84526	74697
5	84531	71294
5	84540	74767
5	84548	76269
5	84556	84548
5	84561	84556
5	84568	84561
5	84583	76312
5	84588	84577
5	84593	84588
5	84598	84593
5	84622	71255
5	84627	70167
5	84632	77614
5	84638	77852
5	84643	76307
5	84648	12113
5	84653	84648
5	84657	72508
5	84662	84648
5	84665	78765
5	84668	78078
5	84675	84668
5	84682	78216
5	84687	84682
5	84694	70729
5	84700	84687
5	84706	70616
5	84710	70896
5	84715	73805
5	84743	68491
5	84750	74812
5	84763	84632
5	84767	84632
5	84771	73545
5	84776	84771
5	84783	84648
5	84792	71135
5	84805	72827
5	84809	71060
5	84817	77852
5	84823	72156
5	84831	79248
5	84836	70964
5	84870	30383
5	84875	30960
5	84879	24696
5	84889	79429
5	84894	83470
5	84901	37069
5	84905	70325
5	84917	71066
5	84922	74463
5	84926	77435
5	84937	84457
5	84942	77192
5	84947	52030
5	84959	84932
5	84964	79751
5	84970	71390
5	84975	77456
5	84979	72944
5	84983	84979
5	84991	73666
5	84996	84991
5	85000	84996
5	85005	85000
5	85010	76957
5	85015	78729
5	85019	85015
5	85023	78734
5	85028	31463
5	85034	78139
5	85038	71530
5	85042	20776
5	85047	85042
5	85057	77792
5	85068	79360
5	85072	70681
5	85077	70692
5	85083	30755
5	85089	76611
5	85097	84668
5	85112	30844
5	85117	77738
5	85121	33287
5	85126	85117
5	85130	20848
5	85135	72186
5	85148	85117
5	85152	85112
5	85158	85148
5	85162	85130
5	85167	85162
5	85172	79360
5	85177	72467
5	85194	79780
5	85204	30960
5	85208	30960
5	85213	72205
5	85224	85218
5	85228	85224
5	85232	85228
5	85236	85232
5	85240	85228
5	85244	85218
5	85250	85228
5	85254	85236
5	85259	6755
5	85314	70964
5	85318	77551
5	85323	78432
5	85328	85323
5	85338	85328
5	85343	85338
5	85367	77456
5	85427	79716
5	85431	70820
5	85436	73387
5	85443	71651
5	85477	79379
5	85486	70204
5	85498	85493
5	85504	74443
5	85509	69206
5	85514	74171
5	85519	70059
5	85523	72358
5	85535	4342
5	85540	84427
5	85545	72827
5	85562	72149
5	85567	79780
5	85572	14218
5	85576	76452
5	85580	74611
5	85594	70841
5	85597	76403
5	85624	72775
5	85648	76521
5	85669	19377
5	85673	3259
5	85680	72396
5	85685	85680
5	85689	32615
5	85700	4395
5	85709	79037
5	85715	76331
5	85731	70681
5	85736	70145
5	85741	70145
5	85746	76301
5	85751	32539
5	85762	85756
5	85773	85762
5	85777	85773
5	85782	71463
5	85788	72225
5	85793	71255
5	85798	70141
5	85826	78691
5	85834	75310
5	85841	36532
5	85856	73302
5	85862	73302
5	85868	85862
5	85873	55622
5	85880	85873
5	85885	77815
5	85890	85880
5	85896	85880
5	85905	85880
5	85910	85890
5	85916	85880
5	85928	85528
5	85940	85936
5	85961	72182
5	85973	72267
5	85978	79118
5	85983	79103
5	85993	76331
5	85999	72262
5	86003	76331
5	86008	85993
5	86012	86008
5	86022	72444
5	86025	86022
5	86029	86018
5	86032	33551
5	86036	71066
5	86041	72878
5	86049	71415
5	86055	71410
5	86063	77923
5	86066	17460
5	86076	62737
5	86079	70964
5	86084	77547
5	86089	85545
5	86097	86089
5	86103	85498
5	86114	70590
5	86119	84509
5	86123	86114
5	86128	86114
5	86138	86133
5	86143	73308
5	86148	86133
5	86179	74776
5	86189	34025
5	86193	78006
5	86200	34039
5	86204	78006
5	86211	77967
5	86215	86211
5	86219	34043
5	86227	77614
5	86233	85063
5	86238	9840
5	86244	25862
5	86250	85135
5	86273	79395
5	86280	74224
5	86305	30589
5	86308	68491
5	86326	84870
5	86330	78715
5	86334	86330
5	86338	86330
5	86342	86330
5	86346	86330
5	86370	57263
5	86380	86375
5	86385	77151
5	86393	86370
5	86398	86393
5	86403	72731
5	86409	86403
5	86413	86409
5	86420	86413
5	86426	86409
5	86432	34591
5	86447	85572
5	86452	72689
5	86464	70648
5	86468	84889
5	86503	57157
5	86509	73320
5	86513	86509
5	86517	86513
5	86521	86513
5	86525	86513
5	86529	86521
5	86539	77587
5	86547	74224
5	86552	73487
5	86557	85072
5	86579	84926
5	86584	79243
5	86588	86584
5	86592	77876
5	86597	86588
5	86602	86588
5	86606	74145
5	86612	72878
5	86618	86612
5	86626	86612
5	86642	73017
5	86663	72944
5	86667	84783
5	86674	72382
5	86683	35480
5	86695	76748
5	86702	74910
5	86707	72542
5	86712	77456
5	86717	77435
5	86729	75678
5	86742	76399
5	86756	65614
5	86760	67804
5	86767	72363
5	86794	75299
5	86803	13077
5	86819	27426
5	86825	86819
5	86832	74224
5	86837	74758
5	86905	76331
5	86910	79098
5	86916	76331
5	86920	76307
5	86924	84889
5	86929	3732
5	86943	17417
5	86946	79214
5	86991	83332
5	86996	83332
5	87005	70192
5	87010	77010
5	87015	87010
5	87021	76871
5	87027	87021
5	87031	39172
5	87036	36532
5	87047	87036
5	87052	87031
5	87058	36532
5	87064	85885
5	87069	85841
5	87074	71066
5	87089	78101
5	87115	33365
5	87122	71141
5	87127	79501
5	87132	86606
5	87137	86606
5	87143	87137
5	87148	74463
5	87155	79857
5	87159	74180
5	87180	85042
5	87185	87180
5	87188	37014
5	87193	87188
5	87198	87193
5	87221	70841
5	87224	87221
5	87226	73653
5	87231	74145
5	87235	65387
5	87239	86063
5	87243	86063
5	87254	86447
5	87259	87010
5	87271	76307
5	87275	71390
5	87284	29183
5	87286	70070
5	87296	85514
5	87300	79797
5	87306	85514
5	87310	85545
5	87318	73186
5	87322	33551
5	87335	74910
5	87339	87329
5	87344	70980
5	87348	84879
5	87364	39150
5	87368	76350
5	87380	78186
5	87422	54490
5	87440	86943
5	87443	78805
5	87450	76345
5	87455	74743
5	87459	87450
5	87464	87455
5	87474	69654
5	87489	79113
5	87493	87485
5	87512	87507
5	87517	87010
5	87525	87517
5	87532	87517
5	87537	87532
5	87545	87517
5	87552	53187
5	87557	87517
5	87563	87532
5	87570	87517
5	87576	87570
5	87588	87545
5	87594	87537
5	87626	66181
5	87631	87626
5	87635	87626
5	87641	86063
5	87657	71151
5	87663	70079
5	87668	85746
5	87692	76316
5	87696	87692
5	87706	83447
5	87711	74408
5	87717	86432
5	87721	87711
5	87726	86308
5	87737	86227
5	87744	87737
5	87756	74758
5	87761	74762
5	87765	70984
5	87773	74910
5	87780	75007
5	87787	76263
5	87796	38508
5	87805	38479
5	87810	85152
5	87815	57030
5	87825	87815
5	87851	86751
5	87855	70776
5	87860	70781
5	87865	87855
5	87874	70841
5	87893	87851
5	87898	50566
5	87910	85834
5	87915	74868
5	87919	73779
5	87925	87919
5	87934	36705
5	87939	9365
5	87944	77738
5	87950	72225
5	87962	3187
5	87966	70590
5	87971	87966
5	87976	77547
5	87980	78809
5	87984	70172
5	87989	76891
5	87994	86946
5	88008	63921
5	88023	76871
5	88028	87910
5	88033	87036
5	88043	87047
5	88048	87036
5	88052	88028
5	88057	88033
5	88062	88043
5	88067	88052
5	88072	88052
5	88077	85431
5	88087	79379
5	88102	74224
5	88115	72358
5	88124	73308
5	88129	15322
5	88135	73302
5	88142	39361
5	88160	74040
5	88169	86756
5	88173	77587
5	88177	70749
5	88183	88169
5	88186	76403
5	88192	74096
5	88198	87703
5	88201	76715
5	88206	76524
5	88213	77292
5	88225	72668
5	88235	88231
5	88246	71972
5	88262	70204
5	88268	70781
5	88274	79474
5	88279	71390
5	88284	79229
5	88288	70200
5	88292	88284
5	88296	88292
5	88301	88292
5	88306	88301
5	88311	88292
5	88321	88316
5	88327	88284
5	88331	88321
5	88336	88316
5	88340	88321
5	88344	88336
5	88352	88306
5	88356	88321
5	88365	88360
5	88369	88360
5	88379	88336
5	88383	88348
5	88387	88327
5	88391	88284
5	88395	88360
5	88399	21320
5	88422	86179
5	88457	71038
5	88462	70984
5	88467	87493
5	88477	86916
5	88481	88471
5	88494	86916
5	88499	88494
5	88503	72894
5	88510	79429
5	88523	86273
5	88549	40337
5	88553	73054
5	88557	78924
5	88562	85097
5	88569	71390
5	88574	71194
5	88578	87231
5	88584	86018
5	88590	72878
5	88595	86041
5	88600	74910
5	88605	79560
5	88610	85244
5	88616	88605
5	88621	88616
5	88640	69236
5	88646	49551
5	88650	49567
5	88656	88646
5	88661	78924
5	88685	49720
5	88691	73843
5	88709	88691
5	88715	88691
5	88722	72318
5	88741	88691
5	88747	73887
5	88754	88685
5	88770	74282
5	88777	84622
5	88790	84526
5	88797	79817
5	88803	88797
5	88807	88803
5	88822	85788
5	88826	14315
5	88866	73843
5	88873	14800
5	88878	88169
5	88882	50432
5	88886	79375
5	88895	76611
5	88909	72689
5	88914	77835
5	88919	73502
5	88928	76197
5	88932	88900
5	88937	72995
5	88941	83520
5	88947	73639
5	88953	71177
5	88957	86606
5	88977	84632
5	88988	84548
5	88994	84568
5	89001	77435
5	89006	88124
5	89047	87010
5	89052	89047
5	89057	77372
5	89075	77456
5	89092	76399
5	89100	8248
5	89121	74493
5	89132	74677
5	89178	76246
5	89207	84776
5	89226	33411
5	89259	83304
5	89263	89259
5	89319	79780
5	89337	72787
5	89404	18197
5	89408	72839
5	89416	89404
5	89420	16912
5	89433	76677
5	89443	25683
5	89450	87517
5	89456	87576
5	89467	89450
5	89472	89450
5	89479	87780
5	89492	86432
5	89496	87717
5	89528	30755
5	89538	87984
5	89550	85751
5	89554	86723
5	89560	75597
5	89566	89560
5	89573	89566
5	89578	74135
5	89595	89566
5	89601	89566
5	89606	89560
5	89611	89606
5	89615	89554
5	89633	73904
5	89641	85443
5	89648	85651
5	89655	31340
5	89658	72957
5	89662	79248
5	89666	77876
5	89670	52308
5	89674	89670
5	89678	89666
5	89682	89674
5	89686	89662
5	89690	86597
5	89695	89670
5	89699	89674
5	89704	89699
5	89708	89670
5	89712	89682
5	89716	89662
5	89720	89712
5	89736	74443
5	89745	76606
5	89750	72874
5	89754	76866
5	89776	14074
5	89781	20776
5	89787	87198
5	89797	70145
5	89802	89797
5	89807	2926
5	89812	78164
5	89855	52706
5	89859	71177
5	89863	52711
5	89867	89859
5	89871	34221
5	89875	89867
5	89881	89875
5	89885	89871
5	89889	89881
5	89893	89875
5	89901	89871
5	89912	89871
5	89916	89889
5	89920	89859
5	89924	89859
5	89928	89889
5	89932	89871
5	89936	71211
5	89940	89881
5	89945	89905
5	89949	89885
5	89953	89916
5	89961	89928
5	89965	89885
5	89969	89885
5	89973	89859
5	89977	37360
5	89981	89905
5	89985	89893
5	89989	89949
5	89997	89981
5	90002	89924
5	90006	89989
5	90010	90002
5	90014	89969
5	90018	89889
5	90026	89920
5	90030	89961
5	90034	89893
5	90038	89945
5	90042	89949
5	90051	90006
5	90055	89945
5	90063	89949
5	90067	89981
5	90079	89945
5	90083	90002
5	90087	89881
5	90091	90010
5	90095	89993
5	90103	89920
5	90107	89932
5	90111	85756
5	90118	52752
5	90130	88941
5	90135	72300
5	90141	90135
5	90148	89487
5	90153	71054
5	90159	71026
5	90165	52829
5	90175	77906
5	90185	90170
5	90190	90185
5	90195	79792
5	90201	90170
5	90205	90175
5	90209	90201
5	90220	90185
5	90224	52876
5	90228	77792
5	90234	9709
5	90239	86756
5	90243	72775
5	90248	85624
5	90253	90248
5	90262	74028
5	90266	87021
5	90277	73986
5	90285	90281
5	90293	83304
5	90298	90285
5	90306	88977
5	90316	56789
5	90319	89648
5	90322	85523
5	90340	87074
5	90343	90340
5	90347	53181
5	90355	87525
5	90361	90355
5	90367	90361
5	90373	90361
5	90379	90361
5	90384	87552
5	90390	90384
5	90395	53199
5	90401	53940
5	90405	90355
5	90411	90361
5	90416	90395
5	90422	90373
5	90429	83332
5	90447	88640
5	90456	90447
5	90461	90456
5	90467	90456
5	90472	86452
5	90477	78805
5	90480	86792
5	90493	90135
5	90508	85788
5	90512	14537
5	90518	70590
5	90523	71550
5	90528	71576
5	90533	70600
5	90541	71571
5	90546	90528
5	90552	90541
5	90557	90518
5	90562	90528
5	90567	90557
5	90573	90567
5	90578	84668
5	90596	87711
5	90600	84901
5	90605	74328
5	90611	74328
5	90616	90605
5	90624	85834
5	90641	2936
5	90645	83510
5	90650	86464
5	90674	85722
5	90676	76281
5	90682	15106
5	90686	90676
5	90712	85443
5	90742	71044
5	90749	90742
5	90754	19662
5	90765	90742
5	90782	54562
5	90786	78058
5	90790	34039
5	90795	76476
5	90799	86211
5	90808	77998
5	90812	90782
5	90820	77560
5	90827	76331
5	90841	70256
5	90845	70163
5	90849	90845
5	90853	90841
5	90856	85746
5	90990	71118
5	90994	90990
5	91004	90990
5	91009	90994
5	91022	91017
5	91031	87898
5	91036	84668
5	91042	75876
5	91047	85097
5	91053	91017
5	91058	91022
5	91062	91047
5	91072	91067
5	91077	91067
5	91096	83297
5	91100	85545
5	91105	55555
5	91111	85922
5	91117	75927
5	91122	84952
5	91129	91105
5	91134	91129
5	91146	85493
5	91177	72508
5	91184	90738
5	91192	91184
5	91196	70645
5	91200	91192
5	91212	14224
5	91221	74949
5	91225	91196
5	91229	91196
5	91234	91229
5	91238	71049
5	91253	91234
5	91258	91229
5	91262	91212
5	91277	55747
5	91283	91277
5	91289	76564
5	91302	32958
5	91318	84783
5	91328	88807
5	91333	88807
5	91337	55920
5	91342	70681
5	91346	91328
5	91349	86539
5	91353	84548
5	91359	91353
5	91365	84556
5	91371	84568
5	91376	70648
5	91381	91353
5	91387	77587
5	91391	69189
5	91396	88186
5	91400	91396
5	91404	69189
5	91407	75299
5	91418	74682
5	91424	88192
5	91560	77860
5	91565	87706
5	91570	84901
5	91575	72689
5	91581	76628
5	91597	51338
5	91610	56793
5	91616	83457
5	91622	56799
5	91626	91622
5	91648	89047
5	91660	91648
5	91664	91660
5	91669	91664
5	91674	84540
5	91687	77815
5	91692	86606
5	91696	72612
5	91720	79334
5	91726	73449
5	91732	87939
5	91743	88225
5	91748	87825
5	91769	91424
5	91780	72659
5	91795	89248
5	91822	90322
5	91886	61112
5	91892	86717
5	91898	71651
5	91909	91898
5	91914	83418
5	91919	91898
5	91928	57304
5	91932	76331
5	91937	91932
5	91943	87489
5	91947	86924
5	91954	91937
5	91960	70070
5	91964	86018
5	91991	77456
5	91999	85922
5	92004	85885
5	92009	84942
5	92021	92015
5	92026	92015
5	92032	92021
5	92037	92032
5	92041	92015
5	92046	84648
5	92051	90135
5	92059	88747
5	92064	90148
5	92069	73897
5	92075	92069
5	92080	90326
5	92097	83327
5	92128	61198
5	92133	86924
5	92145	84593
5	92151	74910
5	92161	76611
5	92166	86534
5	92172	70729
5	92177	88900
5	92183	91575
5	92188	61250
5	92193	92183
5	92199	92172
5	92204	88932
5	92209	92188
5	92222	86447
5	92226	88129
5	92232	92222
5	92237	76457
5	92254	84715
5	92278	79439
5	92284	79446
5	92295	89528
5	92301	92295
5	92307	92295
5	92312	92295
5	92318	78805
5	92339	61793
5	92343	89662
5	92358	71463
5	92364	71066
5	92373	70743
5	92377	70743
5	92380	91396
5	92384	87132
5	92389	72156
5	92396	87148
5	92408	92402
5	92427	23690
5	92431	77192
5	92436	84932
5	92447	92431
5	92453	76042
5	92458	90165
5	92463	70616
5	92482	76886
5	92487	76886
5	92492	92487
5	92497	92492
5	92502	92487
5	92507	74096
5	92511	85968
5	92516	85993
5	92521	87489
5	92525	72569
5	92529	92389
5	92562	73017
5	92566	86642
5	92578	70348
5	92597	12651
5	92602	92597
5	92608	73961
5	92617	92602
5	92621	92617
5	92625	92617
5	92629	92621
5	92633	92625
5	92638	92629
5	92644	92633
5	92649	92644
5	92655	72659
5	92659	73994
5	92668	92663
5	92673	92621
5	92677	92617
5	92685	92629
5	92690	92638
5	92695	89259
5	92699	92649
5	92704	92617
5	92714	92621
5	92723	92625
5	92727	92602
5	92732	92633
5	92744	72284
5	92754	87329
5	92760	89750
5	92764	72874
5	92776	92771
5	92781	92771
5	92804	62414
5	92809	87750
5	92844	90130
5	92850	73876
5	92856	85097
5	92957	76289
5	92973	92957
5	93016	73080
5	93062	74096
5	93079	88169
5	93097	84763
5	93104	76524
5	93110	88691
5	93123	73897
5	93130	93123
5	93137	93110
5	93148	78877
5	93155	84662
5	93162	78896
5	93168	93148
5	93174	76664
5	93185	70590
5	93194	70611
5	93199	93185
5	93203	93189
5	93213	93189
5	93218	93213
5	93223	93203
5	93228	93199
5	93232	70590
5	93241	93228
5	93258	93218
5	93263	93223
5	93273	93268
5	93278	93246
5	93283	93278
5	93287	93189
5	93292	88886
5	93315	52706
5	93321	84548
5	93326	84568
5	93333	93326
5	93339	91353
5	93351	84561
5	93364	86712
5	93374	77860
5	93421	10456
5	93427	76715
5	93432	76361
5	93440	79857
5	93493	88640
5	93498	85023
5	93504	93498
5	93555	79229
5	93560	85562
5	93573	72878
5	93578	71026
5	93582	89404
5	93589	85545
5	93596	72827
5	93602	71651
5	93609	93589
5	93615	93582
5	93764	87761
5	93768	20776
5	93773	70070
5	93778	87455
5	93783	76891
5	93788	87459
5	93794	74096
5	93832	77747
5	93836	64078
5	93840	77456
5	93881	18158
5	93885	79009
5	93889	72787
5	93896	93889
5	93901	93889
5	93907	93889
5	93913	93889
5	93919	93889
5	93925	93919
5	93932	93913
5	93938	93925
5	93944	93938
5	93950	93944
5	93956	90401
5	93960	74838
5	93966	73454
5	93971	78376
5	93980	93966
5	93988	83304
5	93992	90262
5	94015	89248
5	94021	93885
5	94027	74767
5	94032	74767
5	94037	94027
5	94041	91692
5	94045	87459
5	94050	72612
5	94055	64348
5	94092	87893
5	94105	91117
5	94123	74413
5	94138	94133
5	94163	87137
5	94168	87286
5	94173	87137
5	94177	78078
5	94183	88741
5	94189	94177
5	94193	94183
5	94208	79107
5	94212	21353
5	94221	94217
5	94225	94217
5	94233	72631
5	94280	73821
5	94287	90118
5	94293	78402
5	94298	78402
5	94303	78402
5	94308	73281
5	94313	78402
5	94318	87368
5	94323	92015
5	94327	85042
5	94339	77673
5	94343	79495
5	94353	94348
5	94369	69174
5	94421	84548
5	94429	91371
5	94436	94429
5	94443	79817
5	94448	88807
5	94461	94448
5	94465	94448
5	94469	70844
5	94474	94469
5	94484	72731
5	94488	94484
5	94494	87780
5	94500	74874
5	94506	94500
5	94520	87322
5	94525	94520
5	94544	86503
5	94549	79429
5	94553	94549
5	94557	94549
5	94561	94557
5	94565	70661
5	94574	87479
5	94579	22432
5	94583	22390
5	94587	73302
5	94593	85862
5	94619	91302
5	94624	72978
5	94629	75007
5	94639	94280
5	94649	9693
5	94656	73933
5	94662	73933
5	94668	70339
5	94671	70749
5	94673	66049
5	94675	94673
5	94679	70749
5	94681	88557
5	94685	66186
5	94690	86723
5	94696	70091
5	94700	94696
5	94743	72276
5	94748	74282
5	95310	37357
5	95312	84743
5	95339	76331
5	95351	66514
5	95356	51354
5	95360	72149
5	95365	72174
5	95371	95365
5	95375	92396
5	95380	77292
5	95389	87074
5	95413	88977
5	95420	75040
5	95424	19048
5	95450	86683
5	95465	88169
5	95469	74438
5	95473	95469
5	95476	88169
5	95480	69189
5	95499	65610
5	95503	95499
5	95509	71972
5	95524	93374
5	95529	67166
5	95533	90456
5	95539	95533
5	95544	86432
5	95578	73666
5	95582	90185
5	95588	90201
5	95593	95588
5	95598	95578
5	95603	95598
5	95608	95588
5	95612	95598
5	95616	73545
5	95649	87380
5	95657	72467
5	95667	62737
5	95678	88206
5	95704	94163
5	95708	74709
5	95713	71234
5	95716	76437
5	95722	72767
5	95735	73725
5	95741	79495
5	95747	70172
5	95752	95747
5	95764	70232
5	95769	87450
5	95774	78164
5	95781	74517
5	95798	35049
5	95812	93432
5	95818	93440
5	95823	85186
5	95830	91696
5	95835	74709
5	95841	84682
5	95848	90153
5	95854	84694
5	95862	87980
5	95877	73933
5	95883	52030
5	95890	95883
5	95897	72318
5	95903	95897
5	95910	88192
5	95914	89802
5	95920	79402
5	95925	93364
5	95939	87517
5	95945	72787
5	95956	89450
5	95962	89450
5	95966	87588
5	95978	85572
5	95984	85572
5	95993	95978
5	95997	95978
5	96002	95978
5	96007	95997
5	96011	91622
5	96016	96007
5	96021	96016
5	96025	96002
5	96030	96002
5	96087	79098
5	96091	86008
5	96096	71463
5	96105	90130
5	96208	84509
5	96212	96208
5	96219	14611
5	96226	86308
5	96231	71310
5	96235	71316
5	96310	93881
5	96315	89280
5	96320	87994
5	96325	96320
5	96332	96320
5	96337	87732
5	96352	76924
5	96366	77249
5	96370	94173
5	96376	86751
5	96389	88553
5	96393	79248
5	96398	72382
5	96424	39669
5	96430	79009
5	96434	93560
5	96439	79107
5	96452	77743
5	96455	25872
5	96460	79681
5	96466	70054
5	96471	70054
5	96475	77946
5	96480	96471
5	96485	87036
5	96490	96485
5	96501	87036
5	96507	87058
5	96512	88062
5	96542	16912
5	96944	20934
5	97621	79292
5	97863	87622
5	99511	17373
5	101286	39045
5	101356	72127
5	101368	24670
5	101379	3664
5	101384	3676
5	101393	101388
5	101719	4481
5	101836	85662
5	101990	71012
5	101995	89057
5	101999	71022
5	102084	77435
5	102089	37509
5	102109	101356
5	102247	65610
5	102374	87934
5	102430	12597
5	102443	15322
5	102447	61250
5	102488	101990
5	102496	14228
5	102501	102496
5	102548	34216
5	102564	52380
5	102671	85083
5	102703	11060
5	102708	86683
5	102713	52380
5	102725	73487
5	102729	73487
5	102733	102729
5	102737	102733
5	102808	73556
5	102822	101990
5	103059	84648
5	103063	10062
5	103065	73826
5	103138	101356
5	103142	83304
5	103234	101356
5	103239	102671
5	103242	37014
5	103281	13402
5	103391	74386
5	103430	102564
5	103449	61660
5	103501	94163
5	103570	52380
5	103837	50852
5	103841	73897
5	103871	66668
5	103908	102247
5	103939	103234
5	103984	79274
5	103990	84901
5	103994	11783
5	104012	91648
5	104018	101715
5	104028	104018
5	104038	102564
5	104200	34043
5	104226	101715
5	104229	4476
5	104232	95848
5	104248	92804
5	104565	104229
5	104569	102708
5	104579	104574
5	104645	23080
5	104688	23690
5	104691	23694
5	104694	23694
5	104696	70859
5	104699	104694
5	104702	23720
5	104705	104699
5	104708	23705
5	104713	104699
5	104716	104702
5	104719	104702
5	105208	14794
5	105211	74403
5	105236	73536
5	105240	61837
5	105245	61793
5	105255	95544
5	105387	27186
5	105399	63078
5	105481	27904
5	105495	102703
5	105505	105500
5	105573	103234
5	105577	92458
5	105581	24515
5	105631	101356
5	105637	102713
5	105745	102733
5	105750	101723
5	105792	103570
5	105888	104038
5	105901	103234
5	106000	29677
5	106012	105208
5	106016	104226
5	106022	106019
5	106026	106019
5	106029	106019
5	106032	8248
5	106057	105792
5	106066	106062
5	106102	30383
5	106110	86464
5	106196	102430
5	107064	85662
5	107070	4890
5	107074	102564
5	107140	102430
5	107154	55555
5	107159	85910
5	107163	85922
5	107296	89057
5	107387	102488
5	107551	102729
5	107642	35194
5	107645	107642
5	107661	20566
5	107666	106032
5	107731	105631
5	107779	103430
5	107784	103430
5	107789	107779
5	107809	103570
5	107815	71054
5	108082	107064
5	108140	18158
5	108277	102247
5	108429	87711
5	108697	105631
5	108727	96455
5	108732	105255
5	108811	95735
5	108832	73717
5	108839	107731
5	108874	88640
5	108878	69240
5	108881	108874
5	108885	108881
5	108934	12289
5	108960	12538
5	109049	92161
5	109055	88914
5	109059	109049
5	109067	102733
5	109098	103984
5	109340	17791
5	109439	102109
5	109444	105259
5	109603	89641
5	109662	52373
5	109665	106032
5	109684	52706
5	109709	95678
5	109713	12538
5	109717	109709
5	109720	109709
5	109838	90170
5	109842	90130
5	110036	9666
5	110197	51338
5	110275	56876
5	110464	107642
5	110471	14611
5	110475	91105
5	110479	107391
5	110483	91277
5	110488	110483
5	110494	110483
5	110499	110488
5	110502	91277
5	110506	110483
5	110574	56045
5	110579	110574
5	110670	101356
5	110717	57263
5	110722	57267
5	110949	108505
5	111042	61793
5	111154	111147
5	111327	106000
5	111545	63998
5	111548	91277
5	111569	37053
5	111574	64140
5	111663	52866
5	111666	90234
5	111708	2645
5	111907	108960
5	111973	104248
5	111978	105259
5	112020	95678
5	112081	103501
5	112086	109071
5	112089	108509
5	112092	67804
5	112106	112092
5	112157	101715
5	112227	103939
5	112231	9699
5	112235	105581
5	112287	109720
5	112298	108874
5	112302	69249
5	112306	69236
5	112310	112306
5	112314	108878
5	112319	69264
5	113270	87855
5	113316	87855
5	113321	113316
5	116585	27904
5	116593	116585
5	116598	72391
5	116608	35761
5	116613	9822
5	116617	55736
5	116621	104205
5	116625	116621
5	116630	21466
5	116634	87805
5	116638	89855
5	116642	14018
5	116646	50413
5	116648	116646
5	116650	116648
5	116653	76677
5	116657	116608
5	116699	969
5	116703	116699
5	116707	116703
5	143635	143631
5	143638	143635
5	143643	143635
5	143647	143635
5	147300	74767
5	147418	17181
5	147752	4128
5	148194	25311
5	148531	111973
5	148629	94318
5	149441	102374
5	149482	111042
5	149525	36766
5	149681	87934
5	149853	20398
5	149992	4022
5	149998	149988
5	150312	14566
5	150428	94516
5	150440	10264
5	150449	72138
5	150452	150445
5	150456	150452
5	150705	21118
5	151155	78775
5	151159	87657
5	151165	73656
5	151171	151165
5	151175	73656
5	151179	11506
5	151184	73656
5	151188	151175
5	151340	102247
5	151822	13190
5	152323	152317
5	152407	23245
5	152487	149525
5	152917	75208
5	154101	62737
5	154232	152317
5	154429	149441
5	154537	148194
5	154914	76361
5	154972	87613
5	154978	154972
5	155121	92804
5	155344	92046
5	155352	84577
5	155644	77698
5	155648	19114
5	156054	155121
5	156261	70964
5	156529	76345
5	156561	155644
5	157243	149441
5	157599	95827
5	158136	24416
5	158162	95380
5	158830	78407
5	159045	103570
5	159240	108140
5	159662	83434
5	159669	150452
5	159679	13190
5	159719	72138
5	159722	78402
5	159851	86946
5	159864	154972
5	159899	51382
5	160062	154910
5	160109	155644
5	160413	72487
5	160452	155121
5	160690	55915
5	161090	94163
5	161152	13803
5	161295	72358
5	161318	116657
5	161322	83332
5	161327	35568
5	164073	151165
5	164588	107387
5	164814	110197
5	165013	156767
5	165017	151165
5	165026	86622
5	165031	165017
5	165072	164814
5	165091	148388
5	165335	91696
5	165514	65598
5	165552	10456
5	165656	159240
5	165847	90990
5	166006	154101
5	166453	164588
5	166458	95389
5	167088	18097
5	167092	77698
5	167206	6499
5	167503	163964
5	167692	148194
5	167701	157243
5	167705	159719
5	168702	160109
5	168707	160062
5	168782	149441
5	169064	165335
5	169148	159679
5	169505	104688
5	169723	159379
5	169791	160452
5	169937	165091
5	169944	169937
5	170035	148194
5	170065	159379
5	170208	165091
5	170301	10323
5	170385	149441
5	170486	152487
5	170490	89736
5	170499	52380
5	170601	105888
5	170607	167701
5	170799	90135
5	170975	165017
5	170979	151171
5	170984	170979
5	170989	170984
5	170994	165031
5	170997	151175
5	171001	170997
5	171006	151175
5	171010	165031
5	171014	171006
5	171175	95413
5	171182	2801
5	171279	155121
5	171320	53893
5	171577	164588
5	171666	111663
5	171706	170301
5	171711	167701
5	171772	54562
5	171838	169937
5	174214	29778
5	174495	89100
5	174966	159679
5	174981	170499
5	174986	149482
5	174996	165514
5	176137	159240
5	176640	61701
5	176755	161322
5	177198	25403
5	177760	155121
5	178188	73656
5	178193	64070
5	178197	151188
5	178201	151188
5	178209	178201
5	178218	164814
5	178317	152317
5	178322	93885
5	178408	157243
5	178412	159712
5	178923	74493
5	178952	166453
5	179136	171666
5	179536	159679
5	179641	18342
5	179645	179633
5	179649	88957
5	180620	112092
5	180680	166006
5	180874	170065
5	181239	107400
5	181270	174981
5	181277	30849
5	181338	156767
5	181344	181338
5	181418	69869
5	181421	69869
5	181491	35761
5	181718	667
5	181722	713
5	181781	969
5	182704	12836
5	182705	2642
5	182706	2645
5	182707	116653
5	182708	2655
5	182709	2660
5	182710	2668
5	182712	2680
5	182713	2686
5	182714	2694
5	182715	2697
5	182724	2755
5	182725	2760
5	182726	2765
5	182730	2793
5	182731	2798
5	182732	2801
5	182733	2806
5	182738	2841
5	182739	2847
5	182750	2909
5	182753	2931
5	182755	2940
5	182756	2944
5	182757	2948
5	182758	2953
5	182759	2957
5	182780	3133
5	182782	3145
5	182783	3151
5	182789	3187
5	182790	30397
5	182791	3195
5	182792	3199
5	182793	3202
5	182802	3229
5	182805	3238
5	182806	3241
5	182810	3259
5	182966	3659
5	182967	3664
5	182968	3671
5	182969	3676
5	182992	3856
5	182994	3868
5	182995	3871
5	182998	3879
5	182999	3882
5	183008	3932
5	183021	3975
5	183036	4022
5	183043	4052
5	183086	4128
5	183115	4277
5	183117	4290
5	183118	4296
5	183119	4301
5	183121	4314
5	183122	4320
5	183124	4334
5	183125	4338
5	183126	4342
5	183127	4349
5	183154	4395
5	183155	4402
5	183167	4476
5	183170	4491
5	183171	4494
5	183192	4649
5	183193	4657
5	183249	4866
5	183252	4885
5	183253	4890
5	183254	4894
5	183285	5079
5	183286	5086
5	183289	5105
5	183320	5293
5	183328	5322
5	183329	5325
5	183365	5458
5	183366	5465
5	183373	5509
5	183384	5600
5	183392	5653
5	183474	6036
5	183478	6057
5	183496	6185
5	183506	6278
5	183511	6299
5	183512	6302
5	183540	6470
5	183545	6505
5	183546	6510
5	183547	6514
5	183548	6518
5	183549	6523
5	183550	6527
5	183551	6531
5	183552	6535
5	183553	6539
5	183572	6689
5	183573	6697
5	183574	6703
5	183576	6714
5	183577	6719
5	183578	183576
5	183579	6729
5	183580	6733
5	183583	6742
5	183584	6747
5	183585	6751
5	183586	6755
5	183587	6760
5	183588	6765
5	183835	8031
5	183836	8035
5	183837	8038
5	183838	8040
5	183839	8042
5	183840	8044
5	183841	8047
5	183842	8049
5	183843	8051
5	183844	8053
5	183845	8056
5	183857	8141
5	183858	8149
5	183859	8156
5	183860	8160
5	183861	8165
5	183872	8248
5	183880	8313
5	183881	8317
5	183884	8339
5	183885	8343
5	183886	8346
5	183887	8350
5	183888	8354
5	183890	8367
5	183891	8371
5	183892	8375
5	183893	8382
5	183894	8390
5	183896	8400
5	183897	8406
5	183898	8412
5	183903	8753
5	183904	8454
5	183905	8457
5	183906	8461
5	183907	8467
5	183910	8476
5	183912	8483
5	183913	8486
5	183926	8566
5	183933	8601
5	183938	8628
5	183939	52030
5	183940	8638
5	183941	8642
5	183942	8646
5	183943	8649
5	183945	8662
5	183946	8669
5	183950	8685
5	183951	8696
5	183952	8701
5	183954	8711
5	183955	8715
5	183956	8720
5	183957	8726
5	183958	8730
5	183960	8746
5	183961	8753
5	183962	8758
5	183963	8761
5	183964	8764
5	183965	8768
5	183966	8771
5	183967	8775
5	183968	8779
5	183969	8783
5	183971	8799
5	183972	8803
5	183974	8809
5	183975	8814
5	183976	8819
5	183977	8824
5	183979	8840
5	183980	8847
5	183981	8853
5	183983	8865
5	183984	8869
5	183985	8874
5	183987	8882
5	183989	8892
5	183991	8903
5	183992	8907
5	183994	8917
5	183995	8922
5	184001	8967
5	184002	8975
5	184003	8982
5	184004	8988
5	184071	9349
5	184072	9355
5	184074	9365
5	184075	9370
5	184077	9380
5	184078	9385
5	184079	9390
5	184081	9401
5	184082	9406
5	184083	9412
5	184085	9422
5	184086	9427
5	184087	9432
5	184088	9437
5	184103	72258
5	184129	9652
5	184130	9656
5	184137	9693
5	184138	9699
5	184139	9704
5	184140	9709
5	184160	9822
5	184161	9829
5	184162	9834
5	184163	9840
5	184164	9846
5	184175	9915
5	184194	10055
5	184195	10062
5	184198	10083
5	184200	10094
5	184204	10122
5	184225	10264
5	184227	10278
5	184229	10292
5	184238	10334
5	184239	10338
5	184240	10342
5	184241	10346
5	184242	10350
5	184243	10354
5	184244	10358
5	184247	10373
5	184248	10379
5	184260	10436
5	184261	18215
5	184265	72957
5	184266	10460
5	184269	10475
5	184270	10478
5	184309	10705
5	184316	10739
5	184320	10766
5	184323	10774
5	184349	10875
5	184350	10881
5	184351	10886
5	184352	10892
5	184357	10924
5	184358	10929
5	184359	10934
5	184360	10941
5	184361	10946
5	184363	10956
5	184364	10962
5	184366	10974
5	184367	10979
5	184369	10985
5	184370	10989
5	184371	10992
5	184372	10995
5	184373	10997
5	184376	10985
5	184384	11029
5	184385	11035
5	184386	11042
5	184388	11055
5	184389	11060
5	184390	11065
5	184391	11070
5	184392	11076
5	184393	11081
5	184395	11094
5	184396	11101
5	184397	11106
5	184398	11110
5	184399	11114
5	184400	11118
5	184403	11129
5	184404	11133
5	184407	11145
5	184416	11207
5	184417	11214
5	184419	11223
5	184420	11229
5	184421	11234
5	184422	11238
5	184451	11445
5	184452	11454
5	184458	11500
5	184459	11506
5	184460	11512
5	184461	11517
5	184462	11521
5	184463	11525
5	184464	11529
5	184465	11534
5	184466	11541
5	184467	11545
5	184468	11549
5	184469	11554
5	184470	11558
5	184471	11562
5	184472	11566
5	184473	11570
5	184476	11585
5	184477	11589
5	184478	11593
5	184503	11758
5	184504	11766
5	184505	11772
5	184507	11783
5	184510	11796
5	184511	11799
5	184512	11802
5	184513	11805
5	184514	11810
5	184515	11815
5	184517	11823
5	184518	11828
5	184519	11832
5	184581	12106
5	184582	12113
5	184583	12121
5	184584	12127
5	184585	12131
5	184586	12134
5	184587	12139
5	184588	12144
5	184590	12153
5	184591	12156
5	184592	12159
5	184608	12289
5	184609	12295
5	184648	12538
5	184649	12544
5	184650	12551
5	184651	12557
5	184655	12586
5	184657	12597
5	184666	12637
5	184669	12651
5	184676	12692
5	184709	12833
5	184710	12836
5	184734	12965
5	184735	12971
5	184739	12990
5	184740	12996
5	184749	13062
5	184771	13190
5	184772	13198
5	184780	13239
5	184781	13246
5	184805	13402
5	184806	13407
5	184807	13412
5	184808	13415
5	184814	13448
5	184843	13512
5	184844	13518
5	184845	13523
5	184846	13528
5	184847	13533
5	184848	13538
5	184849	13543
5	184850	13547
5	184859	13606
5	184860	13610
5	184883	13734
5	184886	13742
5	184888	13748
5	184891	13756
5	184892	13760
5	184895	13767
5	184896	13770
5	184897	13773
5	184899	13778
5	184900	13781
5	184903	13789
5	184908	13806
5	184936	14001
5	184937	14004
5	184938	14007
5	184939	14012
5	184940	14018
5	184948	14070
5	184949	14074
5	184968	14218
5	184969	14224
5	184970	14228
5	184971	14234
5	184972	14241
5	184973	14245
5	184974	14249
5	184983	14315
5	184989	14351
5	184990	14358
5	184991	14363
5	184993	14378
5	184994	14382
5	184995	14385
5	185021	14537
5	185027	14566
5	185029	14575
5	185037	14611
5	185054	14688
5	185055	14694
5	185056	14698
5	185058	14708
5	185059	14714
5	185060	14720
5	185061	14724
5	185062	14728
5	185063	14733
5	185064	14737
5	185074	14794
5	185075	14800
5	185118	15062
5	185120	15077
5	185122	15086
5	185123	15090
5	185124	15094
5	185125	15098
5	185127	15106
5	185128	15111
5	185129	15115
5	185130	15119
5	185131	15123
5	185133	15131
5	185134	15135
5	185136	15143
5	185137	15147
5	185138	15151
5	185139	15156
5	185178	15322
5	185230	15577
5	185231	15582
5	185232	15588
5	185233	15592
5	185234	15596
5	185262	15776
5	185274	15842
5	185275	15852
5	185276	15856
5	185277	15859
5	185280	15871
5	185281	15876
5	185283	15884
5	185284	15889
5	185285	15893
5	185286	15897
5	185288	15906
5	185289	15911
5	185290	15914
5	185291	15918
5	185292	15921
5	185293	15926
5	185294	15931
5	185295	15935
5	185296	15939
5	185297	15942
5	185334	16199
5	185395	16519
5	185417	16622
5	185427	16678
5	185428	16683
5	185430	16689
5	185431	16692
5	185433	16702
5	185434	16713
5	185443	16780
5	185449	16824
5	185452	16833
5	185453	16836
5	185456	185453
5	185457	16846
5	185459	16849
5	185464	16883
5	185468	16912
5	185469	16917
5	185482	17012
5	185491	17062
5	185506	17152
5	185507	17157
5	185509	17165
5	185510	17170
5	185512	17181
5	185513	17185
5	185529	17310
5	185530	17318
5	185532	17328
5	185533	17333
5	185534	17338
5	185535	17343
5	185536	17348
5	185538	17356
5	185539	17360
5	185540	17364
5	185543	17373
5	185545	17383
5	185547	17392
5	185548	17396
5	185552	17417
5	185564	17457
5	185565	17460
5	185575	17527
5	185578	17540
5	185604	17715
5	185605	17722
5	185606	17728
5	185607	17734
5	185608	17740
5	185609	17757
5	185610	17748
5	185611	17752
5	185612	17757
5	185613	17760
5	185614	17767
5	185615	17771
5	185616	17776
5	185617	17782
5	185620	17795
5	185629	17853
5	185630	17858
5	185642	17935
5	185643	17942
5	185661	18043
5	185664	18057
5	185666	18065
5	185671	18085
5	185673	18097
5	185674	18103
5	185675	18108
5	185676	18115
5	185684	18158
5	185685	18165
5	185691	18194
5	185692	18197
5	185693	18202
5	185694	18209
5	185695	18215
5	185708	18263
5	185709	18267
5	185710	18274
5	185711	18280
5	185712	18286
5	185713	18292
5	185714	18296
5	185716	18304
5	185717	18308
5	185718	18312
5	185719	18316
5	185720	18320
5	185721	18324
5	185722	18328
5	185724	18338
5	185725	18342
5	185726	18346
5	185728	18354
5	185730	18367
5	185731	18372
5	185732	18377
5	185733	18384
5	185734	18391
5	185735	18396
5	185736	18401
5	185738	18412
5	185739	18417
5	185740	18422
5	185741	18427
5	185745	18446
5	185773	18593
5	185802	18789
5	185803	18797
5	185817	18887
5	185818	18891
5	185819	18895
5	185848	19048
5	185849	19053
5	185856	19078
5	185859	19095
5	185860	19100
5	185861	19105
5	185863	19114
5	185864	19118
5	185889	19294
5	185900	19349
5	185901	19353
5	185902	19359
5	185905	19377
5	185906	19382
5	185941	19633
5	185942	19638
5	185943	19642
5	185945	19650
5	185946	19654
5	185947	19658
5	185948	19662
5	185949	19666
5	185950	19671
5	185952	19679
5	185953	19683
5	185954	19687
5	185971	19791
5	185972	19798
5	185976	19814
5	185978	19827
5	185979	19832
5	185980	19836
5	185981	19842
5	186023	20002
5	186024	20012
5	186025	20019
5	186026	20025
5	186027	20033
5	186028	20042
5	186029	20048
5	186030	20057
5	186031	20064
5	186032	20071
5	186033	20078
5	186078	20398
5	186089	20481
5	186090	20488
5	186091	20494
5	186092	20498
5	186093	20502
5	186094	20506
5	186095	20510
5	186096	20515
5	186099	20533
5	186101	20540
5	186102	20544
5	186105	20566
5	186107	20576
5	186126	20715
5	186137	20776
5	186146	20838
5	186148	20848
5	186150	20858
5	186151	20863
5	186152	20867
5	186153	20871
5	186154	20876
5	186155	20881
5	186156	20885
5	186158	20894
5	186161	186151
5	186162	20911
5	186164	20922
5	186165	20926
5	186166	20930
5	186168	20938
5	186169	20942
5	186170	20947
5	186171	186167
5	186172	20957
5	186192	21087
5	186193	21094
5	186201	21127
5	186202	21134
5	186203	21139
5	186204	21144
5	186205	21149
5	186207	21158
5	186233	21320
5	186237	21341
5	186238	21345
5	186239	21349
5	186240	21353
5	186243	21366
5	186249	185575
5	186259	21457
5	186260	21462
5	186261	21466
5	186308	21734
5	186309	21740
5	186310	21744
5	186312	21753
5	186313	21757
5	186315	21768
5	186316	21772
5	186317	21776
5	186319	21785
5	186342	21932
5	186343	21937
5	186346	21951
5	186357	22017
5	186374	22137
5	186377	22159
5	186422	22352
5	186424	22360
5	186428	22377
5	186429	22381
5	186430	22386
5	186431	22390
5	186435	22407
5	186436	22411
5	186437	22415
5	186438	22419
5	186439	22424
5	186440	22428
5	186441	22432
5	186443	22440
5	186445	22448
5	186446	22452
5	186447	22457
5	186448	22462
5	186451	22474
5	186452	22478
5	186453	22482
5	186508	22675
5	186509	22680
5	186510	22686
5	186512	22696
5	186527	22804
5	186529	22819
5	186533	22834
5	186546	22903
5	186553	22951
5	186554	185948
5	186555	22959
5	186556	22963
5	186557	22967
5	186559	22977
5	186561	22987
5	186562	22991
5	186563	22996
5	186564	23000
5	186565	23004
5	186566	23008
5	186567	23012
5	186568	23016
5	186569	23020
5	186570	23027
5	186576	23061
5	186577	23065
5	186579	23080
5	186580	23087
5	186584	23107
5	186601	23240
5	186602	23245
5	186603	23253
5	186604	23263
5	186617	23346
5	186620	23361
5	186621	23364
5	186622	23369
5	186626	23381
5	186627	23387
5	186628	23394
5	186634	23424
5	186642	23489
5	186643	23496
5	186662	23631
5	186663	23635
5	186671	23690
5	186672	23694
5	186674	23701
5	186677	23713
5	186678	23717
5	186680	186677
5	186681	23728
5	186682	23731
5	186683	23735
5	186684	23739
5	186700	23848
5	186701	23852
5	186702	23856
5	186703	23861
5	186704	23869
5	186715	23928
5	186716	23934
5	186717	23939
5	186718	23943
5	186719	23947
5	186721	23955
5	186739	24107
5	186740	24115
5	186742	186741
5	186743	24130
5	186744	24134
5	186800	24416
5	186801	24421
5	186853	24498
5	186854	24502
5	186856	24515
5	186858	24524
5	186859	24528
5	186860	24532
5	186861	24536
5	186895	24670
5	186897	24681
5	186898	186897
5	186899	24691
5	186900	24696
5	186901	24703
5	186902	24709
5	186903	24714
5	186926	24836
5	186937	24911
5	186954	24995
5	186955	25006
5	186987	25185
5	186988	25192
5	187002	25249
5	187011	25289
5	187012	25294
5	187014	25311
5	187017	25326
5	187018	25329
5	187019	25333
5	187028	25403
5	187029	25408
5	187035	25429
5	187036	25433
5	187037	25436
5	187038	25438
5	187041	25446
5	187043	25452
5	187044	186308
5	187057	25547
5	187059	25559
5	187081	25683
5	187090	25736
5	187103	25829
5	187104	25833
5	187105	25838
5	187106	25844
5	187108	25857
5	187109	25862
5	187110	25867
5	187111	25872
5	187533	27186
5	187553	27311
5	187574	27418
5	187575	27426
5	187576	27432
5	187583	27483
5	187585	27495
5	187586	187585
5	187588	27507
5	187590	27514
5	187591	27517
5	187629	27773
5	187634	27793
5	187650	27904
5	187652	27913
5	187654	27923
5	187655	27929
5	187659	27956
5	187660	27962
5	187670	27984
5	187671	27989
5	187674	28006
5	187678	28020
5	187725	28305
5	187726	28312
5	187727	28316
5	187733	28350
5	187736	28368
5	187738	28380
5	187739	28385
5	187740	182967
5	187741	28393
5	187762	28456
5	187781	28589
5	187782	28593
5	187783	28599
5	187815	28681
5	187816	28686
5	187817	28690
5	187819	28701
5	187820	28706
5	187822	28715
5	187823	28720
5	187824	28725
5	187825	28730
5	187826	28735
5	187827	28740
5	187828	28744
5	187829	28749
5	187830	28754
5	187831	28757
5	187832	28761
5	187835	28773
5	187836	28777
5	187837	28782
5	187838	28787
5	187839	28792
5	187840	28797
5	187841	28801
5	187842	28807
5	187845	28819
5	187846	28824
5	187852	28867
5	187853	28871
5	187854	28876
5	187855	28880
5	187861	28911
5	187876	28975
5	187877	28981
5	187885	29015
5	187919	29183
5	187920	29187
5	187928	29248
5	187929	29253
5	187955	29408
5	187991	29623
5	187993	29640
5	187994	29646
5	187999	29677
5	188000	29681
5	188001	29686
5	188002	29689
5	188003	29694
5	188004	29698
5	188007	29707
5	188008	29710
5	188009	29713
5	188010	29716
5	188011	29719
5	188014	29728
5	188015	29731
5	188016	29734
5	188018	29739
5	188025	29754
5	188030	29768
5	188032	29778
5	188043	29830
5	188046	29842
5	188049	29856
5	188050	29860
5	188051	29868
5	188056	29894
5	188063	29945
5	188066	29955
5	188071	29966
5	188074	29972
5	188075	29975
5	188076	29980
5	188077	29984
5	188078	29988
5	188079	29992
5	188114	30210
5	188115	30217
5	188117	30228
5	188118	30234
5	188119	30239
5	188120	30245
5	188121	30252
5	188122	30257
5	188123	30262
5	188124	30268
5	188125	30273
5	188126	30278
5	188127	30283
5	188128	30290
5	188129	30295
5	188130	30299
5	188131	30303
5	188132	30307
5	188133	30312
5	188134	30315
5	188136	30330
5	188137	30334
5	188139	30346
5	188143	30365
5	188144	30369
5	188146	30383
5	188148	30391
5	188149	30394
5	188150	30397
5	188151	30399
5	188152	30402
5	188153	30406
5	188155	30413
5	188156	30418
5	188167	30496
5	188191	30589
5	188203	30656
5	188204	30661
5	188209	30691
5	188223	30755
5	188237	30834
5	188238	30839
5	188239	30844
5	188240	30849
5	188243	30857
5	188264	30946
5	188267	30960
5	188268	30965
5	188269	30970
5	188304	31042
5	188305	31047
5	188323	31144
5	188324	31149
5	188388	31333
5	188390	31340
5	188391	31343
5	188395	31362
5	188397	31376
5	188398	31385
5	188415	31428
5	188420	31449
5	188423	31463
5	188424	31467
5	188426	31478
5	188427	31485
5	188428	31490
5	188515	31613
5	188517	31628
5	188528	31677
5	188537	31717
5	188538	31720
5	188539	31724
5	188542	31731
5	188546	31743
5	188634	31998
5	188652	32121
5	188653	32125
5	188664	32167
5	188668	32195
5	188669	185691
5	188695	185711
5	188723	32533
5	188724	32539
5	188725	32544
5	188726	32549
5	188734	32591
5	188735	32595
5	188737	32603
5	188738	32607
5	188740	32615
5	188753	32701
5	188792	32935
5	188794	32948
5	188796	32958
5	188797	32963
5	188802	32994
5	188804	33008
5	188806	33017
5	188807	33021
5	188808	33025
5	188809	33031
5	188811	33042
5	188812	33049
5	188813	33053
5	188814	33058
5	188815	33062
5	188816	33066
5	188817	33070
5	188818	33074
5	188819	33078
5	188820	33082
5	188821	33087
5	188822	33091
5	188824	33099
5	188825	33103
5	188826	33107
5	188827	33111
5	188828	33115
5	188829	33119
5	188830	33123
5	188831	33127
5	188833	33135
5	188834	33139
5	188835	33143
5	188836	33147
5	188837	33151
5	188840	33163
5	188841	33167
5	188842	33171
5	188843	33175
5	188864	33282
5	188865	33287
5	188867	33298
5	188868	33305
5	188869	33310
5	188871	33320
5	188873	33330
5	188874	33335
5	188875	33340
5	188876	33345
5	188878	33355
5	188879	33360
5	188880	33365
5	188881	33371
5	188882	33376
5	188883	33381
5	188884	33386
5	188885	33391
5	188886	33396
5	188887	33401
5	188888	33406
5	188889	33411
5	188890	33416
5	188891	33421
5	188892	33426
5	188893	33431
5	188894	33436
5	188895	33441
5	188896	33447
5	188897	33452
5	188898	33457
5	188899	33462
5	188902	33477
5	188903	33482
5	188906	33497
5	188908	33507
5	188909	33512
5	188910	33517
5	188911	33522
5	188912	33527
5	188913	33532
5	188914	33537
5	188915	33542
5	188916	33546
5	188917	33551
5	188924	33600
5	188938	33708
5	188939	33714
5	188948	33774
5	188950	33783
5	188967	33886
5	188968	33891
5	188969	33895
5	188985	34004
5	188987	34013
5	188991	34034
5	188992	34039
5	188993	34043
5	188994	34047
5	188995	34050
5	188996	34055
5	188997	34059
5	189024	34216
5	189025	34221
5	189032	34263
5	189034	34276
5	189035	34282
5	189037	34296
5	189039	34308
5	189068	34492
5	189070	34503
5	189071	34508
5	189080	34579
5	189081	34586
5	189091	34652
5	189093	34668
5	189095	34682
5	189096	34688
5	189097	34692
5	189098	34697
5	189106	34726
5	189110	34739
5	189112	34747
5	189113	34751
5	189121	34813
5	189151	34987
5	189152	34992
5	189154	35001
5	189157	35014
5	189163	35049
5	189180	35155
5	189181	35160
5	189182	35167
5	189183	35174
5	189184	35178
5	189186	35194
5	189210	35285
5	189248	35494
5	189249	35502
5	189262	185745
5	189263	35563
5	189264	35568
5	189266	35578
5	189283	35683
5	189284	35687
5	189285	35691
5	189286	35695
5	189287	35700
5	189288	35704
5	189289	35708
5	189290	35712
5	189291	35716
5	189292	35720
5	189293	35724
5	189294	35728
5	189295	35732
5	189296	35738
5	189300	35761
5	189312	35807
5	189314	35817
5	189336	35968
5	189337	35974
5	189338	35978
5	189392	36258
5	189399	36294
5	189400	36299
5	189401	36305
5	189402	36309
5	189403	36313
5	189404	36318
5	189405	36322
5	189410	36340
5	189420	36405
5	189423	36420
5	189424	36427
5	189438	36525
5	189439	36532
5	189440	36536
5	189441	36540
5	189462	36685
5	189466	36705
5	189476	36766
5	189477	36775
5	189478	36781
5	189507	36938
5	189515	37005
5	189516	37009
5	189517	37014
5	189518	37018
5	189519	37022
5	189520	37026
5	189521	37030
5	189534	37053
5	189535	37059
5	189536	37064
5	189538	37075
5	189540	37089
5	189567	37281
5	189579	37357
5	189580	37360
5	189581	37364
5	189582	37368
5	189620	37509
5	189623	37522
5	189625	37531
5	189626	37535
5	189663	37713
5	189664	37717
5	189665	37722
5	189666	37727
5	189676	37800
5	189692	37897
5	189694	37907
5	189700	37948
5	189701	37952
5	189736	38169
5	189737	38173
5	189760	38318
5	189761	38324
5	189779	38412
5	189786	38454
5	189788	38460
5	189790	38466
5	189792	38474
5	189795	38485
5	189796	38490
5	189797	38494
5	189798	38498
5	189799	38503
5	189800	38508
5	189802	38517
5	189803	38522
5	189805	38531
5	189806	38536
5	189807	38541
5	189838	38750
5	189839	38756
5	189843	38788
5	189844	38791
5	189848	38809
5	189849	38814
5	189853	38845
5	189860	38893
5	189865	38925
5	189866	38934
5	189867	38938
5	189868	38942
5	189869	38946
5	189870	38950
5	189871	38954
5	189872	38957
5	189874	38968
5	189898	38979
5	189907	39045
5	189908	39050
5	189909	39056
5	189931	39150
5	189936	39172
5	189937	39177
5	189938	39181
5	189939	39185
5	189949	39212
5	189950	39217
5	189951	39222
5	189952	39226
5	189955	39239
5	189988	39361
5	189989	39369
5	189990	39375
5	190002	39461
5	190029	39553
5	190030	39556
5	190031	39559
5	190032	39562
5	190033	39566
5	190050	39650
5	190095	39775
5	190096	39783
5	190110	39865
5	190111	39870
5	190112	39875
5	190115	39892
5	190116	39899
5	190117	39904
5	190119	39915
5	190120	39918
5	190121	39921
5	190122	39924
5	190123	39927
5	190124	39930
5	190127	39937
5	190138	39977
5	190139	39981
5	190142	39989
5	190202	40337
5	193418	49520
5	193420	49530
5	193421	49538
5	193422	49544
5	193423	49548
5	193424	49551
5	193425	49555
5	193426	49559
5	193427	49562
5	193428	49567
5	193429	49572
5	193430	49577
5	193431	49581
5	193444	49668
5	193449	49678
5	193450	49683
5	193451	49689
5	193452	49695
5	193453	49701
5	193457	49726
5	193475	49767
5	193476	49774
5	193477	49780
5	193510	50007
5	193588	101368
5	193589	50373
5	193595	50404
5	193597	50413
5	193598	50418
5	193599	50421
5	193600	50423
5	193601	50427
5	193602	50432
5	193603	50435
5	193618	50546
5	193619	50550
5	193621	50560
5	193622	50566
5	193624	50575
5	193636	50648
5	193637	50657
5	193654	50739
5	193657	50756
5	193658	50762
5	193659	50769
5	193661	50778
5	193663	50789
5	193672	50855
5	193673	50858
5	193706	50989
5	193718	51051
5	193719	51056
5	193730	51110
5	193769	51338
5	193770	51343
5	193771	51349
5	193773	51359
5	193775	51370
5	193777	51382
5	193780	51398
5	193781	51403
5	193782	51407
5	193784	51416
5	193785	51420
5	193786	51424
5	193787	51428
5	193788	51432
5	193789	51436
5	193808	51566
5	193809	51569
5	193810	51573
5	193830	51700
5	193832	51709
5	193833	51714
5	193834	51718
5	193837	51746
5	193839	51756
5	193856	51863
5	193887	51929
5	193901	52026
5	193903	52036
5	193904	52039
5	193905	52045
5	193907	52051
5	193908	52056
5	193909	52060
5	193910	52063
5	193911	52070
5	193912	52074
5	193914	52086
5	193916	52100
5	193917	52103
5	193918	52106
5	193920	52116
5	193921	52120
5	193922	52123
5	193923	52127
5	193924	52130
5	193926	52141
5	193928	52150
5	193929	52156
5	193930	52161
5	193931	52164
5	193932	52167
5	193933	52171
5	193935	52181
5	193936	52187
5	193937	52191
5	193938	52196
5	193939	193938
5	193942	52211
5	193943	52215
5	193945	52222
5	193946	52226
5	193948	52233
5	193949	52239
5	193950	52244
5	193951	52247
5	193952	52250
5	193953	52254
5	193954	52259
5	193956	52272
5	193959	52286
5	193962	52304
5	193963	52308
5	193965	52317
5	193966	52321
5	193967	52324
5	193974	52373
5	193988	52463
5	194010	52574
5	194011	52577
5	194029	52706
5	194030	52711
5	194037	52752
5	194038	52760
5	194042	52780
5	194043	52785
5	194055	52833
5	194057	52842
5	194059	52851
5	194060	52856
5	194062	52866
5	194063	52871
5	194064	52876
5	194066	52886
5	194067	52890
5	194068	52897
5	194069	52900
5	194072	52914
5	194073	52918
5	194074	52921
5	194075	52925
5	194099	53112
5	194106	53153
5	194107	53158
5	194108	53164
5	194109	53168
5	194110	53171
5	194112	53181
5	194113	53187
5	194114	53193
5	194115	53199
5	194116	53206
5	194117	53211
5	194118	53217
5	194119	53222
5	194120	53229
5	194157	53446
5	194181	53612
5	194182	53616
5	194184	53621
5	194186	53625
5	194187	53628
5	194188	53631
5	194190	53636
5	194191	53638
5	194205	53724
5	194206	53729
5	194207	53733
5	194232	53893
5	194233	53898
5	194242	53940
5	194257	54021
5	194258	54025
5	194260	54033
5	194261	194257
5	194262	54044
5	194263	54049
5	194264	54054
5	194284	54124
5	194285	54129
5	194286	54133
5	194287	54137
5	194295	54194
5	194296	54199
5	194297	54203
5	194298	54210
5	194299	54214
5	194300	54222
5	194301	54230
5	194313	54307
5	194314	54311
5	194318	54338
5	194319	54344
5	194320	54351
5	194321	54356
5	194348	54490
5	194351	54500
5	194352	54503
5	194353	54506
5	194359	54538
5	194364	54567
5	194365	54571
5	194366	54576
5	194367	54581
5	194369	54591
5	194370	54597
5	194401	54716
5	194402	54721
5	194403	54726
5	194533	55489
5	194534	55494
5	194535	55498
5	194536	55502
5	194539	55521
5	194546	55555
5	194547	55560
5	194548	55564
5	194549	55568
5	194553	55597
5	194555	55613
5	194564	55665
5	194566	55675
5	194568	55682
5	194569	55686
5	194570	55690
5	194571	55694
5	194572	55698
5	194573	55704
5	194574	55708
5	194575	55713
5	194578	55722
5	194580	55732
5	194581	55736
5	194584	55747
5	194585	55751
5	194587	55761
5	194589	55773
5	194594	55794
5	194595	55800
5	194596	55805
5	194597	55811
5	194598	55817
5	194599	55823
5	194600	55829
5	194601	55834
5	194602	55840
5	194607	187999
5	194610	55891
5	194615	55920
5	194616	55923
5	194633	56045
5	194634	56052
5	194635	56060
5	194636	56067
5	194637	56074
5	194639	56083
5	194640	56087
5	194641	56091
5	194642	56096
5	194643	56099
5	194648	56123
5	194651	56138
5	194652	56142
5	194653	188994
5	194654	56148
5	194655	56151
5	194656	56155
5	194657	56158
5	194658	56161
5	194659	56164
5	194660	56167
5	194661	56170
5	194663	56177
5	194799	56748
5	194800	56754
5	194801	56760
5	194802	56765
5	194808	56789
5	194809	56793
5	194810	56799
5	194811	56803
5	194812	56809
5	194813	56813
5	194826	56880
5	194846	57015
5	194848	57024
5	194849	57030
5	194856	57077
5	194857	57081
5	194859	57087
5	194869	57157
5	194870	194598
5	194875	57163
5	194884	57227
5	194890	57263
5	194891	57267
5	194892	57271
5	194893	57275
5	194894	57281
5	194895	57285
5	194896	57289
5	194898	57299
5	194899	57304
5	194900	57308
5	194901	57313
5	194902	57319
5	194903	57323
5	194904	57327
5	195468	60606
5	195473	60631
5	195493	60764
5	195513	60911
5	195542	61112
5	195557	61206
5	195561	61232
5	195562	61238
5	195563	61242
5	195564	61246
5	195565	61250
5	195566	61254
5	195581	61327
5	195610	61521
5	195627	61637
5	195632	61660
5	195750	61701
5	195773	61790
5	195774	61793
5	195783	61826
5	195785	61837
5	195786	61842
5	195792	61872
5	195795	61886
5	195820	62041
5	195821	62045
5	195822	62049
5	195823	62055
5	195839	62137
5	195840	62140
5	195841	62142
5	195842	62145
5	195843	62147
5	195857	62220
5	195863	62234
5	195866	62241
5	195869	62274
5	195871	62257
5	195875	62268
5	195879	62284
5	195881	62294
5	195882	62298
5	195884	62308
5	195885	62313
5	195894	62414
5	195895	62419
5	195896	62424
5	195897	62428
5	195899	62436
5	195921	62585
5	195945	62737
5	195957	62783
5	195960	62799
5	195961	62804
5	195962	62809
5	195963	62814
5	196010	62952
5	196011	62958
5	196012	62962
5	196013	62966
5	196016	62982
5	196023	63028
5	196024	63032
5	196073	63314
5	196087	63406
5	196088	63414
5	196089	63421
5	196090	63427
5	196091	63433
5	196107	63521
5	196108	63527
5	196109	63533
5	196110	63538
5	196131	63679
5	196160	63800
5	196162	63814
5	196163	63820
5	196164	63826
5	196182	63921
5	196183	63927
5	196184	63932
5	196192	63982
5	196193	63987
5	196194	63993
5	196197	64006
5	196198	64010
5	196208	64065
5	196209	64070
5	196210	64074
5	196211	64078
5	196212	64084
5	196213	64089
5	196214	64094
5	196218	64115
5	196222	64125
5	196223	64130
5	196224	64132
5	196225	64136
5	196227	64148
5	196248	64211
5	196249	64217
5	196252	64229
5	196253	64234
5	196255	64241
5	196256	64245
5	196257	64250
5	196258	64254
5	196259	64259
5	196260	64264
5	196261	64268
5	196262	64272
5	196265	64285
5	196266	64289
5	196274	64340
5	196275	64343
5	196276	64348
5	196311	64560
5	196312	64564
5	196313	64569
5	196344	64730
5	196346	64738
5	196347	64742
5	196348	64746
5	196349	64752
5	196350	64757
5	196351	64761
5	196352	64765
5	196353	64769
5	196354	64773
5	196355	64778
5	196356	64782
5	196358	64790
5	196360	64798
5	196361	64802
5	196362	64806
5	196363	64811
5	196364	64815
5	196365	64819
5	196367	64827
5	196368	64831
5	196369	64835
5	196370	64839
5	196371	64844
5	196372	64848
5	196373	64853
5	196376	64868
5	196378	64876
5	196379	64880
5	196447	65321
5	196460	65387
5	196462	65395
5	196463	65399
5	196464	65402
5	196465	65404
5	196466	65407
5	196494	65598
5	196497	65614
5	196498	65618
5	196508	65689
5	196510	65701
5	196511	65708
5	196517	65745
5	196522	65774
5	196535	65848
5	196537	65859
5	196565	66033
5	196568	66049
5	196589	66181
5	196590	66186
5	196591	66190
5	196592	66197
5	196593	66202
5	196594	66212
5	196595	66212
5	196596	66216
5	196597	66220
5	196599	66232
5	196629	66407
5	196644	66469
5	196652	66504
5	196653	66508
5	196654	66514
5	196655	66519
5	196676	66568
5	196678	66576
5	196679	66584
5	196694	66668
5	196695	66674
5	196696	66678
5	196697	66685
5	196698	66690
5	196699	66695
5	196700	66701
5	196701	66708
5	196707	66744
5	196709	66750
5	196715	66785
5	196716	66790
5	196717	66795
5	196718	66800
5	196719	66805
5	196720	66810
5	196721	66815
5	196722	66820
5	196723	66825
5	196724	66830
5	196725	66835
5	196726	66840
5	196727	66846
5	196728	66851
5	196729	66858
5	196730	66863
5	196732	66873
5	196733	66877
5	196745	188696
5	196746	66955
5	196748	66966
5	196761	67047
5	196763	67057
5	196764	67061
5	196765	67065
5	196766	67069
5	196767	67075
5	196781	67135
5	196786	67161
5	196787	67166
5	196788	67171
5	196800	67250
5	196831	67430
5	196844	67499
5	196852	67535
5	196869	67655
5	196870	67659
5	196871	67662
5	196877	67687
5	196890	67771
5	196891	67775
5	196892	67780
5	196895	67799
5	196897	67808
5	196898	67814
5	196899	67819
5	196900	67824
5	196901	67829
5	196902	67834
5	196903	67838
5	196904	67842
5	196905	67847
5	196922	67873
5	196924	67886
5	196935	67947
5	196936	67951
5	196950	68047
5	196958	68103
5	196966	68156
5	196968	68165
5	197005	68428
5	197006	68433
5	197015	68465
5	197020	68483
5	197022	68491
5	197023	68499
5	197024	68505
5	197025	68508
5	197026	68513
5	197027	68516
5	197029	68523
5	197042	68613
5	197048	68658
5	197049	68662
5	197050	68666
5	197051	68670
5	197112	69070
5	197128	69174
5	197129	69178
5	197130	69182
5	197132	69189
5	197133	69193
5	197134	69196
5	197135	69200
5	197137	69213
5	197142	69236
5	197143	69240
5	197144	69245
5	197145	69249
5	197146	69253
5	197147	69257
5	197148	69264
5	197149	69268
5	197228	69654
5	197264	69863
5	197265	69869
5	197266	69873
5	197267	69876
5	197268	69879
5	197269	69884
5	197270	69889
5	197277	69932
5	197281	69952
5	197282	69957
5	197293	70027
5	197294	70029
5	197296	70034
5	197297	70036
5	197298	70039
5	197299	70041
5	197300	70043
5	197301	70045
5	197304	70052
5	197305	70054
5	197306	70059
5	197307	70063
5	197308	70070
5	197309	70075
5	197313	70099
5	197318	70141
5	197319	70145
5	197320	70150
5	197321	70154
5	197323	70163
5	197324	70167
5	197325	70172
5	197327	70180
5	197328	70184
5	197329	70188
5	197330	70192
5	197331	70197
5	197332	70200
5	197333	70204
5	197336	70217
5	197340	70245
5	197341	70251
5	197343	70261
5	197344	70266
5	197346	70278
5	197348	70289
5	197349	70294
5	197350	197344
5	197351	70305
5	197352	70309
5	197353	70314
5	197354	70319
5	197355	70325
5	197357	70339
5	197358	70342
5	197359	70346
5	197360	70348
5	197368	70380
5	197369	70384
5	197370	70387
5	197371	70391
5	197372	70395
5	197374	70511
5	197375	70407
5	197376	70412
5	197377	70416
5	197378	70421
5	197379	70426
5	197381	70434
5	197382	70437
5	197385	70448
5	197386	70454
5	197387	70457
5	197389	70465
5	197390	70468
5	197391	70472
5	197392	70475
5	197393	70480
5	197394	70485
5	197395	70489
5	197396	70492
5	197397	70496
5	197398	70499
5	197399	70503
5	197400	70507
5	197401	70511
5	197402	70514
5	197403	70517
5	197404	70521
5	197405	70525
5	197406	70529
5	197407	70532
5	197408	70538
5	197417	70595
5	197418	70600
5	197419	70605
5	197420	70611
5	197421	70616
5	197423	70627
5	197425	70636
5	197426	70641
5	197427	70645
5	197428	70648
5	197429	70655
5	197430	70661
5	197431	70668
5	197432	70672
5	197433	70677
5	197435	70687
5	197437	70700
5	197438	70706
5	197441	70724
5	197442	70729
5	197444	70743
5	197445	70746
5	197446	70749
5	197450	70776
5	197451	70781
5	197452	70785
5	197457	70820
5	197458	70827
5	197460	70841
5	197461	70844
5	197462	70849
5	197463	70854
5	197464	70859
5	197465	70864
5	197466	70869
5	197468	70881
5	197469	70886
5	197470	70891
5	197471	70896
5	197472	70902
5	197473	70908
5	197474	70912
5	197475	70917
5	197477	70928
5	197478	70933
5	197482	70964
5	197483	70970
5	197484	70975
5	197485	70980
5	197486	70984
5	197491	71012
5	197492	71017
5	197493	71022
5	197494	71026
5	197497	71038
5	197499	71049
5	197501	71060
5	197504	71077
5	197505	71081
5	197506	71085
5	197508	71095
5	197513	71122
5	197514	71129
5	197515	71135
5	197516	71141
5	197517	71146
5	197518	71151
5	197519	71155
5	197520	71159
5	197521	71163
5	197522	71167
5	197523	71171
5	197524	71177
5	197525	71181
5	197526	71186
5	197527	71190
5	197528	71194
5	197529	71198
5	197531	71206
5	197532	71211
5	197534	71221
5	197535	71226
5	197536	71230
5	197538	71238
5	197539	71243
5	197541	71255
5	197542	71260
5	197543	71265
5	197545	71277
5	197546	71282
5	197547	71288
5	197548	71294
5	197549	71300
5	197551	71310
5	197552	71316
5	197554	71327
5	197558	71345
5	197559	71352
5	197560	71357
5	197561	71364
5	197562	71372
5	197565	71390
5	197566	71397
5	197568	71405
5	197570	71415
5	197572	71427
5	197576	197332
5	197579	71463
5	197580	71468
5	197582	71479
5	197589	71530
5	197590	71536
5	197591	71541
5	197592	71545
5	197593	71550
5	197594	71556
5	197595	71561
5	197596	71566
5	197597	71571
5	197598	71576
5	197599	71580
5	197600	71584
5	197601	71589
5	197602	71594
5	197603	71599
5	197604	71605
5	197605	71609
5	197607	71618
5	197608	71622
5	197610	71633
5	197611	71640
5	197613	71651
5	197614	71658
5	197620	71702
5	197623	71719
5	197631	71777
5	197650	71874
5	197651	71879
5	197652	71884
5	197703	72127
5	197704	72133
5	197705	72138
5	197706	72142
5	197707	72149
5	197708	72156
5	197710	72169
5	197713	72186
5	197715	72193
5	197716	72197
5	197717	72201
5	197718	72205
5	197719	72210
5	197720	197719
5	197721	72220
5	197722	72225
5	197723	72230
5	197729	72258
5	197730	72262
5	197731	72267
5	197733	72276
5	197734	72284
5	197736	72296
5	197737	72300
5	197738	72306
5	197739	72312
5	197744	72339
5	197746	72354
5	197747	72358
5	197748	72363
5	197749	72370
5	197750	72376
5	197751	72382
5	197752	72391
5	197753	72396
5	197755	72406
5	197756	72412
5	197757	72416
5	197758	72421
5	197759	72426
5	197760	72431
5	197761	72437
5	197762	72441
5	197768	72459
5	197769	72463
5	197770	72467
5	197772	72473
5	197773	72477
5	197779	72508
5	197780	72514
5	197781	72519
5	197782	197780
5	197783	72529
5	197784	72534
5	197786	72542
5	197788	72551
5	197789	72556
5	197790	72561
5	197791	72565
5	197792	72569
5	197793	72573
5	197794	72577
5	197795	72582
5	197796	72586
5	197797	72591
5	197798	72595
5	197799	72600
5	197801	72608
5	197802	72612
5	197803	72617
5	197804	72622
5	197805	72627
5	197806	72631
5	197812	72659
5	197814	72668
5	197818	72689
5	197819	72695
5	197820	72700
5	197824	72731
5	197825	72736
5	197826	72741
5	197827	72746
5	197828	197705
5	197829	72755
5	197830	72759
5	197831	72763
5	197832	72767
5	197833	72772
5	197836	72787
5	197844	72827
5	197845	72834
5	197846	72839
5	197847	72844
5	197848	72849
5	197849	72855
5	197850	72859
5	197851	72864
5	197852	72869
5	197853	72874
5	197854	72878
5	197855	72884
5	197856	72890
5	197857	72894
5	197858	72899
5	197859	183290
5	197869	72944
5	197873	72962
5	197874	72968
5	197875	72973
5	197876	72978
5	197877	72982
5	197878	72990
5	197879	72995
5	197880	72998
5	197882	73003
5	197884	73009
5	197885	73012
5	197886	73017
5	197887	73023
5	197888	73027
5	197889	73031
5	197890	73036
5	197892	197890
5	197893	73045
5	197894	73050
5	197895	73054
5	197896	73058
5	197897	73062
5	197898	73066
5	197899	73071
5	197900	73075
5	197901	73080
5	197902	73085
5	197903	73089
5	197904	73094
5	197905	73099
5	197910	73118
5	197911	73123
5	197914	73138
5	197915	73145
5	197916	73151
5	197917	73158
5	197918	73163
5	197919	73167
5	197921	73181
5	197922	73186
5	197924	73195
5	197925	73201
5	197926	73210
5	197927	73216
5	197929	73226
5	197930	73231
5	197933	73245
5	197935	73256
5	197936	73261
5	197940	73275
5	197941	73281
5	197943	73290
5	197944	73294
5	197945	73298
5	197946	73302
5	197947	73308
5	197949	73320
5	197950	73326
5	197951	73330
5	197952	73335
5	197954	73343
5	197955	73347
5	197956	73351
5	197957	73356
5	197958	73360
5	197959	73364
5	197960	73368
5	197961	73372
5	197962	73377
5	197963	73381
5	197964	73387
5	197965	73393
5	197967	73405
5	197968	73412
5	197969	73418
5	197973	73438
5	197974	73444
5	197975	73449
5	197976	73454
5	197978	73463
5	197979	73467
5	197981	73477
5	197985	73487
5	197987	73497
5	197988	73502
5	197989	73507
5	197990	73512
5	197992	73526
5	197993	73531
5	197994	73536
5	197995	73545
5	197996	73551
5	197997	73556
5	197999	73568
5	198002	73580
5	198003	73588
5	198004	73594
5	198005	73600
5	198008	73617
5	198009	73623
5	198012	73639
5	198014	73649
5	198015	73653
5	198016	73656
5	198027	73717
5	198029	73730
5	198030	73736
5	198031	73743
5	198032	73748
5	198033	73753
5	198034	73758
5	198035	73763
5	198036	73768
5	198037	73774
5	198038	73779
5	198039	73786
5	198040	73791
5	198041	73796
5	198042	73801
5	198043	73805
5	198044	73810
5	198055	73821
5	198056	73826
5	198057	73834
5	198058	73839
5	198059	73843
5	198060	73850
5	198061	73857
5	198062	73864
5	198064	73876
5	198065	73882
5	198066	73887
5	198067	73893
5	198068	73897
5	198070	73911
5	198071	73918
5	198072	183365
5	198074	73933
5	198075	73940
5	198076	73945
5	198080	73961
5	198081	73966
5	198082	73971
5	198083	73976
5	198084	198080
5	198086	73990
5	198087	73994
5	198089	74003
5	198090	74007
5	198092	74014
5	198093	74019
5	198094	74023
5	198095	74028
5	198097	74036
5	198102	74066
5	198106	74085
5	198107	74091
5	198108	74096
5	198109	74100
5	198112	74118
5	198113	74123
5	198114	74128
5	198117	74145
5	198118	74150
5	198119	74156
5	198120	74161
5	198121	74166
5	198122	74171
5	198123	74175
5	198124	74180
5	198125	74184
5	198129	74198
5	198132	74224
5	198140	74254
5	198141	74260
5	198142	74266
5	198143	74272
5	198144	74278
5	198145	74282
5	198149	74307
5	198150	74313
5	198151	74319
5	198152	74323
5	198153	74328
5	198154	74334
5	198156	74343
5	198157	74347
5	198158	74351
5	198159	74355
5	198161	74363
5	198164	74378
5	198165	74382
5	198166	74386
5	198167	74390
5	198168	74394
5	198169	74398
5	198170	74403
5	198171	74408
5	198172	74413
5	198175	74433
5	198176	74436
5	198177	74438
5	198178	74440
5	198179	74443
5	198180	74448
5	198181	74452
5	198182	74458
5	198183	74463
5	198184	74469
5	198188	74493
5	198189	74500
5	198193	74523
5	198194	74529
5	198196	74542
5	198197	74546
5	198198	74550
5	198199	74554
5	198200	74558
5	198201	74562
5	198209	74604
5	198210	74611
5	198219	74643
5	198220	74648
5	198226	74677
5	198227	74682
5	198231	74697
5	198232	74701
5	198233	74704
5	198235	74713
5	198236	74718
5	198237	74722
5	198238	74725
5	198239	74728
5	198241	74736
5	198243	74743
5	198245	74750
5	198246	74754
5	198247	74758
5	198248	74762
5	198249	74767
5	198250	74772
5	198251	74776
5	198252	74785
5	198253	74792
5	198254	74797
5	198255	74802
5	198256	74807
5	198257	74812
5	198258	74819
5	198259	74823
5	198260	74831
5	198262	74843
5	198266	74863
5	198267	94629
5	198268	74874
5	198269	74880
5	198270	74885
5	198271	74889
5	198272	74894
5	198273	74900
5	198274	74905
5	198275	74910
5	198280	74936
5	198281	74940
5	198282	74940
5	198283	74949
5	198284	74953
5	198285	74957
5	198286	74961
5	198288	74971
5	198289	74975
5	198292	74989
5	198293	74993
5	198294	74997
5	198296	75007
5	198298	75018
5	198299	75023
5	198301	75034
5	198302	75040
5	198308	75072
5	198312	75092
5	198315	75110
5	198316	75116
5	198317	75122
5	198319	75135
5	198320	75141
5	198321	75149
5	198329	75197
5	198330	75203
5	198331	75208
5	198332	75214
5	198333	75221
5	198334	75227
5	198336	75239
5	198339	75258
5	198341	75274
5	198342	75281
5	198345	75299
5	198347	75310
5	198348	75316
5	198349	185075
5	198352	75344
5	198353	75349
5	198356	75366
5	198357	75373
5	198366	75415
5	198370	75440
5	198386	75552
5	198387	75557
5	198388	75562
5	198389	75567
5	198390	75572
5	198391	75577
5	198392	75581
5	198393	75586
5	198394	75591
5	198395	75597
5	198401	75636
5	198410	75697
5	198414	75726
5	198421	75776
5	198422	75783
5	198434	75853
5	198437	75876
5	198439	75891
5	198440	75896
5	198441	75902
5	198442	75907
5	198444	75917
5	198445	75922
5	198447	75932
5	198456	75986
5	198458	76000
5	198463	76037
5	198464	76042
5	198466	76053
5	198470	76082
5	198485	76173
5	198488	76190
5	198489	76197
5	198490	76200
5	198497	76246
5	198498	76251
5	198499	76258
5	198500	76263
5	198501	76269
5	198502	76274
5	198503	76281
5	198504	76285
5	198505	76289
5	198506	76296
5	198507	76301
5	198508	76307
5	198509	76312
5	198511	198500
5	198513	76331
5	198514	76335
5	198517	76350
5	198518	76356
5	198522	76382
5	198525	76399
5	198526	76403
5	198527	76406
5	198528	76410
5	198529	76414
5	198530	76418
5	198531	76425
5	198532	76433
5	198533	76437
5	198535	76452
5	198536	76457
5	198537	76462
5	198538	76467
5	198539	76472
5	198540	76476
5	198541	76480
5	198542	76485
5	198543	76490
5	198546	76509
5	198548	76521
5	198549	76524
5	198550	198060
5	198552	76542
5	198553	76549
5	198555	76559
5	198556	76564
5	198557	76570
5	198558	76575
5	198562	76595
5	198563	76601
5	198564	76606
5	198565	76611
5	198566	76616
5	198567	76623
5	198568	76628
5	198570	76638
5	198571	76642
5	198572	76647
5	198574	76657
5	198575	76664
5	198576	76671
5	198577	76677
5	198578	76683
5	198581	76697
5	198582	76703
5	198583	76710
5	198584	76715
5	198585	76720
5	198586	76726
5	198588	76734
5	198589	76738
5	198590	76743
5	198591	76748
5	198592	76753
5	198594	76762
5	198595	76766
5	198602	76802
5	198603	76807
5	198607	76828
5	198613	76861
5	198614	76866
5	198615	76871
5	198618	76886
5	198619	76891
5	198624	76924
5	198626	76937
5	198627	76941
5	198628	76945
5	198629	76949
5	198630	76953
5	198631	76957
5	198632	76961
5	198633	76965
5	198634	76969
5	198635	76974
5	198636	76978
5	198638	76988
5	198639	76995
5	198642	77010
5	198643	77016
5	198644	77022
5	198647	77043
5	198648	77048
5	198650	77059
5	198651	77064
5	198654	77077
5	198655	77081
5	198656	77085
5	198657	77089
5	198658	77094
5	198659	77098
5	198660	77102
5	198662	77111
5	198663	77117
5	198664	77123
5	198665	77128
5	198666	77132
5	198667	77137
5	198668	77141
5	198670	77151
5	198671	77157
5	198672	77163
5	198673	77168
5	198674	77173
5	198675	77178
5	198676	77184
5	198678	77192
5	198680	77204
5	198681	77210
5	198683	77222
5	198684	77227
5	198686	77237
5	198688	77249
5	198689	77254
5	198690	77259
5	198691	77263
5	198702	77327
5	198703	77331
5	198704	77336
5	198705	77340
5	198706	77348
5	198709	77361
5	198710	77367
5	198711	77372
5	198713	77383
5	198714	77388
5	198715	77393
5	198716	77399
5	198717	77405
5	198718	77409
5	198719	77414
5	198720	77419
5	198723	77435
5	198724	77441
5	198725	77447
5	198726	77452
5	198727	77456
5	198734	77501
5	198736	77511
5	198737	77517
5	198738	77521
5	198739	77526
5	198740	77530
5	198741	77534
5	198742	77538
5	198743	77542
5	198744	77547
5	198745	77551
5	198746	77555
5	198752	77584
5	198753	77587
5	198756	77600
5	198757	77607
5	198759	77614
5	198760	77623
5	198761	77630
5	198762	77635
5	198767	77661
5	198768	77667
5	198769	77673
5	198770	77678
5	198772	77689
5	198773	77694
5	198774	77698
5	198775	77701
5	198776	77706
5	198777	77711
5	198781	77729
5	198782	77734
5	198784	77743
5	198785	77747
5	198788	77759
5	198797	77792
5	198798	77798
5	198801	77815
5	198803	77826
5	198804	77830
5	198806	77842
5	198807	77847
5	198808	77852
5	198810	77860
5	198811	77866
5	198812	77871
5	198813	77876
5	198814	77882
5	198815	77887
5	198817	77897
5	198818	77901
5	198819	77906
5	198820	77911
5	198821	77915
5	198822	198819
5	198823	77923
5	198827	77946
5	198828	77952
5	198829	77956
5	198830	77962
5	198831	77967
5	198832	77971
5	198833	77976
5	198834	77981
5	198835	77986
5	198836	77990
5	198837	77994
5	198838	77998
5	198839	78002
5	198842	78016
5	198843	78020
5	198844	78025
5	198846	78033
5	198847	78037
5	198848	78041
5	198851	78047
5	198852	78050
5	198853	78054
5	198855	78062
5	198856	78066
5	198858	198839
5	198859	78078
5	198861	78090
5	198868	78135
5	198869	78139
5	198871	78150
5	198872	78155
5	198875	78169
5	198876	78174
5	198878	78186
5	198885	78221
5	198886	78226
5	198888	78237
5	198889	78243
5	198890	78250
5	198891	78256
5	198892	78263
5	198893	78269
5	198894	78275
5	198895	78281
5	198896	78287
5	198897	78293
5	198898	78299
5	198900	78311
5	198901	78316
5	198902	78322
5	198903	78328
5	198904	78334
5	198905	78340
5	198906	78346
5	198907	78352
5	198908	78358
5	198909	78363
5	198910	78365
5	198911	78368
5	198914	78380
5	198915	78384
5	198916	78390
5	198917	78394
5	198918	78398
5	198919	78402
5	198920	78407
5	198921	78411
5	198922	78415
5	198923	78418
5	198924	78423
5	198925	78428
5	198926	78432
5	198927	78438
5	198928	78443
5	198929	78448
5	198930	78453
5	198931	78458
5	198932	78463
5	198933	78468
5	198934	78472
5	198936	78481
5	198937	78485
5	198938	78490
5	198939	78494
5	198940	78499
5	198941	78503
5	198942	78508
5	198943	78513
5	198944	78518
5	198945	78522
5	198946	78527
5	198947	78532
5	198948	78538
5	198951	78550
5	198952	78554
5	198953	78558
5	198954	78562
5	198955	78567
5	198956	78574
5	198957	78578
5	198959	78589
5	198960	78592
5	198961	78595
5	198978	78677
5	198980	78691
5	198984	78715
5	198985	78720
5	198986	78724
5	198987	78729
5	198988	78734
5	198989	78739
5	198990	78745
5	198991	197461
5	198994	78765
5	198996	78775
5	198998	78784
5	198999	78789
5	199000	78794
5	199002	78799
5	199003	78805
5	199004	78809
5	199005	78813
5	199006	78817
5	199008	78827
5	199009	78833
5	199015	78877
5	199016	78882
5	199017	78888
5	199018	78896
5	199019	78900
5	199020	78906
5	199021	78910
5	199022	78918
5	199023	78924
5	199024	78929
5	199032	78980
5	199033	78986
5	199034	78992
5	199035	78997
5	199036	79000
5	199037	79004
5	199038	79009
5	199039	79013
5	199040	79017
5	199041	79022
5	199042	79026
5	199043	79032
5	199044	79037
5	199045	79042
5	199046	79047
5	199047	79052
5	199049	79061
5	199050	79065
5	199051	79069
5	199052	79073
5	199054	79082
5	199056	79090
5	199057	199049
5	199058	79098
5	199059	79103
5	199060	79107
5	199061	79113
5	199062	79118
5	199065	79131
5	199071	79155
5	199072	79159
5	199074	79169
5	199075	79173
5	199077	79181
5	199079	79189
5	199080	79193
5	199081	79197
5	199082	79201
5	199083	79205
5	199084	79210
5	199085	79214
5	199086	79222
5	199087	79229
5	199088	79233
5	199089	79238
5	199090	79243
5	199091	79248
5	199092	79254
5	199098	79274
5	199101	79292
5	199102	79296
5	199103	79301
5	199109	79334
5	199110	79340
5	199111	79344
5	199112	79366
5	199113	79355
5	199114	79360
5	199116	79371
5	199118	79379
5	199121	79395
5	199122	79402
5	199123	79407
5	199125	79420
5	199126	79425
5	199127	79429
5	199128	79433
5	199129	79439
5	199130	79446
5	199131	79452
5	199136	79474
5	199137	79479
5	199138	79485
5	199139	79490
5	199140	79495
5	199141	79501
5	199142	79506
5	199143	79511
5	199144	79515
5	199145	198718
5	199146	79527
5	199148	79537
5	199149	79542
5	199150	79547
5	199151	79554
5	199153	79560
5	199154	79565
5	199156	79575
5	199169	79657
5	199170	79662
5	199171	79666
5	199172	79670
5	199173	79675
5	199174	79681
5	199175	79687
5	199176	79693
5	199179	185021
5	199180	79716
5	199186	79749
5	199187	79751
5	199192	79763
5	199193	79765
5	199194	79767
5	199195	79769
5	199197	79780
5	199199	79788
5	199200	79792
5	199201	79797
5	199202	79802
5	199204	79810
5	199205	79817
5	199206	79822
5	199207	79827
5	199211	79846
5	199212	79852
5	199213	79857
5	201105	83297
5	201106	83301
5	201108	83309
5	201109	83314
5	201110	83318
5	201112	83327
5	201113	83332
5	201114	83338
5	201115	83344
5	201116	83348
5	201121	83372
5	201129	83414
5	201130	83418
5	201131	83423
5	201132	187081
5	201133	83434
5	201134	198535
5	201135	83443
5	201138	83457
5	201139	83461
5	201141	83470
5	201146	83492
5	201147	83496
5	201148	83500
5	201149	83506
5	201156	83550
5	201157	83555
5	201549	84165
5	201550	84169
5	201551	84173
5	201553	84183
5	201554	84189
5	201555	84194
5	201556	84198
5	201557	84202
5	201558	84206
5	201562	84222
5	201563	84227
5	201564	84232
5	201565	84237
5	201566	84241
5	201569	84254
5	201570	84258
5	201573	84270
5	201574	84274
5	201575	84278
5	201576	84282
5	201578	84290
5	201579	197914
5	201585	84329
5	201587	84338
5	201588	84343
5	201589	84349
5	201594	84379
5	201595	84384
5	201596	84387
5	201597	84391
5	201598	84397
5	201599	84402
5	201600	84407
5	201601	84412
5	201602	84417
5	201603	84422
5	201605	84432
5	201606	84437
5	201608	84447
5	201609	84452
5	201610	84457
5	201611	84462
5	201612	84467
5	201613	84473
5	201618	84502
5	201619	84509
5	201620	84513
5	201621	84518
5	201623	84526
5	201624	84531
5	201625	84540
5	201626	84548
5	201627	84556
5	201628	84561
5	201629	84568
5	201632	84583
5	201633	84588
5	201634	84593
5	201635	84598
5	201639	84622
5	201640	84627
5	201641	84632
5	201642	84638
5	201643	84643
5	201644	84648
5	201645	84653
5	201646	84657
5	201647	84662
5	201648	84665
5	201649	84668
5	201650	84675
5	201651	84682
5	201652	84687
5	201653	84694
5	201654	84700
5	201655	84706
5	201656	84710
5	201657	84715
5	201662	84743
5	201663	84750
5	201665	84763
5	201666	84767
5	201667	84771
5	201668	84776
5	201669	84783
5	201671	84792
5	201673	84805
5	201674	84809
5	201675	84817
5	201676	84823
5	201678	84831
5	201679	84836
5	201684	84870
5	201685	84875
5	201686	84879
5	201688	84889
5	201689	84894
5	201690	84901
5	201691	84905
5	201693	84917
5	201694	84922
5	201695	84926
5	201697	84937
5	201698	84942
5	201699	84947
5	201700	84952
5	201701	84959
5	201702	84964
5	201704	84970
5	201705	198727
5	201706	84979
5	201707	84983
5	201709	84991
5	201710	84996
5	201711	85000
5	201712	85005
5	201713	85010
5	201714	85015
5	201715	85019
5	201716	85023
5	201717	85028
5	201718	85034
5	201719	85038
5	201720	85042
5	201721	85047
5	201723	85057
5	201725	85068
5	201726	85072
5	201727	85077
5	201728	85083
5	201729	85089
5	201730	85097
5	201733	85112
5	201734	85117
5	201735	85121
5	201736	85126
5	201737	85130
5	201738	85135
5	201740	85143
5	201741	85148
5	201742	85152
5	201743	85158
5	201744	85162
5	201745	85167
5	201746	85172
5	201748	85177
5	201752	85194
5	201754	85204
5	201755	85208
5	201756	85213
5	201758	85224
5	201759	85228
5	201760	85232
5	201761	85236
5	201762	85240
5	201763	85244
5	201764	85250
5	201765	85254
5	201766	85259
5	201775	85314
5	201776	85318
5	201777	85323
5	201778	85328
5	201779	85333
5	201780	85338
5	201781	85343
5	201786	85367
5	201799	85427
5	201800	85431
5	201801	85436
5	201808	85486
5	201810	85498
5	201811	85504
5	201812	85509
5	201813	85514
5	201815	85523
5	201817	85535
5	201818	85540
5	201819	85545
5	201822	85562
5	201824	85572
5	201825	85576
5	201826	85580
5	201830	85597
5	201835	85624
5	201839	85648
5	201843	85669
5	201844	85673
5	201845	85680
5	201846	85685
5	201847	85689
5	201849	85700
5	201851	85709
5	201852	85715
5	201855	85731
5	201856	85736
5	201857	85741
5	201858	85746
5	201859	85751
5	201863	85773
5	201864	85777
5	201865	85782
5	201867	197541
5	201868	197327
5	201875	85826
5	201877	85834
5	201878	85841
5	201879	85846
5	201881	85856
5	201882	85862
5	201883	85868
5	201884	85873
5	201885	85880
5	201886	85885
5	201887	85890
5	201889	85905
5	201890	85910
5	201891	85916
5	201893	85928
5	201895	85940
5	201898	85961
5	201901	85973
5	201902	199062
5	201903	85983
5	201905	85993
5	201906	85999
5	201907	86003
5	201908	86008
5	201909	86012
5	201911	86022
5	201912	86025
5	201913	86029
5	201914	86032
5	201915	86036
5	201916	86041
5	201918	86049
5	201919	86055
5	201921	86063
5	201922	86066
5	201924	86076
5	201925	86079
5	201926	86084
5	201927	89450
5	201928	201927
5	201929	86103
5	201932	86114
5	201933	86119
5	201934	86123
5	201935	86128
5	201937	86138
5	201938	86143
5	201939	86148
5	201943	86166
5	201945	86179
5	201947	86189
5	201948	86193
5	201949	86200
5	201950	86204
5	201951	86211
5	201952	86215
5	201953	86219
5	201955	86227
5	201956	86233
5	201957	86238
5	201958	86244
5	201959	86250
5	201963	86273
5	201964	86280
5	201969	86305
5	201970	86308
5	201973	86326
5	201974	86330
5	201975	86334
5	201976	86338
5	201977	86342
5	201978	86346
5	201982	86370
5	201983	86375
5	201984	86380
5	201985	86385
5	201986	86393
5	201987	86398
5	201988	86403
5	201989	86409
5	201990	86413
5	201991	86420
5	201992	86426
5	201993	86432
5	201994	86447
5	201995	86452
5	201997	86464
5	201998	86468
5	202003	86503
5	202004	86509
5	202005	86513
5	202006	86517
5	202007	86521
5	202008	86525
5	202009	86529
5	202012	86539
5	202014	86547
5	202015	86552
5	202016	86557
5	202021	86579
5	202022	86584
5	202023	86588
5	202024	86592
5	202025	86597
5	202026	86602
5	202027	86606
5	202028	86612
5	202029	86618
5	202031	86626
5	202034	86642
5	202038	86663
5	202039	86667
5	202040	86674
5	202043	86695
5	202044	86702
5	202045	86707
5	202046	86712
5	202048	86717
5	202050	86729
5	202053	86742
5	202056	86756
5	202057	86760
5	202058	86767
5	202064	86794
5	202066	86803
5	202069	86819
5	202070	86825
5	202071	86832
5	202072	86837
5	202080	86905
5	202081	86910
5	202082	86916
5	202083	86920
5	202084	86924
5	202085	86929
5	202088	86943
5	202089	86946
5	202096	86991
5	202097	86996
5	202099	87005
5	202100	87010
5	202101	87015
5	202102	87021
5	202103	87027
5	202104	87031
5	202105	87036
5	202107	87047
5	202108	87052
5	202109	87058
5	202110	87064
5	202111	87069
5	202114	87089
5	202119	87115
5	202120	87122
5	202121	87127
5	202123	87137
5	202124	87143
5	202125	87148
5	202126	87155
5	202127	87159
5	202130	87180
5	202131	87185
5	202132	87188
5	202133	87193
5	202134	87198
5	202142	87226
5	202143	87231
5	202144	87235
5	202145	87239
5	202146	87243
5	202148	87254
5	202149	87259
5	202150	87266
5	202151	87271
5	202152	87275
5	202154	87284
5	202155	87286
5	202157	201813
5	202158	87300
5	202159	87306
5	202160	87310
5	202161	87318
5	202162	87322
5	202164	87335
5	202165	87339
5	202166	87344
5	202167	87348
5	202170	87364
5	202171	87368
5	202173	87380
5	202187	87422
5	202189	185552
5	202190	87443
5	202192	87450
5	202193	87455
5	202194	87459
5	202195	87464
5	202197	87474
5	202198	87479
5	202200	87489
5	202201	87493
5	202205	87512
5	202206	87517
5	202207	87525
5	202208	87532
5	202209	87537
5	202210	87545
5	202211	87552
5	202212	87557
5	202213	87563
5	202214	87570
5	202215	87576
5	202217	87588
5	202218	87594
5	202225	87626
5	202227	87635
5	202228	201921
5	202230	87657
5	202231	87663
5	202232	87668
5	202237	87692
5	202238	87696
5	202240	87706
5	202241	87711
5	202242	87717
5	202243	87721
5	202244	87726
5	202246	87737
5	202247	87744
5	202249	87756
5	202251	87765
5	202253	87773
5	202254	87780
5	202255	87787
5	202257	87796
5	202259	87805
5	202260	87810
5	202261	87815
5	202262	87820
5	202263	87825
5	202267	87851
5	202268	87855
5	202269	87860
5	202270	87865
5	202272	87874
5	202275	87893
5	202276	87898
5	202279	87910
5	202280	87915
5	202281	87919
5	202282	87925
5	202284	87934
5	202285	87939
5	202286	87944
5	202287	87950
5	202289	87962
5	202290	87966
5	202291	87971
5	202292	87976
5	202293	87980
5	202295	87989
5	202296	87994
5	202299	88008
5	202302	88023
5	202303	88028
5	202304	88033
5	202305	88048
5	202306	88043
5	202307	88048
5	202308	88052
5	202309	88057
5	202310	88062
5	202311	88067
5	202312	88072
5	202313	88077
5	202315	88087
5	202317	88102
5	202319	88115
5	202321	88124
5	202322	88129
5	202323	88135
5	202324	88142
5	202327	88160
5	202329	88169
5	202330	88173
5	202331	88177
5	202333	88183
5	202334	88186
5	202336	88192
5	202338	88198
5	202339	88201
5	202340	88206
5	202341	88213
5	202342	88219
5	202343	88225
5	202345	88235
5	202347	88246
5	202349	88262
5	202350	88268
5	202351	88274
5	202352	88279
5	202353	88284
5	202354	88288
5	202355	88292
5	202356	88296
5	202357	88301
5	202358	88306
5	202359	88311
5	202361	88321
5	202362	88327
5	202363	88331
5	202364	88336
5	202365	88340
5	202366	88344
5	202368	88352
5	202369	88356
5	202371	88365
5	202372	88369
5	202374	88379
5	202375	88383
5	202376	88387
5	202377	88391
5	202378	88395
5	202379	88399
5	202383	201945
5	202389	88457
5	202390	88462
5	202391	88467
5	202393	88477
5	202394	88481
5	202395	88485
5	202397	88494
5	202398	88499
5	202399	197857
5	202400	88510
5	202402	88523
5	202405	88549
5	202406	88553
5	202407	88557
5	202408	88562
5	202409	88569
5	202410	88574
5	202411	88578
5	202412	88584
5	202413	88590
5	202414	88595
5	202415	88600
5	202417	88610
5	202418	88616
5	202419	88621
5	202423	88640
5	202424	88646
5	202425	88650
5	202426	88656
5	202427	88661
5	202432	88685
5	202433	88691
5	202436	202433
5	202442	88709
5	202443	88715
5	202444	88722
5	202447	88741
5	202448	88747
5	202449	88754
5	202452	88770
5	202454	88777
5	202456	88790
5	202457	88797
5	202458	88803
5	202459	88807
5	202462	88822
5	202463	88826
5	202470	88873
5	202471	88878
5	202472	88882
5	202473	88886
5	202474	88895
5	202477	88909
5	202478	88914
5	202479	88919
5	202481	88928
5	202482	88932
5	202483	88937
5	202484	88941
5	202485	88947
5	202486	88953
5	202487	88957
5	202490	88977
5	202492	88988
5	202493	88994
5	202494	89001
5	202495	89006
5	202501	89047
5	202502	89052
5	202503	89057
5	202505	89075
5	202509	89092
5	202511	89100
5	202514	89121
5	202516	89132
5	202525	89178
5	202531	89207
5	202534	89226
5	202540	89259
5	202541	89263
5	202547	198043
5	202550	89319
5	202553	89337
5	202565	89404
5	202566	89408
5	202567	202565
5	202568	89420
5	202571	198577
5	202573	89443
5	202574	89450
5	202575	89456
5	202577	89467
5	202578	89472
5	202579	89479
5	202580	89487
5	202581	89492
5	202582	89496
5	202588	89528
5	202589	89538
5	202592	89550
5	202593	89554
5	202594	89560
5	202595	89566
5	202596	89573
5	202597	89578
5	202600	89595
5	202601	89601
5	202602	89606
5	202603	89611
5	202604	89615
5	202607	89633
5	202608	89641
5	202609	89648
5	202611	89655
5	202612	89658
5	202613	89662
5	202614	89666
5	202615	89670
5	202616	89674
5	202617	89678
5	202618	89682
5	202619	89716
5	202620	89690
5	202621	89695
5	202622	89699
5	202623	89704
5	202624	89708
5	202625	89712
5	202626	89716
5	202627	89720
5	202630	89736
5	202632	89745
5	202633	89750
5	202634	89754
5	202639	89776
5	202640	89781
5	202641	89787
5	202643	89797
5	202644	89802
5	202645	89807
5	202646	89812
5	202654	89855
5	202655	89859
5	202656	89863
5	202657	89867
5	202658	89871
5	202659	89875
5	202660	89881
5	202661	89885
5	202662	89889
5	202663	89893
5	202664	89901
5	202667	89912
5	202668	89916
5	202669	89920
5	202670	89924
5	202671	89928
5	202672	89932
5	202673	89936
5	202674	89940
5	202675	89945
5	202676	89949
5	202677	89953
5	202679	89961
5	202680	89965
5	202681	89969
5	202682	89973
5	202683	89977
5	202684	89981
5	202685	89985
5	202686	89989
5	202688	89997
5	202689	90002
5	202690	90006
5	202691	90010
5	202692	90014
5	202693	90018
5	202694	90022
5	202695	90026
5	202696	90030
5	202697	90034
5	202698	90038
5	202699	90042
5	202701	90051
5	202702	90055
5	202704	90063
5	202708	90079
5	202709	90083
5	202710	90087
5	202711	90091
5	202712	90095
5	202714	90103
5	202715	90107
5	202716	90111
5	202717	90118
5	202719	90130
5	202721	90141
5	202722	90148
5	202723	90153
5	202724	90159
5	202725	90165
5	202727	90175
5	202729	90185
5	202730	90190
5	202731	90195
5	202732	90201
5	202733	90205
5	202734	90209
5	202736	90220
5	202737	90224
5	202738	90228
5	202739	90234
5	202740	90239
5	202741	90243
5	202742	90248
5	202743	90253
5	202745	90262
5	202746	90266
5	202748	90277
5	202750	90285
5	202752	90293
5	202753	90298
5	202755	90306
5	202757	194808
5	202758	90319
5	202759	90322
5	202763	90340
5	202764	90343
5	202765	90347
5	202767	90361
5	202768	90367
5	202769	90373
5	202770	90379
5	202771	202211
5	202772	90390
5	202773	90395
5	202774	90401
5	202775	90405
5	202776	90411
5	202777	90416
5	202778	90422
5	202779	90429
5	202782	90447
5	202783	90456
5	202784	90461
5	202785	90467
5	202786	90472
5	202787	90477
5	202788	90480
5	202791	90493
5	202794	90508
5	202795	90512
5	202796	90518
5	202797	90523
5	202798	90528
5	202799	90533
5	202800	90541
5	202801	90546
5	202802	90552
5	202803	90557
5	202804	90562
5	202805	90567
5	202806	90573
5	202807	90578
5	202811	90596
5	202812	201690
5	202813	90605
5	202814	90611
5	202815	90616
5	202817	90624
5	202822	90641
5	202823	90645
5	202824	90650
5	202829	90674
5	202830	90676
5	202831	90682
5	202832	90686
5	202837	90712
5	202842	90738
5	202843	90742
5	202844	90749
5	202845	90754
5	202848	90765
5	202851	90782
5	202852	90786
5	202853	90790
5	202854	90795
5	202855	90799
5	202857	90808
5	202858	90812
5	202860	90820
5	202861	90827
5	202864	90841
5	202865	90845
5	202866	90849
5	202867	90853
5	202868	90856
5	202898	90990
5	202899	90994
5	202901	91004
5	202902	91009
5	202905	91022
5	202907	91031
5	202908	91036
5	202909	91042
5	202910	91047
5	202911	91053
5	202912	91058
5	202913	91062
5	202915	91072
5	202916	91077
5	202921	91096
5	202922	91100
5	202923	91105
5	202924	91111
5	202925	91117
5	202926	91122
5	202927	91129
5	202928	91134
5	202930	91146
5	202932	91160
5	202933	91165
5	202935	91177
5	202936	91184
5	202937	91188
5	202938	91192
5	202939	91196
5	202940	91200
5	202941	91204
5	202943	91212
5	202945	91221
5	202946	91225
5	202947	91229
5	202948	91234
5	202949	91238
5	202952	91253
5	202954	91258
5	202955	91262
5	202959	91277
5	202960	91283
5	202961	91289
5	202964	91302
5	202967	91318
5	202970	91328
5	202971	91333
5	202972	91337
5	202973	91342
5	202974	91346
5	202975	91349
5	202976	91353
5	202977	91359
5	202978	91365
5	202979	91371
5	202980	91376
5	202981	91381
5	202982	91387
5	202983	91391
5	202984	91396
5	202985	91400
5	202986	91404
5	202987	91407
5	202989	91418
5	202990	91424
5	203017	91560
5	203018	91565
5	203019	91570
5	203020	91575
5	203021	91581
5	203024	91597
5	203026	194809
5	203027	91616
5	203028	91622
5	203029	91626
5	203033	91648
5	203035	91660
5	203036	91664
5	203037	203036
5	203038	91674
5	203040	198801
5	203041	91692
5	203042	91696
5	203048	91720
5	203049	91726
5	203050	91732
5	203052	91743
5	203053	91748
5	203057	91769
5	203059	91780
5	203062	91795
5	203066	91822
5	203078	91886
5	203079	202248
5	203080	91898
5	203082	91909
5	203083	91914
5	203084	91919
5	203086	91928
5	203087	91932
5	203088	91937
5	203089	91943
5	203090	91947
5	203091	91954
5	203092	91960
5	203093	91964
5	203098	91991
5	203100	91999
5	203101	92004
5	203102	92009
5	203104	92021
5	203105	92026
5	203106	92032
5	203107	92037
5	203108	92041
5	203109	92046
5	203110	92051
5	203111	92059
5	203112	92064
5	203113	92069
5	203114	92075
5	203115	92080
5	203118	92097
5	203123	92128
5	203124	92133
5	203126	92145
5	203127	92151
5	203129	92161
5	203130	92166
5	203131	92172
5	203132	92177
5	203133	92183
5	203134	92188
5	203135	92193
5	203136	92199
5	203137	92204
5	203138	92209
5	203140	92222
5	203141	92226
5	203142	92232
5	203143	92237
5	203147	92254
5	203155	92278
5	203156	92284
5	203166	92295
5	203167	92301
5	203168	92307
5	203169	92312
5	203170	92318
5	203175	92339
5	203176	92343
5	203179	92358
5	203180	92364
5	203181	92369
5	203182	92373
5	203183	92377
5	203184	92380
5	203185	92384
5	203186	92389
5	203187	92396
5	203189	92408
5	203192	92427
5	203193	92431
5	203194	92436
5	203196	92447
5	203197	92453
5	203198	92458
5	203202	92482
5	203203	92487
5	203204	92492
5	203205	92497
5	203206	92502
5	203207	92507
5	203208	92511
5	203209	92516
5	203210	92521
5	203211	92525
5	203212	92529
5	203213	92537
5	203221	92562
5	203222	92566
5	203226	85804
5	203227	92578
5	203234	92597
5	203235	92602
5	203236	92608
5	203238	92617
5	203239	92621
5	203240	92625
5	203241	92629
5	203242	92633
5	203243	92638
5	203244	92644
5	203245	92649
5	203246	92655
5	203247	92659
5	203249	92668
5	203250	92673
5	203251	92677
5	203252	203238
5	203253	92685
5	203254	92690
5	203255	92695
5	203256	92699
5	203257	92704
5	203259	92714
5	203261	92723
5	203262	92727
5	203263	92732
5	203265	92744
5	203267	92754
5	203268	92760
5	203269	92764
5	203270	92771
5	203271	92776
5	203272	92781
5	203276	92804
5	203277	92809
5	203286	92844
5	203287	92850
5	203288	92856
5	203309	92957
5	203312	92973
5	203320	93016
5	203327	93062
5	203331	93079
5	203334	93097
5	203335	93104
5	203336	93110
5	203338	93123
5	203339	93130
5	203340	93137
5	203342	93148
5	203343	93155
5	203344	93162
5	203345	93168
5	203346	93174
5	203348	93185
5	203350	93194
5	203351	93199
5	203352	93203
5	203354	93213
5	203355	93218
5	203356	93223
5	203357	93228
5	203358	93232
5	203359	93236
5	203360	93241
5	203362	93253
5	203363	93258
5	203364	93263
5	203365	93268
5	203366	93273
5	203367	93278
5	203368	93283
5	203369	93287
5	203370	93292
5	203374	93315
5	203375	93321
5	203376	93326
5	203377	93333
5	203378	93339
5	203380	93351
5	203382	93364
5	203385	93374
5	203397	197816
5	203398	93427
5	203399	93432
5	203400	93440
5	203409	93493
5	203410	93498
5	203411	93504
5	203418	93555
5	203419	93560
5	203421	93573
5	203422	93578
5	203423	93582
5	203424	93589
5	203425	93596
5	203426	93602
5	203427	93609
5	203428	93615
5	203451	93764
5	203452	93768
5	203453	93773
5	203454	93778
5	203455	93783
5	203456	93788
5	203458	93794
5	203467	93832
5	203468	93836
5	203469	93840
5	203477	93881
5	203478	93885
5	203479	93889
5	203480	93896
5	203481	93901
5	203482	93907
5	203483	93913
5	203484	93919
5	203485	93925
5	203486	93932
5	203487	93938
5	203488	93944
5	203489	93950
5	203490	93956
5	203491	93960
5	203492	93966
5	203493	93971
5	203495	93980
5	203497	93988
5	203498	93992
5	203502	94015
5	203503	94021
5	203504	94027
5	203505	94032
5	203506	94037
5	203507	94041
5	203508	94045
5	203509	94050
5	203510	94055
5	203518	94092
5	203521	94105
5	203525	94123
5	203529	94138
5	203533	94163
5	203534	94168
5	203535	94173
5	203536	94177
5	203537	94183
5	203538	94189
5	203539	94193
5	203542	94208
5	203543	94212
5	203545	94221
5	203546	94225
5	203556	94280
5	203557	94287
5	203558	94293
5	203559	94298
5	203560	94303
5	203561	94308
5	203562	94313
5	203563	94318
5	203564	94323
5	203565	94327
5	203567	94339
5	203568	94343
5	203569	94348
5	203570	94353
5	203573	94369
5	203582	94421
5	203583	94429
5	203584	94436
5	203585	94443
5	203586	94448
5	203589	94461
5	203590	94465
5	203591	94469
5	203592	94474
5	203594	94484
5	203595	94488
5	203596	94494
5	203597	94500
5	203598	94506
5	203601	94520
5	203602	94525
5	203605	94544
5	203606	94549
5	203607	94553
5	203608	94557
5	203609	94561
5	203610	94565
5	203612	94574
5	203613	94579
5	203614	94583
5	203615	94587
5	203616	94593
5	203623	94619
5	203624	94624
5	203625	94629
5	203629	94649
5	203630	94656
5	203631	94662
5	203632	94668
5	203633	94671
5	203634	94673
5	203635	94675
5	203636	94679
5	203637	94681
5	203638	94685
5	203639	94690
5	203640	94696
5	203641	94700
5	203653	94743
5	203654	94748
5	203827	95310
5	203828	95312
5	203832	95339
5	203835	95351
5	203836	95356
5	203838	95365
5	203839	95371
5	203840	95375
5	203841	95380
5	203842	95389
5	203854	95413
5	203855	95420
5	203856	95424
5	203861	95450
5	203863	95465
5	203864	95469
5	203866	95476
5	203867	95480
5	203871	95499
5	203872	95503
5	203873	95509
5	203875	95524
5	203876	95529
5	203877	95533
5	203878	95539
5	203879	95544
5	203886	95578
5	203887	95582
5	203888	95588
5	203889	95593
5	203890	95598
5	203891	95603
5	203892	95608
5	203893	95612
5	203894	95616
5	203900	95649
5	203904	95667
5	203906	95678
5	203910	95704
5	203911	95708
5	203912	95713
5	203913	95716
5	203914	95722
5	203916	95735
5	203917	95741
5	203918	95747
5	203919	95752
5	203921	95764
5	203922	95769
5	203923	95774
5	203925	95781
5	203928	95798
5	203929	95805
5	203930	95812
5	203931	95818
5	203932	95823
5	203934	95830
5	203935	95835
5	203936	95841
5	203938	95854
5	203940	95862
5	203942	95877
5	203943	95883
5	203945	95897
5	203946	95903
5	203947	95910
5	203948	95914
5	203949	95920
5	203950	95925
5	203953	95939
5	203956	95956
5	203957	95962
5	203958	95966
5	203960	95978
5	203961	95984
5	203963	95993
5	203964	95997
5	203965	96002
5	203966	96007
5	203967	96011
5	203968	96016
5	203969	96021
5	203970	96025
5	203971	96030
5	203980	96087
5	203981	96091
5	203982	96096
5	203984	96105
5	204008	96208
5	204009	96212
5	204011	96219
5	204012	96226
5	204013	96231
5	204014	96235
5	204027	96310
5	204028	96315
5	204029	96320
5	204030	96325
5	204031	96332
5	204032	96337
5	204035	96352
5	204037	96366
5	204038	96370
5	204039	96376
5	204041	96389
5	204042	96393
5	204043	96398
5	204049	96424
5	204050	96430
5	204051	96434
5	204052	96439
5	204054	96452
5	204055	96455
5	204056	96460
5	204057	96466
5	204058	96471
5	204059	96475
5	204060	96480
5	204061	96485
5	204062	96490
5	204064	96501
5	204065	96507
5	204066	96512
5	204074	96542
5	204260	96944
5	204525	97621
5	204651	97863
5	205026	99511
5	205500	101286
5	205511	101356
5	205513	101368
5	205515	101379
5	205516	101384
5	205518	101393
5	205594	101719
5	205649	101836
5	205690	101990
5	205691	101995
5	205692	101999
5	205750	102084
5	205751	102089
5	205796	102247
5	205818	102374
5	205831	102430
5	205834	102443
5	205843	102488
5	205845	102496
5	205853	102548
5	205856	102564
5	205872	102662
5	205874	102671
5	205879	102698
5	205880	102703
5	205881	102708
5	205882	102713
5	205884	102725
5	205885	102729
5	205886	102733
5	205887	102737
5	205899	102808
5	205902	102822
5	205955	205856
5	205956	103059
5	205957	103063
5	205958	103065
5	205970	103138
5	205971	103142
5	205998	103234
5	205999	103239
5	206000	103242
5	206008	103281
5	206033	103391
5	206039	103430
5	206044	103449
5	206051	103501
5	206082	103570
5	206192	103837
5	206198	103871
5	206210	103908
5	206219	103984
5	206220	103990
5	206221	103994
5	206224	104012
5	206225	104018
5	206226	104023
5	206227	104028
5	206229	104038
5	206285	104200
5	206286	104205
5	206290	104226
5	206291	104229
5	206292	104232
5	206296	104248
5	206423	104565
5	206424	104569
5	206437	104645
5	206456	104688
5	206457	104691
5	206458	104694
5	206459	104696
5	206460	104699
5	206461	104702
5	206462	104705
5	206463	104708
5	206464	104713
5	206465	104716
5	206466	104719
5	206628	105208
5	206629	105211
5	206634	105236
5	206635	105240
5	206636	105245
5	206638	105255
5	206639	105259
5	206701	105387
5	206704	105399
5	206742	105481
5	206745	105495
5	206747	105505
5	206760	105573
5	206761	105577
5	206762	105581
5	206786	105631
5	206787	105637
5	206840	105741
5	206841	105745
5	206842	105750
5	206846	105792
5	206906	105888
5	206908	105901
5	206965	106000
5	206967	106012
5	206968	106016
5	206970	106022
5	206971	106026
5	206972	106029
5	206973	106032
5	206978	106057
5	206980	106066
5	207012	106102
5	207014	106110
5	207029	106196
5	207642	107064
5	207643	107070
5	207644	107074
5	207654	107140
5	207657	107154
5	207658	107159
5	207659	107163
5	207682	107236
5	207690	107296
5	207703	107387
5	207706	107400
5	207776	107551
5	207792	107645
5	207797	107661
5	207798	107666
5	207808	107731
5	207812	107779
5	207813	107784
5	207814	107789
5	207819	206082
5	207820	107815
5	207933	108082
5	207945	108140
5	207991	108277
5	208041	108429
5	208130	108697
5	208148	108727
5	208149	108732
5	208263	108811
5	208266	108822
5	208268	108832
5	208270	108839
5	208275	108874
5	208276	108878
5	208277	108881
5	208278	108885
5	208285	108934
5	208303	108960
5	208334	109049
5	208335	109055
5	208336	109059
5	208338	109067
5	208344	109098
5	208437	109340
5	208453	109439
5	208454	109444
5	208487	109603
5	208495	109662
5	208496	109665
5	208500	109684
5	208532	109709
5	208533	109713
5	208534	109717
5	208535	109720
5	208556	109838
5	208557	109842
5	208625	110036
5	208652	110173
5	208713	110464
5	208715	110471
5	208716	110475
5	208717	110479
5	208718	110483
5	208719	110488
5	208720	110494
5	208721	110499
5	208722	110502
5	208723	110506
5	208734	110574
5	208735	110579
5	208750	110670
5	208756	110717
5	208757	110722
5	208819	110949
5	209112	111042
5	209141	111154
5	209220	111327
5	209300	111545
5	209301	111548
5	209308	111569
5	209309	111574
5	209325	111663
5	209326	111666
5	209335	111708
5	209422	111907
5	209434	111973
5	209435	111978
5	209442	112020
5	209451	112081
5	209452	112086
5	209453	112089
5	209454	112092
5	209457	112106
5	209469	112157
5	209481	112227
5	209482	112231
5	209483	112235
5	209491	112287
5	209493	112298
5	209494	112302
5	209495	112306
5	209496	112310
5	209497	112314
5	209498	112319
5	209810	113270
5	209819	113316
5	209820	113321
5	210815	116585
5	210816	116593
5	210817	116598
5	210819	116608
5	210820	116613
5	210821	116617
5	210822	116621
5	210823	116625
5	210824	116630
5	210825	116634
5	210826	116638
5	210828	116646
5	210829	116648
5	210830	116650
5	210831	116653
5	210832	116657
5	210867	116699
5	210868	116703
5	210869	116707
5	216594	143631
5	216595	143635
5	216596	143638
5	216597	143643
5	216598	143647
5	217448	147300
5	217474	147418
5	217531	147752
5	217686	148194
5	217752	148531
5	217770	148629
5	217927	149441
5	217934	149482
5	217942	149525
5	217977	149681
5	218010	149853
5	218042	149992
5	218112	150312
5	218134	150428
5	218136	150440
5	218138	150449
5	218139	150452
5	218140	150456
5	218276	151155
5	218277	151159
5	218278	151165
5	218279	151171
5	218280	151175
5	218281	151179
5	218282	151184
5	218283	151188
5	218315	151340
5	218412	151822
5	218510	152323
5	218528	152407
5	218543	152487
5	218637	152917
5	218872	154101
5	218900	154232
5	218941	154429
5	218963	154537
5	219043	154914
5	219059	154972
5	219092	155121
5	219148	155344
5	219149	155352
5	219211	155644
5	219212	155648
5	219308	156054
5	219349	156261
5	219402	156529
5	219408	156561
5	219558	157243
5	219640	157599
5	219752	158136
5	219757	158162
5	219882	158830
5	219922	159045
5	219965	159240
5	220052	159662
5	220054	159669
5	220056	159679
5	220063	159719
5	220072	184203
5	220099	159851
5	220101	159864
5	220107	159899
5	220151	160109
5	220218	160413
5	220226	160452
5	220247	160568
5	220272	160690
5	220350	161090
5	220378	161152
5	220412	161295
5	220417	161318
5	220418	161322
5	220419	161327
5	221395	164073
5	221511	164588
5	221559	164814
5	221595	165013
5	221596	165017
5	221598	165026
5	221599	165031
5	221607	165072
5	221611	165091
5	221662	165335
5	221704	165514
5	221712	186308
5	221725	165620
5	221805	154101
5	221901	166453
5	221902	166458
5	222048	185673
5	222049	167092
5	222079	167206
5	222141	167503
5	222176	167692
5	222177	167701
5	222178	167705
5	222412	168702
5	222413	168707
5	222428	168782
5	222485	169052
5	222487	169064
5	222488	169069
5	222508	169148
5	222587	169505
5	222642	169723
5	222654	169791
5	222693	169937
5	222694	169944
5	222710	170035
5	222715	170065
5	222748	170208
5	222765	170301
5	222783	170385
5	222798	170486
5	222799	170490
5	222801	170499
5	222822	170601
5	222823	170607
5	222862	170799
5	222903	221596
5	222904	170979
5	222905	170984
5	222906	170989
5	222907	170994
5	222908	170997
5	222909	171001
5	222910	171006
5	222911	171010
5	222912	171014
5	222944	171175
5	222945	171182
5	222962	171279
5	222968	171320
5	222994	171445
5	223023	171577
5	223049	171706
5	223050	171711
5	223064	171772
5	223077	171838
5	223541	174214
5	223604	174495
5	223750	174966
5	223752	174981
5	223753	218872
5	223755	174996
5	223967	176137
5	224086	176640
5	224111	176755
5	224203	177198
5	224332	177760
5	224432	178188
5	224433	178193
5	224434	178197
5	224435	178201
5	224437	178209
5	224439	178218
5	224458	178317
5	224459	178322
5	224476	178408
5	224477	178412
5	224592	178923
5	224597	178952
5	224636	179136
5	224715	179536
5	224738	179641
5	224739	179645
5	224740	179649
5	224957	180620
5	224975	222430
5	225016	180874
5	225092	181239
5	225096	181270
5	225097	181277
5	225111	181338
5	225112	181344
5	225127	181418
5	225128	181421
5	225141	181491
