0
0
0
0
0
0
0
0
0
0
0
0
1
1
2
0
1
1
0
2
0
0
2
1
2
1
0
1
3
0
0
7
2
1
0
1
6
3
0
2
8
1
2
0
3
0
4
0
0
0
0
0
10
3
2
8
0
9
4
3
8
3
4
9
5
0
2
6
2
0
0
0
0
5
18
0
0
0
0
7
4
0
1
7
1
0
5
7
1
0
3
0
0
5
14
7
3
2
11
6
8
2
2
0
0
1
2
9
6
0
5
6
13
4
0
6
0
9
28
9
30
0
0
3
1
5
8
3
4
30
7
1
39
3
22
12
0
14
10
7
14
15
0
41
0
26
0
10
6
2
3
3
2
10
15
47
0
0
0
0
2
2
0
0
9
8
6
14
1
11
9
0
16
26
13
0
11
8
45
5
0
1
1
14
7
18
0
0
0
0
0
0
1
0
2
2
3
0
0
2
0
4
0
5
7
0
7
1
0
5
8
0
3
2
5
1
0
3
2
3
9
3
0
4
10
0
0
0
0
0
4
0
0
15
2
2
5
1
3
5
4
6
1
13
0
1
23
20
0
0
3
0
3
0
2
0
0
0
0
1
3
8
2
1
1
9
6
6
9
1
0
0
0
0
0
0
8
5
0
7
4
9
3
4
5
1
5
5
0
1
0
0
2
0
1
9
2
0
0
0
0
22
0
28
0
0
0
0
24
0
0
0
0
0
0
0
1
0
1
1
0
1
3
2
3
0
3
17
86
2
0
0
1
2
2
34
3
0
2
2
0
0
89
0
0
1
4
3
1
0
1
0
3
0
0
1
5
0
3
2
1
1
2
3
1
1
2
0
0
2
0
0
2
1
0
1
0
1
11
6
0
0
1
1
10
0
0
7
3
8
0
0
9
0
0
0
0
1
0
4
0
0
0
0
0
0
0
0
0
0
0
0
0
1
0
1
1
1
1
2
1
1
5
1
0
4
0
0
0
0
0
3
6
4
4
4
6
5
0
4
3
7
5
4
0
5
0
0
0
0
1
0
1
0
1
3
0
0
2
8
2
2
7
3
3
0
3
3
0
3
6
0
4
1
4
3
1
6
1
5
6
16
14
11
14
1
0
19
1
0
0
5
2
0
0
84
13
0
5
0
0
2
29
5
8
0
0
0
0
0
0
0
0
1
2
1
4
2
4
0
0
0
0
0
0
1
1
3
1
5
5
6
6
0
4
3
0
1
9
6
0
13
10
9
0
0
16
18
11
24
9
12
11
23
22
1
23
2
23
2
14
2
24
3
0
0
1
0
2
1
10
29
20
1
34
7
0
0
37
10
42
13
41
36
4
36
28
3
0
39
31
33
21
51
54
50
22
31
43
58
15
4
3
3
14
38
4
4
38
16
37
36
27
46
28
14
66
31
18
25
78
36
6
17
32
23
43
28
40
66
54
28
6
0
38
9
81
59
66
91
89
36
24
31
25
5
77
74
61
94
96
20
52
9
5
63
52
29
5
37
106
42
62
4
102
23
97
45
21
0
25
91
110
45
67
87
0
8
68
55
111
34
113
65
0
12
9
79
11
9
51
94
7
80
49
23
131
81
25
57
101
118
143
3
107
94
92
33
66
84
67
8
147
78
95
130
8
25
0
73
136
45
7
11
0
23
17
120
161
83
100
14
150
127
16
3
126
16
30
98
19
40
124
159
176
93
24
45
30
180
13
90
123
147
174
99
100
175
48
6
2
17
144
95
109
14
0
141
6
128
168
40
145
9
32
195
94
131
129
4
69
6
141
203
182
0
206
39
75
109
123
201
162
13
46
191
159
122
158
174
6
145
184
164
66
28
11
96
155
208
55
0
199
114
15
9
164
185
119
235
128
167
16
31
172
87
192
202
229
28
228
218
225
95
14
0
123
226
141
71
180
130
173
136
199
109
148
89
201
210
196
14
1
29
26
44
93
204
60
78
5
37
84
32
166
156
192
163
108
251
63
1
250
232
96
0
115
38
82
267
61
72
236
236
211
188
176
175
258
207
57
38
54
25
244
89
42
300
146
261
21
260
104
169
205
126
306
210
310
2
77
175
11
89
257
171
60
143
37
0
174
234
240
5
71
135
25
6
0
204
17
3
6
189
119
273
20
46
118
23
186
81
238
195
281
20
7
15
255
291
28
71
76
30
6
321
104
157
326
12
260
315
107
78
31
246
104
160
283
32
188
293
108
218
2
339
227
315
321
13
59
130
293
357
16
160
272
130
221
302
13
221
229
40
284
7
89
297
10
0
84
267
66
320
268
122
3
57
0
244
198
294
343
0
26
0
0
0
0
0
0
0
0
0
0
0
0
1
2
0
0
0
0
0
0
0
0
0
1
0
0
0
3
0
0
0
0
0
0
0
0
1
1
1
0
0
0
0
0
0
1
0
0
0
0
1
1
1
0
0
0
3
2
0
0
0
0
0
0
0
0
0
0
0
2
0
0
0
6
0
1
0
0
0
0
0
0
1
0
0
0
0
0
0
0
12
4
0
4
10
14
22
0
1
0
0
0
0
0
44
19
9
50
1
12
18
2
1
3
31
10
0
0
0
0
0
0
0
0
1
0
0
2
0
1
0
2
3
1
3
10
13
13
0
5
0
0
0
5
0
0
0
0
1
0
1
1
0
0
1
1
0
5
1
0
0
14
2
0
3
0
0
0
0
0
4
0
0
1
1
1
1
2
0
0
0
2
1
3
0
0
3
39
15
0
0
0
0
0
109
0
0
0
0
0
1
0
0
0
0
0
0
0
0
1
1
1
0
0
1
4
0
2
1
0
0
0
0
1
0
0
0
0
0
1
0
3
1
1
2
3
1
1
0
1
32
0
3
5
10
32
2
0
3
0
16
0
0
0
0
0
0
0
0
0
1
11
5
1
0
5
0
4
1
0
0
1
1
1
1
1
0
1
1
2
1
0
3
0
2
2
3
0
3
0
0
0
0
4
1
3
5
1
4
3
3
2
5
0
1
1
3
1
0
1
8
10
0
1
0
2
1
0
86
8
6
1
5
1
2
4
0
0
0
0
28
26
0
7
0
13
0
3
0
19
0
0
9
0
130
0
0
0
0
50
2
0
1
2
40
9
13
0
0
0
0
2
8
3
6
0
0
0
0
0
4
1
1
7
1
0
2
1
1
0
2
24
51
1
2
0
4
5
8
4
2
0
2
0
3
0
7
1
0
2
0
0
0
0
52
10
1
15
13
4
5
0
23
132
25
39
3
13
0
24
1
14
26
1
39
15
0
18
15
0
0
0
96
0
0
1
10
8
0
1
1
0
9
2
10
1
69
0
1
0
2
16
9
3
0
0
1
0
0
1
8
14
0
0
0
113
25
0
42
0
0
0
0
0
1
0
0
0
1
11
0
0
0
9
0
0
1
0
0
0
0
0
0
0
9
0
0
0
0
14
12
8
0
0
13
0
0
0
15
0
0
0
15
2
1
0
0
0
0
2
0
0
2
0
0
0
0
0
0
0
0
16
0
0
1
0
0
0
0
2
29
0
0
0
29
0
0
0
1
0
0
0
0
2
1
0
2
2
0
0
1
0
20
27
9
0
0
1
0
0
20
0
2
1
1
0
0
0
17
0
4
0
0
0
0
0
0
1
1
0
1
2
1
3
0
3
2
0
0
4
4
1
0
5
4
6
11
1
0
8
0
10
0
0
11
7
0
0
0
0
0
1
0
0
0
1
0
1
0
2
0
0
2
2
7
0
0
7
0
0
2
3
1
0
3
0
3
0
0
0
0
0
0
0
3
1
1
1
1
1
0
1
2
2
2
0
2
2
2
0
1
1
0
0
1
0
4
0
2
2
0
5
5
3
3
5
2
4
1
0
1
2
4
7
0
4
0
0
2
10
0
0
0
8
3
1
0
0
3
3
0
0
9
0
12
0
0
0
2
0
8
0
0
9
19
0
1
1
0
0
0
18
54
6
12
0
0
0
8
0
0
1
1
1
0
1
31
30
0
31
0
0
0
1
0
0
1
0
0
0
2
0
1
1
3
0
2
0
4
4
0
2
1
0
2
1
0
0
1
0
1
3
0
28
0
34
6
3
1
0
16
0
0
0
1
0
0
0
0
1
1
1
0
0
0
1
1
0
56
0
1
31
56
1
2
0
27
0
0
37
60
0
15
3
1
59
37
1
0
3
61
1
0
3
0
3
0
2
8
0
0
0
167
3
3
1
0
0
0
0
42
5
15
0
3
5
1
0
0
1
0
0
4
2
16
2
0
8
2
0
2
1
0
0
3
1
1
0
0
0
0
0
1
0
2
1
0
0
1
0
0
1
2
12
9
0
0
0
4
10
0
3
0
0
0
5
1
0
9
8
20
0
5
0
12
13
5
6
2
73
14
3
7
13
2
74
4
3
8
1
14
11
10
1
0
0
5
4
0
0
1
15
3
16
1
0
1
0
1
6
5
1
6
5
16
13
1
7
15
17
0
0
7
3
0
14
7
6
0
3
0
17
6
0
0
83
7
6
1
0
0
5
0
1
1
0
0
4
0
0
0
2
0
0
0
0
3
0
41
0
0
0
0
13
2
0
2
7
0
0
1
2
18
0
0
2
4
0
0
0
25
5
0
0
0
1
25
0
0
0
0
1
1
0
1
0
1
2
0
31
30
0
0
0
0
0
1
1
20
11
2
0
0
23
0
0
0
0
0
0
0
0
0
0
31
3
2
2
0
6
29
0
3
8
0
9
1
0
0
0
0
1
26
2
0
0
5
0
2
0
3
2
0
1
0
3
28
4
1
2
1
24
1
43
1
2
0
1
0
9
3
0
1
0
0
0
0
1
5
2
1
0
0
0
0
2
2
2
0
1
1
0
0
0
0
0
1
2
0
0
0
2
0
1
0
0
0
1
0
0
1
0
0
0
0
1
0
0
0
0
0
0
2
1
1
10
2
0
1
19
1
7
0
4
1
0
1
0
0
25
16
0
24
1
0
0
0
0
1
0
2
0
0
0
0
0
35
8
0
2
2
0
3
3
0
5
3
0
5
0
1
9
0
6
6
0
2
0
9
2
9
4
0
8
0
6
7
0
7
0
0
10
0
5
6
1
0
14
1
10
0
1
84
11
0
1
54
0
19
9
0
9
2
5
9
63
0
6
1
12
0
86
4
10
13
0
1
0
0
0
1
0
2
0
1
1
0
0
14
1
3
2
0
1
15
1
3
0
4
2
0
0
16
4
49
14
16
0
2
5
87
49
19
10
14
0
0
2
24
1
3
0
44
0
1
2
0
0
3
4
2
0
0
0
0
1
0
0
0
0
0
3
2
0
1
2
2
0
0
0
1
0
11
0
0
3
2
4
1
0
1
2
0
5
2
0
0
3
5
0
0
0
0
1
0
0
0
0
0
0
0
0
0
0
1
0
1
2
0
0
2
0
1
5
1
0
1
1
0
1
0
1
20
0
0
0
0
51
1
6
0
0
0
21
3
0
45
0
3
1
0
0
0
4
1
2
65
1
0
6
0
0
0
0
0
1
0
0
1
0
2
68
1
0
0
0
33
19
31
5
1
29
13
34
0
1
0
0
0
2
2
0
0
0
22
36
0
9
3
1
0
2
32
1
1
3
16
5
4
32
0
0
0
4
6
0
0
1
6
0
0
19
0
0
0
1
21
36
0
0
12
0
0
45
1
12
0
1
1
1
2
3
14
1
2
0
0
1
0
0
0
0
0
1
0
2
0
0
3
5
1
0
0
0
4
0
13
0
0
0
0
1
1
1
16
0
42
33
42
22
32
0
4
0
2
26
30
0
3
14
0
0
3
1
3
7
0
1
0
4
0
0
0
14
0
0
0
0
0
17
0
0
0
0
2
0
13
2
0
0
1
2
1
0
1
2
0
1
1
0
0
3
0
0
2
2
3
5
0
0
0
5
0
3
3
5
25
3
6
1
4
4
3
6
3
3
1
1
2
0
2
0
6
2
9
2
2
3
0
15
6
0
16
10
9
28
0
3
0
0
25
2
0
29
5
1
0
1
2
44
0
0
0
70
0
0
0
0
1
8
0
7
3
0
12
1
0
0
0
0
2
2
0
4
15
2
12
33
2
0
7
0
19
6
3
17
0
62
0
0
0
4
0
7
0
0
0
0
7
4
17
0
2
0
0
16
2
0
0
1
0
1
0
0
6
6
1
4
1
3
0
13
0
1
0
11
5
3
0
0
2
2
0
0
2
2
1
0
4
0
1
23
3
0
0
0
33
0
1
0
2
0
2
22
3
0
0
0
45
25
3
0
3
0
0
36
0
0
2
11
0
0
3
0
1
6
2
1
1
11
6
0
0
0
34
5
39
46
20
14
5
14
0
24
17
12
7
17
0
10
1
52
15
4
3
7
6
1
22
1
1
4
0
0
0
0
0
1
0
0
0
2
0
0
1
2
2
16
10
5
18
65
0
0
0
0
1
0
1
0
0
70
15
0
18
45
0
19
23
0
0
0
190
53
0
67
66
1
0
24
1
1
0
2
0
3
2
0
69
1
0
9
23
1
3
1
2
1
0
2
0
1
3
1
0
3
4
3
0
3
2
0
0
6
10
1
2
3
2
3
7
1
0
0
5
1
15
0
1
1
0
1
4
10
0
4
1
0
0
3
5
1
0
1
15
13
0
0
0
0
1
2
6
2
0
29
0
0
0
0
0
2
0
0
0
26
3
0
0
1
3
0
0
0
0
0
64
0
0
27
1
22
7
1
0
0
15
3
0
1
2
36
5
9
10
14
34
1
0
8
18
2
2
23
0
0
0
19
0
0
19
0
0
0
0
0
5
20
0
1
1
20
0
2
0
0
21
2
3
0
2
0
7
17
1
0
19
8
2
0
0
0
0
6
0
26
0
0
0
0
7
23
1
1
0
1
2
0
2
0
1
1
2
1
2
0
1
3
1
1
1
4
4
1
0
0
0
4
5
2
1
1
5
2
5
0
0
25
2
0
18
0
0
0
0
83
28
1
12
0
3
59
33
0
2
0
3
0
0
15
18
5
0
2
0
1
0
1
23
1
0
1
81
0
0
1
53
14
44
1
2
0
44
0
2
0
0
0
0
0
2
0
0
1
0
0
0
2
2
1
54
36
58
0
0
64
6
1
2
3
0
2
6
0
8
1
4
1
0
22
7
6
62
15
0
3
5
26
2
1
12
0
0
0
1
33
12
5
2
23
14
0
13
85
8
34
1
61
3
1
0
0
0
16
0
0
0
59
1
61
0
0
2
0
0
2
2
2
1
4
2
0
2
1
0
5
0
3
6
2
6
7
0
5
4
2
2
6
70
8
9
8
5
1
11
6
0
0
8
57
0
0
1
0
0
0
0
19
8
0
0
19
10
0
20
0
0
0
0
0
0
5
22
17
5
3
0
3
0
18
14
0
4
0
38
0
59
0
23
2
7
0
19
24
5
7
26
0
2
0
0
13
0
31
0
0
0
1
0
2
0
0
2
1
1
2
2
3
8
7
29
0
4
1
0
0
2
2
0
13
1
0
0
5
3
5
0
2
0
1
4
2
1
1
6
0
0
2
6
58
1
71
2
0
4
9
2
0
9
0
3
10
0
0
0
11
1
0
1
1
0
0
9
0
12
0
3
1
2
0
0
0
0
1
80
59
0
15
0
65
0
4
1
22
7
11
0
8
5
31
23
0
2
56
0
0
0
0
1
24
15
4
2
0
0
97
4
9
0
11
0
0
0
0
0
0
0
59
1
12
1
29
0
0
3
59
2
5
19
1
0
0
1
0
0
0
0
2
0
2
2
1
0
1
3
3
3
4
1
0
3
6
3
0
3
1
3
6
0
4
1
0
0
0
4
54
34
47
1
13
0
2
12
3
0
1
1
0
0
0
0
1
0
15
12
0
1
0
2
16
2
1
4
4
53
0
0
1
3
4
0
0
0
1
0
0
0
3
15
7
16
1
1
15
0
91
18
8
3
0
2
91
0
0
0
0
0
1
6
0
5
1
1
2
10
2
2
64
17
0
2
0
90
0
0
0
2
0
1
0
0
3
1
1
1
2
66
4
1
1
98
0
5
0
0
4
6
7
1
14
1
125
0
3
4
40
0
0
82
4
3
0
0
33
6
9
0
9
40
51
92
4
10
0
0
0
0
4
24
1
4
0
0
35
25
1
11
43
0
8
0
0
2
2
0
3
0
2
4
0
0
1
21
5
3
4
106
111
26
3
3
17
1
15
0
8
11
0
1
0
1
20
0
4
1
1
12
113
0
11
18
1
7
0
0
4
4
26
0
0
61
0
0
5
1
6
1
0
2
0
81
2
0
55
55
1
0
0
0
1
0
0
0
0
0
0
0
0
0
0
0
1
2
14
12
3
10
2
0
1
2
11
14
5
0
11
0
1
14
0
1
0
12
1
3
0
14
1
17
3
0
0
2
2
3
7
6
0
3
19
1
30
2
4
17
9
0
1
1
3
10
1
2
1
38
11
7
1
3
2
1
12
0
18
15
25
2
5
5
24
12
13
0
0
0
1
28
1
6
1
1
10
0
0
0
2
2
46
1
4
0
2
95
10
8
1
0
0
0
7
39
6
3
15
10
2
25
11
0
0
38
0
0
0
9
0
0
0
1
1
1
40
1
1
24
11
0
1
0
0
3
0
0
6
138
22
5
9
0
0
0
0
0
0
0
6
5
2
7
2
2
8
21
13
42
12
8
1
0
7
3
42
0
75
46
76
49
0
0
0
0
1
0
4
0
0
23
15
4
1
1
6
0
0
1
0
5
0
37
30
23
34
93
0
0
0
0
0
1
0
0
1
0
2
1
28
2
2
2
2
1
2
89
1
0
0
1
3
4
0
0
4
138
1
0
7
47
0
6
3
5
3
1
5
0
5
0
0
92
1
0
5
15
0
0
2
5
9
0
7
8
10
1
1
11
7
8
6
0
12
10
18
2
7
53
18
0
11
1
42
0
0
47
1
8
43
0
1
0
2
0
4
1
2
20
1
6
0
0
1
4
2
1
4
4
0
5
1
0
0
5
0
1
0
0
0
9
0
1
0
8
7
0
2
0
4
6
12
7
0
3
42
0
1
71
1
0
46
0
0
0
0
0
0
1
0
1
1
1
0
85
2
1
3
0
2
2
2
0
3
1
1
1
2
0
5
2
2
5
7
4
6
5
0
5
138
1
0
13
0
0
0
2
19
0
0
0
25
17
0
13
10
2
53
1
0
3
0
0
18
0
0
0
2
2
40
23
0
7
8
0
29
2
2
0
43
0
6
6
0
1
1
42
1
3
4
0
0
0
0
25
3
52
0
0
0
4
0
4
37
1
0
0
0
1
0
6
0
7
1
4
0
1
22
3
0
1
0
0
2
1
0
0
1
1
2
1
0
22
2
1
5
3
7
0
1
0
2
3
4
1
3
20
0
0
0
0
28
1
6
0
0
5
0
1
0
0
0
0
0
1
0
1
2
0
0
0
1
2
0
2
1
0
1
1
4
2
0
3
5
3
0
0
4
6
0
1
5
1
0
0
6
6
1
7
0
0
0
2
0
0
1
0
9
4
0
4
15
1
5
0
0
2
0
1
0
0
0
0
0
1
1
0
49
0
0
0
0
34
48
0
1
16
15
1
0
24
0
0
0
0
1
24
32
10
0
18
1
1
0
2
0
2
0
3
0
3
2
1
3
0
1
17
0
0
4
3
3
4
28
2
4
0
4
33
0
4
3
0
6
12
0
6
5
1
8
2
7
4
0
6
0
6
4
0
8
0
0
8
4
2
0
11
1
0
0
35
23
47
49
67
0
25
48
0
0
98
0
5
0
0
1
1
2
0
2
0
2
108
58
2
1
60
0
0
33
0
0
0
0
9
0
0
107
2
0
56
0
2
0
0
0
3
0
0
1
0
0
147
1
1
1
56
1
2
0
4
0
0
2
0
2
2
1
2
0
4
0
5
5
0
3
1
8
3
5
0
0
0
9
3
3
1
4
0
10
1
1
0
1
51
7
1
0
2
51
3
0
2
4
0
0
0
0
0
115
24
0
9
4
83
16
1
0
1
0
3
55
4
0
0
2
134
0
0
0
0
0
57
10
2
1
75
31
100
47
3
13
78
135
0
0
7
0
72
1
0
6
1
2
14
143
103
0
8
0
0
1
1
14
17
1
56
44
3
1
1
0
140
1
11
0
0
0
0
0
3
63
0
0
0
1
0
0
0
0
0
1
0
68
2
1
0
53
63
3
0
1
49
3
64
53
4
0
20
0
0
25
95
0
79
64
49
9
0
51
65
0
6
38
0
145
0
1
9
0
0
1
54
2
12
11
1
72
0
0
2
2
135
10
25
0
62
73
11
0
7
316
0
11
13
2
4
0
0
3
0
12
7
1
0
40
2
56
0
2
2
37
11
3
2
0
0
28
71
6
1
0
30
8
39
8
0
1
1
0
5
81
50
2
0
14
3
4
0
1
1
0
3
0
1
8
26
7
3
1
16
0
68
5
15
18
11
48
0
0
0
0
0
1
0
0
27
1
96
0
26
1
2
1
16
0
0
2
0
7
1
1
1
0
13
4
0
5
1
2
0
8
0
11
22
0
0
2
1
19
18
3
1
7
2
1
1
0
0
2
0
2
1
1
0
0
2
56
18
8
0
4
2
0
0
0
0
0
0
55
1
0
2
9
6
41
4
0
3
2
5
1
11
2
2
0
0
3
0
0
0
4
0
0
0
2
8
0
1
1
2
2
3
159
2
1
16
0
12
2
12
0
3
4
3
2
0
4
102
70
1
14
7
102
0
6
0
0
22
0
0
0
1
23
94
24
2
10
26
31
12
4
4
16
150
21
16
50
29
24
0
5
4
0
17
173
21
16
2
0
29
6
109
5
3
0
28
8
0
31
3
0
1
4
10
0
5
14
0
0
0
3
1
23
3
0
0
0
3
0
0
2
0
1
2
4
0
4
1
2
20
3
11
0
0
0
8
2
1
1
5
2
0
24
0
18
1
0
0
3
1
101
24
0
0
7
21
3
0
2
7
0
2
0
0
3
0
163
107
23
0
2
27
0
108
24
1
7
0
0
0
0
26
0
0
1
1
0
9
6
10
1
5
3
1
0
0
3
1
0
0
0
1
1
113
77
5
11
5
66
111
14
2
1
0
41
18
0
16
8
9
0
0
58
7
0
4
0
44
135
41
3
1
41
0
197
41
10
46
116
42
1
16
0
77
118
22
9
4
2
27
165
118
1
18
5
11
0
1
0
120
34
8
0
2
3
1
0
1
0
3
7
12
9
12
3
0
122
28
2
13
4
7
10
4
10
21
44
8
0
10
0
0
0
0
15
13
25
0
0
1
1
0
2
1
7
0
88
0
0
2
2
16
1
2
14
0
5
4
2
4
4
0
65
3
13
9
71
30
7
0
44
1
0
0
2
0
0
0
58
130
15
37
36
150
11
0
0
5
21
21
32
4
16
1
17
91
55
7
2
60
6
2
1
4
7
27
0
0
4
0
0
3
8
32
0
3
0
0
8
54
0
0
5
7
1
16
0
0
1
16
0
19
0
0
2
0
0
4
1
0
0
0
2
0
0
18
2
0
0
0
0
3
26
5
0
4
126
28
1
0
38
0
16
0
1
1
0
0
0
3
2
0
1
1
0
0
3
5
1
79
96
0
0
9
0
10
48
28
0
0
0
97
5
3
2
0
16
0
97
8
6
6
0
79
18
0
1
4
80
0
0
2
5
81
2
0
186
23
0
1
165
39
12
7
59
58
11
166
0
0
5
39
0
0
0
22
0
0
61
0
0
0
0
0
0
0
1
0
0
1
0
2
0
0
0
0
0
23
37
6
7
17
1
3
3
5
0
4
28
3
16
21
1
11
0
0
58
1
16
3
2
7
7
0
0
3
2
4
0
0
0
0
1
1
24
2
0
2
23
7
2
25
1
4
10
1
2
1
0
1
1
0
0
11
0
0
0
6
3
0
3
1
1
72
1
0
5
3
0
1
4
0
0
57
25
14
57
1
66
169
0
28
0
22
10
0
1
31
1
0
1
0
1
4
42
0
1
1
2
0
0
1
2
1
1
0
4
0
4
103
109
0
0
0
0
1
0
0
0
1
0
2
2
1
2
0
6
1
0
0
0
0
0
0
0
0
1
0
0
8
4
2
0
7
4
0
0
0
1
0
11
2
0
16
0
1
0
11
3
12
2
0
1
13
1
0
0
0
2
0
4
3
0
0
2
1
0
0
2
3
0
1
1
1
0
0
2
0
0
0
0
4
3
0
2
1
0
0
0
0
1
1
0
1
1
1
0
2
1
2
0
0
1
4
0
1
3
4
2
1
4
134
1
3
1
0
0
0
0
0
0
0
0
0
1
0
1
1
0
0
0
0
0
0
0
1
0
1
0
0
2
1
0
0
12
4
0
0
0
0
0
0
22
2
2
1
0
0
0
1
0
1
0
0
3
3
0
25
7
0
0
0
0
1
0
0
0
1
6
0
0
0
17
0
1
2
0
15
12
16
0
0
0
0
0
0
0
4
0
21
1
2
9
0
0
2
0
0
5
0
2
0
1
22
0
0
0
0
0
2
1
0
0
1
0
0
0
27
6
0
0
6
4
2
2
1
15
0
30
0
1
2
0
29
18
2
0
2
2
4
31
20
0
4
0
0
1
66
34
1
3
1
5
17
0
0
4
0
3
0
0
0
1
18
2
1
1
18
0
0
1
0
4
0
42
2
2
3
3
1
1
0
0
1
11
3
3
0
0
3
0
0
3
1
0
0
55
0
1
0
0
3
25
2
25
2
2
3
0
0
2
2
0
2
0
0
10
3
0
1
0
0
0
1
1
9
1
24
12
3
3
0
13
6
0
1
1
0
0
0
0
3
2
1
0
0
33
1
2
10
24
4
1
5
17
8
0
3
0
0
0
0
2
25
0
1
2
20
7
0
0
0
2
0
5
2
2
0
0
5
28
3
19
0
0
0
6
116
24
21
9
157
0
22
35
0
0
45
1
2
0
0
0
4
1
0
214
2
2
2
0
2
0
0
0
0
0
1
0
86
69
42
0
0
0
0
0
0
0
0
1
133
46
1
0
0
1
2
0
0
0
3
131
0
0
0
0
0
2
0
1
2
1
176
44
117
1
1
0
1
0
0
0
2
1
0
0
3
0
0
0
0
0
0
0
0
0
3
2
1
1
3
2
2
0
0
2
4
0
0
0
0
0
2
1
0
1
0
0
0
0
2
1
0
1
0
8
1
0
0
2
5
0
2
1
6
3
9
3
4
2
0
1
4
3
1
3
0
0
0
0
1
0
4
0
0
0
0
0
0
8
4
0
0
5
1
0
1
0
0
0
0
0
1
1
1
0
3
0
4
0
4
2
3
3
0
6
2
0
8
0
4
5
9
1
9
5
5
5
6
10
2
158
1
0
159
0
0
1
0
2
0
0
0
3
0
0
1
1
1
1
5
64
15
11
11
3
4
25
0
27
0
0
0
1
1
1
48
1
0
1
28
1
240
7
1
75
1
94
40
111
76
23
28
0
75
102
0
66
0
0
0
0
1
0
13
25
2
1
86
2
0
25
29
2
2
102
2
96
23
1
2
2
164
0
76
0
0
0
6
12
3
28
13
15
27
3
0
12
0
0
1
0
0
0
2
0
0
165
1
6
1
164
0
1
0
0
0
1
0
0
2
0
0
2
1
3
3
0
0
1
4
0
0
1
2
5
0
1
3
1
0
1
0
6
222
0
102
6
4
2
7
4
1
0
1
8
1
2
9
5
2
2
8
6
6
1
2
9
8
7
0
0
5
3
1
1
8
169
0
0
6
0
0
0
0
0
66
27
2
28
3
0
20
64
0
0
23
0
26
1
39
1
0
1
0
2
0
31
1
176
0
14
0
112
1
1
4
0
146
1
1
5
0
0
2
1
0
0
1
2
1
181
3
4
3
4
2
0
46
1
1
152
1
0
5
88
63
53
73
0
74
247
0
18
0
0
0
93
1
0
2
1
1
0
0
1
20
1
1
1
0
1
1
0
60
1
3
134
0
0
48
0
0
1
0
2
0
0
1
1
0
2
0
0
163
20
9
0
0
2
2
5
26
0
21
0
18
20
4
4
2
0
0
1
0
9
1
0
0
0
0
2
31
0
0
104
48
11
1
0
150
0
0
233
229
0
0
0
0
184
0
0
182
3
1
1
4
1
0
0
0
0
0
0
0
18
0
16
0
0
210
0
0
5
5
0
1
0
0
0
186
4
0
0
0
198
2
0
7
5
4
17
2
0
3
0
7
4
8
24
4
0
4
1
0
3
8
3
9
25
11
8
0
0
9
0
3
0
0
1
1
1
1
2
13
0
2
2
0
21
24
18
3
2
27
16
150
27
23
4
10
154
8
66
0
0
0
0
5
0
181
29
25
7
9
1
13
0
0
6
2
0
93
1
2
0
34
2
1
3
5
2
0
0
0
157
4
0
1
0
16
1
1
14
192
9
0
9
5
7
17
2
1
3
1
77
1
1
0
5
0
21
31
47
1
83
1
0
2
3
10
0
19
5
0
0
0
1
40
0
0
1
1
2
8
11
1
2
1
3
2
49
3
3
0
2
10
0
0
0
2
156
0
3
2
10
0
2
0
8
0
3
0
16
0
0
5
9
3
41
2
7
41
15
0
0
0
23
29
6
0
3
0
49
0
0
0
0
2
1
0
1
20
8
18
0
5
0
0
11
8
5
1
0
1
3
2
2
2
0
2
2
5
0
3
1
3
5
4
5
9
3
0
1
4
1
3
0
3
0
4
0
3
7
6
1
2
0
130
29
22
12
14
0
0
6
37
0
0
0
95
1
16
1
1
0
1
26
2
1
155
1
0
5
3
2
98
3
1
4
3
4
4
14
13
17
9
0
0
11
15
10
0
0
0
0
198
0
0
0
1
0
0
0
0
0
0
0
0
0
1
2
2
0
0
1
2
1
0
0
202
0
0
0
0
7
10
1
2
2
3
13
7
3
1
2
14
167
3
5
1
9
3
14
0
5
0
3
1
34
0
77
232
7
6
2
0
119
98
18
34
117
147
3
0
259
12
7
4
37
78
82
137
0
46
6
30
29
0
0
9
0
0
22
0
2
0
23
0
0
167
0
0
7
224
48
41
6
5
25
25
44
10
43
0
97
0
0
3
0
0
0
28
1
9
4
51
14
3
1
0
2
9
46
0
2
0
1
75
16
1
2
4
3
4
1
231
2
0
1
4
5
0
5
2
1
5
3
4
0
23
1
3
2
1
1
8
0
0
0
0
0
0
150
0
0
0
2
5
0
0
1
48
2
2
3
0
1
0
0
0
0
0
0
0
0
1
0
1
0
0
81
0
23
5
0
4
2
0
0
0
0
1
0
0
1
1
2
0
2
0
0
1
2
3
0
0
4
3
0
2
4
3
0
2
5
1
10
0
0
0
4
2
58
6
5
0
138
0
6
0
0
0
5
0
46
99
3
86
433
0
0
0
2
0
0
1
0
0
0
11
12
8
32
18
2
0
9
0
2
5
2
6
0
0
0
0
66
0
1
0
180
14
0
3
0
15
0
248
0
58
0
1
183
2
0
36
1
0
244
13
1
5
11
226
11
0
155
4
75
181
4
0
1
0
0
5
183
0
0
0
0
1
0
36
1
31
3
2
3
1
68
8
3
61
33
3
1
0
1
0
0
5
1
56
0
76
1
35
0
2
0
2
0
0
1
1
0
1
1
5
2
2
0
40
5
5
36
69
59
39
0
0
6
0
0
0
1
70
41
1
6
0
0
1
0
1
3
71
0
43
0
4
2
0
44
1
0
9
1
0
0
5
1
1
0
2
2
5
2
5
2
3
7
0
7
0
48
0
5
1
4
8
0
9
4
10
0
7
0
9
5
7
9
10
0
0
288
2
0
10
0
0
1
0
4
7
2
35
23
7
197
5
2
1
0
0
6
0
1
5
0
1
0
0
24
0
1
1
4
0
2
0
11
4
0
3
1
1
1
2
6
205
7
5
5
5
7
224
0
0
98
6
3
20
4
16
3
3
36
5
0
5
2
0
2
1
11
1
0
3
1
0
0
0
0
1
0
250
0
1
97
23
36
9
2
23
297
123
18
0
83
11
95
0
28
93
0
102
245
64
5
0
0
240
0
0
64
18
6
5
6
3
32
4
0
3
0
181
0
0
0
0
1
0
1
6
1
2
3
3
1
4
1
2
7
8
4
1
1
2
5
0
6
6
6
0
6
317
14
0
3
0
0
0
0
1
0
0
211
0
0
0
0
0
1
1
0
2
1
7
1
1
0
1
0
1
0
0
0
0
0
3
0
2
0
1
1
69
1
0
0
0
0
0
0
0
0
1
0
0
0
1
0
0
0
0
0
0
0
15
2
16
105
0
0
20
0
12
3
12
1
68
150
107
0
0
0
2
69
28
1
186
0
0
258
4
2
10
1
0
0
0
4
0
100
40
0
0
0
0
0
0
0
0
2
1
0
0
3
3
2
212
81
0
0
212
1
171
0
119
0
0
0
2
0
3
1
2
5
0
272
2
0
7
12
273
0
0
0
1
1
0
0
28
20
1
0
0
6
0
0
0
0
0
3
3
0
0
9
0
0
3
2
0
1
2
4
0
0
3
1
4
1
2
4
4
4
0
67
5
0
2
19
18
0
25
5
1
285
15
0
0
0
0
1
0
1
0
0
0
2
0
0
2
1
0
0
4
1
1
1
3
2
0
2
1
2
2
0
4
0
1
2
1
0
21
2
1
239
46
326
107
6
15
3
0
4
66
11
40
7
5
0
0
0
44
0
0
0
0
0
1
0
0
0
1
0
2
73
41
0
0
1
2
0
1
0
0
0
2
3
1
4
0
3
4
2
24
2
5
1
295
28
3
0
1
0
258
7
0
0
261
29
5
1
0
0
0
0
3
0
0
1
3
1
0
0
1
40
0
0
77
61
6
0
0
2
8
27
36
8
37
7
1
22
1
0
4
1
73
8
5
3
0
0
2
39
0
7
1
2
0
1
0
11
4
2
0
2
3
62
10
1
61
9
0
1
1
1
0
0
264
7
5
0
1
7
6
14
22
18
10
2
22
179
0
0
23
0
0
15
0
0
1
82
3
13
2
3
7
47
87
61
4
30
4
0
1
5
0
39
42
8
0
49
0
1
2
0
0
14
0
0
2
104
7
32
87
1
70
27
13
41
0
34
0
36
2
0
4
4
1
2
2
0
1
4
2
2
1
1
1
1
36
3
2
2
1
5
3
0
7
0
1
3
4
9
4
1
20
0
169
28
5
1
0
108
55
157
60
6
0
2
0
1
8
35
0
1
1
1
15
0
1
139
4
1
193
0
0
0
0
47
106
108
0
0
72
0
212
65
13
0
0
163
1
45
2
0
0
1
0
1
0
0
0
0
2
0
0
0
2
0
0
303
0
6
25
233
3
0
2
0
0
0
1
0
1
2
0
0
2
0
1
1
3
0
0
1
201
1
0
0
2
5
1
0
1
5
0
1
5
5
0
0
4
7
0
1
9
3
2
8
2
3
4
3
1
3
4
1
0
2
0
7
3
12
3
4
0
1
1
0
5
0
1
6
1
5
7
7
8
5
8
0
0
6
26
2
4
0
27
72
10
3
29
4
0
125
0
0
10
37
0
1
131
0
25
0
0
0
1
2
0
2
3
0
1
0
2
4
3
0
5
1
1
0
32
6
0
2
0
2
3
3
5
3
1
5
6
2
5
0
1
2
2
4
31
2
3
10
0
0
1
6
17
11
7
0
2
17
0
0
15
9
0
22
13
0
34
24
21
7
1
37
8
234
2
1
2
68
76
65
0
0
3
43
3
0
0
1
23
49
31
8
6
0
3
23
28
0
0
9
0
0
7
8
2
48
4
1
0
1
6
0
1
1
0
136
26
1
0
0
0
18
0
0
0
0
22
0
0
21
18
20
34
14
267
0
22
17
2
36
23
15
17
11
12
31
1
264
0
0
0
259
0
0
4
115
0
0
0
301
1
1
0
2
2
1
3
2
2
4
0
3
307
0
113
0
5
1
1
43
48
6
221
0
0
63
0
0
1
0
64
0
0
0
0
0
1
316
1
36
2
81
1
1
162
74
11
29
47
104
114
0
89
12
1
30
7
0
15
117
21
0
0
16
1
151
2
18
32
105
2
124
0
21
2
0
14
0
4
0
31
14
1
74
25
0
33
0
2
5
4
1
3
0
3
0
2
29
1
1
1
0
4
94
27
0
4
2
3
1
42
14
6
0
2
11
0
23
5
12
0
15
41
75
65
91
0
97
339
0
3
17
92
108
0
0
0
1
7
4
83
1
0
1
164
101
5
9
20
114
0
0
0
4
5
30
8
0
0
1
1
0
0
36
1
24
3
0
0
7
2
0
0
1
1
5
38
0
1
2
3
2
0
2
26
19
0
4
107
0
0
0
0
15
0
51
1
0
0
0
1
0
3
1
2
0
2
8
2
0
5
2
0
1
1
1
0
0
6
47
6
206
0
1
0
112
0
0
0
0
4
0
3
109
2
0
1
4
1
0
0
2
0
3
31
0
0
4
1
0
0
1
0
2
4
1
6
0
0
3
0
1
1
1
9
0
3
2
0
70
62
8
72
56
20
11
15
74
0
59
8
0
27
1
65
29
101
5
57
20
20
2
2
6
1
2
1
28
1
1
15
59
60
3
3
3
0
64
1
0
3
3
67
2
2
0
5
56
0
3
1
5
2
1
0
0
5
53
6
11
93
6
7
2
33
6
24
0
2
75
1
68
2
2
0
69
0
0
43
0
6
7
7
4
6
15
3
31
52
48
92
0
18
92
0
46
10
64
0
0
0
0
0
1
1
0
24
1
1
201
0
0
0
0
222
32
1
6
220
0
0
0
77
52
1
6
47
42
0
0
0
34
0
43
15
0
0
6
1
61
9
15
1
0
81
0
0
45
1
1
0
1
83
9
1
1
1
81
10
4
2
24
87
16
0
0
22
265
0
12
1
55
93
5
1
107
0
0
88
0
12
43
0
0
102
0
0
107
1
0
0
26
0
1
0
200
0
0
5
67
0
0
0
2
1
40
0
4
2
2
1
15
1
3
215
4
0
2
1
6
92
26
58
9
14
3
59
28
20
0
0
56
9
5
0
0
0
0
10
73
1
0
3
1
10
16
2
36
98
4
2
12
2
1
4
3
1
1
2
15
4
8
4
0
4
0
113
6
0
2
5
1
5
0
2
2
1
3
4
74
5
2
6
190
40
36
6
15
5
20
13
39
1
1
16
16
7
1
2
3
9
42
1
1
4
18
0
137
7
0
4
0
0
0
0
0
0
0
1
1
1
1
1
0
0
2
2
103
69
9
21
1
32
22
14
7
17
33
0
350
17
2
0
1
0
0
2
230
8
15
2
0
21
293
1
0
17
311
7
8
0
0
0
0
0
0
0
1
1
1
1
1
0
2
0
0
0
0
12
2
2
3
4
1
3
5
2
0
5
357
14
0
0
5
4
2
6
2
3
4
7
0
3
0
0
8
8
0
0
2
1
0
63
100
2
111
1
25
213
0
10
2
0
22
1
0
21
116
113
99
374
0
313
0
1
51
98
17
9
1
0
45
18
0
0
131
15
1
1
1
10
0
0
0
0
0
0
0
0
1
1
0
0
0
0
0
0
0
3
0
0
2
7
2
0
0
1
0
57
2
14
1
1
91
59
0
67
0
0
0
0
126
11
0
0
0
1
0
0
1
2
13
3
1
1
0
3
96
53
27
72
0
81
65
0
3
0
2
1
213
40
82
145
0
0
55
0
0
0
251
99
20
2
1
16
317
5
8
1
26
0
40
2
27
0
59
0
0
0
0
0
125
1
3
2
16
19
32
4
2
0
126
0
0
0
205
127
0
0
0
1
0
0
0
1
7
0
116
0
1
0
0
0
129
14
10
5
1
0
31
16
0
2
4
17
0
2
9
4
4
132
3
1
24
2
7
2
13
0
7
3
3
3
1
3
6
2
2
1
0
14
1
2
310
3
0
0
44
313
8
0
5
6
4
96
30
9
294
0
332
14
1
0
0
2
0
1
0
3
1
0
3
0
1
36
0
0
372
7
10
0
4
1
52
0
6
15
16
1
17
11
29
7
0
0
0
5
12
0
118
1
0
1
0
0
1
16
2
1
10
1
7
0
0
1
31
2
19
0
1
0
12
0
0
0
0
0
1
1
0
16
4
0
1
42
3
0
3
0
1
1
1
1
1
0
98
0
3
68
1
5
1
0
0
377
2
64
2
1
2
149
2
0
0
145
3
141
20
1
0
134
36
41
13
64
1
16
23
1
1
69
110
12
57
18
0
26
89
1
0
0
0
5
0
0
1
0
0
27
0
69
0
3
0
0
0
4
1
0
0
3
3
1
18
0
27
0
2
0
0
2
0
0
0
9
8
4
1
13
2
2
0
199
0
0
17
0
0
0
18
1
0
0
19
386
4
0
192
1
16
1
340
125
0
1
0
2
0
0
0
1
365
0
1
9
1
0
14
22
3
18
1
0
379
3
3
0
0
0
4
0
7
0
7
2
5
1
0
0
0
1
0
0
0
0
0
0
0
1
2
0
0
2
0
2
2
0
1
1
2
0
0
0
3
0
3
0
0
51
1
5
6
3
1
8
5
0
7
0
16
16
68
1
4
0
2
39
114
87
3
20
0
0
1
0
57
3
1
2
0
0
2
0
0
4
7
0
8
9
8
0
3
1
10
0
10
6
0
9
2
17
0
5
8
0
0
2
11
1
1
1
0
5
0
14
0
1
0
1
390
16
0
0
0
407
0
129
0
134
132
0
2
53
0
1
2
3
4
5
6
0
0
1
0
55
284
56
0
0
356
17
11
2
89
3
193
25
23
4
43
0
0
97
13
2
0
0
361
0
95
63
133
59
1
8
113
0
0
1
61
0
3
2
0
0
3
0
0
4
1
1
0
1
14
139
0
0
0
1
0
111
1
0
0
0
2
1
0
96
5
0
287
2
0
38
0
0
0
1
0
0
0
0
338
4
2
0
46
0
29
103
4
19
0
0
0
43
0
0
1
0
0
0
1
75
0
57
20
98
0
0
0
2
23
0
2
0
2
23
0
16
296
0
0
425
0
0
18
0
98
2
11
76
83
8
5
71
1
64
0
1
0
1
13
86
0
2
49
0
1
0
0
3
0
3
56
1
0
1
52
3
27
72
0
0
3
2
1
87
1
0
4
3
1
0
0
0
73
0
0
6
1
2
1
2
7
0
15
1
0
1
6
5
0
2
2
5
4
11
3
15
0
0
0
0
16
0
4
100
80
2
9
38
0
171
11
1
0
398
5
0
0
11
0
3
3
1
95
400
1
9
0
10
0
0
3
0
0
1
1
3
3
5
2
4
3
0
5
2
1
6
6
0
6
2
7
4
1
2
6
3
0
4
2
76
5
0
3
122
2
0
8
344
0
2
338
0
147
15
0
1
70
0
1
415
98
33
2
54
130
375
0
8
0
24
0
119
1
7
0
55
25
0
0
108
1
37
0
26
0
1
0
3
8
4
56
2
0
2
1
4
1
5
2
3
418
3
0
20
1
3
4
42
2
4
5
112
6
1
387
28
16
60
67
0
7
6
0
10
0
0
0
16
14
0
0
1
0
0
17
34
1
16
5
2
51
0
1
0
37
63
1
0
0
0
0
40
1
0
48
2
0
1
51
82
45
78
7
91
11
1
0
82
2
25
6
101
0
0
0
91
0
102
0
0
14
0
0
0
3
56
4
94
1
0
0
37
91
1
363
0
17
0
2
1
85
0
21
362
0
31
1
1
174
5
0
0
175
0
0
0
82
0
32
26
1
12
20
46
2
4
39
27
20
29
12
29
23
14
0
0
0
0
0
24
3
1
1
99
1
1
26
47
4
360
9
0
0
1
12
12
2
16
27
7
83
17
155
0
0
1
2
27
29
46
5
78
11
28
48
0
0
7
0
0
50
96
43
0
1
61
0
1
6
1
0
54
9
61
0
34
0
3
48
1
47
4
8
1
113
0
0
56
10
1
5
1
0
40
0
1
0
2
130
5
51
0
66
78
0
62
11
57
4
2
23
50
0
0
0
5
17
25
36
0
2
6
0
2
8
7
5
7
0
9
1
1
0
0
59
196
30
7
0
7
14
269
3
4
271
0
0
271
1
3
1
367
6
2
432
1
0
0
61
0
1
0
43
6
0
1
11
22
48
19
0
387
0
6
134
10
118
5
104
12
75
30
46
0
37
24
0
3
23
1
45
33
0
1
12
0
121
0
4
3
77
1
0
0
3
4
0
44
25
1
7
3
112
57
16
1
0
3
4
0
137
0
0
27
369
21
0
0
358
1
9
4
274
4
1
0
6
2
0
1
0
134
0
0
1
0
0
2
422
6
2
0
1
15
344
7
12
0
0
5
1
0
0
0
0
50
1
4
0
0
174
82
62
112
11
44
12
137
440
0
0
0
0
0
0
1
0
0
0
0
24
5
58
0
1
0
0
10
22
50
7
6
6
1
0
0
2
0
14
13
1
2
0
3
1
0
1
3
132
79
0
0
0
3
18
1
1
6
3
3
0
0
0
0
0
9
27
16
40
94
63
14
32
10
0
0
37
0
0
1
89
0
1
0
13
0
43
9
0
2
46
0
2
5
14
3
19
16
6
3
87
102
50
3
0
0
12
14
16
27
37
5
20
2
0
4
15
15
0
18
15
1
1
1
0
0
0
0
178
407
0
0
0
0
66
2
0
66
1
2
219
0
0
1
1
18
15
3
35
7
0
0
373
0
0
0
0
0
0
129
2
0
0
0
0
396
3
0
0
84
0
21
7
8
0
43
2
27
49
18
0
24
1
1
192
0
0
0
0
8
0
0
424
3
1
0
194
158
0
56
1
1
0
37
0
0
24
8
12
7
1
39
0
24
0
0
0
0
0
0
0
7
19
0
2
0
0
1
1
2
1
0
1
0
2
2
4
0
0
4
0
3
3
5
3
21
1
23
1
3
6
4
4
4
3
14
4
10
63
1
5
6
2
1
2
0
0
0
149
35
1
0
53
451
0
2
149
1
0
1
0
0
54
1
0
1
0
154
1
1
3
1
129
3
0
2
2
23
1
1
0
356
6
1
3
2
0
2
0
1
0
4
1
0
0
6
1
99
56
68
87
0
0
0
88
0
0
1
0
89
0
0
0
0
0
0
3
74
91
2
3
3
1
0
91
3
0
3
2
12
4
102
0
1
1
72
0
0
392
6
0
6
13
6
1
130
16
9
1
16
1
1
1
9
5
0
6
103
4
0
47
124
1
115
11
120
3
14
38
4
0
0
14
0
1
0
16
0
23
0
1
0
0
227
116
11
0
134
140
225
106
44
0
0
127
130
442
110
92
16
0
0
116
0
132
0
1
0
100
30
36
0
132
424
0
6
156
1
11
44
0
5
9
41
32
0
14
43
3
442
90
142
43
117
12
24
3
4
52
60
1
373
84
29
0
20
0
0
36
133
173
130
57
4
400
85
8
125
1
350
82
65
0
1
68
36
26
9
0
20
18
114
95
3
100
56
15
0
18
1
316
84
3
95
105
70
23
9
97
138
87
5
92
2
106
66
50
43
7
13
78
0
120
100
22
91
1
3
0
3
0
2
2
0
3
21
44
55
1
15
18
1
0
0
195
53
33
5
0
1
193
42
36
0
4
7
1
9
66
42
10
273
45
5
1
0
411
44
36
1
0
5
210
19
2
0
0
0
0
0
0
0
0
0
2
0
0
0
0
2
2
2
0
0
3
0
4
0
1
0
2
0
0
1
3
1
2
1
2
5
5
4
2
0
7
1
5
7
3
7
2
1
6
1
0
1
10
10
7
1
7
0
5
2
12
4
9
3
2
0
5
10
11
1
8
8
9
13
11
289
27
4
136
0
2
0
147
2
11
235
24
79
4
54
126
1
14
48
57
16
34
55
38
2
30
0
1
8
5
76
9
9
33
1
2
6
1
0
40
1
2
1
10
3
1
1
3
10
5
0
3
0
0
3
0
0
0
8
0
16
39
9
3
15
3
17
6
0
16
53
31
18
8
41
6
0
159
46
3
2
0
42
24
1
26
40
2
25
3
7
2
0
5
3
2
0
3
0
2
1
16
0
1
3
31
1
0
1
29
0
7
0
7
2
1
1
0
1
1
7
0
2
0
4
5
3
3
3
0
1
1
8
2
5
1
0
7
0
5
8
0
8
2
0
48
20
0
0
9
0
0
55
1
0
40
7
7
22
17
8
9
0
8
5
20
7
4
0
25
1
0
1
6
0
0
11
0
230
47
3
57
0
52
13
2
11
5
14
3
26
10
1
28
9
16
0
2
4
0
0
2
0
0
7
0
0
1
0
1
28
3
11
0
1
79
2
9
106
22
90
113
9
7
168
0
8
16
1
2
47
3
0
0
0
1
1
5
0
21
2
6
0
17
0
0
6
49
48
59
0
1
3
1
23
465
112
32
156
136
1
1
134
22
1
1
12
8
4
6
7
166
0
6
7
3
27
17
10
102
27
135
6
5
0
21
0
33
0
4
0
0
1
28
2
37
13
64
62
7
54
0
32
3
1
87
33
0
0
0
13
1
4
0
29
8
1
30
13
0
0
0
0
1
3
4
7
4
1
46
7
0
0
79
63
6
28
9
35
3
9
52
0
2
2
92
3
0
112
3
2
0
0
0
1
0
0
0
0
1
1
0
1
0
1
0
1
1
112
102
0
73
154
15
16
13
0
15
10
0
5
0
9
3
90
72
2
33
18
7
6
106
1
0
31
19
310
1
0
0
16
59
61
172
2
125
1
55
5
54
35
55
0
7
48
8
7
50
31
2
10
0
34
11
1
6
10
5
0
52
24
6
5
14
90
0
10
7
40
58
5
0
56
60
3
0
1
6
58
75
21
99
0
15
0
0
4
1
0
0
0
0
100
1
1
1
1
0
2
62
73
78
20
3
14
314
0
63
1
37
89
0
0
67
6
6
5
15
121
25
5
12
19
64
25
83
1
8
233
1
0
0
0
125
1
2
8
2
10
5
29
1
1
0
0
2
0
1
1
1
0
1
73
70
1
107
1
2
13
2
3
127
44
26
20
1
2
2
36
0
114
2
20
4
18
0
6
137
0
84
9
28
3
20
8
0
1
0
0
0
0
0
0
1
0
1
0
1
2
0
0
1
0
1
2
2
2
2
1
2
1
3
2
2
3
3
0
4
7
4
6
5
8
0
0
6
1
5
0
7
3
2
0
8
11
3
0
0
9
9
5
0
5
10
4
9
4
4
4
4
11
15
11
13
3
9
0
7
12
8
13
2
13
0
0
0
14
6
13
2
15
12
1
7
3
3
18
14
19
17
15
16
17
13
4
17
136
5
38
2
41
2
7
0
58
0
0
1
0
19
1
16
40
2
2
36
34
5
7
0
1
5
2
0
46
48
98
103
8
0
1
0
0
25
15
0
49
6
22
0
8
58
1
140
58
2
6
0
0
28
0
9
63
29
1
141
0
0
16
10
0
15
74
83
124
2
72
136
1
161
20
19
6
9
79
19
89
6
123
4
12
0
20
12
16
30
27
21
0
4
1
81
0
13
32
3
1
1
19
0
1
41
0
0
0
79
96
86
78
7
3
6
10
26
100
86
0
29
1
3
8
57
4
5
22
527
0
18
0
0
0
31
85
89
61
0
0
0
1
1
51
95
0
1
9
0
118
1
14
0
0
0
0
0
0
123
53
2
2
20
337
1
0
1
35
18
11
100
1
25
4
3
0
1
0
2
92
90
151
0
0
0
0
1
3
1
0
0
0
66
3
5
3
26
2
3
4
1
37
30
17
45
0
5
158
0
2
57
0
0
0
65
1
4
0
1
5
34
2
0
2
1
0
13
15
1
2
0
0
0
0
0
1
1
1
0
1
3
0
2
2
1
0
4
0
3
1
5
3
3
3
5
3
2
2
0
0
4
4
2
6
4
0
1
0
3
77
3
3
91
0
0
0
7
18
1
0
0
1
1
0
2
0
1
1
2
4
4
3
5
2
5
3
6
0
0
0
4
1
1
55
15
17
30
26
6
5
36
1
0
33
2
132
37
0
30
0
2
10
11
30
31
348
123
53
12
4
17
278
68
0
96
0
11
10
13
2
0
3
4
1
6
1
0
1
123
57
34
122
24
0
22
19
1
27
1
1
42
1
90
9
5
5
0
0
11
0
0
2
0
0
0
0
11
126
21
3
81
36
27
0
9
1
1
0
9
35
39
8
18
48
0
0
3
21
0
0
0
0
0
0
16
1
128
31
41
1
18
15
3
1
9
95
3
14
59
6
30
89
7
3
29
103
15
20
25
2
122
39
3
1
140
8
168
10
0
62
0
54
0
0
535
5
8
1
26
157
6
93
88
0
112
77
0
17
1
0
0
1
98
1
0
19
4
0
0
600
0
1
0
0
0
0
0
0
0
1
29
0
3
10
15
17
57
5
0
1
0
3
4
3
540
123
36
18
164
169
0
0
0
19
3
0
0
0
27
3
17
33
101
2
4
2
11
34
34
39
17
12
6
25
63
66
33
60
58
35
8
77
9
64
3
57
18
1
0
8
5
12
6
147
2
63
39
71
9
5
19
3
413
82
31
2
120
1
30
18
23
41
2
0
8
86
28
129
0
28
151
0
18
30
0
0
28
1
4
2
3
0
0
0
0
0
1
0
0
2
1
2
2
81
20
119
5
317
0
0
0
6
0
0
0
143
119
34
0
172
0
1
3
0
3
19
0
4
118
0
85
0
19
29
2
28
0
40
152
151
6
9
32
0
0
36
11
0
2
1
2
0
9
58
30
2
0
2
0
0
2
2
0
4
0
4
0
81
0
11
88
92
19
44
81
35
113
10
17
38
0
38
49
0
7
22
28
279
10
2
23
80
5
0
22
229
0
20
93
0
30
99
0
30
0
0
1
0
98
1
114
5
0
0
60
59
90
13
14
112
117
59
0
4
0
0
69
160
21
0
2
0
31
130
86
1
7
74
142
31
5
115
1
84
546
0
0
3
91
90
0
0
1
32
37
0
2
0
1
120
0
0
0
81
2
1
1
165
116
81
2
97
0
70
109
35
95
9
1
122
99
1
1
0
106
28
1
97
22
97
2
0
0
0
4
122
108
0
0
3
11
99
3
0
0
4
21
1
93
4
6
4
85
28
2
7
0
3
94
434
2
2
74
28
0
83
23
0
42
2
6
0
9
0
0
0
0
0
523
4
2
17
20
6
2
16
11
1
10
0
0
31
62
9
1
0
11
44
3
3
29
0
0
0
1
4
3
1
1
0
5
4
2
0
1
4
2
1
1
0
89
1
3
22
7
9
10
39
0
28
22
0
29
0
80
1
1
39
0
12
1
36
0
17
1
2
16
1
30
2
7
5
41
2
430
0
0
0
0
0
0
1
0
6
2
0
1
0
2
1
1
2
0
0
0
2
3
0
0
0
58
0
2
0
3
0
0
0
3
0
0
525
2
1
0
86
0
20
0
0
1
2
1
528
0
0
2
2
0
1
0
1
5
2
2
3
1
0
5
7
3
531
4
1
0
0
3
59
205
102
9
147
545
0
0
34
0
0
6
136
14
162
11
0
3
74
151
99
9
0
151
35
11
2
0
0
0
0
0
0
0
1
0
9
0
16
4
0
0
1
85
0
0
5
1
1
2
0
0
0
4
1
1
0
1
5
2
0
1
11
2
0
2
0
28
0
0
7
4
1
0
3
11
157
33
15
0
267
147
27
15
5
3
138
0
1
14
3
0
3
186
590
0
0
0
1
3
479
2
1
0
0
9
0
0
3
13
31
16
230
0
0
0
0
256
2
0
23
0
0
3
1
0
5
0
0
1
0
1
4
0
2
4
4
9
0
0
0
0
3
2
0
0
0
3
1
0
0
5
3
1
0
160
4
0
0
1
10
4
1
1
21
19
25
26
4
2
20
1
0
0
2
83
5
3
46
2
0
1
69
0
3
47
4
22
1
473
0
232
126
14
191
148
1
162
436
0
37
19
0
147
2
0
0
298
1
37
52
4
0
0
317
0
32
53
0
2
522
61
120
0
33
120
0
0
16
107
2
3
0
10
31
2
0
102
21
21
51
0
54
103
22
22
0
190
0
0
484
23
38
112
1
1
1
1
0
19
1
3
25
16
113
0
3
1
2
23
11
0
4
1
27
1
114
1
0
185
46
3
9
7
0
0
0
0
40
2
0
22
0
40
9
0
2
119
6
223
0
154
149
15
0
85
0
0
143
15
15
131
62
0
0
1
131
66
2
1
1
0
150
2
0
0
15
2
20
151
2
94
0
1
195
4
1
4
13
3
21
1
5
2
11
26
6
202
36
0
0
18
6
0
2
71
0
1
3
1
1
0
4
0
46
5
5
1
2
154
47
9
3
8
0
10
0
0
11
5
0
1
6
3
10
6
2
25
11
7
29
0
6
158
77
24
3
0
115
0
10
0
0
0
0
10
5
0
126
7
13
0
5
15
17
1
34
34
7
0
11
16
20
23
12
21
1
1
311
0
0
0
0
0
0
9
0
0
0
1
1
1
2
0
0
0
0
0
1
0
0
0
3
502
0
0
1
4
0
0
4
2
1
0
5
0
0
0
0
6
0
2
7
0
1
0
5
9
2
3
0
6
2
0
0
0
0
7
18
11
525
0
0
2
556
2
127
0
28
75
5
46
52
0
0
6
0
0
0
1
0
7
89
52
18
1
0
1
1
0
1
188
0
2
1
3
1
4
3
3
449
4
1
0
4
4
67
24
67
1
0
1
1
129
522
0
0
0
0
0
87
16
6
145
1
0
10
117
264
0
93
22
104
1
1
452
1
1
1
58
1
11
0
36
7
0
2
525
146
69
3
169
3
71
0
0
0
0
66
0
0
0
1
37
23
0
1
38
25
14
6
208
4
2
1
0
0
0
1
214
1
2
0
173
54
2
0
243
1
0
6
19
1
2
2
0
89
92
11
0
14
146
210
0
18
81
0
0
0
20
1
0
1
17
0
1
0
211
103
18
148
0
0
11
18
0
0
1
0
571
10
4
14
0
10
1
0
0
1
3
4
50
0
2
2
2
2
114
5
35
0
4
3
1
0
3
5
21
0
3
7
9
4
116
31
1
0
7
125
34
0
159
0
0
0
0
0
0
175
6
0
0
22
0
1
0
1
33
5
5
5
0
242
0
8
0
0
2
266
0
26
520
50
9
60
30
4
312
0
1
516
0
0
0
0
1
2
1
0
0
0
3
34
18
26
28
60
45
3
7
1
0
9
0
10
2
51
2
42
0
7
29
11
0
1
53
0
0
6
32
2
5
2
1
1
53
503
6
0
0
2
3
60
0
2
5
27
0
10
69
114
2
2
0
0
0
1
0
3
1
1
0
0
8
155
374
95
319
21
1
0
319
5
5
0
0
0
6
0
0
531
55
9
3
22
4
122
0
1
531
25
2
1
1
1
2
3
0
3
3
5
607
0
6
241
6
0
180
4
1
28
0
4
55
168
36
99
7
13
54
215
1
0
0
486
7
8
0
4
1
177
0
0
2
0
1
1
0
0
1
1
3
0
1
1
1
0
3
4
2
0
4
498
0
7
2
0
0
2
0
503
0
0
4
6
0
0
8
2
0
3
7
1
2
2
2
0
5
5
0
0
1
5
7
0
0
5
6
0
1
3
10
0
1
4
5
0
6
9
4
14
240
45
0
0
3
18
2
0
1
1
0
0
0
1
0
0
198
7
1
0
1
288
1
0
11
0
0
0
0
8
520
0
8
1
1
0
2
0
0
0
0
0
0
1
3
0
2
0
2
0
0
2
1
1
2
0
0
0
3
30
16
30
2
17
122
0
0
0
12
1
179
0
0
38
256
64
57
0
77
572
0
79
41
0
0
0
360
0
29
26
118
0
0
1
6
1
26
37
3
1
1
2
1
2
25
47
2
2
3
1
3
89
3
1
1
4
582
2
2
2
0
0
7
2
0
15
38
139
8
170
109
119
21
170
90
0
73
558
0
6
0
0
0
559
6
1
0
0
4
1
0
0
0
0
434
1
4
25
4
12
56
2
629
18
1
0
2
76
1
11
0
0
552
0
9
1
29
4
492
1
3
13
96
50
63
71
5
74
53
160
0
0
49
66
6
201
9
0
60
0
0
0
602
1
0
2
1
1
0
24
107
101
0
1
2
2
0
0
1
0
0
3
1
25
3
4
144
0
2
23
0
0
146
0
3
442
0
1
147
50
1
19
0
0
0
0
0
155
59
0
191
567
0
132
163
0
1
135
47
15
12
1
56
7
0
176
138
30
7
65
19
147
0
1
177
0
0
0
8
66
0
1
32
0
23
1
2
0
1
2
1
1
1
1
0
2
0
28
192
0
29
1
0
1
6
26
1
0
2
1
3
0
2
1
529
0
3
5
7
0
142
5
0
15
0
0
0
0
0
0
100
3
0
115
57
9
52
79
223
13
0
27
0
0
0
0
0
1
21
0
2
1
639
1
67
0
2
302
0
50
3
0
0
3
120
1
11
104
2
1
226
4
3
56
0
1
3
2
1
13
53
41
2
28
47
0
0
27
59
17
0
36
0
54
6
0
1
0
61
1
2
2
6
2
2
48
548
1
45
195
0
0
356
17
0
0
7
68
20
16
11
200
0
33
15
0
10
30
196
2
0
0
2
9
29
1
0
1
10
0
2
1
3
71
64
2
13
0
67
4
32
2
0
0
403
62
38
0
49
0
11
230
0
21
25
0
0
182
63
3
18
62
132
0
1
378
0
4
152
1
0
645
2
17
0
0
3
248
28
12
303
4
1
246
1
0
0
12
0
0
32
0
2
4
1
3
6
2
6
0
3
35
5
3
0
0
376
0
8
2
8
38
0
234
86
11
0
9
7
491
215
54
1
8
33
314
2
4
11
2
502
0
1
503
0
2
0
200
230
1
3
1
319
47
0
0
0
19
0
0
0
1
48
0
253
2
1
45
5
1
2
2
7
35
27
47
59
30
0
47
55
3
6
60
0
4
3
174
1
0
2
396
6
1
1
398
47
1
197
1
1
1
11
8
93
22
16
0
0
1
0
18
3
57
15
0
4
3
8
2
2
3
1
1
1
1
9
1
1
0
0
4
65
35
7
16
0
77
43
3
0
1
2
6
18
0
17
9
2
0
3
0
0
7
3
0
84
2
12
155
2
4
117
0
6
23
0
145
10
332
1
12
0
0
1
0
2
0
0
0
1
665
3
12
0
0
0
0
3
0
4
8
0
2
0
4
114
0
1
1
76
0
0
2
4
53
4
3
1
2
0
0
0
4
0
0
567
149
75
193
8
76
666
0
95
45
154
19
0
0
0
29
40
1
0
3
0
0
26
10
0
3
2
30
1
0
6
0
0
15
0
0
16
2
0
13
1
197
0
0
1
33
3
0
0
0
0
0
641
39
9
4
392
3
4
3
0
0
0
2
348
0
1
2
0
0
2
0
0
0
201
224
0
0
1
422
1
0
3
4
16
1
0
0
5
113
0
4
1
126
115
0
4
425
25
101
2
20
25
0
32
0
0
284
10
0
282
1
8
0
0
1
6
0
9
8
416
58
112
155
0
95
536
59
108
144
0
0
0
95
0
72
27
3
1
192
61
55
85
4
105
21
31
14
34
143
10
7
0
1
0
0
0
0
0
0
0
1
0
0
1
25
1
2
140
31
120
1
0
2
1
1
1
2
14
2
0
1
1
2
1
1
1
5
1
0
0
2
129
0
5
111
2
160
5
8
0
2
7
1
231
7
0
17
144
4
10
154
8
27
8
0
1
6
3
8
0
1
68
1
169
30
7
20
1
0
0
4
2
1
2
8
4
0
7
4
8
7
173
17
158
7
6
3
8
1
3
12
0
8
11
5
6
10
11
7
2
7
5
27
7
25
1
6
2
9
135
13
24
2
16
12
2
12
0
15
2
0
4
2
0
4
1
3
20
14
1
18
2
19
5
21
14
2
14
0
20
6
101
2
5
2
176
91
4
0
1
0
93
3
4
9
0
0
2
98
2
0
3
1
2
0
1
2
0
0
0
0
0
1
123
3
1
0
0
2
2
1
1
101
8
0
1
8
3
1
3
1
6
0
3
203
33
1
22
123
4
0
107
31
2
46
0
10
13
10
0
128
0
5
33
128
0
0
2
120
2
2
49
0
1
12
3
110
28
0
24
41
1
2
0
624
1
0
8
25
103
34
71
12
33
0
3
1
0
9
0
36
1
49
9
0
0
10
1
18
4
2
6
11
1
18
0
399
14
1
307
0
13
1
5
18
40
6
10
15
661
1
659
4
0
0
699
4
1
1
385
62
0
0
0
422
0
4
0
0
1
0
0
0
0
2
0
1
1
1
1
67
26
7
2
2
1
2
0
4
25
0
0
0
230
89
465
8
0
44
404
0
666
167
0
0
1
1
3
263
0
0
2
6
31
3
2
4
176
94
0
222
8
32
673
75
66
0
82
0
0
73
76
8
222
0
62
77
1
0
148
0
1
710
2
104
224
3
2
1
1
6
3
225
0
1
3
70
14
246
226
1
4
1
81
0
227
1
2
1
0
1
11
6
76
3
2
23
0
4
1
7
1
8
9
8
5
0
8
3
9
1
169
0
9
219
6
2
1
157
386
0
37
22
7
18
4
0
26
0
21
8
1
10
1
532
28
1
1
8
77
25
9
3
0
0
0
532
1
0
0
0
0
0
1
1
0
0
3
0
0
0
1
1
0
0
0
3
5
1
1
3
2
2
0
0
2
0
4
0
0
3
4
4
2
3
4
2
4
0
5
7
0
19
37
89
1
0
31
44
3
13
21
39
9
1
64
90
85
44
1
223
0
108
217
86
4
92
0
0
109
0
14
11
0
1
0
2
16
117
0
1
1
87
0
95
1
0
1
88
1
3
0
0
2
4
4
0
1
0
1
1
1
1
102
5
3
4
7
6
4
8
131
94
96
0
0
1
10
4
95
3
98
10
6
3
2
1
3
0
9
1
158
1
10
1
98
5
100
1
9
2
8
0
0
153
6
12
7
12
10
128
12
3
7
3
3
16
685
102
28
104
1
16
5
103
9
18
4
14
1
0
0
5
17
1
9
3
6
20
10
96
41
11
45
0
12
13
110
0
28
155
83
5
0
0
2
1
45
11
1
0
0
0
46
2
1
15
40
1
4
0
49
12
18
0
8
0
0
0
55
0
57
1
0
5
1
18
0
1
2
2
0
11
20
1
0
2
62
103
5
0
0
63
7
0
11
31
0
2
154
91
0
39
1
2
209
9
1
0
31
27
0
118
12
247
2
0
38
3
0
1
4
0
1
106
1
4
0
0
202
3
0
0
209
84
3
145
108
19
0
0
0
0
26
3
1
24
14
0
0
2
11
21
0
122
3
0
2
0
0
1
2
44
3
192
0
10
1
22
2
16
12
4
1
0
4
91
1
0
0
0
1
0
1
0
25
7
0
0
0
3
0
1
2
3
1
546
0
0
0
585
23
7
25
193
5
1
1
445
0
0
0
0
0
0
0
2
0
147
4
0
2
31
632
0
6
83
7
16
7
12
0
35
54
650
82
300
7
10
362
2
40
14
0
4
0
323
3
1
1
5
671
1
0
0
0
1
0
3
7
7
10
15
22
77
602
9
1
1
0
0
0
1
12
128
146
80
167
62
12
65
118
174
16
122
3
5
0
0
11
5
8
0
87
1
26
4
0
4
1
0
162
193
75
15
40
38
1
0
0
16
6
0
0
0
3
0
1
2
1
0
3
1
6
8
1
3
2
1
4
0
1
1
57
0
2
0
21
99
74
76
18
120
34
20
53
0
7
0
0
6
8
0
0
86
1
1
1
3
0
29
4
0
8
21
5
0
74
45
0
3
6
62
3
41
14
43
1
2
34
0
438
5
0
9
97
0
1
181
4
16
8
52
4
0
1
14
0
0
0
2
131
1
0
0
0
0
0
1
0
3
0
1
77
1
0
1
0
1
3
4
4
0
1
1
0
0
0
246
1
0
3
2
0
3
18
41
1
232
83
3
6
87
117
16
281
277
0
24
143
0
0
584
1
63
15
1
2
28
0
0
2
585
2
2
2
2
0
4
59
79
1
4
20
6
474
67
244
7
14
1
2
8
0
161
3
1
0
36
0
0
0
0
0
0
1
1
0
1
2
2
0
3
1
0
3
3
1
3
5
5
0
2
4
5
1
0
0
199
5
1
5
8
6
0
3
8
2
0
2
7
3
9
168
9
8
7
0
0
15
0
11
170
3
4
1
4
1
10
9
11
5
6
0
6
3
0
9
1
2
1
18
13
1
11
10
10
1
8
17
8
1
0
1
13
2
2
0
0
16
58
0
0
13
91
59
7
96
0
254
2
96
33
97
0
0
0
9
34
3
1
3
1
121
1
1
2
166
2
20
11
55
1
0
3
11
1
164
20
0
3
68
4
39
1
1
0
5
0
4
20
8
2
1
2
153
4
41
3
6
171
4
0
1
1
21
7
88
0
0
46
0
7
2
7
27
115
1
0
8
74
6
0
8
1
10
190
8
13
2
12
3
7
178
8
38
7
16
5
5
46
1
6
0
0
0
41
0
4
0
627
9
8
13
6
436
193
136
4
22
124
0
0
2
1
20
3
20
0
0
1
50
0
21
10
361
8
8
488
0
0
0
384
8
31
1
21
2
457
2
1
0
1
1
0
3
0
0
0
2
10
9
1
0
0
2
0
0
4
0
33
17
0
220
0
0
2
1
0
0
5
2
0
6
0
113
11
1
57
8
5
1
0
9
4
0
0
0
1
16
5
0
0
48
2
16
17
3
6
0
2
23
5
3
1
0
0
307
139
140
27
20
190
0
2
28
13
307
0
67
4
0
1
2
1
142
2
307
1
1
14
38
144
1
411
3
72
105
3
0
4
73
15
4
4
4
4
5
4
414
1
18
53
31
0
233
1
4
3
5
30
116
5
7
1
7
3
1
7
1
5
5
233
1
318
8
78
2
8
10
77
7
7
647
1
2
0
73
21
0
20
14
10
0
0
0
0
329
4
6
91
139
23
0
1
1
27
0
0
17
6
1
6
29
49
0
179
16
1
403
0
0
0
78
0
0
114
0
0
7
8
3
3
0
649
194
6
3
0
227
52
1
0
4
0
4
0
0
66
2
0
3
1
14
0
2
8
0
1
0
1
0
23
5
0
301
9
8
7
81
149
87
135
13
0
0
120
136
0
0
1
1
28
0
0
1
78
2
3
1
1
1
141
13
0
243
0
0
1
0
0
0
3
115
24
2
699
1
2
650
4
292
0
0
84
15
35
154
101
23
15
34
157
2
227
108
4
6
97
0
1
0
77
0
0
44
2
1
89
2
1
1
0
81
1
3
2
4
94
0
48
2
3
1
2
9
1
3
0
2
3
2
4
567
117
130
0
3
225
430
0
0
181
2
0
1
0
0
1
1
1
2
2
183
1
2
570
2
101
28
186
2
7
2
2
4
3
185
3
1
18
1
16
12
332
3
523
0
0
1
6
0
2
0
1
3
1
1
0
1
3
0
1
2
525
2
0
1
0
2
0
0
1
5
111
147
100
290
0
0
0
0
0
180
1
1
229
0
1
76
38
46
16
76
273
0
39
0
77
0
0
0
0
282
1
79
138
2
1
330
1
157
0
258
1
1
78
2
0
1
12
3
345
2
0
0
0
3
10
44
1
55
4
222
115
12
171
1
257
44
16
7
65
4
17
0
9
2
0
0
1
1
0
4
0
0
1
1
1
3
16
2
1
1
2
85
2
1
0
7
3
0
1
0
0
1
587
703
0
0
0
0
0
0
0
1
0
6
1
1
1
0
0
1
2
1
1
3
3
3
1
0
3
5
0
4
3
599
1
2
3
5
1
5
4
2
0
0
6
6
1
5
0
4
2
3
6
8
3
0
9
248
7
46
0
16
16
113
0
0
0
173
0
0
1
39
10
0
1
1
1
12
125
0
1
1
2
12
0
1
3
2
4
14
18
1
4
0
3
2
1
4
2
0
1
1
0
3
39
0
0
0
0
1
1
0
216
0
28
8
0
8
388
0
19
0
0
368
64
1
476
11
63
2
60
0
19
2
0
0
3
2
0
80
182
50
23
1
2
4
130
0
158
45
18
54
562
1
27
22
0
0
1
1
41
35
3
0
0
1
16
0
4
197
0
7
0
1
8
7
154
14
2
13
425
18
0
3
1
12
510
0
0
510
2
8
0
0
0
1
0
0
63
99
8
1
12
273
0
11
0
0
0
0
0
1
3
6
0
0
785
1
0
3
2
150
1
0
0
15
0
0
5
1
0
3
39
2
4
0
5
3
3
13
1
16
5
490
0
0
24
208
0
0
0
0
112
59
100
7
0
30
0
67
2
2
0
0
0
27
0
0
0
135
66
20
175
153
0
3
37
0
1
135
115
0
1
1
67
30
50
1
0
5
10
52
1
2
0
216
68
52
1
0
0
117
2
1
0
0
0
70
14
2
17
5
4
2
0
6
2
1
71
56
2
404
27
0
0
19
0
7
0
4
513
0
10
0
1
0
609
4
763
244
71
279
22
0
0
0
0
0
0
0
0
212
0
765
1
0
281
0
0
0
0
0
0
1
131
33
296
0
10
688
0
1
18
2
3
515
23
20
29
685
24
0
23
0
685
15
1
213
65
4
819
0
2
19
0
0
0
11
1
0
0
20
0
502
1
0
12
41
290
0
0
798
226
17
30
0
20
22
0
12
38
0
35
0
1
164
1
34
47
36
21
0
0
0
1
39
9
37
0
0
1
1
1
8
1
0
1
2
14
0
27
2
4
213
0
4
4
0
0
0
4
0
19
40
1
4
0
0
0
7
2
1
0
7
556
90
0
18
70
156
45
23
91
81
0
0
218
92
136
10
1
1
189
1
0
0
17
0
351
0
169
0
15
44
3
7
0
0
2
2
152
15
0
17
153
0
0
0
0
0
1
0
4
1
0
11
15
0
0
3
6
2
1
1
4
0
1
0
6
3
2
0
3
142
4
5
8
0
0
8
1
19
3
0
496
9
5
0
4
8
3
13
4
1
12
145
2
6
15
153
0
0
3
11
0
2
0
0
3
11
4
1
5
1
6
1
1
0
2
2
9
16
1
0
4
22
2
1
1
6
531
3
6
1
33
53
10
78
93
59
18
43
51
71
71
15
44
63
33
67
1
5
1
5
31
3
1
0
1
214
68
9
37
37
0
5
0
1
59
5
9
0
179
7
0
0
0
2
90
2
5
109
0
54
61
208
5
86
8
0
1
0
0
1
8
106
0
121
0
0
2
4
59
7
3
42
44
33
6
46
0
4
10
0
0
32
0
0
778
1
1
0
34
0
1
7
4
34
7
37
3
1
0
121
10
6
20
0
0
0
0
44
70
0
0
0
10
2
0
0
0
1
0
0
0
2
0
140
3
0
0
1
2
3
1
8
8
2
35
188
2
1
5
1
3
0
104
1
1
16
1
3
0
1
2
25
2
133
3
2
0
3
0
3
1
3
2
3
2
4
7
5
3
4
5
297
28
0
2
675
1
17
0
3
715
0
0
0
0
0
0
534
0
9
169
153
0
204
12
126
6
105
88
8
5
0
0
23
1
171
3
37
139
7
134
18
1
189
125
19
0
0
2
1
61
0
19
16
0
2
138
27
127
0
9
168
780
139
15
0
205
1
0
686
145
15
2
0
1
0
0
16
301
0
1
821
141
0
151
5
4
0
3
829
0
0
21
4
0
2
143
0
0
2
3
57
16
21
9
2
194
0
0
510
16
6
422
17
1
4
56
0
0
0
179
59
3
0
10
27
25
39
19
0
9
5
2
19
6
23
18
11
81
66
11
17
40
63
10
8
13
0
0
4
24
19
8
3
0
126
0
23
9
1
205
716
9
0
0
576
0
5
518
66
9
0
50
0
849
1
3
536
2
0
4
414
1
0
3
1
174
140
13
58
13
133
11
20
0
113
0
176
40
132
20
305
58
7
555
88
156
22
0
65
27
29
1
1
0
54
11
11
20
123
2
0
20
464
33
0
1
465
0
2
0
38
1
0
0
24
467
11
2
1
4
469
38
1
2
27
184
4
22
0
454
39
3
5
6
0
2
5
2
133
0
1
473
0
23
5
6
1
2
3
9
1
1
2
477
0
16
8
470
0
1
4
345
1
0
8
1
42
346
3
0
0
11
20
21
2
4
19
5
0
61
0
10
1
2
99
127
21
0
237
257
80
6
745
3
0
507
91
0
3
21
0
4
16
349
10
0
12
0
2
0
0
0
51
16
5
85
54
32
31
71
91
6
35
48
27
62
559
6
0
0
0
0
1
71
0
14
17
135
40
4
0
0
1
36
256
51
0
14
0
0
21
0
0
17
1
1
0
0
0
0
0
1
2
2
18
2
2
36
3
58
10
2
25
2
2
3
1
4
2
289
4
4
0
4
4
0
4
1
7
5
0
29
1
5
2
8
3
0
107
28
0
24
96
59
0
13
6
3
4
0
108
4
9
8
2
2
0
262
20
10
2
0
10
3
124
1
3
9
2
0
4
6
12
8
0
5
5
3
112
0
61
10
740
13
0
11
664
21
0
3
774
13
7
2
13
0
156
120
10
4
0
34
36
13
90
10
55
1
0
0
1
7
4
61
1
5
99
11
0
22
2
6
137
12
3
0
69
145
0
17
0
34
0
49
128
45
1
1
18
130
0
0
2
6
0
185
28
0
0
1
0
18
40
2
1
0
4
1
0
1
2
27
158
3
26
1
35
36
1
42
0
704
0
2
764
3
189
699
0
1
0
1
82
0
148
802
63
0
490
2
0
34
3
0
244
4
3
0
7
265
3
3
0
0
1
238
5
2
1
0
2
2
1
44
26
80
38
16
17
1
34
0
0
85
1
318
1
70
674
4
13
16
15
479
0
167
4
11
195
0
7
257
95
33
103
0
1
13
0
0
23
110
0
0
261
97
0
283
6
107
0
123
0
4
111
0
168
0
3
1
0
0
0
0
1
99
5
84
160
3
2
0
570
16
0
2
0
0
0
0
19
0
3
122
185
23
172
111
9
0
1
53
75
1
1
196
79
173
6
0
2
6
124
177
0
2
121
2
5
8
0
16
196
2
183
4
6
90
1
8
169
123
6
3
4
0
0
15
126
0
1
152
0
5
11
14
1
0
0
7
0
122
4
125
1
0
4
1
2
194
10
15
0
5
4
0
17
6
178
30
9
11
1
5
1
6
2
1
11
4
2
51
7
173
0
408
0
0
0
48
316
149
3
1
0
0
0
15
6
1
0
1
0
2
124
48
0
9
13
8
155
37
32
38
17
4
0
132
112
50
40
0
0
19
10
33
11
0
1
70
40
0
0
3
119
108
0
0
0
736
0
0
360
0
1
0
0
0
1
0
0
544
2
0
3
0
0
0
4
2
0
0
1
1
0
1
2
1
0
1
0
0
0
3
3
0
7
3
0
1
4
1
0
2
295
5
15
22
9
25
3
1
3
90
185
0
38
12
65
59
297
124
14
153
9
6
0
127
1
0
0
0
184
117
38
0
2
3
1
1
20
34
149
20
26
7
7
34
7
74
10
7
83
2
211
124
243
235
2
0
12
145
123
15
17
4
1
0
583
184
38
13
6
76
0
90
1
25
0
295
0
38
0
0
0
226
205
0
152
151
1
1
0
0
3
0
574
0
2
0
16
584
1
2
2
142
16
0
3
0
64
208
93
0
321
155
0
0
20
0
0
0
733
1
0
248
1
0
1
33
48
0
1
766
11
30
2
835
0
2
31
0
0
13
0
0
0
2
2
2
32
204
1
1
843
309
0
241
304
0
0
2
184
0
4
2
1
1
0
2
0
1
1
11
3
0
26
0
3
0
0
1
1
257
169
25
7
0
36
258
14
39
2
0
0
120
9
0
0
57
1
207
0
1
12
0
2
22
0
550
144
44
41
226
3
259
349
0
30
0
0
0
0
350
1
1
83
0
1
110
1
67
9
2
850
1
31
43
0
2
703
148
23
12
163
4
1
4
148
1
16
74
40
2
5
3
4
4
44
1
2
436
150
43
16
217
157
6
6
1
151
1
195
2
7
89
153
71
18
252
6
5
7
9
2
4
4
4
203
1
33
1
3
3
708
0
56
0
10
4
792
17
0
0
1
559
15
0
0
474
0
0
0
0
0
0
519
0
104
0
0
0
134
3
185
140
44
0
42
33
0
145
1
195
0
0
16
5
5
1
2
6
0
844
186
140
26
36
0
0
731
1
133
9
9
35
0
1
0
188
44
53
36
2
2
4
39
52
0
0
2
1
1
0
4
42
188
100
19
5
127
3
8
1
1
0
2
26
188
185
12
39
3
128
24
0
2
854
171
83
0
270
93
0
124
250
0
0
77
1
14
24
236
1
2
1
724
0
71
66
297
1
0
2
0
1
111
0
0
1
1
665
4
131
30
271
1
4
0
5
2
31
272
0
1
1
5
0
32
301
307
6
0
6
0
0
141
3
7
46
155
43
21
1
357
0
8
242
0
0
369
37
0
0
319
158
1
531
157
44
49
0
188
1
0
1
2
9
28
241
1
1
3
201
2
9
2
33
3
877
160
0
217
3
0
161
69
0
0
6
231
6
1
4
0
0
0
6
104
0
0
4
2
2
137
8
40
0
300
8
4
164
37
12
337
0
8
4
1
91
307
1
1
4
519
4
2
97
5
11
1
6
6
0
10
437
1
17
437
0
0
0
175
2
344
5
22
214
156
0
1
6
55
0
8
104
0
0
3
0
0
0
1
154
0
0
1
0
45
153
7
17
0
1
38
1
2
1
877
278
11
18
56
300
0
347
0
0
12
0
0
0
258
47
3
0
0
48
0
135
7
4
0
0
51
1
46
1
1
1
4
11
213
7
2
0
3
82
207
9
440
0
52
403
0
3
0
15
0
4
0
31
4
220
2
180
106
2
19
74
91
498
0
8
19
1
1
31
2
7
32
0
261
39
13
1
27
196
0
190
0
12
45
44
2
6
196
47
30
1
0
0
3
2
6
33
0
0
264
69
1
125
0
280
98
117
297
156
0
14
0
161
0
7
289
30
77
0
6
113
17
0
198
162
0
21
2
80
79
19
79
0
0
153
81
0
43
9
18
792
1
22
66
45
10
2
1
31
21
137
4
25
633
5
1
0
24
634
2
0
1
0
11
1
8
0
1
5
1
0
1
636
2
1
1
4
553
2
0
0
6
0
1
0
9
0
1
3
213
20
5
136
36
5
9
0
36
31
37
17
41
1
218
128
0
0
0
0
280
1
15
137
42
60
2
2
12
0
39
3
4
52
1
0
1
129
31
4
25
3
0
0
83
0
0
89
1
0
0
26
0
7
74
61
27
75
1
2
1
1
0
2
0
0
79
0
0
29
1
1
1
0
2
2
2
1
3
3
365
7
0
0
0
3
9
0
1
0
0
1
1
2
2
0
1
1
57
2
6
3
1
2
2
833
0
0
172
371
4
3
0
883
105
14
29
285
0
0
0
0
69
21
0
67
632
0
160
0
0
182
0
0
0
2
0
0
0
2
103
3
1
177
1
11
271
2
1
5
2
274
1
445
5
165
175
1
11
1
1
6
3
0
0
4
201
2
0
641
3
1
792
1
0
0
0
0
0
0
5
184
165
31
15
4
31
0
0
0
1
35
47
6
180
32
2
0
6
92
0
0
76
102
0
0
0
1
77
0
1
1
134
0
9
2
0
0
12
0
10
0
0
10
3
19
2
33
0
13
2
0
0
36
499
23
0
0
251
0
0
0
0
0
5
84
237
1
113
51
87
14
141
0
23
207
7
10
0
11
1
1
1
240
1
5
1
167
40
1
0
0
3
3
0
91
241
12
2
1
1
0
2
110
3
242
218
0
0
0
1
117
0
17
0
0
1
107
0
38
1
94
6
0
12
6
0
0
0
4
0
0
1
4
3
1
8
1
19
1
3
0
1
247
17
98
3
1
0
5
5
47
0
1
49
0
34
27
1
0
5
144
19
3
0
0
0
145
0
0
0
4
1
13
316
1
1
1
707
14
1
2
1
244
72
44
23
21
84
0
0
30
0
366
2
1
1
3
9
1
561
5
0
0
90
0
0
0
91
843
2
4
0
13
2
0
190
398
3
129
4
7
1
627
35
0
0
3
15
15
21
21
7
12
1
0
617
3
13
0
1
618
0
9
3
90
5
57
16
84
7
12
47
782
16
16
851
0
5
32
0
68
6
0
0
0
21
25
5
1
1
47
20
10
669
1
11
6
98
565
27
1
0
455
25
1
7
104
59
40
338
318
0
1
101
608
59
4
6
8
606
0
0
0
4
0
784
59
841
0
3
421
0
147
513
93
53
76
0
134
2
0
164
0
0
33
0
265
1
0
317
1
38
251
1
130
2
0
54
0
13
2
492
0
25
1
131
16
0
1
2
83
1
0
1
5
3
3
0
4
5
5
3
3
0
1
5
745
0
0
10
423
110
109
0
4
118
3
0
120
4
1
1
1
0
1
5
809
2
3
0
0
0
0
0
1
0
32
151
0
198
468
132
455
604
2
35
143
1
0
2
3
10
2
18
43
28
64
1
42
319
82
34
151
0
12
2
1
0
20
46
1
0
2
0
122
0
44
0
0
0
0
0
0
37
7
21
168
0
0
2
174
4
49
6
13
4
183
340
137
18
1
0
6
0
56
12
0
5
7
2
2
5
0
0
0
2
3
42
13
67
2
7
8
1
9
0
1
0
0
1
0
0
1
1
1
0
207
117
90
20
173
20
10
0
0
11
131
29
22
0
0
0
100
0
0
154
0
162
0
0
6
0
1
0
0
0
0
3
1
32
103
2
13
1
2
0
104
1
1
19
158
148
23
21
105
0
2
5
1
44
5
0
2
2
41
1
3
138
45
108
1
18
85
76
0
0
12
130
1
0
4
25
0
10
0
0
0
0
0
1
0
1
413
28
20
213
2
79
794
2
49
146
0
1
0
22
865
3
82
0
0
29
647
5
0
1
1
3
31
5
110
8
22
8
47
24
1
0
0
3
0
0
6
0
0
0
0
0
0
0
0
0
2
360
2
1
0
0
0
0
0
166
0
3
2
33
614
15
164
35
252
255
5
14
188
338
0
0
0
115
0
0
1
229
237
0
87
0
0
0
253
0
0
281
1
29
1
1
1
62
2
12
0
2
2
5
20
331
1
5
1
5
4
4
0
5
18
924
4
2
0
0
4
2
1
2
15
1
1
3
5
1
2
6
1
9
4
2
1
3
0
8
211
0
0
653
8
5
0
0
7
0
17
0
0
0
0
646
0
2
0
0
0
0
1
4
7
0
0
0
3
0
1
0
2
259
1
0
0
15
5
0
0
125
126
44
54
1
50
340
164
9
61
177
341
45
6
57
74
0
252
0
4
61
0
1
245
136
62
236
801
102
142
34
57
0
38
1
1
51
113
0
0
0
237
73
0
13
0
2
0
288
16
0
109
1
164
0
0
3
23
3
64
0
0
0
0
1
942
252
11
27
0
27
607
117
83
12
1
86
0
119
86
17
0
0
119
86
0
0
1
0
1
0
83
0
1
1
3
20
4
0
0
2
3
1
1
1
2
1
2
1
0
1
76
0
2
334
199
67
41
0
237
118
81
10
2
56
0
15
2
915
118
175
24
34
0
0
112
79
22
1
13
0
12
16
3
0
0
21
21
7
0
497
0
5
115
81
21
20
1
11
1
0
0
0
25
16
149
1
1
2
0
4
4
0
78
0
110
0
6
3
40
0
1
96
0
5
0
4
224
2
98
33
25
6
48
0
98
23
1
0
0
0
0
98
34
11
0
1
0
77
0
306
3
31
1
31
0
223
307
73
24
3
79
0
10
34
0
3
6
12
8
5
0
18
0
7
0
0
1
298
12
0
3
0
23
0
0
0
24
0
0
40
0
0
2
315
26
25
86
0
22
372
37
0
72
1
0
0
0
26
27
5
54
2
1
1
0
9
1
89
3
0
2
47
16
1
4
11
5
309
25
48
5
30
9
310
62
18
1
0
0
0
921
1
0
312
65
1
1
71
11
22
27
12
0
6
74
4
21
6
0
0
277
98
23
0
111
21
246
31
28
4
90
8
2
247
0
49
23
1
0
0
248
0
26
0
80
0
1
0
57
13
4
5
1
6
244
293
3
7
35
16
0
15
245
219
1
46
0
16
390
0
12
48
41
0
22
0
0
71
0
1
1
23
3
2
1
1
2
1
2
191
14
50
0
2
0
0
42
11
72
0
0
0
1
130
313
15
164
239
0
22
16
92
0
0
1
1
6
7
16
1
0
396
20
17
89
5
1
21
0
0
117
24
0
78
0
1
0
19
15
11
9
46
6
0
402
49
2
98
205
1
60
11
1
35
2
38
6
17
0
0
336
14
19
37
0
32
1
329
25
11
101
56
2
342
20
15
2
102
3
29
1
0
19
6
102
4
0
14
1
100
9
0
1
1
350
36
15
0
0
265
0
214
37
2
0
260
239
45
45
0
259
181
2
0
0
304
40
3
10
0
214
141
4
23
1
1
3
74
244
30
0
68
29
14
23
13
26
17
0
0
57
30
8
91
0
416
288
67
43
2
333
211
34
0
0
8
0
0
0
0
0
0
0
213
7
1
0
1
0
1
256
10
3
6
28
343
38
1
6
103
45
77
39
21
0
3
25
0
0
1
0
9
5
4
66
3
0
191
186
33
0
1
63
5
0
60
21
0
67
6
1
0
15
5
0
2
0
26
1
1
14
57
17
143
12
354
27
5
13
55
0
12
3
0
0
7
25
116
2
76
0
0
1
27
1
0
0
1
0
0
40
0
4
70
33
0
1
4
0
0
0
0
6
4
204
0
29
24
53
13
30
0
25
10
0
0
0
355
246
34
9
16
90
43
2
0
42
74
0
111
0
1
32
3
0
0
1
4
61
29
36
19
0
60
0
48
21
96
0
2
0
5
333
45
42
0
315
0
370
67
0
49
56
0
0
28
50
0
0
0
0
0
23
0
22
0
0
0
4
2
34
24
59
0
0
1
2
101
247
39
1
0
95
0
0
3
0
8
0
0
0
0
0
3
0
0
0
0
2
59
1
114
1
2
0
0
0
1
1
364
57
21
32
0
5
20
0
32
5
37
1
34
2
367
153
25
5
197
77
0
0
247
8
10
4
89
82
250
142
6
40
2
13
6
0
0
0
1
0
1
2
0
1
57
93
19
103
6
55
389
93
6
36
301
0
247
5
31
39
1
79
0
0
13
27
4
5
1
0
0
341
30
29
6
12
1
67
1
207
65
33
18
4
9
10
20
7
12
1
88
0
1
0
1
1
14
44
42
0
0
17
38
2
0
6
0
0
0
31
74
12
9
36
0
115
13
89
1
0
0
0
0
0
25
2
5
109
7
0
405
66
28
4
75
50
0
0
1
279
50
55
2
10
0
16
2
33
9
0
51
0
99
38
1
74
81
6
2
0
7
22
23
1
0
803
158
14
306
0
24
0
6
2
343
0
0
2
20
7
278
765
71
175
43
4
42
69
0
71
176
44
4
55
0
69
0
1
231
1
104
0
0
1
0
76
0
69
5
41
0
2
0
3
0
1
5
0
0
3
75
178
42
83
62
3
0
76
2
0
0
5
0
24
226
234
44
42
188
0
2
1
0
9
0
1
6
7
1
2
5
1
80
4
23
1
6
7
4
81
4
0
6
44
1
0
1
0
85
3
0
6
6
86
0
0
78
0
0
1108
1
1
0
1
4
0
825
1
2
9
496
305
17
2
1
8
0
221
57
24
106
0
0
161
20
0
0
1
1
1
326
0
1
1
3
171
0
0
874
12
1
122
7
0
22
1
721
16
8
169
286
5
107
1
41
0
24
0
70
3
178
168
7
48
1
121
9
243
0
0
0
27
2
0
0
1
46
3
123
70
131
3
78
3
237
19
3
0
3
4
0
1
3
0
1
125
9
164
0
0
82
177
0
0
132
3
1
8
35
3
3
307
29
46
4
93
61
29
3
0
31
33
6
0
439
14
0
1
43
6
121
89
5
0
0
0
0
136
73
1
1
1
0
1
58
24
2
4
3
7
4
40
64
94
101
85
67
41
99
83
31
0
39
106
1
52
1
87
29
2
54
42
95
90
3
0
10
85
2
90
0
5
5
0
27
1
0
45
20
64
7
1
0
4
1
38
1
5
1
5
6
5
505
35
9
0
8
7
316
4
0
0
651
0
145
224
7
3
212
48
146
0
117
75
361
1
12
52
1
83
0
270
0
213
0
0
0
2
81
1
87
216
1
0
3
0
0
0
2
9
17
9
816
11
7
4
0
0
78
47
46
93
346
154
0
0
30
24
11
0
369
14
4
26
447
10
269
279
609
1
370
60
71
123
1
39
28
0
0
0
25
0
0
403
0
13
130
2
54
1
0
2
0
0
0
0
1
1
90
0
54
1
777
0
1
89
1
88
0
0
1
1
0
1
0
1
0
2
3
0
0
2
2
2
2
2
2
0
4
4
3
4
2
6
0
0
6
0
4
4
0
2
9
9
6
1
9
9
9
0
8
1
9
4
2
2
6
0
2
5
11
11
7
0
0
11
0
12
12
0
4
0
12
0
13
13
7
1
12
2
13
11
9
5
0
12
0
7
7
3
0
6
2
3
3
1
3
0
15
584
5
0
443
223
163
339
114
872
0
0
0
90
933
1
116
12
62
2
0
0
361
0
1
0
0
0
0
1
30
0
166
0
0
0
2
2
935
2
0
0
1
1
2
3
4
3
0
3
4
2
2
32
2
0
2
3
4
208
0
3
5
5
51
3
0
66
176
22
42
494
30
41
9
156
14
5
36
11
204
38
52
9
89
73
3
35
58
0
5
12
14
5
246
0
1
587
1
10
1
695
1
0
0
0
0
1
964
0
8
276
179
232
99
69
175
149
0
136
83
0
89
150
0
0
230
1
88
6
26
232
1
1
371
0
90
22
25
219
0
0
370
3
90
150
3
232
3
2
0
124
0
4
371
4
92
0
4
0
0
85
5
95
23
2
143
2
6
2
0
180
213
3
0
2
4
6
3
1
5
1
6
2
5
2
7
5
6
7
1
3
7
4
10
5
240
5
5
1
5
5
0
12
9
0
126
469
11
3
2
2
561
3
14
448
0
5
0
0
16
0
0
511
1
1
0
1
99
14
1
1
194
8
113
117
73
0
0
4
44
0
0
259
0
0
0
0
2
0
608
28
0
4
603
31
3
0
0
32
3
0
814
274
211
0
230
113
5
1
634
0
12
1128
0
6
2
13
847
0
0
858
10
7
3
14
1149
0
280
276
39
1
0
257
1
2
635
0
0
352
0
1
1
1
2
3
0
671
6
0
723
7
0
0
0
6
0
32
187
4
108
26
0
1
54
294
0
4
99
1
136
0
1
0
5
310
133
0
0
1
11
1
54
97
44
1
82
29
33
82
49
12
21
0
3
46
9
20
0
100
1
0
25
12
85
75
28
28
2
61
21
1
1
1
47
1
0
14
6
15
336
13
139
0
11
388
1
17
21
103
0
0
0
0
0
0
1
3
22
19
1
50
17
4
31
147
131
4
73
202
0
94
450
0
139
35
205
3
0
0
0
1
0
1
0
0
1
1
2
0
0
0
0
204
0
2
0
1
134
2
0
1
2
4
2
1
4
2
3
0
5
3
1
337
2
3
1
3
0
2
352
0
0
3
37
191
0
21
6
3
7
0
3
0
19
4
0
4
4
55
355
6
0
8
3
34
4
38
186
70
255
1
0
0
0
4
0
0
0
182
30
208
10
118
31
0
0
0
149
74
0
21
5
33
0
43
26
0
0
3
3
4
1
285
8
70
0
0
5
789
50
2
789
50
16
0
791
54
17
1
2
185
183
15
0
255
0
257
870
0
89
1
0
643
185
47
5
29
600
6
53
0
19
0
1
57
389
3
0
2
1
11
0
0
0
290
2
0
6
563
0
0
0
0
1
1
680
846
15
0
0
465
3
10
7
424
170
50
23
110
57
171
0
42
189
0
0
728
245
28
278
0
0
0
2
0
0
0
1
0
0
102
1
1
1
2
1
0
1
2
2
3
2
3
0
0
1
0
2
1
48
19
82
8
384
9
5
24
103
176
70
376
0
389
329
246
8
7
2
0
138
178
121
48
0
1
516
176
153
96
190
225
250
459
277
11
0
298
1
177
0
16
0
316
0
0
519
178
1
19
0
2
0
0
2
0
0
317
0
1
837
1
219
0
3
1
5
0
1
318
0
2
5
0
3
2
0
1
0
2
4
2
1
3
16
181
72
0
394
320
6
0
3
2
25
6
4
4
1
8
2
1
2
323
9
6
5
1
4
8
293
0
5
208
0
31
2
598
15
0
0
105
192
88
50
0
98
306
143
50
32
250
0
232
203
0
287
66
39
150
0
717
1
397
78
198
0
1
1
382
57
6
0
0
1
0
3
299
59
0
0
3
1
3
1
1
1
1
3
2
5
305
40
0
5
814
5
4
2
995
1
5
3
531
19
0
3
0
0
0
0
1
1
0
0
0
0
0
0
0
0
1
0
0
0
2
0
2
3
2
1
2
1
2
0
0
0
2
0
3
0
10
4
0
1
0
0
5
1
2
0
4
5
2
3
1
5
7
3
2
2
7
3
4
1
7
5
0
3
1
8
11
1
1
9
4
5
2
13
2
5
12
2
3
13
12
9
10
3
12
4
0
3
8
13
0
10
2
13
14
7
14
1
0
3
11
10
2
16
9
8
8
1
11
18
3
0
20
61
10
1
26
14
7
7
0
9
8
0
22
4
1
10
20
8
0
1
17
3
2
0
4
400
12
23
2
18
906
295
28
0
350
0
26
28
1010
100
241
105
0
72
0
0
120
117
1
0
1008
0
0
246
0
0
272
75
888
0
0
0
0
3
1
0
0
5
9
43
58
89
41
0
84
57
103
48
59
61
106
0
32
108
4
2
51
24
24
23
911
40
10
20
933
70
0
0
43
0
0
1
0
3
0
3
6
3
2
0
1
0
0
0
0
0
0
0
0
0
0
0
3
3
0
3
0
0
1
3
1
7
1
0
49
0
30
387
3
20
8
96
2
1
729
10
10
1
69
0
0
0
0
6
0
6
1
0
3
0
0
0
0
87
1
8
376
215
184
279
3
131
831
0
0
6
245
274
0
283
16
112
0
715
309
7
303
383
60
1016
0
33
290
296
121
0
2
6
293
0
0
0
1054
2
1
2
0
1
234
3
3
386
3
2
2
4
17
232
0
139
1
14
2
0
2
2
2
18
5
3
4
2
2
25
3
0
2
5
6
53
7
2
7
4
0
0
26
2
0
7
8
5
8
5
9
7
10
0
15
10
4
9
3
2
86
3
111
272
33
130
317
113
6
5
52
58
95
5
317
0
187
49
17
1
0
2
14
182
66
6
15
0
2
154
39
31
146
5
2
0
0
1
0
4
2
10
0
949
46
328
6
6
692
113
1
35
10
105
0
0
94
39
0
0
187
6
0
68
28
7
0
0
1
50
14
54
0
0
1010
0
89
3
2
746
445
253
54
71
0
1
351
6
287
1
0
1
0
0
0
2
193
318
20
382
1
404
1002
0
17
13
64
0
0
342
11
108
0
1
0
0
25
0
2
0
5
0
4
112
22
5
5
94
2
231
0
31
24
0
199
674
0
11
67
5
0
0
1046
209
2
2
187
0
240
0
10
1
0
219
0
0
202
0
72
36
396
0
220
4
1
432
0
38
0
1
266
0
2
433
266
45
0
0
0
237
1
256
30
4
0
213
0
224
3
4
3
5
49
396
8
3
6
321
2
0
79
0
6
26
0
15
28
0
7
0
8
0
229
2
8
26
37
5
342
4
4
1
15
21
21
61
65
80
92
32
137
28
0
77
0
1
32
17
11
0
0
6
9
29
11
0
59
1
0
7
1
101
1
0
81
1
63
0
6
0
58
4
118
154
66
2
110
119
185
18
0
0
6
1
152
90
3
0
550
2
1
516
300
146
388
384
520
0
94
35
0
445
1
82
0
0
1
0
0
0
0
955
2
51
29
2
941
4
36
373
1
4
0
363
56
1
0
0
20
944
295
25
22
391
522
5
0
306
5
6
6
24
3
2
7
113
1
2
0
7
115
263
12
1
20
0
8
0
0
0
1
44
1
0
3
0
0
0
1
2
133
2
2
0
0
3
0
0
1
40
2
1
33
25
33
20
291
44
13
28
35
31
6
0
0
53
270
5
0
1
0
258
5
0
523
0
2
0
7
524
6
46
0
1
0
6
353
0
0
1
6
525
1
8
0
0
185
2
135
115
39
0
0
0
40
187
125
0
91
1
2
1
63
1
2
614
21
0
611
22
2
0
610
0
1
1
2
1
0
1
0
0
2
0
0
368
18
3
0
2
0
427
145
456
140
0
0
0
0
0
0
2
1
3
0
2
1
2
1
0
151
4
1
0
1
0
0
149
4
4
2
5
5
6
0
0
3
636
302
213
37
175
754
0
1
2
5
111
302
79
2
32
0
1
176
1050
0
44
1
4
0
0
116
0
999
61
31
4
1064
5
9
755
4
0
1
65
27
24
267
13
12
91
7
0
3
0
0
0
2
403
1
1
4
10
1
6
0
10
1
0
1
287
1
0
1
2
2
1
0
0
224
11
1
316
10
0
176
7
18
2
63
91
70
16
98
23
0
41
10
45
72
93
5
0
100
1
545
12
17
870
0
3
15
11
9
42
0
26
1
10
237
120
2
117
50
24
62
371
123
16
135
13
62
7
0
351
120
35
155
49
4
58
66
3
406
5
15
135
53
1
0
4
0
125
31
43
925
1
0
184
0
0
0
912
1
21
0
1
2
1
985
3
0
593
3
2
990
0
0
10
5
985
1
0
4
576
0
3
2
1
3
7
988
0
1
0
49
0
2
0
65
14
6
316
89
0
0
0
0
36
1
89
0
1
0
0
234
9
0
0
0
0
0
16
1
117
2
2
51
1
0
0
3
2
51
3
0
3
4
0
1
2
23
3
0
0
0
41
0
0
3
1
100
50
2
0
0
6
6
16
2
4
0
0
0
4
0
0
2
8
1
0
167
0
1
3
2
5
4
0
1
1
0
12
0
26
211
1
1
0
1
12
0
6
6
1
8
1
59
7
1
7
9
6
59
4
3
5
10
1
5
3
12
1
1
1
0
1
6
9
2
0
7
2
11
7
4
18
1
0
6
4
0
2
11
2
7
18
15
0
5
12
2
5
11
4
7
0
3
17
6
5
1
14
16
4
5
17
1
24
10
10
6
24
1
0
939
1
2
0
0
1
2
1
4
574
10
10
7
4
5
130
2
1
2
0
0
1
113
11
5
769
14
1
0
0
0
0
2
477
23
0
9
452
0
2
1
0
2
2
1
0
1
0
18
1
2
0
4
3
17
2
12
2
2
2
1
0
1
1
1
1
7
1
0
3
0
8
6
2
0
0
4
7
1
1
4
4
1
2
0
3
0
5
4
0
1
2
25
3
3
1
13
9
1
1
0
3
5
3
2
1
0
9
7
0
2
5
8
2
4
11
28
0
0
0
1
46
10
7
1
0
4
46
0
0
1142
0
8
0
679
2
0
127
39
432
0
1
2
1
211
65
10
371
0
7
2
8
178
0
194
40
638
0
249
0
0
160
1018
0
1020
1
0
470
0
162
3
183
1
1
6
591
14
0
0
0
341
22
4
1
4
15
136
0
6
0
4
0
1026
37
32
7
220
55
134
93
0
138
0
0
280
0
0
590
1
189
286
1
1
0
2
190
390
2
0
0
23
4
415
2
2
650
166
266
225
3
239
1119
250
33
433
2
6
6
2
1
1
0
796
30
47
2
18
13
1
0
77
19
33
22
251
196
45
16
1
217
0
0
50
18
0
0
379
17
0
0
1
9
34
509
380
0
0
0
0
49
938
1
2
2
1
0
0
2
0
1
12
1
1
445
1
6
6
0
0
37
1
0
1
0
1
1027
27
107
989
0
19
1
0
0
6
69
1
11
73
1089
12
5
136
0
19
96
129
37
0
64
5
28
0
47
32
82
0
11
42
0
151
0
0
0
0
0
2
0
1
9
0
0
0
3
33
3
2
1
97
2
0
326
4
18
692
13
1
3
211
883
4
1
884
0
813
0
1
3
115
1
0
1052
3
747
29
329
113
0
2
5
0
0
3
0
1
933
0
0
467
26
1
2
0
870
0
0
20
2
48
8
32
166
41
135
14
22
128
31
15
1
1
0
5
741
14
1
740
6
13
80
209
13
1
0
12
0
0
12
1
0
0
1
25
2
1
3
6
3
362
0
11
790
9
0
11
96
66
13
0
0
383
10
8
251
447
0
24
0
0
88
384
11
8
17
710
91
9
0
7
0
4
2
10
1
3
60
4
8
27
23
65
2
0
5
0
1
29
0
0
72
2
1
1
607
5
0
11
17
198
2
9
2
19
1003
1
158
0
11
660
14
0
1
7
825
5
1
46
5
0
104
10
15
27
118
6
0
91
0
4
68
24
4
2
0
46
0
9
614
36
0
800
18
2
0
0
0
1
1
0
89
4
5
8
450
7
34
0
15
0
450
15
70
1087
36
2
3
24
72
336
0
73
3
4
0
0
7
24
3
55
37
25
619
15
1
1
7
0
8
2
613
32
36
171
2
31
0
0
0
459
348
31
147
351
3
16
0
71
16
5
0
0
223
103
64
0
0
62
3
56
87
25
9
46
7
1128
0
61
62
153
0
461
10
34
1
0
0
361
2
319
78
155
2
0
214
62
24
0
5
0
0
805
0
0
1
950
0
0
52
128
139
13
0
0
58
0
150
238
164
23
1
1
8
126
30
1
0
5
172
58
24
6
338
385
193
0
0
11
0
74
21
206
0
3
36
140
0
5
0
148
2
0
2
1
152
0
3
279
1
4
2
743
20
2
49
12
3
804
0
2
1
0
843
6
4
625
13
2
0
3
208
0
0
2
0
1
2
0
0
1
1
0
3
1
3
3
1
1
0
8
2
475
242
37
9
230
0
132
206
46
58
1
5
0
134
0
52
7
139
0
0
0
1
2
0
62
2
4
1
0
0
1
1
1
5
33
116
1
18
45
260
121
126
9
18
57
2
5
0
291
75
146
11
208
0
0
1
180
35
412
207
1
0
15
22
136
30
34
0
14
6
34
0
0
95
9
5
8
0
12
11
5
16
8
4
12
188
30
383
169
48
14
1
3
69
166
178
19
182
42
0
39
51
5
401
177
16
186
23
0
0
0
172
22
45
0
2
151
0
0
2
0
0
174
0
0
0
4
171
24
0
0
743
86
124
292
69
60
1
3
103
0
43
104
0
0
0
1
0
1
292
4
0
4
14
18
52
37
87
104
10
1
12
9
21
790
51
8
1
5
8
400
58
0
0
0
4
2
0
59
0
0
1
0
0
0
0
1
1
3
1
0
0
349
0
0
0
0
1113
134
321
10
2
0
113
617
135
172
74
58
2
0
114
215
0
0
0
0
3
754
29
17
234
3
0
918
0
0
1
0
106
619
15
0
0
2
1124
57
3
1124
3
0
348
0
0
6
327
8
9
0
627
61
21
10
2
158
62
1
0
0
1
30
0
0
0
810
53
16
1
1048
8
2
384
2
12
382
11
2
384
4
0
629
296
80
4
4
173
4
6
224
53
391
0
31
0
131
11
27
6
3
2
0
2
4
535
186
8
31
419
355
0
436
86
0
274
0
0
896
1
90
0
1
0
0
0
211
2
0
463
2
16
1
0
3
3
4
9
25
25
3
0
4
843
18
423
6
235
0
0
18
2
1
6
0
1
228
0
8
1
105
8
0
1
6
5
894
452
337
103
88
27
1054
23
0
2
4
1139
25
0
873
0
3
318
3
5
0
27
0
0
0
0
1
0
0
0
1
0
0
3
59
1
104
232
107
410
337
233
243
1
0
0
691
0
196
515
18
811
34
3
1097
69
39
0
1
20
0
8
135
0
0
0
3
446
20
7
4
148
354
244
0
150
96
3
0
0
357
66
1048
1
1
256
1
0
1
1
1
1
3
3
0
3
1
3
65
2
4
45
44
394
52
3
0
0
0
0
0
1
0
0
1
0
243
1
41
1
45
2
0
5
0
1
73
10
6
0
0
1
12
1
140
208
52
36
61
7
121
1
402
0
46
47
57
0
142
1
62
8
45
1
1
1
209
36
5
41
1
2
354
76
2
41
0
2
0
3
195
57
0
0
3
39
7
1
22
4
146
1
34
3
63
6
1
14
313
0
58
32
0
7
5
4
64
1
8
0
6
1145
0
0
3
3
0
0
6
0
0
0
0
1
1
5
2
67
1
2
2
8
3
0
0
40
10
1
0
3
3
0
0
4
1
0
1
4
7
4
8
6
0
0
5
5
44
13
5
44
2
0
7
13
0
135
16
0
0
4
5
2
30
4
0
1
5
1
2
0
1
1
9
1
4
3
1
0
11
9
63
33
13
2
0
7
6
32
12
8
10
10
305
3
34
7
12
1
15
21
0
0
17
0
24
0
52
129
2
0
32
36
91
105
20
1
5
27
81
190
1
387
0
5
0
524
0
8
1
74
90
21
5
0
8
48
20
0
3
0
2
1
5
3
3
403
5
8
69
1
0
4
3
7
60
181
1
0
37
10
183
25
137
145
28
27
1
21
6
80
1
1
1
1
7
7
4
14
1
179
2
0
4
9
5
7
25
0
14
0
38
68
7
191
0
9
0
0
12
4
3
22
10
97
53
50
4
1
173
24
22
415
145
199
1
7
968
0
0
11
3
0
6
5
1
78
1
0
8
40
0
2
0
7
0
298
1
1
548
15
32
8
0
4
1
841
33
9
3
0
1
1
0
15
5
2
0
2
257
247
200
5
7
16
0
30
1
41
5
12
233
166
246
44
454
2
22
4
9
485
0
302
219
23
353
1
246
36
4
0
2
30
352
243
307
34
243
2
26
1
0
51
245
1
0
1
240
8
353
244
2
26
284
0
0
0
0
248
32
491
0
0
136
65
285
1
26
0
0
0
0
2
248
28
260
5
10
0
67
0
0
4
192
26
272
4
4
2
53
270
1
27
0
0
83
273
2
2
3
51
266
7
5
1
0
291
2
26
6
0
12
0
0
172
989
3
3
2
20
412
0
0
0
726
10
4
53
1
15
68
63
7
15
61
67
1
21
47
0
28
69
65
6
0
18
0
108
2
0
16
2
222
0
237
115
0
0
3
0
0
1120
1
1
0
0
1
56
0
0
16
1121
3
2
43
1
34
8
54
3
691
348
17
427
0
0
441
175
0
58
119
1
0
316
1
62
15
99
145
3
46
1198
1
3
1
1
370
3
1
3
143
2
1
344
2
47
123
4
2
0
10
9
9
0
21
13
9
90
76
117
62
75
69
94
0
1
40
0
110
0
0
0
0
3
44
41
93
108
62
4
0
9
4
1
0
12
2
3
4
1209
268
61
1
1
6
36
0
0
0
155
0
0
0
769
4
43
0
7
1085
0
0
0
0
8
2
0
24
1
2
1166
38
25
1100
57
24
741
41
7
1
77
5
0
2
3
4
0
1
5
4
0
2
0
1
0
0
0
0
698
21
0
0
2
0
1105
0
1
315
574
20
82
0
0
0
0
403
1
0
1
224
15
0
1
6
730
12
0
0
25
12
0
5
0
1
16
1
339
119
136
3
94
16
90
20
123
59
204
29
8
6
12
135
0
19
312
10
1
117
115
0
139
0
0
0
7
3
20
14
2
0
0
2
0
0
2
21
2
28
0
2
203
1
114
0
200
67
6
0
14
1097
0
42
0
1
72
2
4
73
2
0
75
1
5
4
8
351
6
317
33
0
7
0
6
8
1
14
0
5
0
3
9
4
6
9
3
1
5
11
6
12
7
2
0
6
0
6
694
9
0
1
9
1
14
109
42
76
396
198
75
5
28
1191
0
267
75
425
7
32
0
0
58
37
60
72
0
0
1
1
1
48
0
2
3
270
279
0
3
4
0
1
4
0
2
1
3
169
99
90
0
0
1195
3
4
10
2
442
2
0
0
0
0
3
0
0
179
262
26
171
163
640
0
0
113
6
9
0
0
0
1
51
350
0
1
18
21
83
104
271
104
28
119
112
7
180
251
165
7
0
0
264
133
0
120
0
0
1
1
39
0
119
0
1
2
827
0
90
126
738
17
2
11
0
8
8
1
701
28
0
1
0
0
4
3
655
53
16
12
0
0
0
3
6
0
12
13
1
2
0
3
2
0
0
1
220
62
7
364
396
0
40
21
21
325
53
216
5
0
1
595
63
119
3
187
808
0
3
601
6
0
0
0
622
14
0
17
0
0
0
0
0
0
16
14
0
0
7
0
3
2
1
0
0
2
0
2
1
3
25
5
19
4
5
3
20
2
0
0
2
0
1
0
21
1
1
0
2
4
1
0
0
2
4
0
1
9
5
5
0
9
0
3
8
5
5
1
3
10
26
4
0
8
6
2
0
14
11
0
4
1
8
3
4
1
2
10
9
1
1
1
3
7
3
1
28
1
1
18
15
3
0
10
9
1
6
15
0
1
4
21
3
0
5
2
5
2
4
10
1
6
7
23
2
7
6
14
3
0
9
22
5
7
10
0
8
9
11
1
4
11
2
525
10
4
3
5
936
0
29
0
0
0
30
1
320
2
48
0
40
4
1
56
8
32
6
0
0
4
7
1
6
3
43
5
0
2
0
0
10
1
3
59
17
11
0
0
430
26
73
17
449
13
147
817
0
159
33
0
0
22
0
43
20
41
3
9
0
21
50
133
4
4
4
2
31
4
0
0
0
97
9
0
64
164
219
13
2
11
257
0
4
2
0
0
6
18
12
258
8
1
19
14
0
264
2
0
3
2
1
0
0
0
3
0
0
3
1
2
1
1
0
0
5
4
3
1
7
0
2
7
0
20
6
6
3
1
6
1
4
3
0
9
2
5
1
0
1
10
3
3
3
0
3
2
10
11
7
0
0
7
0
0
8
0
9
7
10
1
8
1
15
0
0
2
0
0
11
0
6
0
4
1
1
0
1
5
6
4
0
3
0
11
0
0
8
9
5
8
0
11
13
13
11
0
10
6
6
0
16
20
13
15
1
0
21
14
1
23
14
3
11
4
26
21
7
9
11
0
9
4
0
14
10
8
10
0
19
17
11
2
1
27
8
12
4
11
25
23
11
0
5
12
16
11
0
29
15
15
0
0
6
13
12
7
0
8
16
15
3
8
23
15
31
9
0
10
24
12
18
4
23
19
9
0
19
14
6
24
6
5
19
35
12
1
20
37
26
0
27
14
16
9
1
24
27
0
1
3
15
19
1
0
0
20
5
18
0
20
20
28
13
1
2
11
36
19
0
0
915
296
266
4
26
1
751
0
13
23
95
159
0
1
10
27
1
10
185
2
0
0
155
42
15
12
35
345
612
156
0
80
0
265
1
214
50
0
213
158
13
0
16
33
20
62
22
70
1
0
20
0
45
102
5
361
3
2
4
157
1
63
0
12
10
1
160
0
0
2
0
0
67
35
16
2
2
168
11
24
0
203
196
94
79
446
0
0
0
29
101
0
0
277
0
0
0
213
0
178
0
61
3
1
593
39
0
3
25
205
47
0
0
73
0
74
131
70
33
155
0
0
60
63
45
0
1113
62
3
7
986
62
20
0
0
329
0
1
0
17
50
266
16
404
31
12
0
253
11
364
93
12
13
0
1
1
16
425
62
10
208
73
2
2
1
0
63
1
0
12
12
2
256
7
87
1
1
180
12
0
315
10
5
7
708
20
3
1121
0
129
11
0
0
12
2
0
3
3
0
0
95
56
31
8
33
2
0
460
16
7
0
0
51
0
495
0
95
1
239
338
1
0
0
663
227
69
275
137
216
0
32
396
5
468
1080
1
68
202
19
0
1081
2
98
0
139
0
2
399
0
131
4
3
1
0
2
401
106
70
0
0
0
0
0
28
0
2
1124
1
2
1155
1
4
0
0
0
0
0
906
293
224
116
124
3
4
3
171
372
0
126
144
0
400
368
1
104
19
395
1
1
166
101
469
393
0
1
0
283
274
426
3
0
164
614
0
0
24
268
0
0
603
73
0
957
57
0
32
1
2
0
9
224
1061
420
253
73
63
10
0
317
105
11
0
0
0
26
37
132
107
36
0
1
96
27
0
11
6
26
60
146
256
22
34
159
0
0
52
2
22
2
202
69
21
17
3
2
202
1
14
0
9
30
70
69
21
281
3
1
1
24
746
42
7
743
5
1
22
2
7
0
0
1136
0
6
771
3
0
4
1199
0
5
2
0
22
0
2
424
353
36
312
361
18
0
73
7
33
0
401
0
1
0
176
40
20
135
116
0
1
0
105
69
0
41
73
89
0
28
22
25
9
0
0
0
18
10
2
3
1
35
136
0
1
1
99
13
443
317
208
34
461
0
13
285
0
0
10
0
182
984
1
10
2
0
2
277
461
108
1
1
733
2
29
2
2
2
180
1
0
2
54
128
399
113
2
167
0
0
0
11
37
1
10
31
16
1
104
3
15
79
5
20
12
0
0
105
5
0
0
30
81
5
0
2
24
86
10
440
258
0
169
0
10
534
2
5
12
0
0
43
0
1189
6
3
125
24
3
4
95
54
1
0
17
2
356
284
107
20
135
410
388
95
17
22
211
5
6
0
201
29
8
0
226
51
2
59
114
353
0
86
1230
25
1
1
11
2
0
1
177
0
0
30
92
1
30
304
31
610
40
0
0
1
0
0
16
26
0
416
68
0
20
1
16
590
356
13
214
14
434
1105
0
27
0
50
0
0
1
56
1
0
1
992
252
14
20
0
19
162
3
8
6
0
5
3
163
4
7
0
6
479
164
0
6
9
1
0
59
0
7
5
26
29
159
14
68
6
35
160
193
21
59
56
117
132
40
2
21
129
16
1
53
0
61
52
52
0
0
67
92
73
93
12
0
126
252
129
0
459
469
0
485
1254
253
54
23
461
1
0
1255
1
39
0
3
1
192
0
16
470
1
2
474
256
63
4
352
3
588
4
0
2
4
238
10
0
35
117
8
64
1
0
7
0
0
0
31
0
820
0
51
2
1
0
120
4
0
1229
2
2
142
1414
0
1
0
0
0
1
345
0
0
3
0
346
202
558
5
82
10
429
2
434
418
14
5
18
7
0
18
337
2
0
0
896
0
17
80
346
429
1
444
0
0
17
0
0
0
2
2
16
369
2
2
2
1120
3
265
3
0
3
0
0
62
0
442
0
0
368
0
0
566
0
0
0
0
595
0
0
9
771
46
1
4
69
60
1
118
38
50
58
37
40
50
1
1
64
20
0
223
2
0
0
1
287
2
59
50
287
0
4
1
65
0
0
1
5
0
0
389
287
36
31
17
0
2
2
165
199
73
61
122
469
5
3
148
6
5
0
1
0
3
169
7
1
0
0
4
0
1
3
0
1
1
1
0
6
0
1
1
1
171
21
2
1
640
1
0
20
209
62
10
33
11
184
338
24
4
56
57
42
1221
644
10
0
30
16
641
0
2
0
1131
2
29
0
0
21
3
0
9
0
0
47
242
0
445
199
5
52
0
177
12
304
0
0
1
0
1
295
6
325
33
1
0
0
53
227
179
7
305
139
228
110
0
2
0
38
135
2
54
1
1
0
1
0
1
0
68
3
277
142
0
132
63
2
16
4
0
9
191
17
3
2
32
0
67
33
0
180
6
143
33
40
134
144
34
1
0
78
31
35
0
28
1
1
14
0
1
0
0
2
88
1
143
36
16
1
0
12
5
208
16
110
12
115
0
11
1
35
9
6
116
242
0
0
25
20
1
32
6
57
216
38
0
1
26
210
1
384
0
379
26
0
0
27
0
571
83
22
0
0
0
1
1
0
0
0
1
1
1
1
30
6
19
0
0
19
187
18
227
1
189
11
1
3
4
0
0
28
193
16
9
1
0
14
0
29
1
0
380
29
40
0
468
12
773
26
0
0
187
0
0
0
520
0
0
2
0
0
1
1
0
372
0
63
36
23
106
1202
48
4
1
36
0
198
0
1
6
1287
403
87
485
0
0
412
268
893
48
9
12
0
474
0
120
0
0
1259
8
2
494
246
8
370
0
1
439
257
0
9
488
0
7
755
0
21
1
0
2
0
983
23
6
0
506
167
0
467
86
386
208
25
150
0
482
0
0
5
397
0
0
99
1
0
0
1
0
2
614
0
17
1
507
3
1
1
36
2
1
4
1
0
6
0
0
5
1291
0
48
3
1
6
80
9
19
144
1
16
17
1209
6
27
972
65
1
0
0
0
949
17
0
0
536
19
6
0
32
3
14
535
0
0
533
0
0
1258
0
0
4
25
1157
63
55
0
0
0
1
628
0
0
3
2
18
71
85
124
11
66
24
57
12
18
89
10
61
2
0
13
1
0
7
0
0
3
0
1
0
0
2
1
5
3
0
4
2
5
3
2
0
6
5
2
6
3
0
5
1
7
6
7
8
2
11
11
5
391
27
2
1057
43
12
2
1
85
22
20
0
17
0
1
0
370
0
0
0
13
127
31
333
230
146
9
78
87
231
121
40
2
0
0
12
19
3
142
46
12
126
16
72
110
138
103
21
197
14
33
109
70
2
62
31
1301
0
55
1
7
10
1302
0
32
0
0
1
12
5
2
310
250
21
1
430
1165
85
1
0
75
0
0
4
1
0
0
0
4
1
4
0
5
4
100
35
100
10
133
1
103
83
11
0
0
0
26
0
1078
0
1
167
168
11
2
121
0
124
18
152
0
202
166
170
69
8
1
121
361
169
126
60
0
4
0
170
1
0
1
124
11
7
26
0
0
26
580
426
19
0
17
21
0
427
14
6
0
17
15
2
8
0
7
1
0
1123
0
2
5
31
0
23
68
0
1191
15
0
1
1
5
646
0
2
307
26
0
353
278
272
203
0
22
17
307
0
97
1
513
7
7
0
0
2
186
93
22
466
0
5
25
0
16
2
604
0
3
125
555
1
3
0
125
0
0
0
1
331
155
12
19
0
1
559
0
0
2
1240
31
0
143
28
18
145
4
16
225
12
369
233
238
187
2
199
297
0
1
142
381
10
178
316
34
41
182
290
225
0
1
23
235
32
0
4
2
87
1
0
414
0
45
1
512
0
0
0
0
20
1
1
384
0
412
245
2
5
0
0
2
0
3
2
3
0
4
0
34
4
1
5
0
0
5
2
2
0
361
0
2
535
10
3
6
530
4
0
9
0
0
0
0
537
14
0
14
25
3
1
0
3
1
2
1
4
0
4
1
11
2
5
0
17
0
2
5
0
2
4
6
3
0
0
8
1
0
0
3
655
7
22
548
0
0
234
48
17
120
5
95
83
3
117
84
1
1
0
0
2
0
838
6
0
51
25
56
113
63
0
91
5
24
45
992
0
46
1
31
26
156
50
134
14
156
7
2
0
36
4
126
161
619
10
0
0
3
12
0
74
210
5
82
40
140
0
1
1
0
0
44
5
0
0
0
2
1
0
99
18
55
0
63
0
12
0
20
1
65
35
0
100
0
70
0
1
0
2
0
28
2
3
48
3
216
1
719
284
0
13
54
1
2
5
637
285
15
68
279
1
0
0
115
286
6
3
3
1
2
68
0
1
2
1268
3
1
0
1
2
3
289
7
0
2
452
0
2
3
5
4
0
1
5
2
5
0
5
72
307
1
2
37
2
3
0
56
134
233
424
378
20
0
321
422
9
2
5
58
2
12
241
0
0
1
0
0
0
0
0
1
166
382
8
9
0
0
260
651
0
257
4
134
0
0
0
1
285
2
310
52
16
98
3
1
441
0
0
27
0
168
7
0
798
1
207
20
3
1
445
1
51
0
1
1
0
1
55
53
124
1
1116
0
0
0
434
8
0
1
448
5
37
36
443
112
2
5
2
6
2
0
3
6
2
7
53
105
265
9
7
1119
8
167
66
0
116
7
0
8
0
2
0
0
120
4
2
5
4
277
3
3
5
4
459
3
1
120
10
3
1
11
215
3
10
11
86
6
280
439
10
6
1213
13
1
163
3
0
0
107
186
125
359
0
295
8
59
3
18
55
7
0
0
0
187
70
79
23
0
0
188
0
0
0
239
189
33
69
212
0
15
1
83
42
0
70
415
240
239
2
83
0
3
1
1
3
424
1
53
10
3
241
17
520
349
103
157
0
390
4
0
218
78
9
4
12
175
256
90
160
374
1
0
396
0
134
14
44
0
0
133
3
5
1
0
1
23
7
7
6
24
0
109
3
0
91
27
7
13
17
1
1
0
1127
13
709
346
196
472
15
9
0
9
120
92
36
2
4
3
8
13
58
0
19
0
122
6
0
4
1
110
7
433
86
594
17
0
19
0
0
0
72
0
16
0
0
0
0
0
1
0
0
1
1
0
0
1
296
2
0
4
1
0
3
4
1
1
0
237
7
0
1
2
5
193
19
30
1
4
3
74
0
0
1
17
211
51
5
1
52
0
2
0
0
36
1
0
144
43
11
0
0
5
0
6
26
56
2
0
8
155
34
3
0
25
32
0
0
2
139
215
63
7
3
8
0
9
0
19
0
5
0
52
1
1
2
22
0
483
9
2
84
23
0
17
838
39
60
208
57
139
3
103
42
8
0
160
226
52
18
21
0
147
170
0
0
0
1
0
33
1
1
45
0
165
27
3
0
52
54
0
28
13
0
3
1
13
21
2
347
64
29
34
0
0
41
40
18
427
0
35
34
0
1
432
170
26
0
111
2
3
281
14
1
0
2
76
25
284
120
16
145
163
1
840
3
5
11
0
0
939
0
2
2
0
0
2
68
401
188
24
12
9
38
32
55
35
0
0
60
300
0
2
365
27
0
1
1
202
230
0
1
913
428
297
458
17
194
3
2
203
266
0
3
100
1
155
12
0
3
6
201
48
215
1
258
404
20
23
517
973
0
0
461
41
458
1
72
3
235
339
0
0
48
68
66
115
171
150
114
71
28
143
120
0
1
150
371
10
1
2
35
119
0
34
507
0
0
0
1
0
1
0
0
69
2
272
26
553
66
0
1
0
3
1
3
126
1087
122
1114
9
0
3
15
3
0
1110
17
0
4
0
1032
2
1
2
17
141
139
59
38
21
0
23
148
0
0
1
1
160
0
1236
8
1184
21
3
2
12
62
203
21
443
200
43
11
70
35
135
18
0
2
12
0
0
68
11
32
1
0
0
12
84
6
6
0
281
905
0
0
114
0
8
7
1
0
170
259
80
10
6
157
177
260
96
0
137
159
65
349
1
1
146
1
0
85
368
30
701
42
73
309
0
3
52
2
36
22
91
24
1147
0
2
0
1
89
25
0
194
237
23
12
29
0
0
3
0
0
23
155
27
13
386
27
54
48
27
172
33
16
0
34
12
0
128
65
297
18
5
97
649
7
25
0
2
81
190
0
2
126
6
0
236
17
69
137
19
152
52
1
0
77
16
93
77
78
2
94
0
121
79
1
37
13
139
66
132
1
73
62
130
127
0
133
1
105
74
151
172
3
77
4
68
5
48
0
902
15
9
0
37
49
709
158
120
1
486
166
0
98
103
0
151
513
0
0
582
1
179
376
1
0
241
2
0
386
176
687
80
311
5
4
3
127
1351
263
17
520
1
22
88
1
0
116
1293
0
50
0
0
912
8
12
36
0
0
0
1
0
0
0
0
3
0
84
419
1
0
1106
3
4
1
2
1
2
63
7
3
0
1
3
2
1
2
602
22
8
40
0
8
984
0
0
1
979
0
0
15
845
2
1
1104
46
2
8
0
3
3
547
0
0
0
0
1
1
1
0
0
1
1
0
0
1
0
215
1309
230
100
46
318
291
0
0
57
298
0
70
318
1
133
356
1
95
0
24
11
22
1
17
58
0
1
0
0
11
13
145
0
102
118
9
7
13
124
107
19
201
247
2
61
524
549
4
0
104
412
5
516
0
18
525
23
549
853
0
26
417
1
0
526
3
102
26
0
13
0
2
74
2
0
43
0
169
3
57
0
1
846
3
97
0
505
0
2
3
105
9
1
3
335
372
5
43
59
250
260
211
55
301
0
28
276
176
4
60
436
0
57
0
176
10
0
15
3
0
0
7
0
1309
340
101
453
0
190
905
0
288
365
454
1
0
1
312
15
0
1
883
20
0
0
0
0
1
0
16
6
8
10
0
20
0
2
174
17
44
32
87
256
3
0
0
45
0
0
0
12
10
170
0
34
86
402
0
431
180
0
174
2
0
2
1
214
14
0
0
0
3
2
184
32
5
22
79
3
42
60
1
1
2
126
0
36
0
4
415
127
639
0
18
224
0
0
14
1
1
500
114
4
9
43
202
2
136
489
0
206
14
0
0
148
1
112
23
4
0
76
2
351
47
3
193
487
2
279
212
0
1
0
0
43
18
151
1
1
0
274
4
46
16
194
0
6
3
3
522
46
70
56
63
0
0
248
78
495
15
28
0
17
375
1171
19
1
348
337
29
310
363
0
156
345
0
225
28
90
0
0
0
151
0
225
33
157
342
0
1
228
92
129
12
0
179
26
100
114
25
14
83
9
144
0
0
81
143
238
59
1
429
46
311
17
2
23
7
664
1
0
0
470
1
1
774
214
1031
0
3
0
879
0
456
1
0
0
0
0
3
940
22
13
1212
0
0
1
6
1
7
0
374
343
86
8
291
1108
695
28
459
42
489
499
2
35
1
29
30
31
13
1
622
19
21
6
30
35
566
193
1
3
2
149
14
15
0
0
21
1
0
1084
9
20
77
3
54
1077
55
257
11
0
680
8
0
2
22
45
683
1
48
8
2
233
0
27
16
1
517
24
43
384
15
7
37
0
1
954
62
3
58
9
56
96
23
112
108
76
0
132
63
95
88
58
127
33
1
2
2
51
81
81
0
126
28
138
813
424
136
2
0
49
714
0
0
503
0
0
41
493
0
4
35
28
0
2
36
0
0
319
0
15
1
0
0
0
0
1095
23
0
6
618
0
0
2
141
0
1
11
1361
367
60
7
0
1
58
169
76
62
95
2
25
0
63
516
3
0
0
0
169
1
0
250
97
3
0
0
370
2
2
51
92
0
1
3
15
1
0
1
66
0
4
232
0
0
1
372
4
0
3
195
0
0
2
338
11
0
4
1
0
0
67
7
7
0
0
84
93
0
0
102
55
27
13
1
0
0
56
11
8
0
19
16
1
0
151
10
0
1
0
1
0
2
6
0
1
37
82
0
0
1
0
13
9
1
2
1
4
1
1
10
4
0
7
58
42
37
286
26
6
1301
4
17
6
1003
16
553
7
1364
44
8
1
549
32
49
0
1
7
1057
12
0
268
70
0
0
0
11
599
0
10
17
49
11
43
167
3
16
1407
144
63
468
46
26
0
76
0
0
0
0
0
9
1
0
11
0
24
3
0
13
544
9
0
3
4
326
27
3
21
496
284
251
134
94
374
0
165
9
285
317
52
0
69
577
286
63
378
0
0
1
0
1
1
4
5
1
0
1
215
146
161
3
6
0
0
28
12
0
27
81
1
47
158
39
0
32
1
299
87
1
215
3
5
0
7
0
743
0
1
0
0
0
5
1
2
0
2
1326
0
0
0
311
233
0
526
0
0
279
0
356
0
1
0
1405
1
14
241
2
2
0
0
0
146
0
0
0
0
2
21
1
1
672
4
95
49
0
136
84
5
109
19
2
0
18
0
1
1
299
0
1
536
1
72
463
0
0
2
4
7
4
3
8
4
7
5
1
8
7
6
137
2
29
7
9
9
2
2
556
5
10
5
8
1
5
0
5
9
6
10
2
6
11
46
0
0
15
908
1
296
1257
0
0
943
0
1
840
10
10
2
1072
47
0
0
0
34
0
72
46
9
2
53
8
21
3
0
495
362
215
224
193
568
0
35
0
0
563
1
64
0
1
415
2
0
1
2
0
3
2
293
1
3
681
4
6
398
0
4
2
0
156
1
4
137
5
121
8
487
0
2
1
6
2
2
229
3
1
4
5
187
1
1
3
1
7
153
298
2
8
405
9
71
50
1
1
95
193
149
63
64
39
0
0
61
0
0
0
29
15
65
221
0
22
128
139
12
224
0
16
1
2
115
11
1
116
0
0
0
117
1
2
0
11
128
0
2
347
223
2
0
586
1426
348
23
400
4
0
21
348
3
1
3
1
1
53
10
20
12
148
3
0
1
0
0
0
16
0
245
31
0
469
2
1
0
1123
18
1
543
2
0
12
3
1371
0
0
1029
0
249
185
0
0
3
0
1290
48
0
0
3
721
84
3
17
27
200
130
4
2
4
26
0
28
1
0
0
0
934
10
23
8
204
567
0
28
24
17
0
0
6
3
14
0
588
7
3
74
13
0
0
8
0
33
15
66
0
1
0
1
644
3
0
80
2
49
0
4
2
594
2
5
0
5
1
0
4
6
10
1
308
15
0
1
4
2
0
0
0
8
4
3
0
0
8
1
3
0
6
15
1
9
0
0
6
13
2
4
0
13
0
1
1
2
5
0
5
0
0
284
45
37
0
0
10
215
347
119
6
48
2
0
462
693
0
127
18
0
456
0
0
848
0
424
1
0
0
1
0
0
0
791
287
277
492
532
2
30
1101
288
277
464
0
6
0
289
242
465
0
0
0
1
1
0
11
1
1
1
5
186
0
152
2
9
249
187
0
138
1
0
162
183
51
356
80
45
50
1
2
31
155
0
2
0
32
230
2
4
234
2
0
357
136
1
1
4
5
33
158
54
1
22
95
368
159
0
58
0
4
358
2
3
2
0
0
2
54
253
21
4
1
0
6
133
35
123
31
171
8
60
360
42
148
5
1
4
5
6
255
24
98
9
2
0
209
4
37
104
512
363
33
6
1
212
1597
0
45
69
1
0
6
1
1
72
18
2
1
623
2
0
73
1
61
0
2
497
0
0
0
0
1380
31
0
0
0
28
94
164
0
602
1
45
40
1
10
25
77
150
39
216
5
25
0
48
172
0
34
649
52
0
5
602
31
7
8
8
0
11
1
295
54
3
4
0
0
0
0
1
0
44
0
22
436
327
57
78
1
333
1117
437
0
58
6
6
0
0
4
438
3
4
11
0
1
1136
14
3
3
157
0
203
133
0
1
1
91
0
197
0
0
0
169
0
21
138
0
0
1
69
39
1
0
14
27
3
30
2
1
2
1
2
0
272
2
2
2
82
0
11
1311
7
74
0
543
1
1
0
0
0
0
1
1
0
1
21
0
0
0
581
47
0
1
0
0
700
0
4
701
1
0
0
0
0
1
2
1
1
1
1
2
2
0
2
7
0
4
0
2
0
12
12
3
8
745
7
1
20
261
76
0
0
0
947
5
23
0
71
88
316
46
9
6
37
0
175
45
30
172
3
0
88
325
94
13
37
0
26
240
1
36
373
153
6
0
0
745
2
1
1426
394
239
31
174
550
6
5
15
434
0
238
59
192
198
0
69
225
1
0
38
2
0
974
3
0
4
74
0
1
1172
0
3
31
786
16
18
47
17
4
1084
73
2
0
0
0
788
23
10
3
73
0
3
1
0
1
59
0
0
1376
53
19
1058
21
12
3
14
12
1420
437
306
105
67
16
11
335
0
389
54
108
3
0
439
0
77
16
0
1
0
521
276
95
1
430
0
441
2
2
1
2
0
442
1
26
7
0
14
1
3
4
1
0
0
0
1
513
1194
2
0
527
0
17
36
13
2
0
0
0
92
1320
0
4
6
6
1319
4
7
19
687
0
8
1
1
10
1
0
4
287
70
69
121
0
228
878
241
362
77
0
230
13
271
85
2
13
949
4
7
94
1
1
11
1066
80
3
16
0
32
7
38
129
3
0
0
0
0
2
957
14
3
0
1
42
5
39
24
106
5
1
7
34
151
8
19
35
1
2
9
1069
17
0
38
0
0
0
20
0
0
0
21
0
0
1
23
1
6
0
3
4
7
1
1
10
19
3
11
3
5
1
23
2
0
7
29
0
0
0
43
5
1
1
26
43
25
1
0
0
0
0
13
1
0
27
0
1
0
0
181
4
1
2
1
2
1
1
2
1
2
1
0
15
5
5
1
4
0
0
4
329
5
10
90
0
0
0
17
1
836
477
0
4
0
7
0
590
8
3
6
16
0
1
50
0
3
0
8
0
0
137
98
81
98
529
69
0
7
570
32
0
1
14
1
1
1480
2
0
29
596
2
2
223
3
1
0
442
3
0
4
2
4
1
136
4
28
572
0
5
127
3
1
30
0
431
3
463
1
42
14
0
1
0
4
1
1
3
5
77
29
4
16
1012
30
0
0
0
1427
7
41
285
23
42
46
1
0
2
1
1
0
1
1083
84
1
2
4
3
292
3
45
3
3
856
103
9
0
0
6
2
12
8
88
6
1093
2
8
3
3
0
3
3
5
9
8
8
4
60
10
3
17
0
933
23
6
0
589
1432
359
110
3
144
618
129
0
0
9
80
894
7
25
893
4
1201
8
29
1008
0
2
188
0
0
1387
0
4
155
0
1
2
2
2
1
1
0
19
0
0
1
0
128
0
0
1
3
0
2
0
0
2
6
116
1
8
0
3
1
0
69
0
0
5
0
0
187
0
10
137
437
189
138
67
96
63
0
1
190
425
30
11
78
2
53
17
2
0
42
5
0
560
1
0
4
1315
3
4
0
1315
11
0
0
2
0
0
0
0
947
35
0
0
5
22
1
3
10
24
545
343
88
411
43
17
90
31
16
4
31
82
76
2
55
5
18
1
546
62
0
36
0
542
139
98
42
0
94
195
265
114
409
257
1
1
0
250
13
410
32
109
0
1
2
0
1
212
0
0
6
45
0
2
2
0
3
2
57
2
213
0
22
1
238
1
1
0
3
0
2
2
76
1
565
57
0
3
0
343
1384
0
0
0
344
979
6
0
0
5
811
2
3
0
6
1
1
685
5
13
0
8
61
164
3
523
1
3
2
1
2
35
99
0
44
0
25
38
4
0
0
19
34
142
6
947
357
152
412
0
381
1363
0
97
0
0
0
729
1
255
4
1
1
4
0
0
1343
35
23
1
0
0
28
0
0
0
1
29
27
0
4
24
7
0
1
0
1346
7
3
1
1
0
0
0
4
0
0
0
451
9
17
2
62
40
42
434
232
0
0
93
431
1
435
236
1
11
3
436
0
3
3
0
0
0
1
2
4
1
1
2
4
439
3
5
2
3
9
3
4
5
12
11
635
136
1
557
489
1415
11
0
2
18
202
2
105
0
4
10
30
141
0
4
0
0
1522
2
64
3
614
2
1
1
1234
4
5
0
0
0
1
1
41
17
1
0
4
28
82
1
0
258
38
54
298
25
373
292
0
0
582
20
402
0
3
156
19
1
1
58
60
48
284
39
0
130
1
17
216
2
1
75
11
336
0
4
0
5
296
1
6
3
325
0
4
6
5
65
16
4
28
3
4
489
1
1
6
18
60
1
1
0
0
1
10
0
0
1
0
28
6
297
153
493
2
2
4
9
5
0
6
3
4
5
7
36
193
184
0
0
3
86
1
1
0
0
31
0
15
2
0
0
0
1
0
127
0
0
9
1
2
2
0
1
0
0
0
2
2
0
302
0
21
17
8
9
301
0
48
0
147
416
66
155
3
0
578
0
0
0
0
0
579
2
599
16
0
0
10
0
16
0
0
2
4
90
37
66
4
6
8
212
91
22
247
0
0
0
0
247
1
94
2
249
0
0
1
3
60
268
0
2
3
0
2
0
1
0
0
3
0
5
1
9
2
2
39
2
0
0
0
3
0
0
0
23
178
160
0
464
88
238
14
85
3
4
11
5
293
82
558
36
252
305
100
550
0
0
1033
0
57
379
1
1
1483
1
32
7
0
2
1
27
0
0
410
12
0
0
0
2
229
138
28
0
32
222
156
38
4
29
0
6
1
1
0
0
28
1
1
103
1
1
2
83
1
23
0
0
3
2
0
0
99
9
1
0
2
2
1
17
0
5
5
2
0
0
99
2
1
227
2
2
0
0
6
0
0
1
8
1
8
3
6
2
3
8
45
0
99
112
12
3
10
2
42
4
0
2
2
7
2
7
0
8
2
2
0
47
3
61
15
6
20
2
14
9
11
0
1
2
2
11
17
1
1
10
0
13
8
45
3
15
2
0
7
2
169
94
20
6
28
122
65
7
23
10
0
1
22
285
398
109
172
228
286
381
26
173
0
0
628
177
29
11
9
188
1
1
2
385
37
298
2
630
223
64
89
1
1405
544
70
110
163
4
0
0
0
218
3
7
1
12
575
384
61
2
438
73
539
386
82
2
0
540
230
60
108
0
0
578
0
12
18
2
1
215
79
20
1
1
25
54
10
0
1
0
4
2
110
3
1525
30
177
4
9
0
12
4
539
382
75
8
58
58
407
297
134
87
139
2
10
238
608
298
362
167
1
66
299
557
40
3
45
0
0
0
202
74
174
11
0
299
0
17
178
2
2
764
2
540
74
110
1
2
4
79
2
177
4
4
5
302
0
75
171
17
2
530
0
11
2
30
1371
548
0
19
15
0
2
158
40
3
0
229
508
24
0
35
1
0
31
491
5
36
1
0
3
879
0
1
8
0
0
0
548
238
11
0
3
415
0
0
0
0
0
176
84
93
37
141
0
0
20
8
177
0
35
123
0
1507
88
550
17
113
5
0
178
272
1
2
0
0
1
178
11
1
54
0
3
1
180
28
52
5
39
3
1
3
552
382
14
127
0
5
2
0
1
92
72
0
0
0
107
4
77
6
2
0
7
329
603
408
87
176
0
1
461
0
604
8
114
29
182
0
0
2
605
100
24
207
1
551
286
58
208
2
1
1
35
1
4
215
83
4
1
4
554
0
58
44
180
2
321
4
0
185
0
5
767
7
2
24
187
3
7
557
5
184
1
5
6
221
8
4
186
6
0
1
5
387
41
5
0
5
0
672
9
4
137
3
0
8
0
0
327
0
101
49
0
12
74
5
9
39
5
5
71
9
0
17
11
0
0
556
25
0
17
2
45
1403
0
293
26
555
445
346
6
556
7
24
6
38
1
2
558
17
10
39
0
39
715
560
0
0
1
1
0
0
0
22
0
0
0
0
562
9
6
0
19
15
1
0
3
0
19
0
3
3
1
4
0
6
3
1378
564
0
3
2
5
1380
4
0
35
1
4
1
2
0
0
18
2
1
566
0
13
0
1
0
8
556
294
88
93
22
0
389
104
77
4
0
759
1
287
60
5
1
2
289
60
8
2
468
2
3
0
9
443
0
17
0
3
1
1
0
214
1
8
2
0
43
1386
470
41
8
8
0
27
159
471
19
0
14
42
0
0
486
5
9
2
16
675
0
3
27
0
4
1
0
19
2
0
1
1
7
47
12
1
0
0
2
0
0
0
1
1
29
0
0
0
1
77
79
19
11
7
12
1
472
23
15
4
49
5
0
4
581
77
2
20
0
0
678
474
8
0
0
2
475
24
0
4
4
357
356
247
78
16
269
350
444
61
22
1
263
879
686
0
94
0
40
18
55
0
583
386
106
0
1230
585
447
62
1
3
0
0
586
0
57
5
0
589
1
56
12
131
5
1
1
590
3
105
99
1
1
0
2
17
0
0
693
3
63
22
4
3
591
1
121
0
1
1
591
2
128
23
6
2
696
608
1
0
1
7
1237
482
405
1
1
7
0
3
304
3
177
3
2
2
698
455
54
12
0
3
1398
598
387
69
1
8
5
3
11
8
2
1
15
13
68
1
11
6
11
8
3
1
8
9
703
2
5
13
1723
601
13
69
13
0
601
15
5
3
1
15
14
3
7
12
9
707
648
114
0
5
5
5
410
115
83
44
3
492
559
11
60
6
0
52
374
362
116
117
66
494
0
22
176
3
15
0
1556
1
0
117
0
142
11
1
2
36
111
326
2
497
1
89
0
201
2
498
82
139
2
0
3
1
420
75
83
0
0
1
1530
378
355
44
2
59
3
203
573
281
116
25
3
52
0
0
638
380
268
38
0
19
4
1
0
379
350
37
17
78
22
6
9
39
399
635
380
0
38
3
47
2
0
0
381
1
62
0
58
3
1
0
2
0
41
7
0
3
0
5
0
5
5
6
60
2
4
1
3
0
536
497
353
64
12
284
8
3
6
387
6
44
51
6
9
388
0
6
1
4
5
7
0
10
5
5
7
45
1
0
52
5
2
12
11
356
5
0
21
40
53
4
9
4
0
0
2
1
1
1
53
9
16
1
10
390
9
8
1
0
8
0
13
0
11
390
2
75
2
34
4
9
5
4
12
11
0
22
1
1
18
393
363
9
9
0
2
10
13
0
5
3
15
72
2
1
2
12
11
3
0
657
393
13
11
7
1
11
0
0
13
6
1
7
5
74
1
5
7
0
21
17
49
140
1
76
15
2
396
0
4
2
1
0
7
5
21
18
17
5
22
13
16
318
47
3
507
0
3
20
0
4
383
1
502
22
36
145
37
137
4
38
15
5
0
0
5
96
87
6
0
14
37
396
51
54
2
3
1
397
2
4
2
0
5
1
9
0
3
230
501
107
2
2
55
506
2
3
35
1225
636
7
1
23
1
0
637
0
38
0
38
670
0
23
222
3
50
1430
694
154
2
223
51
0
0
58
51
11
0
0
504
56
9
133
249
0
505
42
64
2
139
0
71
0
266
133
111
215
0
7
1
498
110
1
0
508
3
2
3
509
2
119
14
183
1
4
0
510
3
59
0
101
0
5
1
170
5
512
3
19
18
0
186
7
312
3
13
138
2
62
266
630
0
1
7
0
715
99
1
34
6
1
425
13
65
236
2
62
721
276
56
12
0
543
613
590
67
1
539
892
0
454
135
0
0
893
1
447
6
1
1
0
0
328
12
1
37
3
2
135
3
2
2
450
132
287
1
1
0
445
0
1
11
63
2
2
0
0
24
1
1
5
61
34
10
3
46
51
0
1
0
199
5
0
8
462
107
3
0
7
6
9
132
57
4
8
788
6
49
45
0
6
424
23
5
5
9
558
429
362
108
10
0
401
0
94
10
1
150
430
479
29
193
2
585
98
40
31
695
0
0
0
1446
0
0
20
0
1
0
1
96
0
42
0
2
1558
3
3
57
0
3
1550
0
1
533
510
128
11
181
413
5
534
0
31
13
0
0
9
535
3
8
2
1
438
15
59
1
4
2
77
4
141
0
0
1
439
4
110
1
1
438
4
2
31
1
539
34
5
128
4
0
85
2
4
3
1
0
0
5
34
6
168
0
0
2
89
2
0
1
540
115
135
1
344
541
295
127
0
0
443
345
1
20
0
1
0
541
9
0
0
424
1494
542
0
15
189
0
10
445
390
104
111
1
348
1
40
539
524
106
61
2
0
2
1
391
55
189
1
448
251
61
30
0
190
0
0
0
1
545
699
59
193
2
2
1459
0
757
355
101
2
94
1
758
3
0
7
79
0
6
6
34
78
7
16
6
1435
760
454
18
4
4
8
2
7
396
118
117
1
7
455
0
9
194
0
9
5
24
5
88
83
5
457
1
30
0
84
0
11
80
4
413
110
2
4
11
147
27
85
5
11
0
0
767
7
56
3
244
4
9
0
0
15
437
40
19
86
1
1
15
10
7
89
122
8
10
0
1445
7
442
123
8
7
9
528
21
0
6
135
0
9
0
9
4
111
0
9
0
346
17
16
2
65
90
556
27
17
0
13
72
0
0
9
3
1
0
773
28
0
8
2
967
774
43
5
26
0
0
3
11
6
40
0
16
584
125
19
6
0
777
0
2
9
3
80
7
29
2
1
778
44
0
2
5
16
0
0
18
11
0
0
0
3
3
1
0
4
10
4
3
22
5
5
4
0
3
6
35
107
3
26
21
474
104
26
10
160
152
0
446
16
192
8
0
62
564
319
121
224
2
1
0
568
80
48
0
5
2
1
0
149
2
3
2
358
135
9
167
2
3
29
1
7
12
4
2
0
29
15
48
2
3
338
75
2
7
482
78
2
16
56
374
4
16
2
0
0
4
5
4
55
29
1
205
7
23
5
483
115
45
2
189
143
35
484
86
156
10
214
5
0
0
1
515
73
6
1
0
796
613
10
5
61
65
0
1
30
103
1
1
30
797
49
42
3
66
67
799
0
142
1
0
0
1
1
0
1
0
0
0
12
6
0
0
1
1
0
0
1
1
3
3
0
2
3
31
804
552
4
1
0
5
1
24
0
4
0
4
0
0
5
0
1
1
5
2
0
0
1
1
3
0
115
118
14
0
0
11
2
0
8
37
5
3
17
10
1
498
40
34
10
59
0
132
161
11
0
1
344
17
11
1
0
747
411
10
6
9
143
1414
748
0
159
27
0
0
0
176
0
0
1
1
130
9
10
1
751
2
0
33
9
3
0
3
0
8
3
530
4
415
10
1
4
1
6
1
15
6
6
1
6
592
116
8
19
80
595
28
24
13
0
531
0
1
4
57
0
20
0
0
0
0
0
746
3
49
77
809
537
0
0
10
131
3
0
0
0
596
0
0
5
18
15
596
10
0
34
69
0
597
3
2
2
0
3
829
769
29
1
223
620
0
24
1
26
110
1
0
37
314
337
137
106
122
1
1
762
33
81
3
2
2
73
82
3
107
3
519
0
72
1
0
1
6
834
478
132
128
5
5
833
505
8
6
2
1635
835
56
150
17
2
3
4
0
837
20
0
126
1
8
5
2
9
88
5
1
525
4
39
126
65
1
7
0
840
572
77
16
0
11
528
360
165
0
0
8
599
81
37
10
186
0
106
600
568
169
109
337
68
528
114
77
338
13
0
529
177
11
339
0
0
530
53
102
458
0
834
603
790
0
200
2
1636
599
565
8
0
231
779
30
58
0
18
533
225
13
93
221
404
534
0
141
0
0
0
600
38
86
11
89
33
0
69
18
10
15
0
0
1
1
16
3
1
120
603
69
170
11
3
0
604
255
3
1
0
0
605
1
104
1
331
97
139
170
9
184
1468
540
91
2
195
0
0
540
345
7
0
5
37
868
789
100
0
22
196
1
1
1
542
1
138
131
240
0
2
2
543
4
140
3
176
0
0
544
184
45
298
10
1
0
421
29
4
18
200
6
0
0
4
40
173
176
4
546
3
106
44
71
0
7
0
5
740
40
19
1
5
0
1
5
373
150
1
245
0
5
796
532
102
31
12
598
89
797
727
0
20
0
0
94
0
69
9
8
8
0
0
542
13
11
2
97
797
733
171
14
117
45
3
28
26
16
4
802
94
142
8
1
1
802
3
14
27
0
5
3
1
803
553
16
7
100
658
153
5
119
8
23
803
214
37
5
805
6
104
18
18
3
4
559
141
39
0
432
618
25
145
37
2
0
619
383
176
2
1
10
562
25
22
3
2
563
65
31
270
3
0
1
60
163
1
4
4
122
0
0
4
1
4
52
48
5
0
5
1
883
33
87
2
9
4
623
35
13
2
9
624
22
8
2
14
0
0
9
813
41
162
28
0
107
624
184
69
30
0
126
0
0
569
0
150
21
17
62
1
624
31
78
10
31
134
3
486
15
571
401
45
12
2
4
0
37
142
1
5
53
2
183
0
0
0
0
26
558
414
49
0
40
1
1
0
82
0
0
21
255
0
625
436
107
245
0
448
33
4
11
30
0
152
26
227
15
0
287
31
40
12
33
0
0
7
0
628
437
132
10
3
42
629
0
9
4
0
1
0
34
148
168
1
1
439
42
1
1
339
15
47
0
22
435
147
15
241
0
828
8
2
1
51
1
1
26
3
1
0
2
2
0
1
2
505
394
95
114
138
188
583
427
132
0
585
620
7
2
0
0
168
147
155
0
122
0
139
44
2
37
0
0
673
28
178
4
14
161
87
4
15
5
14
0
6
0
0
83
10
1
15
575
240
0
259
587
1
60
5
0
21
224
445
590
32
28
24
278
2
0
589
569
57
26
182
1
590
5
3
0
2
486
223
3
594
229
140
3
1
593
137
57
221
2
5
49
4
1
4
0
0
2
143
76
5
1
0
596
6
16
1
187
7
0
650
46
45
73
4
19
12
742
14
598
534
19
137
8
601
603
10
9
262
8
3
602
5
7
0
0
17
9
8
54
3
19
86
6
9
4
135
6
192
7
0
605
499
198
2
2
1
309
149
1
4
674
151
195
4
6
16
28
4
0
195
3
14
499
170
172
2
2
362
37
0
157
68
54
2
0
74
497
22
152
15
360
497
2
31
0
38
498
0
17
0
0
0
132
82
126
44
1
1
318
229
10
0
240
612
101
195
255
0
24
0
173
143
13
25
0
612
159
164
2
164
9
1
0
614
628
2
614
292
5
3
6
279
1
616
639
20
15
20
0
617
68
7
18
10
616
69
119
56
4
0
4
224
39
24
249
15
1
18
946
516
89
1
182
0
0
0
0
8
0
0
0
0
1
27
90
3
0
0
949
0
62
0
2
0
0
2
0
3
0
75
4
3
34
4
0
5
1
0
5
0
2
2
0
2
0
3
4
0
3
2
5
2
92
31
4
5
1
1
1
0
1
5
0
0
0
1
0
884
15
65
0
11
702
0
2
15
1
60
25
0
235
164
3
0
0
1
125
37
350
1
1
103
9
1
0
3
1
17
3
706
48
78
107
4
15
2
224
35
4
1
2
1
0
61
27
22
7
1
0
2
3
5
0
3
2
1
2
1
41
1
4
0
9
174
45
3
11
9
640
467
0
220
5
129
39
1
0
19
6
0
136
2
0
970
207
33
14
148
971
349
3
10
1
306
972
110
68
40
205
0
2
256
0
0
92
0
1
644
133
87
35
44
302
13
172
645
140
37
84
0
524
284
83
10
101
386
0
0
647
6
91
67
1
113
648
357
190
36
2
3
0
649
29
118
3
86
0
126
4
554
37
38
4
0
4
275
22
49
87
4
752
529
195
4
126
32
1
0
0
909
5
2
46
10
98
909
23
18
69
1
694
654
215
145
39
655
313
152
4
0
156
1
298
3
331
0
657
0
157
504
0
658
446
181
104
286
29
0
1
0
119
0
506
65
148
8
0
40
5
221
61
1
87
3
4
658
113
49
64
505
660
686
94
145
0
528
11
112
1
55
150
0
1
1
115
49
1
663
80
21
233
0
2
665
6
65
270
0
4
4
666
94
183
153
2
5
0
3
666
257
6
5
3
5
162
0
154
1
3
669
333
44
212
0
2
257
694
188
51
0
188
0
943
0
0
0
0
0
5
2
0
66
282
689
167
154
4
0
7
106
0
7
2
8
0
11
284
23
215
0
0
12
674
51
13
9
0
9
3
82
0
0
218
0
4
0
33
675
168
2
29
3
0
4
1
673
358
26
9
4
521
23
181
315
77
14
270
1
0
40
676
461
190
5
1
0
676
706
0
3
2
1026
0
53
29
0
3
70
542
28
2
0
24
0
0
1
0
0
0
5
4
2
0
0
938
264
6
0
719
940
28
62
67
272
13
940
13
99
4
0
1
14
942
356
108
1
1
0
2
627
57
89
2
13
946
434
4
2
2
945
4
102
182
14
4
3
946
125
5
3
947
651
83
102
157
0
6
5
688
78
29
9
293
0
4
3
951
141
10
7
0
8
1
3
239
65
89
1
691
8
52
70
8
12
664
37
6
271
12
952
476
59
19
132
12
0
2
9
11
66
78
8
8
584
195
65
7
0
0
0
2
14
14
13
0
17
345
87
78
16
1
1
40
1
18
0
0
1
0
0
3
15
7
3
1
0
13
15
109
10
55
12
2
7
701
2
0
60
0
11
0
1
20
100
232
66
97
19
7
965
302
110
97
20
1
15
1
215
93
14
5
2
3
15
14
23
1
14
0
3
0
11
6
13
15
11
6
2
19
101
0
71
78
0
5
3
3
23
112
100
3
0
2
6
1
17
105
13
0
4
7
1
12
4
92
58
12
1
0
951
649
107
4
0
3
5
35
0
723
93
58
1
3
0
0
1
0
96
6
0
1
1
1
1
119
74
1
0
2
222
23
169
711
653
128
201
26
320
715
6
111
0
18
555
0
7
85
25
2
0
426
10
29
5
22
594
0
0
4
0
0
55
241
12
0
1
18
4
0
0
396
15
18
19
0
0
1
0
44
0
1
1059
18
209
1
1
439
6
11
4
63
0
1
7
0
0
2
131
3
1
5
0
0
1
1
164
56
1
4
3
10
92
9
1
78
118
0
3
2
32
0
0
9
568
369
56
2
0
0
569
0
0
0
0
0
569
377
103
4
440
58
2
378
104
0
2
966
697
81
22
285
104
989
241
240
33
8
219
0
990
0
133
46
8
0
991
146
58
23
1
52
992
749
219
10
2
53
995
149
29
0
24
0
4
49
996
40
8
20
3
151
7
5
997
310
59
0
1
970
2
61
55
993
78
0
3
65
32
100
995
2
27
67
0
577
88
0
45
91
59
579
30
3
0
43
1
41
0
26
0
1
13
10
743
0
15
0
40
0
1
1
997
25
26
26
37
0
31
359
579
24
16
25
38
1
0
17
0
42
5
0
0
0
579
384
161
162
151
579
672
48
136
0
614
20
7
303
0
29
0
211
130
25
194
2
0
183
0
513
34
6
283
0
3
22
4
81
212
131
0
3
745
149
139
141
399
186
3
425
76
323
3
49
6
2
0
0
35
6
71
6
229
65
72
2
0
10
6
8
122
8
505
195
66
509
2
60
3
2
1
0
16
1
118
2
10
6
1
89
172
326
6
1706
591
219
70
41
189
149
53
11
7
5
75
1
11
11
1
55
11
4
13
2
83
14
193
13
10
143
42
197
0
10
4
12
434
11
0
12
0
15
1
1
0
0
1
339
1
1
15
0
1
5
3
0
1
4
2
0
28
1
2
0
16
524
47
54
35
16
5
38
1
44
8
55
0
5
334
107
45
0
109
4
2
132
51
2
41
3
15
851
130
3
59
0
33
0
16
0
0
0
0
770
272
81
1
3
39
1025
21
4
17
4
1
39
1563
768
46
42
1564
5
9
30
72
0
1
55
1068
24
37
9
45
1
1025
27
7
29
39
1
2
1028
22
0
0
45
0
3
8
348
83
45
93
1
412
1191
0
105
0
334
0
559
46
10
0
1
356
75
1
0
1
61
10
16
0
7
7
0
305
2
2
14
29
1
0
1
67
1
200
606
128
7
349
0
65
1031
351
319
25
1031
25
189
1
312
129
0
266
136
1
42
0
1032
28
1
0
1
26
1033
1
68
12
0
0
3
267
29
17
3
28
612
27
51
9
2
1
5
0
1037
28
219
5
612
31
37
96
131
49
301
0
329
115
177
0
0
330
0
3
1
0
1
0
0
123
4
241
1
1038
334
2
209
6
614
45
36
19
0
43
93
0
990
58
32
61
2
0
0
1
405
78
50
11
4
1
1
2
33
41
1
2
71
4
274
2
4
3
4
1
109
315
4
63
0
16
29
1
22
618
374
68
13
108
486
0
0
0
795
781
61
178
63
113
796
124
31
1
1
799
543
171
47
180
0
2
282
5
0
1
53
0
301
2
0
0
801
607
113
163
1
0
691
3
42
38
6
20
798
118
2
42
3
23
410
483
29
1
32
202
621
0
49
0
15
1
0
0
0
1
0
337
150
27
47
1
0
43
64
801
941
15
1
16
193
0
44
1
67
1
0
46
35
10
1
3
803
510
245
447
803
2
110
276
1
9
68
804
174
16
247
6
0
10
42
720
162
263
360
44
4
30
2
330
0
699
5
161
289
202
101
2
101
127
205
78
0
0
233
86
0
626
34
4
1
458
84
0
390
0
185
0
0
1
1
110
17
65
2
1
0
1
1
0
1
119
3
231
212
63
0
3
98
4
168
138
0
4
0
0
416
61
17
0
2
176
2
1
2
295
2
2
64
10
0
2
0
3
1
6
3
635
370
145
562
423
0
208
4
0
0
196
1074
355
117
28
1
1
18
468
29
8
3
2
638
32
145
4
2
0
3
1
8
50
0
4
1
1077
304
57
0
3
2
3
354
3
148
4
3
7
2
203
2
7
1
1079
6
4
0
6
129
1
4
53
52
0
4
6
3
1080
363
125
127
1
1
5
8
0
3
66
86
174
2
5
441
358
78
132
0
22
48
0
545
131
0
0
0
48
78
286
1
0
1083
253
40
70
835
4
641
307
50
44
0
64
144
95
97
14
16
130
87
1085
237
5
14
30
2
1086
538
66
0
31
0
14
3
95
89
2
438
66
12
0
3
627
2
0
3
211
1089
575
3
18
6
645
502
10
310
646
391
14
17
11
0
17
496
93
8
14
14
14
11
41
22
113
218
470
785
279
93
81
0
1
482
114
833
365
33
23
364
1
784
809
10
250
2
2
0
836
1
1
16
3
1089
5
0
0
13
0
0
8
1
0
0
0
6
0
1
1
0
1
74
1
0
0
0
11
7
0
0
1
2
0
0
75
0
4
1063
430
177
164
1100
324
4
4
386
8
1099
324
6
5
5
41
7
0
18
2
4
392
10
1102
85
51
0
5
268
0
0
68
8
6
20
7
0
175
1101
785
71
2
11
1
38
124
116
9
0
6
14
469
595
211
166
0
363
390
119
107
19
241
61
11
1
124
0
19
50
0
40
0
11
0
142
0
0
0
110
0
1
0
0
0
1
850
243
58
7
349
9
470
0
245
96
0
0
1
286
0
230
8
1
853
819
76
368
0
2
0
0
1109
1
2
0
3
700
22
237
224
8
10
688
38
53
0
76
1188
419
32
0
4
0
493
911
420
11
118
0
302
84
855
408
93
76
0
319
858
704
92
9
77
25
0
149
858
325
95
15
213
7
1
860
166
104
6
113
0
1
861
0
166
60
0
0
0
0
861
1
253
154
0
2
0
3
157
7
0
39
0
3
4
864
152
15
126
0
5
7
202
33
129
1
7
4
585
112
1
6
4
867
6
65
131
5
6
10
5
318
95
31
5
0
868
36
122
51
162
11
10
10
34
10
5
0
0
10
0
11
758
60
88
49
0
11
1
872
1025
187
7
0
7
0
0
8
54
4
376
0
29
34
9
2
99
55
135
2
8
1
0
85
0
874
588
0
1
16
876
80
114
39
1
13
0
875
263
4
0
115
2
4
18
1043
180
72
6
1
210
13
2
8
326
8
12
0
2
2
70
89
7
1
10
2
1
15
430
43
25
15
0
135
49
3
13
0
0
135
69
0
0
96
1129
27
7
115
338
1131
158
0
1
143
94
0
24
0
53
97
162
0
11
1
0
0
112
0
0
13
0
1
98
671
37
0
0
53
57
1140
22
8
0
33
20
45
1141
13
0
12
0
49
0
1142
0
11
12
1
0
0
0
1
87
0
57
1
2
1
17
101
704
39
0
26
0
0
1181
52
3
26
905
1795
1
1
111
1
63
0
55
0
40
50
1
1
31
94
3
0
51
1
1
24
0
1274
412
170
51
118
30
76
2
685
97
30
11
924
95
58
65
35
659
23
23
57
0
0
58
236
733
22
3
0
1
0
1
65
59
1
2
0
25
0
0
1004
237
117
175
291
1151
249
42
39
172
395
1
1154
187
120
27
91
162
0
0
2
149
94
1
0
2
1265
336
226
119
2
12
1266
786
0
137
0
98
1267
73
11
145
2
1
1155
2
106
68
0
5
0
1160
24
26
144
0
163
1156
1
89
178
4
3
154
0
99
174
3
1271
46
8
18
345
3
6
1163
17
171
172
10
0
1273
648
180
83
7
0
0
4
163
27
146
5
1164
301
139
0
7
0
1168
26
1
29
11
0
1
0
157
391
85
0
5
363
1048
458
108
29
6
102
298
3
0
378
66
3
318
46
1045
462
194
5
105
0
221
2
473
45
0
325
1
2
59
286
327
0
2
918
459
282
177
464
0
2
567
1
1251
479
102
260
0
920
388
90
6
3
127
1
697
847
46
1
536
1
3
143
180
0
1
0
921
557
128
4
2
4
2
2
52
267
2
0
1
925
230
87
0
6
924
459
0
0
0
2
0
4
235
0
1
4
927
292
156
1
9
677
417
21
13
0
4
112
235
0
418
0
0
0
1179
431
67
0
525
42
1180
103
33
2
0
220
1180
431
122
1
1
0
1182
2
31
0
2
113
1
844
21
1
0
1
1184
3
58
3
2
1185
443
131
0
0
3
2
2
0
3
16
2
227
5
150
25
0
4
130
0
442
82
0
38
9
600
36
217
8
198
198
21
0
5
13
5
0
0
96
301
0
242
686
1
54
2
58
1248
88
1
36
165
0
134
52
0
0
148
1
65
10
0
1
2
0
28
0
44
0
23
0
1
89
2
3
10
2
36
3
0
3
4
0
1
5
1
30
43
2
4
6
0
3
4
7
3
4
0
2
3
15
1
2
4
0
2
1
17
32
105
2
168
9
68
0
0
1
6
10
8
0
106
9
612
88
74
0
41
2
154
33
3
7
701
16
48
0
62
1274
395
4
6
108
236
0
9
125
7
0
42
1
1
46
69
0
1
10
1
804
11
8
1
0
3
92
153
8
3
34
4
606
141
66
1
4
15
1173
302
46
5
239
0
118
2
5
1
0
48
4
95
60
90
11
5
141
0
0
10
4
0
49
6
3
115
7
1310
533
4
0
77
961
429
21
130
1
96
961
337
209
59
63
523
962
38
41
0
2
201
294
0
211
965
435
56
359
0
0
965
5
166
190
0
0
3
966
553
121
122
87
0
25
4
0
226
5
68
3
1
12
130
5
7
556
130
13
69
4
4
184
37
136
4
971
214
57
18
468
1
6
1
0
0
0
5
110
106
4
5
5
828
22
14
72
5
5
191
0
6
9
0
6
39
64
10
154
1
7
1277
37
73
0
48
129
846
0
6
0
36
1228
339
84
19
499
205
0
130
263
113
13
3
0
1242
9
1
148
21
1278
60
6
5
0
0
77
106
0
0
18
36
0
1304
542
147
10
30
0
563
245
0
475
65
14
0
23
1
1
321
0
29
114
1
139
10
0
2
122
15
7
0
52
2
24
135
4
3
1
3
411
40
0
3
2
472
0
0
17
0
83
40
472
2
23
35
130
1
0
0
84
2
1
43
153
1
59
8
0
110
100
0
37
50
0
68
66
0
89
69
1
0
1244
837
266
135
375
332
138
22
7
185
0
0
0
1245
1
0
1
0
315
153
45
1
2
74
3
24
305
0
113
0
1361
0
0
0
1364
395
194
15
6
538
0
1366
651
2
363
0
1802
1366
922
182
0
21
0
1247
312
135
10
477
259
1248
432
1
91
0
0
999
703
128
95
16
3
1252
2
21
114
0
2
1
1251
3
61
12
183
2
6
180
72
185
4
0
82
1251
21
0
5
187
5
1
1006
572
21
24
68
21
8
1376
10
66
6
7
197
1376
7
84
11
363
10
0
0
4
2
0
200
4
6
73
126
6
1643
10
4
90
10
1380
221
84
201
3
0
1382
4
105
148
120
1
17
123
0
0
0
14
4
48
136
15
13
9
3
0
3
8
0
0
13
3
0
206
12
0
6
0
58
129
192
3
5
0
0
14
1
179
67
115
4
0
0
97
14
46
209
9
0
48
1019
898
13
239
37
11
2
17
233
142
132
210
16
1272
11
62
8
132
18
0
0
2
1390
56
15
66
15
22
2
1
0
23
0
18
0
22
26
235
57
18
16
1
18
0
0
5
0
0
1394
12
21
111
17
0
1
0
1024
0
66
16
104
198
0
22
1
0
0
1
0
1
1
3
1275
552
5
213
0
24
0
6
417
122
7
5
65
29
860
94
219
27
256
0
30
4
40
203
28
0
5
2
15
9
90
194
10
0
27
28
1
27
18
35
0
24
0
1
23
0
1
167
151
34
5
31
1030
405
60
72
356
4
396
262
409
549
33
273
0
1031
134
198
0
0
1
1
489
26
15
149
2
263
1033
293
10
262
0
2
0
0
1190
8
37
29
1
57
1323
43
22
14
70
131
810
84
26
13
26
1328
154
36
105
0
71
45
837
17
5
73
87
1
22
0
17
1410
56
2
216
0
56
4
1411
821
148
223
59
147
0
0
0
16
186
0
31
0
1
268
29
73
202
1
1414
1
2
0
11
3
0
3
3
3
1
4
3
3
1416
0
3
0
5
0
0
0
1
2
0
206
0
0
1418
1
0
515
0
0
3
1
5
4
1
205
1
5
2
9
50
125
222
0
9
54
1293
112
21
2
0
996
1297
686
89
16
3
0
6
4
8
6
6
2
103
5
661
6
1
207
4
4
0
13
12
1
183
1
11
3
12
4
2
4
10
1303
15
10
171
2
1
14
11
3
3
5
12
6
1429
12
12
1
0
8
3
10
13
8
0
8
8
18
9
10
79
1
69
1060
469
13
19
211
7
1311
9
82
51
210
7
9
0
0
18
17
8
0
0
16
2
1435
9
0
3
0
14
5
1436
4
5
0
23
0
6
21
2
18
1
19
915
1316
710
214
235
0
34
14
0
9
20
3
5
2
0
18
20
14
6
5
10
18
5
30
974
5
29
1442
11
100
2
3
0
24
252
21
105
2
29
66
9
100
23
597
38
203
161
40
16
61
0
259
3
492
106
24
573
89
1207
591
41
16
36
0
22
333
498
104
1
1
0
468
42
18
42
0
2
203
10
593
25
0
3
395
0
3
0
32
1
1
0
2
461
63
2
5
1075
879
96
22
238
0
1
479
0
441
16
26
154
0
9
0
1076
339
0
376
0
0
306
9
396
1
0
61
2
938
257
0
3
78
3
0
211
0
114
1
3
0
3
4
0
0
0
5
3
402
330
12
365
41
47
0
1081
5
11
6
253
2
5
0
5
156
326
24
131
3
5
0
7
327
82
0
8
2
8
563
98
3
0
9
9
3
60
3
5
10
1
9
8
252
4
0
9
1087
154
61
310
2
11
0
10
404
27
118
134
15
10
2
571
170
0
2
0
10
2
0
11
0
8
425
93
7
0
8
1087
0
12
19
147
174
643
25
0
56
65
0
38
6
130
520
135
18
26
21
643
3
1091
60
1
121
0
0
0
634
4
1091
130
64
8
47
148
2
1093
93
155
21
1
34
1093
69
158
50
76
46
4
0
0
2
287
51
0
3
284
1
1
2
463
70
32
155
10
3
2
0
1094
62
46
4
219
22
7
2
3
98
132
3
176
4
2
270
11
3
39
93
401
238
162
160
31
566
0
1
1096
218
41
34
199
271
1
1097
595
209
220
0
226
1
579
126
29
314
0
1
1099
731
7
77
0
2
1099
732
137
293
3
3
0
1101
188
44
22
0
307
0
4
2
476
46
1
1102
4
6
79
64
5
1
1
87
5
233
78
296
2
0
0
331
1104
580
102
11
299
5
0
764
112
62
0
2
1104
722
322
179
38
0
6
805
259
237
0
3
10
8
263
0
7
1
1106
39
88
4
1
729
0
2
82
18
193
1
37
0
0
0
28
54
179
6
0
0
1
539
66
59
8
0
1109
740
40
203
13
487
168
1110
915
236
2
0
112
1111
224
12
4
0
4
16
1364
213
66
5
0
242
1
1365
931
31
26
1
0
0
1
1
177
21
1
128
2
0
2
2
130
3
23
16
14
2
3
300
1367
295
206
0
3
1366
9
0
0
45
1
1367
78
44
0
239
1368
79
19
9
1
1424
9
109
78
3
131
261
56
0
0
651
885
2
63
1
70
120
56
10
112
20
45
0
742
57
0
91
2
0
58
0
34
0
499
1
2
326
0
2
0
1
1
51
4
1
1370
217
9
8
46
4
694
225
1371
245
41
0
4
164
159
0
226
113
84
129
0
0
609
522
149
150
0
496
0
213
6
1
0
0
4
1
176
98
1
1
2
950
419
75
10
505
1029
1132
185
0
624
262
87
1
1
0
25
281
1
327
2
305
1
420
3
2
32
1436
34
111
46
0
257
15
16
0
15
278
2
23
306
0
0
0
30
0
7
2
0
1381
165
28
7
283
1382
226
75
0
4
175
1
314
120
0
1
2
2
189
73
6
2
8
1385
292
10
1
1
2
0
1386
230
47
220
0
3
1
2
595
70
7
2
1
5
0
38
6
6
147
106
1
221
7
2
2
2
48
2
3
1
5
140
113
6
186
1391
949
9
1
3
9
2
9
159
2
7
10
0
1392
448
104
1
0
7
1270
631
90
7
318
125
0
912
181
46
0
1
355
16
177
1
0
252
79
0
0
112
0
2
64
12
0
0
1
3
430
18
1
3
113
2
210
178
0
2
128
125
26
23
0
7
0
0
0
0
1
2
65
221
108
1
43
57
0
0
0
0
305
0
0
0
1
58
0
1
927
672
121
11
740
0
571
333
11
0
209
1
438
137
0
1
931
301
332
64
1
744
0
610
208
154
0
744
1077
103
3
303
48
585
303
251
440
1
12
1836
228
59
326
0
115
0
0
0
1
1
0
976
1
145
136
184
0
1
2
2
2
1
2
973
3
155
2
0
0
13
0
2
0
0
2
0
1319
0
0
522
0
2
0
0
0
0
0
0
0
0
0
0
1
0
1
0
0
0
1
2
0
1
2
0
4
1
4
2
0
0
0
1
6
0
0
0
3
0
2
80
7
7
0
15
1058
1022
0
0
0
142
6
0
0
1173
347
915
127
7
9
820
20
0
1
2
42
174
342
70
46
0
35
29
227
69
17
240
11
20
6
373
158
264
7
0
0
0
280
31
20
0
0
43
1
170
268
55
0
2
64
1
78
0
19
0
80
5
282
104
31
2
2
32
3
12
7
991
7
123
11
12
570
34
0
0
582
89
1
7
900
25
0
0
2
2
642
0
0
3
3
793
4
0
3
4
7
6
4
0
1
7
14
0
1205
6
0
0
10
1068
0
0
0
0
342
178
134
11
0
288
343
960
240
0
0
341
0
93
59
0
286
175
343
3
8
86
0
827
196
61
6
0
1030
0
1
0
1418
0
1
5
1
7
13
19
120
11
0
11
103
99
36
90
0
1
30
50
0
0
3
2
44
0
0
0
96
212
6
1
2
5
27
253
3
1
105
345
0
2
3
106
31
112
95
0
3
0
0
77
81
4
0
4
1
143
114
0
127
3
16
8
3
1
0
3
2
0
446
94
3
2
8
84
2
85
17
8
18
10
1
22
1
0
2
11
2
41
11
0
0
10
11
28
0
1
13
0
12
13
418
6
13
3
7
345
404
0
14
1827
377
168
519
0
18
219
1205
0
328
0
0
0
7
5
340
56
34
198
15
4
33
101
10
578
90
38
179
0
11
2
0
86
70
1
18
46
2
10
154
7
0
1
0
41
33
56
107
154
54
38
4
61
5
682
142
0
269
0
508
571
0
5
154
0
0
0
0
0
7
0
0
861
1
1
15
1
631
0
0
0
606
147
366
0
14
1
0
0
1606
0
44
0
0
308
282
3
385
439
24
506
309
138
37
0
0
2
0
0
28
1
0
531
311
13
110
441
0
1
3
0
1
2
1
20
3
3
2
0
1
1
6
88
4
69
180
26
95
19
66
108
0
21
0
2
6
5
4
1
0
17
7
0
0
1
1
1
0
0
4
26
1
0
0
5
2
0
4
0
3
7
0
3
8
0
0
1
0
1
2
1
0
10
6
2
3
1
0
6
0
12
0
1
4
1
1
32
14
2
7
0
0
1
6
2
9
3
0
7
0
65
50
237
0
173
0
38
211
238
8
81
44
178
0
42
297
7
71
115
236
83
48
254
37
33
210
45
15
2
0
27
12
0
36
1
0
2
0
0
119
4
74
1
2
1
7
243
0
0
3
0
18
3
1
4
1
302
2
76
0
40
4
1
40
5
1
3
576
542
9
3
55
323
3
0
2
7
0
38
8
4
0
3
2
0
4
2
5
58
392
0
187
8
79
99
135
85
0
126
87
97
0
109
7
151
0
43
110
8
0
3
0
0
179
1
2
2
1
75
0
262
2
9
2
1
4
1
2
0
2
0
3
20
17
5
74
3
5
11
1
144
8
134
167
5
1462
1
1
0
0
51
32
33
8
127
0
33
0
33
0
0
117
0
5
0
48
40
18
1
0
2
2
11
161
0
0
821
0
1
6
0
108
169
7
84
109
140
49
138
38
0
76
0
180
24
84
25
65
1
131
37
5
2
175
143
150
4
1
1097
3
280
722
0
0
1058
1099
2
1
4
1
1368
0
1103
2
1365
376
280
1
448
0
377
60
501
0
1482
378
18
21
500
1
0
0
2
4
0
2
1179
380
28
0
2
1
2
2
1
1
2
3
61
138
5
0
1903
382
4
0
109
0
4
3
5
2
503
3
4
2
385
129
6
1304
1187
432
10
0
1040
30
727
2
17
35
9
17
0
831
1194
733
212
358
1
143
0
1043
156
18
69
0
0
872
0
460
30
4
21
0
0
0
2
461
4
1
0
0
31
1134
0
3
3
1383
25
19
2064
8
16
137
0
17
6
9
1185
38
2
1175
455
351
2
1
1
552
36
183
112
225
0
4
0
45
56
18
0
185
162
177
2
2
0
163
1
3
1313
225
101
112
1551
394
2
432
582
1765
0
76
0
184
173
340
76
22
0
0
0
1201
595
505
0
0
2
4
896
42
12
0
0
0
1718
0
0
1
1131
0
0
0
13
691
5
22
2
1
7
28
0
6
55
767
12
1568
18
11
731
12
3
74
4
13
463
7
53
19
1575
20
0
1
499
165
575
0
64
3
120
53
35
204
21
361
1
0
2
13
24
144
15
7
38
2
15
86
212
545
15
14
0
0
1
0
9
0
0
1
2
0
0
0
1
1
0
1
0
0
3
2
2
2
2
0
0
0
3
0
0
0
3
4
3
3
3
3
2
3
4
3
2
4
4
4
4
6
1
3
6
2
898
271
33
254
32
144
408
0
223
394
0
218
685
0
333
59
594
285
0
0
0
0
0
113
1
2
0
0
2
283
0
2
1
1
2
3
4
2
254
2
3
2
2
3
2
3
3
810
135
916
0
0
917
0
339
917
248
15
1194
409
4
1
255
11
0
0
11
2
51
2
0
126
51
108
0
1
185
52
187
2
0
140
50
279
108
13
1
14
3
87
1
175
83
1036
332
1248
95
44
89
280
318
913
240
1
0
87
5
268
167
11
1082
319
224
43
28
160
0
1
320
0
0
0
55
86
2
0
0
336
214
167
8
0
43
4
1393
45
57
660
1091
1361
2
1
12
2
104
907
104
67
6
56
730
0
136
602
0
11
583
3
42
57
82
25
9
11
58
0
27
169
12
49
5
175
67
173
94
88
167
86
138
17
10
0
16
1
0
172
66
118
3
85
0
0
72
3
114
145
1945
447
25
29
56
201
684
78
54
2
0
110
906
1
9
0
949
24
10
0
844
2
8
30
2
24
157
54
0
8
21
61
6
23
0
141
45
30
10
141
75
67
3
25
4
3
138
3
8
0
1
681
0
0
0
3
1
1456
49
0
37
26
12
101
190
119
167
2
27
28
1638
378
67
12
0
2
5
564
43
0
274
376
469
433
404
165
247
84
69
0
227
6
244
3
0
30
439
0
36
89
53
0
231
244
0
0
472
279
10
411
274
0
0
107
59
174
27
563
246
1
0
20
1
37
0
24
1
0
1
0
27
1
1237
72
14
562
24
106
1931
383
308
105
559
22
216
1738
0
275
22
0
1738
1
274
0
232
0
25
1
336
34
12
980
0
22
5
59
3
1
2
644
65
4
23
19
185
3
0
23
0
0
3
282
179
272
1
1
1181
0
167
491
1
2
1803
437
75
209
0
140
753
0
138
0
1
0
975
1
135
36
3
1
887
0
1
105
0
2
0
1
0
508
1
1
0
1
1
0
342
1
139
3
5
370
3
0
4
463
34
1
18
0
10
1846
12
0
0
1433
4
15
2
35
0
1
0
0
9
1
35
0
0
541
2
0
7
396
0
0
1
0
19
574
8
14
1220
1
185
1
3
0
0
0
5
14
256
70
197
4
2
1216
0
1
217
0
4
0
382
1477
31
7
0
1473
0
0
1
1479
0
0
0
0
0
0
1477
1
0
0
1
0
0
0
1
2
1
1
0
93
0
0
3
0
2
2
79
3
564
56
0
123
48
0
348
63
2
44
0
28
1
0
253
5
0
49
1
4
71
12
1
228
0
94
0
3
1
0
7
0
3
328
2
1
1
1
3
6
5
81
1
1
0
1266
56
1
1570
1003
80
3
1118
197
17
42
99
1213
398
61
417
232
1
220
0
399
1
64
143
0
0
896
400
0
637
0
102
2
27
45
274
9
1
2
2
187
9
32
318
18
14
0
32
11
42
94
502
237
62
6
2
220
61
11
1280
24
10
0
2
863
259
0
0
0
865
2
0
601
536
36
3
32
936
0
68
505
0
637
1
132
0
808
2
164
1
590
0
1
3
0
23
289
61
0
1
10
115
1918
206
164
71
155
3
5
129
81
11
150
7
4
13
280
477
45
132
0
0
4
379
409
2
265
28
315
0
106
1
2
72
296
385
41
277
11
73
221
8
1
184
0
18
1
50
1
0
1
2
1
0
1
2
3
3
3
1
3
3
7
266
44
417
192
57
0
3
3
7
4
2
608
9
0
530
0
766
547
222
24
639
647
906
23
15
4
1
1225
67
0
1
970
0
3
1
161
74
36
33
488
5
0
0
52
25
483
26
405
0
140
1830
374
29
1
611
0
69
1371
25
7
0
11
11
1619
97
53
456
24
3
1
24
12
71
6
35
200
2
53
2
3
326
270
27
6
49
0
0
11
0
56
7
599
86
4
154
6
109
1
1
2
1
1
24
2
361
3
2
2
126
108
125
153
131
128
2
1
147
146
69
30
29
152
58
1
88
2
142
197
0
49
57
1
2
521
404
492
0
0
631
0
32
0
295
0
1600
1
25
1
1
4
2
2
10
1
847
12
1
303
915
51
31
61
264
0
298
156
29
27
124
259
14
1453
859
168
303
245
249
5
32
17
171
27
240
115
306
724
74
2
0
304
1055
20
5
237
3
1474
55
1
18
13
102
135
59
65
29
0
346
196
31
0
16
0
339
23
212
0
1
0
81
33
77
208
0
295
102
214
1
0
425
24
461
115
47
163
2
1
0
0
8
26
165
0
4
0
2
18
0
30
6
7
50
4
2
35
6
302
8
59
3
1
3
289
1
58
109
87
50
165
0
0
8
3
4
2
446
1
1
30
30
1366
25
6
0
46
11
4
1355
0
4
0
18
13
1
0
2
26
5
2
1
6
0
4
0
0
4
27
0
1
0
8
1338
49
0
0
0
7
16
0
0
0
3
0
3
8
2
0
4
0
2
5
5
22
9
14
1
4
7
1
12
67
3
9
17
20
8
39
1
1
1351
13
4
3
0
0
0
1
0
14
12
0
1
2
18
3
0
3
14
0
8
4
28
15
66
1
13
25
6
4
0
6
18
3
0
17
1
8
3
0
1
9
0
36
0
7
88
9
0
0
24
22
5
0
0
0
0
0
32
0
2
2
32
1
0
0
17
1
0
0
1
2
2
25
0
0
2
0
0
1
2
0
3
1
1
0
4
7
22
5
0
0
31
22
0
30
0
8
26
0
0
9
24
0
0
1
13
0
0
0
0
1
1133
17
25
3
2
310
10
0
0
3
5
103
21
1
0
1
0
1
5
436
0
0
584
2
141
585
5
20
7
1
0
0
1
3
1
870
2
3
739
0
1
0
2
0
0
1
0
0
0
741
0
0
0
0
108
167
189
3
35
32
15
109
0
5
0
8
12
116
4
4
19
32
102
673
77
0
2
46
6
56
122
0
32
47
1
7
2
66
47
37
336
1
6
1393
0
1422
6
19
14
26
8
20
3
0
2
125
3
10
64
87
28
10
2
1864
572
160
628
22
80
204
156
19
0
127
330
52
89
473
1
571
911
331
264
583
1
13
477
1640
332
150
261
1
1
20
2
197
51
246
189
2
0
334
193
335
24
3
33
2
5
51
0
0
3
1379
4
0
3
1325
412
150
19
3
23
1728
413
17
0
552
481
1
0
250
414
155
654
1
1
18
75
10
218
21
21
4
160
0
196
272
4
0
0
0
12
1
43
28
34
16
0
1
13
0
458
31
25
0
2
3
42
240
1
54
314
422
109
634
77
340
464
334
7
371
264
0
49
1
1
0
540
2
204
0
0
2
389
57
342
2
0
236
1
0
27
56
140
271
342
552
139
879
2
5
6
13
37
1
13
301
45
13
271
1
11
0
149
311
7
21
111
12
4
0
1
261
34
32
16
40
64
127
12
441
47
40
0
1
51
2
232
306
229
30
121
0
22
1
233
307
145
80
119
1
40
4
198
0
476
267
14
100
4
235
73
1
289
1
1526
4
157
200
6
6
271
18
273
6
151
0
116
0
2
151
81
0
374
7
144
1
11
460
156
5
2
1
28
153
3
0
1
0
2
4
3
372
54
1146
92
188
157
220
2
8
252
2
0
0
6
694
2
0
6
0
18
3
1
8
280
72
355
180
2
455
0
89
0
0
1464
342
144
648
1
1044
1309
871
248
7
42
1045
58
877
7
0
0
110
256
72
0
0
0
0
119
4
152
0
0
30
0
0
0
0
1
2
1049
0
2
0
1
66
2
2
0
292
889
134
1
353
129
34
917
317
23
20
294
915
313
60
897
0
0
337
254
0
0
4
88
13
34
21
983
8
1
18
0
0
0
0
226
0
0
0
0
1570
21
0
0
34
0
3
0
71
1
0
4
1
0
0
1
31
19
4
181
50
156
1314
8
12
1229
7
4
2
16
1242
10
4
19
1
2
1
964
5
0
1
2
0
0
1
357
1
20
241
2
3
1980
6
23
17
1755
22
1
1383
5
0
122
0
1492
1
0
0
298
1
0
289
6
215
286
3
34
147
1
40
1040
162
2
4
8
25
23
681
24
39
0
19
5
1409
1045
150
22
3
1115
0
1401
0
19
35
218
0
26
0
698
324
4
1227
1128
11
1
743
223
88
0
5
1
1
0
292
2
128
86
122
5
250
0
1
1
201
41
2
1
8
293
1
0
26
1
0
164
0
271
259
1
1
294
0
0
1
37
2
0
2
1
218
1
0
2
0
0
20
314
35
1
58
70
362
16
582
283
5
266
11
9
0
184
133
33
2
0
1
1
0
583
1
27
131
0
73
270
159
591
267
0
201
1
115
74
4
29
592
0
3
218
0
0
105
300
4
271
4
0
2
0
0
1
2
0
2
606
44
1
0
3
4
1903
0
1342
959
4
0
1094
2
146
156
0
0
0
11
0
86
1
4
0
1
1
145
3
4
2
146
0
1
0
7
11
0
0
0
0
537
4
0
218
10
42
9
102
229
2
6
0
510
22
0
1
11
249
7
31
1
6
1
97
0
0
0
0
251
24
0
0
0
2
11
252
1
0
3
3
15
0
0
0
3
31
0
0
3
1
48
0
3
3
6
9
983
1
52
96
287
12
120
91
51
30
31
207
11
269
0
0
260
0
14
384
214
362
0
0
0
27
233
11
0
0
0
0
1
2
362
15
0
2
450
15
369
1
3
3
58
4
0
3
3
0
4
0
4
5
256
0
0
3
315
0
380
1
32
4
8
19
368
1
0
5
324
121
367
0
0
4
6
2
9
1
0
379
1
24
11
7
3
11
0
7
8
2
11
0
1
6
0
3
2
1
1
13
0
401
5
18
529
374
1
6
5
1
6
4
16
12
0
18
2
6
13
1
6
1
18
10
6
14
4
19
4
9
5
1
16
12
16
6
10
2
530
24
2
1
6
8
4
10
3
0
5
0
5
2
13
15
7
7
3
2
2
10
9
5
5
334
45
386
3
32
359
26
83
529
25
0
29
22
5
30
1197
3
0
5
8
2
12
21
31
42
1
0
287
13
8
2
87
3
38
12
25
327
95
3
10
18
237
0
295
0
3
0
220
217
76
2
0
91
2
514
14
197
81
2
624
3
0
28
0
240
66
25
2
223
6
0
25
1
47
624
172
262
17
2
0
514
4
1
2
0
0
47
517
0
3
4
222
101
25
4
0
7
5
1
42
238
3
2
33
1
2
1
3
3
2
54
0
0
0
0
0
0
48
6
2
5
1
2
9
39
5
21
4
9
0
128
3
4
6
9
5
7
8
3
1224
7
0
1248
1
235
718
0
995
1166
0
1
5
1
6
0
0
129
65
1
1
1253
0
1352
23
1366
23
4
414
74
43
0
483
1111
415
85
0
9
1
0
1106
416
86
165
0
101
1114
417
3
94
252
118
1
2
1114
418
3
121
1
236
1113
419
12
4
484
0
2
602
420
2
25
1
5
2
420
0
0
1
431
7
6
1435
421
65
2
122
534
927
422
312
1
1
6
1350
1
2
0
347
0
0
0
95
1372
0
3
2
19
0
43
0
105
6
282
194
0
27
0
5
59
15
2
0
0
1
1
14
91
0
1
28
42
3
0
0
2
0
31
55
1
19
29
1
16
2
4
0
80
264
4
60
10
293
168
1408
0
78
0
110
9
342
1
403
23
26
366
2
7
446
8
62
329
23
0
8
555
100
1
25
0
1
0
0
0
0
400
26
369
303
141
480
0
285
2
0
69
340
0
3
3
0
5
2
4
4
36
0
2
0
5
38
2
1
0
1
2
1
3
2
3
1
2
2
45
0
0
29
587
4
1586
13
3
1383
20
4
1
0
5
1912
31
0
946
2
0
0
12
4
0
36
154
6
0
0
7
0
2
0
89
1
6
0
1
3
0
34
0
9
4
2
112
79
17
186
75
0
46
95
91
197
138
3
6
0
2
1495
6
0
3
10
436
5
1995
0
12
14
2
165
1997
0
0
172
0
167
24
50
32
0
63
5
0
58
10
0
2117
1
118
391
267
55
53
0
53
26
79
149
28
119
0
110
275
174
29
258
0
1320
1
0
3
1806
0
0
3
133
4
380
8
0
3
0
1
4
0
2
0
5
383
9
0
0
3
0
2
135
31
0
165
758
0
0
4
10
1156
43
1
5
0
1715
10
20
56
1084
0
1
860
1
91
0
0
26
21
2
0
24
3
4
1089
11
26
1985
0
3
5
171
1718
13
6
1717
34
25
6
18
5
1245
0
16
1244
0
0
0
5
1
1
0
3
10
45
126
15
313
13
13
29
6
1431
0
0
1087
24
25
176
615
0
0
914
0
1
1
27
0
0
2
1625
310
193
14
182
81
50
318
7
192
56
47
156
6
12
606
61
0
0
0
265
4
235
1
3
0
2
0
6
315
0
0
3
0
31
82
0
772
2
7
12
585
2
0
1053
424
4
0
13
8
593
1
1
1056
4
8
0
0
1
0
0
213
46
0
2
0
359
0
81
0
0
0
0
2
34
11
15
0
0
12
0
2
1759
328
5
12
27
0
27
0
269
15
109
7
18
1
269
17
0
26
104
11
15
0
270
19
0
0
2
90
9
2
2
623
0
0
0
0
0
0
624
1
16
28
2
1
42
0
0
1241
0
0
1
1000
0
13
17
0
0
0
0
1117
243
21
36
264
1
220
0
191
315
58
38
0
3
203
185
26
3
1
1097
20
3
47
0
40
613
18
4
0
5
0
30
10
0
0
1
0
12
0
15
32
4
219
1
103
5
1
2
237
188
641
241
1818
0
0
0
0
0
18
148
3
16
172
323
6
448
204
301
362
4
1
236
221
297
1
207
34
1
60
0
1
21
0
240
207
1
364
2
0
197
0
611
542
0
412
0
0
76
0
31
122
0
0
63
63
90
28
17
184
8
0
2
263
502
14
537
15
1144
0
1
596
0
1
2
10
2
32
2
4
3
1
3
2
57
3
1
1
1196
0
104
0
0
30
0
0
1
1199
0
314
0
0
0
0
0
1
984
454
169
588
29
21
34
23
182
11
60
5
24
183
22
109
116
189
13
1
0
0
12
13
565
101
38
1
711
0
22
11
23
40
273
60
47
59
8
91
0
192
6
0
1542
0
1
0
11
900
18
0
852
44
2
0
3
1094
23
1
901
12
0
17
123
256
268
241
1
18
409
26
0
1
3
10
0
0
0
4
0
5
235
288
109
41
4
196
0
109
33
213
0
0
36
160
4
67
313
4
381
0
1
2
19
6
0
0
2
243
1281
171
87
5
211
212
24
956
1
178
29
117
381
90
28
1
0
2002
63
12
214
306
182
0
876
0
11
116
183
18
1
1
1
169
1
0
1
0
2
2
163
2
1
0
2
14
285
48
106
196
412
42
21
103
1
10
192
139
175
0
548
91
5
0
200
385
6
0
0
385
0
5
1
1303
2
124
25
1
7
108
424
26
0
84
78
43
1
82
0
13
6
1601
77
0
2
1375
0
1
1
0
0
0
1
0
1214
26
0
47
39
48
78
35
8
0
339
265
0
1284
32
9
1022
415
434
813
506
0
270
201
234
432
13
163
492
0
17
1596
444
57
128
269
54
251
165
300
270
8
96
4
267
279
0
33
16
194
35
148
0
4
0
502
406
136
407
32
20
0
63
184
45
157
0
0
15
1
1
96
17
261
23
92
13
27
536
76
580
574
739
0
26
0
0
1421
42
20
133
22
14
3
112
0
10
0
0
0
36
176
143
29
9
6
5
25
7
2
85
1346
453
0
79
442
570
0
485
1400
1458
332
0
689
1
0
315
0
5
103
2
1
0
1659
21
5
2
9
435
68
71
244
0
0
266
1
2
16
4
64
93
97
105
0
118
127
85
2
0
0
0
0
0
18
108
8
159
5
14
104
0
5
53
0
1620
6
1806
30
680
114
31
1263
386
136
1
478
1998
431
73
1
820
18
144
56
223
3
0
11
134
142
104
1
204
7
153
2
124
71
3
0
193
2
123
100
140
2
1667
23
5
55
0
5
778
171
17
0
0
1
0
0
176
51
187
5
1
1
1
0
0
1
8
5
4
0
0
552
1
3
633
73
809
6
1240
13
3
1257
0
2
134
12
0
0
20
317
58
161
201
23
1273
2
0
1
1
0
138
88
79
27
14
11
24
19
1
100
5
125
5
0
0
6
126
0
350
32
47
0
36
1652
1
0
42
1
251
939
184
50
0
328
5
4
28
25
0
8
5
2
0
22
516
184
119
575
323
23
0
22
48
0
0
942
22
3
820
8
2
96
0
0
62
4
0
0
5
4
156
3
11
2
111
12
0
96
15
2
0
103
5
0
126
15
1
0
7
11
1462
601
42
30
78
0
2
0
59
260
179
41
3
45
110
21
0
0
3
0
0
83
0
49
157
8
18
1
4
1212
630
346
446
1
952
12
1
61
0
1859
1
964
22
78
441
15
8
271
1
0
35
11
55
15
79
11
86
25
0
0
0
35
0
28
1
0
0
55
370
141
15
46
281
336
107
259
5
0
10
0
107
304
21
562
39
200
143
0
1
16
0
0
0
0
0
0
64
124
0
6
15
156
9
0
153
329
5
186
154
1
4
0
155
1
1
156
0
1
0
1129
467
378
0
0
265
990
0
125
16
5
0
0
280
11
4
0
0
30
3
13
176
148
1844
20
1183
4
0
5
1837
15
22
8
1
612
35
0
0
1587
5
0
0
0
0
1
0
0
0
0
0
1
1
1
241
178
3
2
262
247
1012
0
179
0
296
443
0
0
1013
1
79
31
1
1
462
21
0
1
3
0
1091
47
0
0
8
10
767
1
1
11
1810
33
24
5
2
0
0
106
872
0
57
1
49
131
285
297
0
101
546
0
254
0
0
0
0
0
0
856
2
8
642
1
24
857
3
98
2
698
11
0
0
0
2
145
1
31
0
1501
0
1124
14
2
7
1117
0
0
26
1
28
0
18
0
2
1
0
17
0
0
1
0
5
3
2
0
1
1025
41
0
0
4
627
87
6
2
5
0
0
2
2
0
1
482
4
206
10
83
37
2
1
969
8
3
1441
9
4
851
10
0
0
7
0
0
1
687
0
1
1
2
303
1
0
1
2
2
2
0
4
0
15
0
0
9
1868
20
1
59
4
538
0
773
44
3
1
13
0
44
2
1
0
46
1
0
0
21
0
0
0
0
0
3
0
0
1
1
774
0
0
1
2
1
4
4
2
0
1
5
4
1
3
5
2
7
3
8
8
2
1
3
3
206
308
302
34
31
7
1
5
9
13
670
7
2
1007
25
317
0
85
664
15
12
7
31
3
582
42
7
7
1271
253
79
149
312
0
224
184
34
18
648
0
0
1667
23
0
7
1607
0
1
0
0
1
8
155
0
304
2
152
43
39
91
0
152
2
27
28
1
28
161
124
560
47
45
313
43
1
121
137
2
251
181
10
130
1
4
1
257
5
353
283
20
29
55
4
143
93
0
2
1475
430
77
28
412
494
0
0
132
44
0
455
436
305
0
441
1
195
0
202
494
0
0
167
1
21
194
1
3
1
2
0
1
2
2
0
67
116
280
0
4
2
0
136
0
1
3
3
0
446
2
4
884
32
36
0
2
0
0
0
0
4
1
1
1
1
0
2
1551
17
28
0
1
3
1510
9
11
14
1589
0
0
4
1581
36
1
0
0
0
1
2
1
2
1013
0
207
1616
0
0
68
0
1813
14
11
6
128
0
11
6
1376
14
5
652
99
20
61
20
135
122
212
226
4
18
86
1
0
0
800
0
3
492
0
468
0
0
0
1
491
0
96
1247
0
0
3
0
0
494
1
1
1
0
4
3
0
5
0
0
5
1
0
4
1
281
97
1
1
30
0
16
102
4
250
74
1
24
33
2
7
1
0
14
1
4
251
1349
24
3
851
16
1
9
43
43
6
156
26
110
0
1
0
144
143
0
41
0
8
0
11
71
1
40
8
245
9
106
86
4
0
117
444
247
10
2
52
1
107
0
247
0
6
3
19
3
2
2
0
0
46
142
255
325
14
76
3
2
162
152
9
28
151
0
60
1
336
82
658
2
110
0
4
0
0
13
6
0
3
0
0
179
0
6
15
133
1
82
136
223
187
28
129
0
56
0
0
0
0
75
0
0
0
0
99
1
0
2
0
239
1
0
0
0
0
2
0
1
3
0
2
8
0
1
6
0
0
0
0
0
0
1
9
0
3
2
1
3
0
2
6
0
3
6
0
0
4
0
0
5
4
0
5
2
0
3
3
2
4
1
5
5
3
9
8
0
3
1
0
12
0
0
0
0
1
10
1
2
0
0
7
31
0
1
32
2
0
0
1
0
0
1
1
2
2
1
0
0
1
5
1
1
0
0
2
0
0
0
4
5
1
0
2
0
3
8
2
7
10
0
6
13
10
9
11
4
11
5
1
0
0
11
6
10
10
0
12
16
2
11
5
3
4
19
12
14
19
4
2
14
15
2
1
15
6
0
19
23
4
3
22
21
19
7
55
28
59
0
59
5
0
55
0
0
52
0
0
52
1
63
5
31
0
12
32
65
18
7
3
34
66
20
35
0
4
6
0
35
68
0
2
70
20
36
6
5
21
14
8
1
9
6
0
9
8
0
2
0
41
0
0
3
1
3
0
4
73
26
0
0
0
0
1
0
0
6
4
1
7
1
1
0
5
21
21
16
12
11
71
2
1
53
1
12
15
3
49
5
71
16
67
1
0
7
0
4
8
0
9
11
47
150
9
115
2
892
2
4
0
79
1
0
0
44
148
0
0
23
1
470
79
17
19
0
0
0
19
0
28
1
1
0
30
2
3
626
9
1
17
46
38
0
0
38
0
17
38
816
212
1285
42
0
0
0
3
0
0
0
0
1
25
0
2
5
2
1
1
6
1695
1
341
0
0
76
21
20
279
63
0
0
403
0
0
0
2
34
21
255
1
51
1
1
325
1
0
23
66
2
402
189
65
1
25
5
68
15
458
52
240
69
0
35
0
0
459
0
2
0
5
39
0
70
14
16
4
808
54
46
19
0
9
21
8
501
678
20
482
124
413
41
507
403
3
399
25
0
415
3
413
1561
137
371
140
34
55
8
9
10
0
11
158
7
99
3
176
181
23
0
246
216
87
3
20
14
0
10
21
0
59
3
30
148
45
79
1
117
16
147
35
7
6
169
3
3
0
0
276
4
2
16
2
0
179
1
0
2
1
46
0
171
0
57
14
637
9
103
0
0
593
10
0
281
54
97
0
74
0
17
11
16
4
3
15
1515
1
1
56
45
123
5
124
52
35
19
3
1041
60
1
50
1498
4
17
3
1444
323
566
0
26
189
0
0
257
353
0
0
570
301
21
468
1
576
1246
0
49
128
631
0
0
396
1
1
0
1
0
1
989
0
2
2
0
4
380
1315
1009
0
69
15
28
620
240
30
131
48
163
213
178
233
51
1
1
1
1
2
0
1
0
1
102
20
0
3
2
32
518
261
37
2
36
167
181
79
519
119
42
254
214
12
3
31
1
91
1
88
2
0
520
263
0
134
5
1
13
72
0
493
3
1
0
53
9
0
0
122
448
113
33
697
1
0
518
604
449
31
518
1
0
914
1
0
0
1
1
756
362
65
6
325
140
213
770
363
69
527
0
11
0
97
364
0
12
1
0
8
1497
12
4
0
0
0
188
9
102
40
46
0
11
10
1
8
5
11
4
1
1026
450
0
160
695
135
0
520
640
451
28
2
120
0
0
0
0
118
0
976
12
8
4
1507
0
0
2
0
0
1
0
1453
102
0
444
1
1
0
0
1511
0
11
0
4
0
1
1
4
0
1
0
455
5
4
0
0
0
6
3
4
2
0
6
14
0
0
2
1
13
0
0
10
0
0
1
11
4
7
2
7
3
0
255
600
0
0
779
290
1
0
297
0
0
0
1
421
1
2
1
1
1
0
2
2
3
1
0
2
1
5
4
0
0
0
2
0
8
0
1
4
2
2
5
0
0
6
7
4
2
10
8
6
2
0
1
5
0
2
1
6
9
1
6
0
1
0
1
1
0
0
0
5
0
4
0
1
2
0
0
1
1
0
0
5
9
0
0
15
7
0
0
8
5
10
13
10
1
0
7
3
1
0
3
7
20
15
0
0
11
12
5
1
0
1
21
8
3
16
425
5
7
0
4
28
10
3
1
9
16
9
2
2
2
4
19
2
1
23
0
9
16
7
1
0
10
14
15
5
4
1
9
6
30
11
0
1
12
16
0
0
3
8
21
7
5
0
0
0
3
0
7
0
0
0
20
23
7
0
0
0
2
23
10
0
13
24
2
0
7
0
33
1
0
0
1
5
25
0
3
1
0
3
4
18
21
0
1
1
12
34
45
0
39
0
0
1
2
1
10
28
22
0
0
32
18
7
30
6
27
6
0
12
1
34
37
9
16
11
18
13
39
31
4
17
51
24
17
19
11
5
6
2335
0
2
1
428
0
0
475
0
0
0
0
2
0
2
0
2337
58
3
0
1
2
0
0
39
25
0
2
0
33
4
22
52
0
2
7
3
7
0
0
21
33
1
8
60
54
46
47
0
0
1
2
0
6
8
38
2
7
6
6
10
33
35
0
32
33
0
15
36
53
1
2
35
63
56
51
33
2
10
0
48
49
171
1
18
5
5
10
15
42
0
0
1
8
0
0
31
40
0
4
13
6
14
22
0
27
63
12
4
9
28
28
23
1
24
11
0
34
64
11
0
0
37
35
8
15
33
16
0
3
4
4
3
4
2
16
10
0
0
13
21
45
19
28
22
45
70
11
1
9
21
31
38
5
31
40
30
3
7
9
12
22
3
2
15
47
24
8
6
7
1
10
7
16
10
21
81
17
11
1
16
1
0
42
7
24
7
4
2
18
0
0
9
31
0
6
36
38
1
1
5
11
38
25
0
73
35
12
37
54
39
51
4
55
5
1
44
0
0
4
74
25
7
6
32
76
36
0
1
13
36
25
34
6
35
15
21
80
13
0
1
14
20
68
1
0
0
0
54
12
64
33
1
0
28
71
44
138
372
90
51
1
0
0
6
95
1
4
68
33
0
25
54
2
13
19
40
15
35
6
13
0
0
69
43
45
40
76
96
10
0
5
51
9
35
46
65
42
64
74
58
0
4
1
12
98
24
7
0
37
0
0
8
0
1
25
63
8
29
59
1
9
33
94
2
15
0
49
75
63
6
46
66
64
4
17
7
55
1
0
68
0
8
0
98
98
64
0
49
53
5
8
37
29
28
23
0
8
92
0
3
67
1
0
56
65
2
15
82
74
5
29
29
11
50
2
2
21
0
71
17
3
1
81
52
6
15
55
9
95
61
58
0
0
39
73
59
8
0
1
77
7
1
9
43
100
32
23
39
2
56
77
25
24
10
8
107
1
0
13
46
12
37
1
29
49
6
31
6
21
3
29
0
4
40
24
10
7
45
115
1
1
0
0
4
64
2
51
59
0
1
5
61
33
82
59
7
59
0
1
1
1
1
1
2
87
0
48
107
18
1
0
11
47
55
44
7
1
0
115
25
0
18
29
15
51
150
3
136
0
10
0
29
27
42
27
102
86
28
32
119
48
60
1092
266
1047
0
0
0
0
0
0
0
0
0
0
16
1
0
0
0
0
1
1
0
50
94
8
2
91
0
0
2
104
1
93
87
103
5
2
1
8
67
0
0
0
2
3
4
1
6
33
21
12
0
113
12
1
65
2
2
27
62
138
0
57
86
17
66
40
0
93
20
0
61
24
91
40
149
0
0
4
73
1
112
3
64
48
8
9
4
44
161
9
2
33
66
137
84
20
8
64
2
34
1
0
0
80
88
0
63
145
106
12
40
90
17
32
1
17
0
5
102
76
2
34
66
62
75
4
4
13
6
18
55
135
12
63
50
0
51
5
2
13
15
4
2
37
0
0
2
125
186
0
0
1
62
1
109
35
10
91
95
3
70
2
3
88
0
3
160
0
91
162
0
15
88
38
1
66
32
1
132
1
1
0
4
30
25
60
5
69
146
58
23
72
9
0
3
7
1
20
326
129
102
82
29
60
118
164
105
3
18
63
11
107
5
152
86
20
20
77
79
81
0
0
31
89
1
124
45
18
3
101
0
157
62
4
158
15
5
151
1
1
8
173
10
140
190
63
0
5
2
187
72
5
12
42
158
54
27
115
12
4
0
3
97
6
1
0
206
0
21
0
0
0
0
0
0
15
47
47
2
135
6
98
0
1
115
156
0
85
5
36
4
140
30
64
16
80
16
52
12
77
90
103
8
30
44
20
0
0
46
0
153
4
161
66
5
140
20
21
81
38
2
0
139
48
14
125
43
28
135
99
25
156
165
123
20
75
33
50
48
106
13
82
174
0
20
21
0
3
38
24
1
139
0
0
1
0
2
0
0
0
7
5
4
4
101
1
1
72
88
120
28
10
86
0
0
75
125
33
1
9
24
198
41
2
34
76
169
38
3
11
28
21
27
167
186
34
167
112
27
77
5
17
3
1
1
41
192
71
40
142
34
7
86
106
13
42
72
109
33
2
3
24
211
23
9
46
19
35
144
43
3
21
47
6
39
0
0
25
117
188
18
60
24
18
5
160
1
143
1
10
209
1
2
1
152
107
4
171
116
25
106
233
134
18
1
16
0
72
208
1
83
160
0
18
22
5
162
17
0
3
209
7
1
77
30
0
0
0
140
8
11
131
43
0
0
0
216
11
9
2
10
50
10
2
0
6
0
0
10
0
187
8
3
73
27
78
9
25
92
0
146
43
0
0
179
26
75
1
0
80
70
1
51
99
88
0
4
0
150
34
2
3
67
131
14
88
2
4
28
82
0
26
55
94
1
96
5
7
159
25
28
11
6
184
1
5
14
94
22
1
46
51
146
144
22
169
100
184
114
57
0
111
2
20
9
56
59
3
41
0
66
50
107
9
0
47
91
74
4
6
26
104
16
94
82
195
4
2
206
17
19
12
186
28
6
197
49
83
12
6
27
90
191
1
2
14
199
4
13
23
91
124
30
10
54
6
63
0
144
58
288
134
1
115
207
115
126
9
224
1
40
9
40
0
2
103
222
127
7
105
25
263
2
0
0
20
100
97
108
5
210
83
10
98
72
6
178
11
164
173
249
39
5
99
97
61
3
13
211
41
74
32
106
45
0
0
1
152
157
3
0
0
186
34
11
140
6
10
54
196
161
60
179
6
70
78
66
1
103
81
0
15
0
0
75
19
75
83
169
13
37
44
15
289
174
0
0
0
1
0
0
155
119
21
26
41
4
0
138
8
10
130
178
0
1
0
1
159
45
9
59
117
176
0
16
193
83
3
283
0
11
92
157
37
119
84
176
12
138
103
86
12
33
110
277
72
123
34
65
236
136
30
87
0
0
222
266
0
0
0
6
101
7
37
16
115
13
118
307
45
0
123
5
285
106
10
53
49
190
2
38
84
149
0
0
13
8
12
4
49
43
21
2
75
238
1
6
16
43
215
32
21
289
65
103
0
217
41
1
513
39
10
0
224
100
148
7
0
1
1
651
24
41
0
49
0
0
0
163
2
0
244
982
257
59
217
642
0
721
0
0
232
87
110
29
88
400
0
0
101
0
0
1492
0
0
60
1175
0
0
1
221
52
60
0
957
1
770
0
0
0
1235
21
3
4
20
27
95
1
0
39
54
10
0
1
7
0
1396
29
3
0
0
0
1
0
1241
0
8
4
31
15
52
158
14
51
1
51
9
218
156
1
21
58
0
193
2445
428
26
749
0
16
185
0
21
891
220
157
156
22
56
3
1138
221
749
37
40
2
0
221
1300
18
13
2
1529
5
222
160
1
6
245
3
1
224
227
1
40
50
8
3
0
0
0
3
26
16
149
3
0
0
0
1078
256
4
0
1
2
0
5
2
30
5
0
2
225
163
125
1
53
248
3
1
2
3
3
160
0
3
3
2
5
750
148
0
5
1070
0
142
5
171
15
0
56
3
296
0
0
446
31
1
385
241
28
0
6
0
0
163
63
61
432
29
0
1
0
0
0
0
312
9
42
2
0
130
250
1
30
35
0
0
395
4
0
5
4
28
22
64
133
255
1
3
4
338
0
570
329
1
294
374
18
440
2
4
52
90
0
1
1
1
5
433
34
0
0
9
0
64
624
1
0
1
5
430
0
2
0
5
4
4
22
10
11
5
4
65
339
12
5
4
0
4
3
4
348
1
0
394
0
437
2
3
8
0
72
1
263
51
12
1
5
254
4
876
32
1
1
5
0
0
0
8
1772
370
294
524
2
5
60
1110
0
0
42
0
0
0
1461
1
88
146
0
1
1112
2
2
7
341
526
6
2
3
1
0
0
524
1463
4
334
180
349
3
0
2
794
33
14
0
0
1
1715
47
328
16
540
614
99
535
8
2
692
1
0
331
527
0
1
0
14
333
241
180
66
314
329
118
408
185
86
138
0
250
197
653
69
186
0
45
0
0
34
99
29
94
111
500
403
18
407
50
0
0
1
2
656
197
615
5
36
279
0
1
1
2
460
45
280
1
110
1
407
2
616
67
281
1
8
4
37
61
54
17
64
85
13
31
12
387
0
79
3
5
10
425
0
641
343
26
427
286
5
466
11
96
761
98
100
0
1
1
7
0
94
1833
118
30
555
35
0
0
0
222
1262
6
32
3
205
78
121
209
55
0
31
35
114
33
0
0
201
170
326
46
9
183
189
1
1
122
160
1
1
0
173
1
1
1
203
1
1522
412
49
95
0
1813
0
332
34
229
273
0
6
1
0
0
0
588
23
2076
2
1
0
0
0
1
606
2
3
106
0
1
662
26
11
0
0
1
415
1079
4
0
407
20
85
2
59
44
1
0
337
3
9
316
53
71
25
0
240
7
56
322
0
14
0
11
1
1127
0
1
766
23
5
0
45
0
4
993
109
5
13
1704
0
0
36
0
43
294
53
100
0
295
54
11
0
8
306
2
3
62
10
0
0
31
0
13
0
0
2
1
3
66
0
2091
9
9
1147
36
118
390
10
11
1362
2
12
3
576
0
587
27
56
16
0
55
0
463
0
0
0
0
853
1
9
0
16
1
19
1
0
0
9
0
0
2473
785
363
154
126
1932
501
189
335
0
0
0
1
1
0
15
0
6
1
1282
0
137
34
285
0
0
0
2
1068
39
6
17
557
1
5
1290
0
0
30
0
1
9
0
3
2
8
13
2380
39
15
103
30
0
84
16
16
214
0
7
0
237
4
41
0
87
304
0
8
0
0
0
4
250
60
2
98
323
9
0
4
3
0
0
0
0
4
213
0
0
13
1
172
9
0
9
1
3
446
131
83
0
0
129
6
4
111
210
6
171
0
0
7
3
0
0
317
0
1
14
294
356
0
73
255
5
325
0
0
0
0
713
0
0
98
35
379
181
1
0
126
0
0
41
1070
0
15
4
40
0
1
1330
14
2
274
0
277
260
247
0
2
348
421
79
690
406
32
0
425
32
367
96
1
1
2
53
27
0
2
8
2
0
0
1
109
32
4
178
2
83
968
34
529
2
0
0
413
6
260
84
97
2
2
2
1
132
0
0
8
6
39
5
0
71
1088
216
0
1134
2446
5
152
3
125
450
102
646
22
29
28
8
15
750
16
2
311
47
59
1
9
2
310
0
441
461
1000
56
3
1
7
1
0
160
40
1
70
3
0
137
0
0
0
0
1725
54
0
0
9
46
113
10
41
13
28
0
106
26
0
7
145
155
117
11
29
0
5
0
75
2
60
47
89
6
0
46
48
65
7
40
14
0
1777
1
5
0
1381
21
0
1605
0
0
0
15
0
0
0
0
0
0
0
0
0
0
0
2
0
0
1
745
87
0
312
48
130
505
107
67
17
2
1
0
1
243
68
0
27
119
100
3
4
550
101
0
0
36
9
0
0
2
1
449
26
0
3
0
2
3
57
2
4
6
59
212
113
127
186
100
0
43
146
129
228
130
1220
205
129
0
0
2
159
10
156
11
372
0
0
0
0
0
0
0
2
0
0
0
0
1
0
0
0
0
1
212
18
2
0
15
2
29
3
1
968
2
14
880
2
2
3
13
433
5
60
118
34
193
70
0
0
5
17
1459
1
1
138
104
455
30
270
5
307
26
1616
0
29
241
182
172
8
27
6
37
735
0
2
32
9
23
48
4
50
188
43
6
31
22
1
80
0
0
13
9
4
44
6
0
3
158
0
0
49
34
6
1
1
1598
134
153
577
6
510
1114
0
46
182
1
0
524
1
1
133
0
1
2523
2
110
198
155
0
2
1673
120
11
5
711
0
2
2
1
23
2
2
2
1119
4
3
4
1
5
4
3
3
3
4
81
5
55
10
2
6
6
2
5
2
6
4
8
8
0
0
8
6
9
53
713
2
9
7
6
10
3
7
332
7
54
0
5
10
4
3
6
6
1097
12
5
26
191
4
116
966
0
0
883
409
60
379
1211
4
3
7
67
3
17
8
3
13
20
43
220
25
3
258
0
26
616
49
35
0
8
99
8
56
97
38
151
31
128
0
202
91
43
1
5
247
3
14
0
6
0
0
0
18
0
0
1
1
1
65
2
2
38
35
262
1
372
0
0
1
0
0
0
2
2
62
1433
372
330
205
1
333
8
1356
569
199
670
0
676
1201
0
0
162
450
240
2
0
0
646
282
222
665
0
2
180
1642
0
0
53
542
0
0
2531
0
296
50
400
664
3
0
5
1
89
0
522
1
11
0
17
0
2
0
8
10
9
3
2
0
0
1
0
0
863
249
1469
376
1470
2
1
431
0
0
0
0
1
1
0
1
0
1
0
0
0
0
1
0
1
2
3
0
1
3
4
2
3
818
42
3
0
8
3
888
2
10
560
0
1
0
0
1407
63
11
26
250
52
0
1
2
2
3
0
1
25
3
0
0
1
0
0
1
0
0
1
23
3
1400
1071
158
246
1110
500
17
3
5
193
1
0
11
187
762
125
43
41
35
143
31
1332
213
190
4
316
1
157
31
16
3
1
0
1250
8
263
57
213
981
0
4
43
2
7
0
1
780
269
214
2
191
2
9
176
1597
5
782
291
248
2
6
0
200
939
795
35
0
21
14
2
1533
29
3
0
0
0
0
0
0
0
1
1
0
101
0
0
2
2
0
2
1504
92
0
2
1527
382
307
24
357
176
1
229
1979
0
129
354
0
0
1980
0
70
24
3
0
1562
384
0
63
0
1
1526
383
312
2
466
16
0
0
1
761
386
31
178
0
0
0
1983
4
0
0
4
507
3
0
345
362
793
0
649
48
481
59
0
1
0
747
22
129
12
0
2
236
764
99
265
44
0
2
4
4
483
40
0
1
97
232
0
14
2
3
24
250
495
5
0
39
17
14
171
143
137
258
729
58
167
1695
0
0
0
0
0
820
1
9
0
1
0
1
1666
0
6
1170
10
3
0
2496
38
1364
3
0
1
0
14
89
333
19
8
0
0
0
0
0
0
1
0
7
1
0
0
2
9
180
1353
46
0
167
1811
559
92
3
0
18
662
2548
0
16
634
0
0
0
16
0
0
0
1
2
94
30
0
2
1706
562
109
430
635
0
665
11
0
160
419
12
397
0
0
0
59
0
0
1987
1
79
569
1
1
5
2
0
428
0
1
2140
1
1
1
2
3
0
4
0
428
3
2
4
333
516
3
4
232
14
62
153
28
219
135
15
146
34
80
0
201
29
0
1
2
179
31
64
0
236
12
182
0
3
58
2
84
20
107
101
22
46
28
14
8
89
32
62
203
129
5
5
77
58
0
0
0
1
189
4
133
109
45
76
11
1
3
3
609
0
3
3
12
72
1
18
152
9
96
0
32
86
585
4
0
0
0
0
6
17
0
0
0
0
1
0
0
0
0
0
53
40
64
0
30
38
18
1253
99
92
0
1106
0
785
283
311
38
3
0
1
0
796
155
52
0
0
1
2
0
53
66
1
27
52
36
3
362
303
391
5
17
676
1958
0
111
672
0
0
0
2033
0
0
683
1
0
2
2
684
2
7
2
215
2
685
0
3
0
4
143
440
1
4
1998
3
642
31
4
11
1376
74
13
1317
29
2151
6
3
0
31
2161
7
0
61
3
1
0
0
266
1038
205
3
899
589
0
23
1439
0
2
0
35
1439
0
0
0
0
0
249
3
2
37
111
114
378
16
346
0
0
0
61
138
0
841
32
5
0
36
236
138
106
93
0
47
167
243
104
99
94
0
25
0
0
32
0
0
59
31
231
19
412
366
100
0
260
37
20
208
40
58
0
312
225
104
1793
0
3
39
1205
0
0
0
28
23
0
2
339
255
44
0
33
135
233
325
5
317
4
134
134
761
24
683
330
1
317
5
10
2
2135
27
12
0
24
1230
4
0
0
1768
3
2
13
25
27
1
42
35
1
1497
503
155
717
1
288
2489
52
33
0
52
1
36
37
369
2
1
18
173
150
53
688
33
192
3
61
0
250
606
288
0
1
15
1
28
0
392
2
11
98
296
54
781
896
21
78
2313
551
0
0
0
64
124
0
8
23
119
99
1
2
22
15
275
69
251
972
1049
258
145
973
116
18
0
0
716
0
106
34
21
97
16
3
7
124
5
4
2
74
21
118
0
4
9
18
36
0
0
0
1257
6
187
215
0
1159
0
0
37
172
2
9
18
9
0
0
975
16
20
2
2
77
197
4
3
0
0
0
0
0
11
0
0
8
0
2
1
0
0
3
0
0
4
0
1
0
13
3
0
5
2
2
3
2
495
0
0
27
0
0
0
0
0
1460
17
25
59
78
116
193
2
27
55
8
0
772
0
0
2
2
83
73
100
389
337
11
504
0
340
0
0
0
1
23
0
336
4
1
2
17
2
208
0
397
291
0
436
30
295
0
0
11
74
1
62
259
0
8
76
4
3
307
1
101
5
340
2
2
0
78
78
4
16
290
16
3
100
459
324
0
268
1
3
3
5
7
263
66
3
3
61
271
0
593
4
1
0
0
1160
0
0
0
0
0
46
0
0
4
2
11
1407
38
5
0
18
270
0
2
0
122
301
12
66
2
324
8
9
1178
3
0
21
0
4
0
69
0
1462
76
16
10
120
5
400
4
8
196
136
34
159
381
0
11
0
96
358
0
382
0
6
0
3
97
403
0
0
1
0
0
0
1
0
0
496
0
0
4
1
2
0
2
1
0
0
204
5
1
3
1
29
5
35
2
1391
1
1453
38
32
9
6
19
0
0
12
2
0
27
0
2
0
0
2053
392
0
25
0
2
235
0
393
0
8
187
236
394
87
154
0
0
2
1
2055
395
327
565
3
3
2
53
396
11
566
3
3
0
1
0
1
5
4
4
397
0
6
1
690
2
152
1
6
2
6
63
3
1
36
325
22
4
4
92
7
2
663
1
8
95
4
3
0
5
4
4
1
375
7
4
41
466
391
356
19
467
1
93
129
3
468
392
57
398
51
602
510
737
19
491
1
2
641
0
402
0
0
0
0
0
0
141
0
0
0
4
1
0
404
7
143
0
0
1
0
497
924
10
10
158
1096
189
8
320
1269
0
112
174
0
1
802
192
88
251
29
1
27
28
10
324
274
42
2
25
52
719
18
158
32
49
1
0
160
748
93
4
1
303
26
1271
15
0
750
1
62
18
0
3
0
1
1007
11
15
1
29
120
0
180
12
5
0
208
246
0
43
1
212
411
409
84
162
0
24
0
2
2
659
60
48
1
0
42
1
0
136
1
1
1
1
1
0
0
1
5
1
0
1703
21
0
2
55
0
1
1703
61
9
7
8
11
1561
122
25
7
2
196
25
48
0
1
74
0
0
40
220
61
45
496
1
16
0
58
0
88
0
0
0
64
285
24
2
0
0
64
248
19
0
3
1
0
0
213
2
1
0
0
1
0
214
12
0
1326
15
5
0
46
4
1
92
78
6
1459
16
4
7
0
301
89
35
727
357
12
129
0
551
39
18
584
4
1
6
1897
40
2
134
2032
52
75
0
0
38
1124
71
3
758
2
4
0
2
263
0
9
12
1583
0
21
464
0
159
528
17
27
45
37
0
350
31
1
0
34
1213
1
87
0
0
0
1
832
2
418
714
0
0
2
0
1
1
715
1
124
1
282
2
44
716
1
4
848
14
464
16
0
0
0
0
1
1
0
19
2
2
3
0
0
0
0
0
12
3
4
10
71
108
30
125
9
61
41
110
31
187
82
13
215
56
731
0
0
5
2
224
0
34
0
47
0
0
0
0
190
3
5
16
20
3
39
0
17
0
1820
8
0
35
1232
1
20
1
0
1511
3
0
12
274
0
0
0
1053
0
9
6
3
7
1514
2
0
1
21
536
0
0
1
2
1512
0
0
2
3
32
11
0
22
15
3
166
42
37
151
60
52
40
1205
3
0
17
1
18
591
0
0
2
478
150
138
0
1167
1
218
85
37
0
6
6
0
997
37
0
203
13
148
216
112
34
5
132
3
148
786
153
41
1
0
0
0
746
120
0
142
107
121
71
0
126
806
143
0
196
0
0
372
200
0
496
19
65
0
0
7
300
0
0
276
20
0
4
221
12
5
25
0
0
0
0
1315
1
35
1139
3
23
25
28
23
1079
0
17
1221
32
7
0
1553
0
0
0
0
1555
9
0
1
1086
0
0
2
4
68
0
3
230
1
5
1553
0
0
232
5
2
37
1561
0
0
5
5
1
1
5
1278
0
4
1
10
0
2
1
3
1
0
1
8
2343
556
13
0
89
42
75
970
1445
73
38
95
1160
0
74
0
0
0
145
0
27
100
12
2
146
29
10
80
0
2
1004
0
0
0
0
42
3
19
1547
76
17
8
1542
63
3
209
1
42
155
56
134
155
136
187
74
631
2
31
616
162
507
0
0
0
250
22
512
331
26
0
40
0
503
511
0
37
0
502
139
496
1
0
23
275
0
33
9
23
94
37
4
11
60
124
0
6
0
145
161
384
0
0
0
0
54
20
1
177
8
1
3
0
0
1
2
0
0
1
5
2
19
0
0
5
3
2
0
2
1
37
0
8
1
2
24
2
6
40
4
2
0
57
1
11
0
11
1
0
0
12
4
260
2
2
42
10
4
1
0
0
3
0
0
1
0
9
1
5
10
4
2
3
10
137
182
1
0
21
17
1
0
9
5
0
11
4
3
10
4
9
1
1
40
13
4
3
0
2546
176
2
8
1605
0
1
434
15
0
4
4
51
8
26
18
0
0
1368
50
0
111
23
0
52
1
155
0
0
0
0
205
0
0
0
1139
0
0
433
87
0
1706
4
67
118
4
233
245
228
126
0
238
2042
255
198
1
693
0
667
2
0
80
8
1
0
0
1302
1
360
1
0
1
1
2
0
24
0
1
2462
3
197
33
727
295
2
3
1879
4
13
0
1
4
1
1
140
13
318
0
1
1688
5
1
78
3
5
29
84
26
79
23
4
636
10
702
0
0
11
47
77
16
186
103
0
96
24
95
174
0
96
233
115
107
0
237
116
1588
1
536
0
558
7
639
20
9
6
7
14
151
14
0
0
12
14
0
263
324
0
47
574
0
0
0
1244
50
2
10
1242
67
10
8
1292
3
1242
36
10
0
18
43
2
18
1
620
10
38
13
1348
43
44
0
228
26
2
0
1113
7
2
1344
0
0
43
5
25
12
0
5
30
13
4
2
2
0
1
0
1588
5
2
4
1
1
1
3
26
0
6
236
49
6
3
0
4
28
5
3
3
263
0
1
4
6
2
2
3
2
30
0
2
697
0
0
9
12
7
1
6
34
5
2
4
6
1
7
21
0
5
10
99
16
15
9
4
4
0
3
12
1129
2
0
18
13
9
6
1
19
4
274
0
0
10
21
18
6
13
2
3
7
6
0
16
0
18
12
0
9
11
6
7
10
67
5
0
15
495
26
644
1
0
1339
496
71
7
499
1
0
1214
0
70
0
0
1142
498
0
499
4
2
1
3
375
5
637
0
3
1204
125
0
756
37
1
2
639
82
108
3
0
7
46
5
500
41
0
2
159
1299
2
169
639
3
0
3
1892
502
30
0
1
476
4
4
57
7
4
5
84
7
45
48
32
846
41
665
277
43
22
70
114
366
12
367
0
0
45
0
483
31
273
1
1
1
0
275
2
0
54
0
0
37
3
2
4
0
36
332
55
2
0
3
0
27
0
5
2
54
6
0
3
706
2
6
6
1
60
6
4
0
1
0
210
0
0
83
297
188
118
312
0
0
0
0
0
732
0
0
0
0
1
1
2503
270
202
0
105
7
1238
25
15
525
37
0
2
1499
1
51
1
1515
50
114
1
2
2
1
1
11
0
0
42
62
1580
79
3
17
2
0
114
80
0
13
7
145
14
4
0
3
1
0
1
2
12
4
63
377
0
1
9
0
5
533
10
260
3
0
1
6
512
178
1
69
0
43
37
311
42
11
1
0
1
0
54
2
32
32
67
0
1
2
28
0
314
2
1
1
1
1
0
70
319
1
1
2
764
63
0
3
4
32
73
2
0
123
88
0
1
5
0
1
3
1
30
293
0
31
6
0
0
0
0
7
4
63
1
3
3
94
1
0
6
0
22
311
88
12
112
6
2
10
5
4
36
224
2
4
0
49
0
0
48
238
53
20
22
49
4
0
35
15
657
27
49
84
225
682
376
21
1
1
59
3
3
2
55
1
274
0
1
315
142
147
3
2
0
0
1125
92
22
76
33
57
37
1877
14
0
1941
14
1042
50
0
18
31
6
94
0
21
965
0
0
2
0
15
63
58
3
1
554
145
22
8
0
117
1064
344
63
4
62
1629
17
96
0
272
1536
7
386
475
0
383
0
7
0
2
1578
0
2
4
1
4
0
1
2
0
0
0
0
69
15
1
70
41
9
345
14
0
0
47
0
0
61
0
0
12
112
0
0
244
1
0
2
152
2
2
0
1
2
0
1
156
3
0
4
0
0
9
236
0
0
2
0
3
3
4
425
114
382
111
194
487
226
332
74
52
197
4
14
0
0
75
0
1
0
91
0
3
53
0
1
1
1
1
2
713
1
74
0
19
433
1
1
0
4
75
20
2
4
53
10
37
507
283
586
4
636
83
508
3
132
2
427
191
1
1
708
6
0
510
132
2
696
907
0
100
589
4
0
0
1183
1
1024
329
1
31
29
36
1
225
6
1111
1383
128
119
196
134
30
441
18
49
0
24
348
24
55
53
212
13
69
53
1479
2
0
0
0
229
0
3
141
41
196
0
0
1506
3
0
1586
1
21
13
1
0
1451
510
5
711
193
1216
0
172
193
363
1
0
0
1905
1
188
1
1
1
1
230
26
0
589
0
0
1
1133
3
175
1
3
1338
3
158
223
0
17
0
3
34
4
151
0
4
22
6
3
593
0
2
695
78
22
118
1
7
1072
8
2
0
1
1635
13
1
387
235
152
762
1
240
1556
0
220
22
2
0
0
1
0
32
1
0
430
237
32
1
70
5
4
1
0
0
1268
1
3
37
122
126
14
274
63
0
1
120
346
19
18
238
7
0
0
8
0
96
23
601
10
0
0
18
6
64
0
0
1
3
313
31
0
0
338
0
0
280
0
516
44
0
72
408
1
619
0
32
39
291
276
55
239
2
30
521
384
5
7
414
189
0
3
5
1
626
0
413
1753
16
0
686
9
0
951
193
361
15
237
1331
0
133
0
268
16
0
3
7
0
0
1587
0
2
6
1673
134
0
10
538
392
309
12
323
1875
0
181
70
771
349
1
15
973
1
225
1
387
396
0
1
0
0
1
166
400
1
0
0
1553
3
1
0
1
1
1565
4
80
2
1208
0
1
0
816
352
1
0
1
3
13
698
4
2
7
30
1
2
1
24
0
92
61
184
11
137
42
57
4
1
0
18
0
66
0
0
250
200
98
239
0
0
20
593
496
185
15
598
6
0
246
188
0
2
0
0
189
0
0
835
87
189
2
4
0
1
4
1
224
6
106
241
0
150
0
0
4
5
36
5
513
42
767
487
0
0
280
22
212
67
339
115
0
234
1
730
525
3
1
1
7
4
1
495
0
1418
28
2
6
1267
1
1075
268
62
1
0
47
450
325
1
35
114
0
171
0
280
1
2
0
1276
0
156
87
732
326
0
0
1446
1
112
0
2
75
2
3
178
174
280
328
0
2
946
4
283
776
2
1
1
3
4
2
0
3
4
1
6
1
4
2
1452
5
122
0
0
1
1
3
3
3
4
77
382
0
334
2
4
1280
9
0
1
273
6
5
163
225
857
335
0
5
7
2
24
53
141
239
222
0
149
136
153
1
194
98
0
95
60
142
147
33
0
111
1
12
3
0
0
1
0
2
1
0
5
3
14
0
1
0
1
1
2
5
4
1
1
1
6
0
4
4
1
1
1
0
0
2
5
1
1
3
5
7
2
10
5
186
104
0
1
0
0
0
0
8
1
5
13
89
0
26
11
8
8
62
0
8
80
46
129
2
232
1
5
127
82
99
11
24
2
1293
12
35
2376
25
114
1296
16
0
53
2
3
0
1
0
1
7
1210
0
4
0
1145
1
11
7
0
18
222
411
228
0
251
386
12
53
4
0
2
486
215
80
346
0
135
83
0
114
0
198
46
500
331
31
99
1
1
0
0
85
333
0
1
0
0
1
97
419
1
0
4
9
0
66
1
112
1
413
5
68
115
0
0
117
4
356
1
623
72
0
3
2
4
2
398
3
0
1
0
0
479
0
3
4
8
54
0
0
0
8
0
0
5
1
8
1
1
281
121
9
148
4
10
562
275
0
4
5
146
1030
174
11
5
893
242
15
1
30
0
143
27
2
0
119
1
667
555
1
0
423
0
0
188
0
43
55
405
0
0
0
332
55
54
128
387
0
15
445
313
1
0
3
1
0
485
102
1
7
162
4
2
25
654
103
435
0
1
698
10
1
458
23
0
0
7
72
0
0
0
0
1
21
40
2
24
92
0
215
6
7
51
9
785
70
18
125
20
37
0
5
5
60
4
29
2
4
0
0
597
32
3
0
225
88
774
0
0
297
91
343
157
2010
520
158
9
499
1
597
23
0
89
2
465
263
772
523
80
1
558
264
0
52
1888
5
0
0
11
2627
1
1610
24
28
35
0
0
0
2429
4
3
2261
4
238
49
14
1
2406
6
2407
6
0
0
522
35
1
209
77
523
68
261
0
0
2
1
49
41
648
0
1
1
0
0
32
1
33
7
3
15
0
0
0
0
3
0
1
77
0
0
0
1
9
528
121
608
2
2
0
5
92
32
5
3
1126
1
3
0
8
502
23
0
0
571
79
4
2
1
0
10
60
1
4
717
38
0
4
8
55
0
0
0
1
0
0
0
1
0
0
7
0
1
2
1
0
582
442
320
0
529
1974
0
14
37
602
679
0
0
663
8
3
4
177
1
248
8
1
5
11
19
249
81
0
202
2440
5
24
1709
1
0
0
4
0
1
0
2
3
329
233
6
0
234
2
1
7
68
334
150
39
42
231
9
4
415
224
5
0
227
0
2
3
224
4
5
0
311
2
0
15
514
1
0
4
0
313
1
0
1
2
419
6
1
2
0
420
0
2
3
0
518
1
0
4
0
6
3
0
0
318
7
0
5
0
521
10
2
4
0
522
2
21
0
1
7
0
0
0
9
0
1
0
7
238
2
0
1
322
6
0
1
3
2
0
1
1
0
922
103
0
0
104
58
9
19
20
2
2
10
292
423
15
7
797
0
0
225
0
0
799
1
0
1
1
1
1
2
1
258
2
0
2
655
531
61
709
0
6
0
1157
0
0
105
105
31
119
1
1
1307
120
1729
2
11
0
4
551
5
0
0
0
890
14
0
66
890
16
0
0
0
0
46
1
2172
537
43
742
2
0
731
139
0
0
16
3
0
0
1675
447
283
297
0
441
11
0
151
0
0
17
14
0
469
1
36
399
1155
0
327
175
1
592
595
0
50
16
644
1
1156
1
328
12
522
0
17
1
73
7
21
54
0
71
15
1337
5
1
10
0
1
0
319
5
0
22
319
5
0
1
7
0
22
2
21
0
1
17
671
11
1
2
138
1
90
2
244
157
28
0
785
187
46
0
13
39
1
11
48
99
57
2
2
82
11
209
0
300
19
266
16
2617
0
72
0
0
1314
0
0
137
9
6
11
11
5
300
0
9
23
0
5
3
200
24
10
402
258
34
443
0
82
204
100
94
117
0
987
2
0
1180
10
2
777
2
574
0
1
3
10
210
8
153
474
1
716
507
2
0
0
59
0
5
16
0
1
438
6
0
0
1
1
0
565
2
3
0
4
38
9
420
0
519
0
0
31
3
51
87
442
0
30
4
0
0
443
2
1
4
2
1
0
0
32
2
0
39
8
5
20
476
1082
14
0
13
2474
0
213
89
2613
15
2586
15
40
0
1333
40
0
3
42
214
54
8
16
0
0
0
0
234
9
149
246
96
14
262
5
11
32
198
72
30
2
7
246
57
0
185
1
9
6
458
86
18
417
557
198
14
114
478
352
21
0
8
141
475
3
111
79
36
0
1446
0
0
0
5
227
365
486
437
62
627
75
22
768
470
16
559
1
356
2350
0
169
0
711
5
166
2716
0
34
79
0
1
1
0
2
0
0
1
3
631
0
247
3
1036
1212
41
38
0
10
1
2
0
0
1
773
1
3
1541
3
114
1
4
2363
3
36
331
3
5
3
3
205
4
3
3
6
2
2
55
0
6
1602
38
8
8
25
21
17
45
9
3
2
53
404
201
5
230
0
353
9
0
0
5
12
0
0
92
111
20
2735
433
152
5
69
2
151
1383
541
82
698
1
627
199
12
37
14
15
98
13
261
32
397
25
12
93
74
35
0
5
255
10
26
63
28
0
278
1
50
0
23
184
4
0
9
0
0
0
0
0
0
10
187
6
1670
84
92
1581
4
1584
34
32
2
754
0
20
725
35
295
0
282
230
3
6
772
1
209
2
532
20
94
443
0
0
1
0
1
3
356
1
128
1
918
1
1
1
2
15
294
1
0
11
4
1
0
645
3
352
3
3
1
12
20
3
11
0
1245
26
108
11
1
2
1
4
5
247
67
6
5
0
31
448
0
17
52
27
6
12
7
5
16
9
92
541
1
33
5
6
0
1
7
1
844
3
26
2
1
0
1
2
7
102
10
1560
2
15
1997
0
0
0
0
0
1
179
130
1
23
0
12
1554
2
4
6
138
1032
119
0
0
896
35
517
87
112
299
15
0
84
297
0
1
0
0
1
0
6
0
27
0
0
7
0
3
1
294
0
143
34
731
255
10
2
4
5
8
721
53
8
1
1
3
2
84
18
2
2
255
0
27
193
112
135
69
51
10
92
7
796
338
99
444
1
2
258
16
0
1
6
0
1
0
11
565
344
671
1
216
0
222
97
15
60
10
5
0
0
2032
43
6
0
109
0
0
6
1
0
42
1
2
0
0
1
3
0
2
0
1
0
1
0
6
3
1
3
0
5
6
4
0
5
7
5
0
5
1
6
0
0
7
55
823
44
223
0
34
128
773
8
101
1486
45
0
1365
0
52
335
99
50
1
1181
51
18
0
29
262
52
5
0
0
1
31
378
8
0
115
0
2
165
18
0
68
668
0
10
189
107
313
52
1
10
305
88
2
431
25
1
40
0
97
0
225
127
0
12
2
2
123
818
0
1
19
0
317
1
1
8
1058
640
105
757
363
18
127
293
290
61
54
0
0
5
14
67
160
0
777
65
346
0
0
0
0
727
93
101
244
0
182
48
1
39
148
256
53
1
4
11
83
65
1937
11
18
0
0
23
58
97
55
56
170
10
262
10
0
61
207
319
121
21
7
450
0
1
15
1
1
32
0
0
5
1906
5
1
4
16
0
20
0
1
0
0
0
24
445
56
369
289
129
680
1
22
398
0
0
81
0
1
371
290
67
91
208
8
656
454
0
13
683
1
0
29
0
0
0
81
2
217
22
372
2
2
84
0
352
68
348
4
93
6
1
506
21
585
0
585
1308
0
88
650
0
0
2060
1
132
7
658
1
1
0
1808
1
168
1
1
1
1475
0
0
489
0
0
1884
4
170
70
396
2
4
1361
27
121
75
8
2
10
1253
10
0
0
1256
0
0
1
12
0
572
28
35
1
25
673
291
43
522
0
0
50
677
0
84
1
0
0
40
41
210
29
31
4
309
12
185
28
33
99
76
182
175
10
44
13
0
82
12
203
0
0
88
72
1
142
9
1
115
255
0
61
208
698
0
0
258
97
227
6
42
647
1
1
259
1
62
52
739
648
2
2
1
2
71
187
162
728
127
132
4
262
2
0
0
1
0
25
0
0
145
486
939
83
356
0
41
0
347
97
285
0
0
123
1
583
80
1
1
162
540
314
387
2
2
1
1
3
402
0
3
3
4
3
63
334
93
3
1
2
2
26
0
0
246
0
1
13
46
4
2061
360
281
484
50
325
0
276
540
0
0
1553
0
45
0
0
1548
703
3
818
0
0
823
2099
0
62
0
865
346
1
333
1
1
89
8
0
510
0
1
0
4
529
0
2
1
253
0
200
30
177
1
2
0
1
0
71
0
1
2591
1
0
3
0
1
2
5
2
703
5
1715
524
99
0
0
15
757
58
0
427
243
863
0
0
0
3
2
1
6
28
209
0
1049
0
1
202
781
2
2
0
3
0
0
0
0
1
0
1335
0
2
1
28
10
1
0
133
2556
0
1994
3
6
2
2174
87
7
1643
105
0
20
1
0
1031
10
5
1
0
1
0
0
1
0
52
0
0
1
0
0
1
2
6
0
1
3
3
3
1382
31
13
1633
1041
272
33
2
1278
111
20
266
8
23
0
2521
0
999
223
1
0
171
33
10
37
133
30
0
52
172
291
401
0
442
368
5
173
512
110
400
1
1
33
2
1
0
0
338
49
0
0
1
2
0
109
0
0
10
0
112
3
1
49
1
20
172
1
1
62
1
9
37
22
4
40
49
1816
12
0
1
107
565
66
651
0
815
21
0
0
11
0
543
1
85
1
0
0
1
2085
0
151
0
0
0
830
1
0
202
3
15
814
1
3
1798
14
3
7
356
0
0
0
1368
20
22
1106
0
0
7
92
1
22
6
4
32
1
594
4
9
0
1
0
0
38
0
9
0
0
659
463
95
209
0
282
194
8
8
25
0
0
440
476
73
315
0
0
1
529
1
654
73
402
0
0
0
394
0
0
0
0
26
2
395
87
1
176
70
140
72
90
132
0
96
95
0
136
104
0
239
1
143
1
1
1
0
1
0
82
1
23
151
123
0
291
8
11
4
8
2
0
140
1
120
0
3
3
1
222
18
27
256
71
76
0
571
841
775
138
18
2
0
2
2
45
0
0
65
0
14
117
133
0
25
574
511
236
557
15
133
2
1
213
12
7
469
0
0
4
0
237
168
3
49
4
384
531
80
138
21
0
1
0
735
96
348
517
473
535
22
7
10
119
472
50
19
217
2
0
2
10
46
8
4
22
1
0
96
363
3
0
145
28
0
1
11
1
1
2
7
1
12
492
0
417
9
2
12
0
82
12
12
0
0
13
0
367
0
1
5
7
0
79
5
8
0
7
4
0
286
1
590
3
233
0
0
432
59
4
7
3
8
7
4
12
5
10
3
292
4
0
10
0
0
0
11
0
232
515
1
3
8
2
15
40
10
14
1
13
5
23
3
125
490
20
7
0
22
796
0
0
152
21
5
99
6
338
68
19
8
174
1
700
560
1
28
0
3
4
10
445
12
20
1
0
1
18
6
213
2
3
2
558
0
18
0
117
0
0
0
519
1
57
215
306
529
166
509
1
1
3
58
216
426
59
16
127
372
2
0
6
544
0
318
109
303
6
300
0
27
0
19
0
2
496
36
0
0
0
1856
0
7
8
480
561
54
88
432
0
698
1254
708
76
726
1
645
0
121
94
821
1
0
0
562
180
1
642
2
648
239
17
177
16
87
48
248
0
2
484
0
3
0
26
16
0
0
612
76
11
1
46
2
76
0
0
0
1
1
0
394
266
26
0
35
4
1
2
2
4
46
4
0
1
79
2
27
1
0
387
5
1
2
50
2
1494
9
16
20
251
1
116
1710
1
412
1784
0
0
4
0
0
1
0
1618
0
0
0
0
1662
0
58
71
1827
13
102
2
0
0
1828
6
1
0
5
116
5
393
0
200
0
0
1
0
0
2518
1
2
2003
0
1
640
0
1
639
0
0
1
2
0
2
646
3
0
639
2
4
0
0
639
2
0
6
0
0
24
4
1
2
0
5
11
7
9
3
14
0
4
0
671
5
23
57
5
4
2710
0
1
1374
9
1
46
197
62
91
40
120
0
223
0
0
70
0
0
0
0
1
1
0
0
0
0
90
0
0
2
2
0
3
3
2
2
3
1
4
3
1
2
1
3
2
2
2
2
2
6
5
5
5
6
3
0
4
1
4
4
2
1
1
6
5
0
5
4
7
6
5
10
3
0
7
9
9
0
32
9
203
10
10
1
0
5
4
2
8
0
3
0
14
3
0
9
2
0
1225
4
3
5
7
5
5
9
5
2
2
5
4
5
5
5
13
0
13
9
17
15
17
6
5
6
5
5
2
9
5
3
20
12
14
20
8
21
13
19
17
1
11
9
13
10
13
1
2
21
1
11
10
8
9
16
15
19
14
26
0
16
26
0
8
7
7
0
17
17
19
26
6
7
22
15
12
29
0
7
0
0
10
1
25
30
29
29
15
4
13
22
24
14
27
21
1
27
6
31
7
19
0
27
34
28
33
23
28
14
33
9
31
14
30
12
23
22
3
19
18
3
11
21
0
11
0
27
8
4
15
3
23
12
27
30
12
3
19
4
35
7
19
24
30
22
6
5
42
41
6
7
36
43
20
42
4
16
6
6
42
20
17
29
0
42
9
22
24
3
29
8
33
29
35
26
32
47
5
45
13
29
35
22
34
22
40
50
32
32
10
27
34
40
39
45
14
24
38
27
27
5
40
53
8
9
26
42
44
22
20
1
41
48
56
20
55
37
246
470
46
399
11
18
36
20
34
23
48
31
45
40
3
49
41
30
60
31
49
54
49
58
326
1546
2
0
0
205
4
57
23
0
2
158
347
39
89
468
21
3
269
70
27
756
48
0
0
71
53
11
1
1
11
91
0
1
0
1
3
24
3
4
1
4
1
0
0
95
5
0
4
58
1
0
2
0
43
369
0
8
310
120
42
0
1
362
109
10
217
19
0
276
231
2
1
65
542
6
0
9
2
9
7
20
4
7
49
11
29
780
2
704
141
0
0
29
2
238
2764
1
375
649
4
1
2
11
771
5
1
1
42
315
2
0
211
4
24
24
752
5
2
2
5
27
651
1
5
122
5
99
9
4
5
215
7
116
6
80
7
11
2
130
44
5
6
122
8
262
64
2
2
4
0
20
45
3
362
1
3
38
0
833
6
9
1822
19
5
1
0
6
0
6
0
7
1231
5
391
0
0
249
45
3
3
1
11
0
2
513
21
2
0
18
222
43
373
10
356
42
316
13
0
1
0
11
1
14
0
89
105
64
51
0
0
0
1
302
0
38
282
67
3
0
1118
2
256
288
137
101
558
11
18
721
456
0
50
869
428
0
788
9
2
6
1728
35
1
22
2016
5
2
13
43
20
8
382
535
142
576
30
314
640
208
0
0
471
0
0
18
1
0
63
864
1
16
5
1
174
20
473
0
0
48
0
3
17
474
1
0
4
1
82
292
3
1
1
2
537
0
6
5
146
236
563
1368
1769
1
274
0
0
642
0
0
1005
2
1
2
0
2
4
0
5
0
0
2104
1
1
0
0
0
0
0
1264
0
26
1
5
779
0
0
3
2018
0
1
10
1309
0
2
0
107
1
275
35
10
20
603
17
1
2
2
528
0
1
527
92
1
182
151
0
0
0
74
0
0
9
903
0
0
1
0
2249
1
402
3
838
3
1
1
0
0
0
0
0
0
554
0
3
187
1004
20
37
2
24
0
4
25
2094
0
3
0
2094
0
0
1
0
0
5
13
3
1
0
2
2
0
2
4
1784
29
0
2
3
5
3
0
0
31
7
1
4
5
789
0
0
343
0
2094
46
167
362
3
0
0
53
345
0
1
468
16
10
0
0
8
22
368
6
275
14
0
2096
1
12
1
21
0
0
1
6
2074
0
71
128
964
129
2098
2
0
2
32
2098
90
4
11
0
0
7
0
1
0
1
0
0
2098
2
1
0
1
1
2
0
0
0
14
3
1
7
0
4
75
0
16
3
4
1
2
3
1
1
6
0
3
1
0
4
1
2
0
0
6
4
0
3
0
7
7
6
11
7
1031
1
402
144
738
3
3
3
2105
8
74
0
27
75
411
18
22
0
0
147
9
1
3
0
10
0
0
0
0
1
0
0
2
1
20
12
16
0
13
105
0
0
112
0
0
1
1
1
7
0
0
0
1
2
0
0
0
1
0
0
1
58
0
0
50
2
3
0
5
7
55
20
2
1
3
1
0
0
6
4
0
5
6
0
0
6
8
1
7
1
0
10
10
3
0
59
5
1
1
5
2
1
0
1
13
9
2
1
13
0
15
7
3
5
12
0
2
0
12
6
1
12
16
5
1
10
1
0
10
18
48
1
2
6
13
11
0
10
18
1
20
13
5
1
0
9
10
0
10
7
0
9
11
0
1
1
27
5
2
0
2
2
98
14
0
24
8
0
16
2
0
0
27
16
0
0
8
12
2
1714
11
3
2
0
128
0
0
0
32
390
0
125
405
2
3
0
533
776
621
0
474
0
0
623
0
474
136
0
623
0
118
0
1
624
127
1
1
1
0
21
0
1
1
4
0
0
47
2129
8
17
2
0
0
0
0
0
4
1
0
0
1
0
0
0
1
2
3
1
6
533
11
0
47
24
60
0
0
31
0
0
1
1
1
62
0
5
0
0
34
0
385
1747
1
0
1725
0
0
708
11
27
6
5
83
2136
12
0
1
16
130
0
6
5
34
0
7
0
0
0
0
65
3
7
10
500
1
4
1
2136
1
1
1
1
0
0
8
38
2
0
0
0
2
2
0
0
0
0
49
33
0
4
115
0
4
741
1
43
1877
5
3
6
2139
6
0
17
139
0
28
0
1
0
0
1
21
5
1
1
0
0
4
0
179
0
7
303
2
1335
6
0
13
42
23
2139
1
0
1
0
0
0
1
0
0
0
1
233
1
123
180
2
1
1
0
2
7
2
1
0
2
0
0
218
358
128
0
1
1
1313
2
9
731
7
1
6
4
156
15
2
2
18
431
0
6
29
9
0
5
0
0
0
0
0
0
0
0
0
1
1394
3
1
2
1
1
0
3
3
3
1
6
4
1
1
0
1
5
4
0
1
4
6
5
0
3
5
7
3
3
0
7
6
4
7
8
6
1
0
0
9
2
5
4
2
4
6
4
9
10
0
1
1
8
11
2523
29
3
1
25
1823
7
2
6
12
106
0
0
1
1
60
0
0
0
0
2
0
776
1
1021
112
602
16
45
1
2142
1
1
0
2
111
1
0
0
0
210
1033
0
1
0
125
0
0
0
0
0
2154
8
1
0
11
1
0
55
0
2701
14
26
0
0
29
2697
0
0
0
16
1
73
62
12
21
1548
0
7
27
107
0
0
117
0
1
0
1796
8
0
115
183
778
1
2
0
0
2
930
10
10
2
1612
2
6
53
0
1
6
1431
5
8
23
1954
24
13
1313
0
1
0
487
1046
32
1
0
0
0
14
65
1
1
0
6
0
0
0
22
0
14
0
0
79
6
35
17
4
1189
9
0
157
5
0
88
1
1
0
0
0
0
2
238
533
8
0
0
0
0
7
0
1
0
0
1673
0
4
1
45
1875
42
1
45
1626
24
9
117
931
0
0
20
141
1
2
0
0
0
0
0
1
1
2
0
0
37
0
0
0
0
1040
0
0
5
1
0
1
0
6
5
1
0
1
2174
1
6
8
150
1
0
1
8
3
1
7
0
4
0
9
8
3
3
8
942
4
8
8
5
0
4
0
10
0
1
0
2
11
6
1
0
10
7
0
8
14
8
1
5
9
0
3
10
2
1
6
1
608
99
452
314
1175
25
5
0
52
41
1
1
21
167
0
44
1
1
36
13
1
33
1
1420
4
3
0
0
14
0
0
1
0
0
2
0
2
1846
8
2
1
3
1
1236
72
6
4
20
33
5
0
16
21
0
1
2
5
1
71
7
6
14
22
13
0
0
0
114
0
0
35
0
2007
2
0
0
42
1
1414
2
2
1
0
218
0
0
6
1
184
0
0
2
545
0
0
10
0
2
1798
0
0
31
6
1
3
1
1964
16
11
0
31
0
0
43
2
2
32
3
0
287
0
0
0
1638
0
1
3
1
4
1
5
484
2265
0
16
994
21
0
0
203
4
88
5
1
4
160
0
4
29
20
0
393
996
30
67
45
2
899
3
0
0
1103
7
1
2
1087
29
6
1
410
1
6
2196
2
3
0
1
0
804
0
2
0
2
1821
0
290
5
1
6
1877
0
0
57
69
7
0
1
0
2
1
1
1
1
0
1
361
2
3
1
61
0
0
2
173
26
1
1
2
127
6
367
2320
1
3
0
0
0
0
4
1
0
1
0
0
0
570
2
47
5
0
571
2
0
2
1
0
3
0
0
2
0
4
0
5
1
0
6
0
1
0
7
1
7
5
5
572
4
1
8
3
0
1
8
30
1
371
9
0
8
4
0
3
4
0
4
0
4
1
8
1
9
3
3
5
0
1
2
6
1
14
3
0
0
0
130
17
0
59
0
0
0
124
18
43
0
0
0
1
3
0
0
1252
14
0
22
0
0
0
4
850
3
448
2
0
9
3
6
9
0
451
130
505
27
0
0
1
0
29
0
1
1
1
3
0
0
2
1
0
3
26
0
2188
55
1
0
2
0
28
1
5
0
0
49
0
0
0
0
4
3
42
0
6
7
2
502
0
0
2
2
0
7
37
33
3
2178
0
2
32
4
24
3
0
3
3
0
2
5
7
3
0
2
1
1
2
5
0
33
1
0
3
1
0
0
2
9
2
57
0
0
0
12
1
0
5
27
0
4
54
5
0
1
0
53
0
1
0
4
1
36
3
0
33
0
0
0
5
0
53
26
0
1
9
0
2
0
3
51
8
1
0
3
0
0
58
5
0
0
6
42
36
0
0
53
6
0
796
5
0
2145
3
0
0
18
0
0
0
0
0
53
6
0
6
1
0
0
7
61
0
0
2162
55
0
0
0
6
5
4
0
0
0
0
1
0
7
3
0
0
0
0
1
0
9
0
0
11
23
0
0
1
1
3
63
0
0
0
2
45
2
1
8
1
10
4
2
0
1
0
9
0
0
11
17
95
0
0
2
0
64
43
1
0
66
2
4
0
2
1
8
10
34
0
0
4
2
5
3
10
0
21
0
0
0
2
336
60
0
3
10
0
13
8
2
31
12
1
0
6
15
68
13
4
1
70
3
4
5
21
3
8
1
5
70
0
8
1
6
0
12
2
0
0
1
0
0
44
10
2
1
185
2
57
10
13
9
41
1
0
23
1
0
0
12
2
3
3
21
2
0
1
0
0
0
1
82
101
0
5
382
222
59
6
0
895
3
0
47
3
211
0
0
0
11
224
7
1
10
107
0
1
0
215
1
1
1
1
6
300
77
0
0
0
0
8
79
0
1
0
0
1
0
71
0
0
2
1
97
14
3
161
760
0
1289
0
0
3
1708
43
12
1
1550
13
378
46
1
12
0
384
0
0
0
385
0
0
0
0
386
0
0
1
0
387
237
0
0
5
234
9
4
562
0
31
1
0
16
189
3
3
0
0
2513
9
1
0
347
19
244
0
0
19
950
0
0
2
20
663
2
10
0
2
0
0
0
0
2
18
0
12
19
0
0
1
1
1
0
1
606
0
0
4
6
0
0
0
0
0
0
1
1
0
1
1
1
1
1
1
1
1
1
1
0
1
1
3
3
0
2
0
1
4
3
2
0
12
361
1
0
0
0
1
2370
0
0
1054
0
0
12
182
0
0
0
867
16
0
0
2321
0
0
0
0
0
1762
1
1
4
8
17
2
1
11
1166
22
2
0
13
1
3
18
4
1918
1
0
5
0
13
1639
1
19
680
132
0
63
0
4
2
32
1065
1
2
0
140
3
0
0
0
269
1
6
0
0
0
63
282
0
0
1470
1
7
2545
0
0
0
1
2
1969
506
0
42
0
0
0
46
271
0
0
1
0
420
0
24
987
0
98
20
7
203
2
1
889
10
0
0
0
0
0
0
0
0
0
4
0
0
0
0
2034
0
3
1
1
0
0
0
0
1
3
0
1
0
0
0
4
39
1
1
1
22
0
3
0
0
119
0
4
119
2
0
43
0
1
3
42
5
4
0
4
5
44
3
1
1
124
1
5
5
127
1
1
30
5
3
3
9
48
1
1
1
8
1
3
10
9
0
3
0
6
53
4
11
8
1
1
1
14
11
2
0
15
7
3
1
5
23
33
2
25
76
0
68
0
0
0
0
5
0
12
1
0
0
7
2
0
0
1
1
1
0
0
1
0
15
453
2
0
0
0
0
0
0
1
1
1
0
2
1
0
1
2
628
4
0
0
32
3
1
0
0
1117
0
1
8
37
13
7
0
0
66
10
13
10
4
45
224
34
0
0
0
0
0
0
6
0
53
1
0
0
0
5
9
22
8
0
15
14
0
0
106
0
3
0
21
2
2
12
2
27
1772
1
0
14
0
0
0
0
0
1
0
863
0
5
12
8
78
4
0
8
94
0
2
0
0
1
0
1
0
0
0
0
2
25
1
0
0
0
78
3
3
3
4
18
204
0
14
0
53
201
4
36
0
5
0
2365
11
5
0
2179
26
0
19
3
1
2
0
1
0
1
4
0
1
0
5
36
1
6
1
2
1
0
1
17
1332
5
0
1
14
1
4
2
39
0
0
4
13
2
1
1
0
0
9
0
0
0
0
5
3
3
2
0
3
1251
2
47
178
2
5
35
184
0
0
0
1253
9
2
0
0
0
16
224
87
1
2
106
73
32
49
98
0
0
2040
1
0
1
2
2
13
0
6
2
13
0
9
9
1
0
0
3
1
0
2
16
2
2
12
2
36
0
15
10
0
1
104
3
1
85
0
217
0
1
21
0
846
0
7
0
0
2184
0
2
0
0
0
8
513
2
0
14
2
0
0
898
0
0
0
3
1
177
2432
3
0
327
0
0
87
0
0
0
1
0
1
0
0
118
113
2
69
173
1
0
0
0
181
1
2
42
1
0
0
2
1
0
1
1
0
1
4
0
1
0
0
2
2
2
0
0
4
2
2
0
7
3
3
0
5
0
4
0
7
2
6
5
0
0
0
0
19
8
5
7
0
1
0
5
1
0
11
5
7
5
0
5
11
0
0
0
5
11
9
10
2
2
1
5
7
0
15
0
0
2
1334
0
0
1
0
3
1655
28
2
494
988
0
0
0
0
2
0
136
46
2613
2
1
163
1
0
2
1
0
3
0
0
2
0
0
0
0
0
1
0
0
1
1
1
0
1
2
1
0
1
0
3
0
0
1
1
1
1
1
2
206
7
1
1
1
0
0
3
6
6
0
1
1
3
5
2
5
0
7
2
1
0
0
2
9
7
2
0
1
0
9
0
1
3
3
6
0
1
0
8
7
2
0
855
28
7
0
0
4
0
7
1
64
28
10
1
0
0
0
1
0
0
0
2214
105
2500
38
7
17
0
2754
0
0
0
0
76
777
58
13
33
2065
48
12
35
2755
0
0
0
395
33
0
698
0
2
0
73
32
0
2
2226
24
1
0
0
54
0
0
2
3
61
10
0
16
5
0
176
0
27
0
0
0
0
0
1
0
2
2
1
1
0
0
0
0
3
3
2
1
3
1
2
2
0
0
0
0
3
7
3
3
5
5
0
2
5
4
3
6
4
7
6
3
6
1
10
0
0
9
3
2
1
5
696
10
2
1
1
4
0
0
0
0
4
5
1
1
1
1
0
0
2
0
2
2
1
1
2
2
3
5
0
3
1
0
4
2
2
4
0
1
2
3
1
0
1
1
3
4
2
406
1
1
35
17
923
3
146
1381
0
1
1
0
0
2222
61
1
21
62
2220
0
15
0
63
0
1
0
15
0
1
1
0
1
188
2
1619
400
0
2519
0
0
1292
2
1
6
0
0
1
0
4
1
0
3
0
0
0
0
0
0
1
436
1
0
1
151
2
0
0
1
61
1
0
3
31
3
339
29
0
0
24
363
31
0
0
25
5
1
0
0
0
0
0
1
85
4
0
5
1
1
363
8
1
444
2244
17
14
8
0
2
9
3
4
10
0
0
1
0
1
0
34
4
4
44
6
0
1
0
0
2
2
11
2
0
2
0
0
2
0
0
0
3
0
13
0
3
3
5
2
1
4
0
0
6
4
4
0
0
5
3
5
3
0
2
3
0
2
1
0
7
5
6
34
65
32
1915
0
0
33
265
1
0
3
2231
0
0
0
2231
0
0
142
25
0
27
5
2
0
4
2333
14
1
1500
0
0
0
14
0
2
0
0
1
3
0
0
0
34
0
1
2
0
1
2
0
0
0
0
290
0
1
1
1
225
3
564
58
426
362
0
1
908
5
1
0
12
336
0
49
0
29
200
5
0
0
1
2217
1
0
8
9
1
4
1
0
16
2
0
0
1
4
0
0
0
0
0
4
1
1
3
1
0
2
2
4
2
5
5
4
1
6
4
4
5
0
3
1
6
0
1
0
0
0
7
2
3
2
2
4
8
7
2
8
2
5
6
1
6
7
2570
0
582
1814
5
1
5
0
16
37
22
6
2340
0
1
1
193
1
2
2
0
2
3
2219
1
3
4
0
1
0
1149
1
7
9
0
2216
14
0
0
0
1
10
1
0
0
17
2219
9
0
1
1
0
3
0
2
0
1
3
1
1
0
1
2
3
0
0
5
3
2
0
1
2
0
5
1
6
5
0
3
0
8
161
2
17
0
6
1352
134
1
7
2225
1
0
125
2353
0
50
0
1976
0
2
0
47
239
2
0
1
9
44
26
0
85
14
34
109
0
43
1817
1698
1
0
39
12
0
14
1
7
2
0
2
0
0
0
1
3
2
5
0
3
1
2
5
0
0
1
3
1
1
5
5
12
0
14
0
1
0
6
6
3
4
6
2
2
1
9
7
2
0
5
0
1
11
5
0
0
12
10
2
10
0
0
0
57
0
0
0
31
0
6
0
12
10
7
5
12
7
18
0
59
15
10
2
14
41
10
8
16
12
19
0
0
745
0
503
2
0
2071
0
39
109
63
2
1
0
682
541
109
520
72
62
0
7
0
525
1
0
0
488
10
0
0
18
424
5
5
15
51
0
4
1
1
0
4
4
393
17
0
11
2053
8
0
25
0
1
1
0
2
2
1
3
3
472
45
1
0
237
1326
0
68
1
0
0
53
0
2241
0
2
0
5
0
0
3
26
0
539
0
0
385
69
19
6
0
4
208
0
4
0
53
1
4
0
142
0
0
2577
0
0
0
15
13
0
1
101
12
1
5
0
491
0
69
4
0
1
7
392
1
0
0
1
7
0
0
0
15
2767
0
4
0
2
0
0
0
1
1
1
0
0
8
4
3
0
1
4
0
283
0
0
0
285
12
0
1
0
1
0
4
2
384
2
1
2
1024
4
35
24
2102
0
3
3
9
1
2
7
7
4
0
0
0
2239
12
9
0
27
88
0
0
0
0
28
0
0
2
0
1
0
35
1
1
89
15
0
12
58
1
0
0
0
2
3
0
3
4
4
4
0
0
0
0
2
4
1
4
7
0
3
3
1
6
1
7
10
0
4
7
7
0
0
0
0
0
2622
0
0
6
2
2
5
13
9
1
9
210
0
0
0
31
4
0
0
0
0
2
31
0
1459
29
2
0
1442
4
0
2
2354
0
1
1
0
677
462
538
0
807
514
0
1333
11
1
6
8
737
15
2244
466
2
0
0
121
0
1
206
5
0
210
5
0
2
2
0
339
2
4
232
10
0
0
0
35
35
7
0
4
252
1704
188
2
126
1
2
2
276
0
0
0
0
1
0
1
5
14
415
0
35
4
10
6
1
0
19
55
14
11
0
0
132
0
8
3
1
11
116
0
0
2
0
132
1
0
2
27
1
0
0
18
1
2
2
297
3
0
20
281
0
20
277
4
1
0
408
0
5
1
0
1
2
2
408
22
1
16
5
77
0
3
0
1
0
12
0
0
0
1
0
865
61
490
16
9
2
657
0
0
0
0
1
14
252
6
1
15
23
14
12
2666
27
0
9
0
7
1
11
18
0
4
69
1
45
2109
0
0
5
2254
53
3
238
1418
6
0
463
4
7
1
10
474
0
0
3
0
0
474
6
0
1
0
64
5
0
24
22
26
6
271
4
2
10
247
2
0
284
5
8
0
5
0
0
0
0
0
0
0
1
287
6
3
20
57
2
0
271
7
31
5
3
1
6
0
595
0
1
1
0
0
1
371
1
0
3
0
0
0
9
2
1
1
3
0
1361
28
12
1913
6
0
0
9
227
8
0
3
427
8
0
1154
0
11
0
1
1
0
0
0
37
0
0
551
0
1
0
0
0
2
2
0
1
0
1
3
0
1
1
3
2
1
0
1
1
3
0
2
0
4
5
1
3
1110
13
1
0
4
5
5
0
0
5
3
0
533
11
22
532
0
9
0
0
39
0
0
0
0
1
2276
20
8
20
2
2
0
2
0
1
2
1
1
3
2130
1
0
1
796
0
0
3
1
148
15
1
1
0
1
8
1
0
1
0
2
494
2
0
1
0
135
480
1
0
0
58
0
1
64
397
0
4
0
0
178
0
1
0
0
2
41
56
0
0
0
0
27
0
770
2
1086
1
225
557
51
10
4
2130
0
0
2
465
0
0
1
0
0
1
2
0
1
2
3
1
2285
23
470
3
2
3
0
1538
21
69
5
1
5
2
11
7
0
0
515
13
0
2
0
9
517
0
2
0
2493
32
2
1
1
0
1
375
1
0
3
1
2283
4
0
0
3
0
2
2
0
0
0
0
0
0
0
1
0
631
897
12
22
127
21
0
1
32
1792
0
4
384
10
1
4
2
59
8
22
10
0
18
0
16
55
11
0
19
0
23
9
0
0
0
193
48
17
1
1
4
0
8
4
3
4
56
1
172
1
2
2
508
24
5
3
14
48
6
8
19
3
15
2640
7
0
5
2225
0
6
1
15
0
393
0
0
0
16
0
0
1
1
1
17
22
0
2
1
2
18
1
1
1
0
1
19
20
428
15
0
0
4
474
0
0
0
0
1
0
3
8
4
4
20
0
3
7
1
0
14
1
6
9
3
8
1
1
8
1
15
529
532
2
0
0
16
1
5
14
15
8
8
2
0
0
4
0
0
0
0
22
8
7
12
1
1
0
0
1
9
0
2
2
1
1
11
1
1
3
2
1
11
2
2
4
3
16
1
0
2
4
0
13
4
2
2
5
0
14
3
59
10
123
8
4
0
0
0
2
0
0
10
19
599
0
40
814
6
2
0
8
1
2
5
11
13
17
0
0
0
0
0
0
0
2
0
1
19
0
0
2
70
12
0
2
2
7
11
2310
2
7
0
2
441
2
0
1
1
2
2161
3
0
3
2256
17
5
17
42
1
0
9
61
241
112
2398
0
1
3
5
0
1
0
0
3
9
370
11
0
0
4
9
375
15
0
2198
45
4
236
2
0
26
42
236
2
44
1
278
1
1
1
76
69
0
3
77
65
8
0
36
12
2
0
0
0
0
0
1
0
0
0
1048
2
5
0
458
52
54
0
0
2334
0
123
37
21
32
13
3
1005
1
13
0
0
24
1
165
0
3
0
1
0
60
335
4
5
8
2
256
2
6
3
3
254
47
0
2
174
1
38
1
11
9
3
3
3
1
2
0
0
16
0
66
14
26
13
1
7
510
516
7
388
261
1
0
1
159
200
201
2
0
2
2
2425
4
471
7
638
0
8
3
1
11
0
117
13
28
6
17
37
5
53
0
0
15
0
3
0
0
0
0
0
9
1
1
1
1
0
0
2
0
2
0
0
2
3
3
0
0
4
0
3
0
3
0
1
0
0
5
2
19
0
0
0
1
6
12
23
7
35
0
8
75
8
3
0
0
833
257
64
0
0
0
2
0
22
334
65
1
521
118
424
1
0
2
3
1093
0
1
0
0
0
2
4
0
4
0
0
1
11
14
114
0
14
7
6
0
0
1
2
0
0
0
59
0
1
0
15
33
674
1
1
71
1113
10
3
10
16
17
6
0
0
2311
0
39
0
0
11
10
0
272
0
4
0
380
0
308
86
0
5
13
184
2
2636
19
14
395
358
504
96
390
0
0
4
0
1
1
1
0
3
0
1
33
1
13
20
0
4
0
5
0
20
11
102
29
4
0
140
6
295
9
4
1
2
0
0
0
0
0
0
0
20
92
1
35
2
15
9
5
117
35
4
6
0
0
0
0
3
0
27
6
27
0
0
1
3
1
0
39
0
108
0
3
0
1
267
1
4
150
6
72
0
16
0
6
73
95
176
579
21
0
0
509
48
401
0
3
3
0
0
0
4
737
26
0
26
1
0
0
18
16
41
212
3
0
4
25
0
23
1
7
20
4
4
624
0
0
42
0
0
0
0
0
1
0
1
1
0
0
1
2
0
1
1
0
3
1
2
3
4
0
0
2
1
5
0
3
2
0
4
2
6
3
0
4
3
7
3
0
3
263
7
0
1
21
4
2
6
2
263
18
6
0
0
173
6
0
0
264
0
30
1
0
5
237
0
28
65
26
5
1
24
0
0
0
0
10
4
58
4
14
12
14
5
5
19
3
17
23
0
2
1
0
0
6
227
438
13
5
592
15
158
0
3
161
5
140
1
0
0
827
141
54
1
5
22
6
7
0
41
1
6
9
29
48
1
25
0
30
0
0
0
12
0
0
1
12
2
1
0
2
0
3
0
13
14
5
4
38
0
23
15
5
1
2
10
3
16
2
0
24
0
1
3
1
636
31
346
1
2
571
5
364
2
0
5
450
118
137
456
30
13
2
14
3
1
11
1
106
1
4
0
1
1
0
491
0
0
1
23
1771
1
2
20
231
1
5
0
10
0
1
1
13
0
4
5
13
10
0
14
1
43
0
6
74
853
24
63
14
32
1
0
0
45
0
0
0
2271
0
43
0
0
11
361
0
68
4
4
38
9
5
1
6
2
0
7
4
9
1797
6
0
49
0
0
12
2
9
31
22
0
22
0
20
7
3
9
0
7
7
0
10
29
644
10
0
0
6
21
2
758
4
30
34
0
1
3
1
0
22
20
0
112
0
569
0
0
0
79
570
4
0
0
371
571
1
0
0
1213
2
2
1
0
422
30
1
0
1786
0
7
7
26
835
0
9
42
0
0
0
0
1
13
0
1
3
25
18
0
2
378
0
26
0
3
534
0
0
0
698
1
0
48
1807
2
0
9
0
0
2
0
5
2664
0
6
576
0
62
0
0
0
3
1
12
1
2787
0
7
254
40
8
54
16
146
0
1
0
134
2
2
27
0
0
0
23
701
7
4
2
0
3
0
75
14
1
0
0
0
381
2
1
13
73
14
1854
6
351
3
454
1117
1
318
2390
6
2
873
5
5
170
10
0
0
631
1089
8
4
0
0
306
2380
1
1
28
10
0
0
176
3
2
0
2
617
2389
29
0
0
14
0
0
0
4
0
1
0
5
0
1
1597
1
2
0
2
1711
0
15
59
2289
55
71
2152
0
5
41
345
0
35
3
73
0
2
0
4
4
5
1
2
6
2
39
194
9
1
1
370
9
3
0
11
1869
0
433
63
0
25
2
1
4
255
1
27
2
2
3
49
4
27
4
0
0
469
0
0
0
0
0
237
0
30
3
12
7
15
26
31
276
0
1
2
2
168
6
2
1
399
32
0
17
2840
0
0
0
8
2283
137
1
0
2
15
88
0
10
221
0
55
1961
3
10
203
23
1
19
2
28
1
0
8
0
6
2270
4
0
1
0
3
1
0
0
1
1127
1
0
11
648
5
1
6
0
1
13
4
1
2
12
205
2
176
9
0
9
7
179
13
3
33
4
647
16
0
3
0
2
364
6
6
0
2
8
1203
13
3
0
89
2416
1
1
46
0
30
295
9
5
0
2421
19
12
14
12
2866
0
0
3
3
2
49
5
0
164
45
0
0
0
48
0
14
3
22
151
48
0
0
43
2224
0
44
0
0
0
145
55
2
1
0
1
1936
0
48
57
0
2
0
1
0
6
0
53
2260
26
0
0
0
2253
17
3
30
34
118
53
0
2
4
61
0
17
0
3
1
213
360
5
39
478
100
481
0
0
2
341
29
4
2
62
516
0
0
0
2872
17
0
633
1
65
1
0
1
46
0
1810
8
6
2
0
25
202
13
16
0
1
307
0
1
0
0
0
0
0
0
0
0
1
0
2
1
2
2
1
2
2
2
1
0
1
0
0
0
3
66
11
5
129
2734
16
0
0
24
2192
9
1275
48
8
52
2017
0
10
2
53
770
4
0
61
3
25
94
6
11
3
51
7
0
2
17
4
0
0
19
2
25
8
1
96
1
1
0
5
2
337
5
0
0
0
1
51
7
4
0
209
218
322
5
0
0
1
4
0
0
0
0
1
3
1
0
326
2
0
3
0
14
0
3
2
1
2
1
4
1
3
2
1
2
0
4
777
3
4
0
497
23
3
10
15
223
21
2
2
349
1
1
1
3
6
0
2
0
4
12
7
0
0
16
11
25
0
457
25
3
10
0
8
0
0
0
0
0
9
1
1
0
1
1
74
24
2
25
0
51
0
0
12
0
0
0
1245
3
5
0
7
0
0
0
0
0
54
0
1
1
0
5
0
5
1
2
0
3
0
3
0
4
2
2
0
1
5
1
4
1
9
2
4
7
4
5
2
6
5
3
4
0
4
2
1
0
9
2
108
2
15
3
8
6
5
0
2
1
6
0
1
0
33
16
0
0
1
4
4
3
1
3
15
8
2
1
10
7
19
4
1
3
2154
2
11
0
602
16
21
0
80
594
0
1
0
20
0
1
0
1
0
668
3
1
1
0
2
0
0
2
1
0
0
1
0
0
0
613
0
0
0
5
6
25
0
66
0
147
0
2
14
0
0
0
0
321
7
1
0
0
0
21
9
0
0
0
19
2
256
8
0
0
0
0
1
0
2295
3
3
4
1
0
3
1
38
2
0
106
17
0
1
1305
0
3
5
249
1
1
0
0
72
2
2
642
0
5
6
0
4
99
44
17
43
1
56
0
0
0
0
0
1
1
1
4
0
0
83
0
1116
0
2
0
3
966
1
0
0
2
8
19
10
2
4
34
5
52
39
0
0
0
10
1
11
298
0
2
0
0
91
3
1
1
445
464
19
54
230
5
0
25
821
0
0
0
2180
5
9
867
955
2
16
1314
905
2
52
2
19
0
0
6
20
652
1
0
23
2
0
0
21
1
2
0
0
22
2
3
0
1
23
0
2
1
0
10
26
0
5
1
0
1
0
2
0
2278
2
1
0
0
1
2
4
0
26
5
9
2
26
1
0
2
477
380
1
0
0
217
0
0
0
5
663
17
7
0
23
0
0
29
117
0
17
17
14
0
4
3
2
374
0
0
0
11
12
16
486
2
0
26
473
9
604
101
546
125
377
1
1
1
469
29
371
1
1
0
2
777
1
10
2
1173
4
3
1
274
1
0
0
778
0
0
1
0
0
1
2
0
1
11
1
1
2
2
0
0
0
2
0
2
4
2
2
3
1
4
4
0
69
1
1
4
3
3
3
8
2
0
0
0
595
0
0
3
54
723
0
1
3
55
1
1
6
1030
1
1031
6
120
291
0
29
152
3
6
27
2
13
2
17
0
125
56
5
1
2
1473
384
2009
0
2288
791
10
0
0
0
240
0
0
0
4
0
0
0
0
697
0
0
0
1
26
727
0
0
0
7
1
1
0
0
0
0
2291
1
15
21
5
157
6
1
5
1
2
119
0
74
0
0
1
18
3
10
1
0
2
0
6
46
41
183
2
59
54
170
38
0
0
153
1174
10
74
531
4
1105
181
11
10
7
278
0
0
5
0
0
0
0
11
17
15
14
24
14
0
15
30
0
740
0
0
0
67
0
0
0
0
1
1
1
75
652
2
1
26
2752
3
26
0
0
0
2
1
5
2
0
0
3
0
0
25
0
0
0
5
464
0
2
17
3
1
1
0
0
1
0
3
0
0
2
0
8
1557
0
1
69
25
227
2
98
21
11
27
2
1
602
83
43
28
0
0
1064
2
2
3
17
2
1
0
9
0
3
759
1
0
1
460
0
0
37
0
2
12
0
0
0
8
1
70
140
1
0
33
151
5
78
11
2280
1
0
0
3
4
17
31
1
0
39
4
0
0
1
0
0
0
9
23
1
1
0
0
1
0
0
0
3
0
1
5
0
0
2
2
1
0
0
2
0
2
1
4
0
2
1
5
0
3
3
2
4
0
2
877
0
234
183
0
0
0
0
1
4
0
0
27
85
20
2103
0
0
455
0
3
0
0
0
1
125
0
0
1
0
190
13
0
1350
57
1
0
2282
7
59
490
0
1
0
1108
3
0
3012
0
1
0
0
51
0
0
0
2
0
0
1
2
0
0
2
2
0
0
59
5
2
3
0
2
2
0
2
1
7
8
1
7
7
7
10
4
0
7
10
0
4
0
1
0
7
1
0
3
2
10
10
0
2
10
2
10
14
1
1
14
13
1
15
12
4
19
12
0
14
458
16
6
11
0
1
3
5
16
0
0
2
418
6
6
758
506
7
4
1039
1
4
3
2955
29
17
1
1334
483
41
13
0
30
0
7
23
2
3
106
12
216
1
1
7
769
9
32
381
1
0
2
1
20
82
113
418
76
7
2
26
8
4
379
28
16
9
5
21
1
4
352
15
32
5
600
51
1
152
65
0
0
0
8
745
423
1
1
1040
0
1
571
54
49
22
49
0
47
26
0
49
62
622
14
2
0
3
0
0
6
4
0
0
0
1
50
0
0
2
0
2285
22
0
9
0
3
48
2
0
618
0
0
1
16
374
6
14
5
22
507
4
30
2
14
511
25
35
3
17
5
1
1
10
0
16
2
1
0
0
1
29
0
0
38
0
23
4
0
0
1
6
22
3
1
2
17
7
6
513
0
1
3
20
27
7
1
2
3
4
21
516
1
41
20
27
26
1
0
7
5
5
1
13
8
0
5
15
5
2
0
7
6
11
1
0
5
3
11
26
11
3
2
1
8
9
11
5
3
6
29
8
306
31
22
0
2
2
0
41
2
1
13
0
13
524
0
0
13
34
960
285
0
11
2304
2
0
15
1191
13
44
1415
1
0
1
65
1
0
2302
37
0
466
1223
0
0
11
552
0
0
2
1217
42
2644
1
0
20
878
1
55
419
0
30
1235
0
2297
0
5
2
16
0
84
0
0
1
0
1
0
2
1
0
0
0
0
1
2
1
0
1
4
3
2
0
2
5
3
4
0
3
3
5
0
0
6
5
0
4
5
2
0
2
8
0
3
0
0
0
0
0
2
6
0
0
2
0
8
0
6
0
41
0
1
1
1
0
12
3
9
1
3
928
7
11
0
11
3
10
0
1
0
0
13
1
5
17
0
14
3
0
10
0
9
0
0
10
1
0
0
16
3
17
4
6
8
10
0
0
0
10
11
0
20
6
9
2320
0
0
79
1920
11
71
28
408
1
22
24
416
6
1
3
1
0
0
7
0
61
2
0
0
1
1925
0
31
7
445
107
347
6
2911
5
148
302
0
1059
0
2
69
0
7
0
24
18
16
0
2
8
4
29
6
4
20
10
2
0
0
22
16
7
0
59
0
240
1
4
0
8
8
2
0
3
212
9
4
0
83
5
0
3
35
2
0
3
69
29
2
0
0
22
12
2
15
37
0
2
28
1
52
8
4
1315
1
0
102
0
8
3
1
545
4
0
659
8
2
987
96
1430
16
25
0
2
0
1
8
2
2
2
0
2316
12
0
11
4
0
0
0
0
2334
0
3
46
1014
1
1
3
505
1
906
8
0
127
907
0
54
882
8
5
20
34
12
15
2
2
13
2
0
1017
1
10
14
7
5
0
3
2559
0
43
799
0
20
6
2311
0
1
8
0
0
0
0
676
0
33
334
1970
22
2
1813
381
2312
3
4
46
1643
0
0
6
2308
0
1
687
1
15
2
0
1417
1
27
7
42
2798
14
47
0
28
29
102
20
1
671
52
33
3
2
37
2
37
44
34
10
13
0
53
35
0
39
1
0
0
0
0
0
2
1
2309
2
0
0
11
560
0
0
0
0
306
0
2
0
0
1
1
0
2
1
754
1
0
1
3
41
6
3
4
2
1
1
1
5
0
1
2
483
2
2
2314
0
3
99
0
15
0
2
22
85
0
0
16
703
27
0
0
17
2
2
12
1
0
1
907
95
524
0
0
0
2
1
401
0
0
660
0
2
292
1
434
1
1
5
705
2
403
272
765
0
0
4
0
0
2
1
0
26
0
0
0
0
410
2
0
824
1
1
28
211
8
12
1
0
10
0
1
1038
6
3
0
2
0
0
0
535
0
27
3
0
1
0
9
319
30
13
0
5
401
0
5
0
0
0
0
458
3
0
11
3
3
0
0
459
0
1
1
0
2
2
0
0
3
0
0
0
63
0
114
2
0
1
2
2
2
4
0
0
0
5
3
1
0
6
4
5
3
62
8
429
11
10
64
24
2400
3
0
150
0
66
1
432
3
1
1
951
0
41
0
80
43
0
2
519
0
1
7
0
8
0
0
0
0
1
1
523
3
1
2
0
1
1
0
1
0
0
4
1
3
1
2
5
2
5
6
0
3
5
7
3
4
1
10
2
0
1
0
9
7
3
8
0
6
7
8
4
0
1
10
7
4
7
3
6
3
5
6
7
4
5
3
10
2
4
1
13
12
1
532
5
14
0
21
630
0
0
19
265
0
0
0
4
0
1
5
0
1
1087
13
132
28
1
6
0
848
4
14
5
667
1092
0
1
0
855
0
28
0
0
772
0
520
1
91
0
91
2
1
2
3080
1
1
0
2353
2
0
2
4
264
378
60
45
0
1
0
3220
1
0
1115
47
0
6
0
0
0
1
31
1
17
23
22
2
0
25
3
17
1
20
3
0
3
76
1
35
970
1
5
0
1
0
2
229
75
2
2382
0
54
585
0
169
230
0
0
6
1
2532
3
0
3
0
0
286
4
975
0
0
1
1
12
9
7
299
13
13
1
0
282
19
2541
3
26
149
344
1
22
0
151
593
0
5
0
1
7
18
4
0
868
1
0
122
580
1
6
23
563
1
1
0
27
2
9
2
1
1113
5
0
0
68
0
0
0
0
0
0
339
41
0
1
7
796
41
79
90
0
28
81
3
4
6
4
600
0
68
984
25
69
11
963
13
1
2
34
636
5
15
0
152
3
0
1
2
1
2
20
26
1
0
2
1041
3
0
47
345
137
18
0
277
281
8
1
59
1
270
1
0
0
1005
29
0
0
0
91
4
0
3
858
41
6
4
43
110
0
2
0
1
9
202
0
81
25
1
1439
30
1
4
626
0
0
5
0
1
5
22
41
1
7
16
7
17
3
69
48
0
25
56
0
24
1
0
17
1
0
1
1
2
0
0
2
1
2
0
3
49
3
5
3
2
2
10
3
1
3
19
3
0
47
4
4
3
3
14
4
5
2
5
0
6
1
3
3
5
2
0
6
5
1
7
1
0
8
1
5
743
57
11
61
1070
13
0
1092
1
2
45
2360
6
18
1
4
325
0
3
19
323
19
0
2
0
22
1
0
0
0
4
12
284
0
2
0
0
5
24
1
1
281
1
2659
5
30
0
2
1869
11
5
2
65
8
401
35
315
1
1
0
402
127
315
3
1
1
0
3
313
0
0
2
0
1
478
0
724
0
120
394
0
0
121
0
1
1
282
5
37
0
188
22
3
2017
40
0
1
0
24
30
1167
1
0
51
0
1
1
3
2
0
0
3
0
54
3
0
3270
28
0
0
0
545
3
0
12
988
32
3
1
0
272
1
2
544
0
5
0
1
2
38
6
2
2
546
36
10
2
0
1
2
940
0
0
937
0
0
13
5
61
1019
84
37
46
0
3
11
160
37
0
1
747
195
11
34
1
2978
2
819
165
0
7
2
2
0
440
2
1
177
36
3
48
10
3
1
165
44
0
2
0
1
1155
20
24
3
5
1122
167
0
3
4
4
3
198
5
0
2
8
0
6
46
0
6
8
1
1
12
0
6
0
0
1
3
0
7
4
0
4
12
3
120
0
0
0
10
0
7
1
130
19
6
13
11
404
1
5
0
0
1
16
0
0
0
0
0
40
313
17
0
0
1
0
0
0
0
0
5
0
0
1
0
0
2
1
2
5
55
8
0
54
0
18
85
4
133
4
70
40
43
67
6
287
11
19
0
5
0
0
0
269
0
3
0
0
0
3
37
4
1
2
137
392
2
73
3
0
615
189
6
20
29
0
0
3
1
178
17
4
0
5
3
40
3
6
1
1
151
77
0
1
0
0
996
77
4
10
100
59
27
163
4
55
29
178
356
10
6
26
0
0
267
1
0
0
0
1
175
0
0
0
110
1052
1
4
846
2
28
2
0
17
7
28
0
0
15
111
6
4
0
113
2
195
88
2
0
3
0
1
89
0
3
100
35
0
8
11
82
0
0
20
276
0
40
4
0
5
3
1
26
0
28
1
0
2
138
2
15
1
1
841
40
176
20
1
81
8
0
0
4
627
122
1
43
0
11
1
0
3
3
332
2
4
1
2
107
1026
2
2
9
3
1
6
3
141
2
27
3
3
51
4
5
4
2
3
6
2
6
901
208
5
4
0
5
4
152
2
16
3
3
7
110
6
3
6
0
4
12
4
0
8
86
0
14
8
1
67
0
132
8
33
9
83
17
96
3
0
114
8
2
86
45
1007
714
47
302
817
0
1066
1
42
794
0
1
0
12
15
0
2
3
254
15
2
2
33
139
22
26
2
4
3
189
21
73
0
1
4
4
1457
348
0
1
0
4
6
34
9
300
58
39
5
0
1
0
0
3
3
7
2
203
6
5
40
3
82
4
4
104
829
101
18
69
451
0
0
161
18
3
1
4
4
0
0
0
0
3
12
0
8
1
0
93
2
1
0
0
106
1
3
21
0
0
9
0
3
2
95
0
23
3
4
0
111
0
31
4
4
6
5
152
3
29
6
0
14
7
6
101
38
6
0
7
0
8
7
110
42
2
8
8
0
0
7
12
0
0
1
105
11
0
0
70
2
0
23
0
0
107
0
25
1
1
40
0
0
67
2
0
0
0
0
138
269
75
45
114
0
1465
182
96
0
0
49
270
97
0
2916
1684
91
0
19
23
0
0
1320
111
1
181
12
29
0
100
0
1
272
14
9
0
1
807
16
1
92
1
2
1
3
17
0
2
0
5
3
46
11
0
16
1
3
2
0
2
1
2
5
50
3
5
118
25
53
3
5
119
1122
0
0
0
1
1073
102
4
3
1
149
22
11
0
17
125
0
1
1
0
0
130
41
18
1
9
0
0
6
2
0
1
0
56
0
0
0
153
1075
214
22
246
5
22
920
9
194
43
3
736
0
34
238
248
17
28
0
1
34
35
23
0
1
0
1
2
1
0
18
99
0
2
2
533
71
0
2
2
40
0
9
2
5
3
13
306
2
4
5
5
2
359
30
13
11
0
5
0
6
31
5
101
20
6
6
228
6
102
6
0
0
0
0
137
27
0
30
0
67
139
204
97
1
0
0
319
147
60
214
25
96
6
15
9
0
34
24
107
2
76
0
46
9
14
87
9
0
1
816
154
0
26
40
1
3
138
11
1
7
2
73
2
4
2
0
38
3
0
0
0
0
5
40
0
78
0
0
5
63
170
127
2
0
4
172
105
44
51
0
62
0
40
124
185
1
26
812
0
15
119
1
1
4
86
0
0
0
0
33
5
0
0
69
1
0
0
0
121
4
0
6
91
24
158
40
15
40
22
6
0
14
11
0
0
0
0
6
13
4
0
2
18
160
15
15
0
2
0
1
1676
225
12
299
1313
2
180
40
7
116
41
0
0
51
6
0
106
0
0
1103
6
1
21
1
2533
2
18
30
0
3
3
320
40
1
0
2
97
15
4
20
1
133
86
142
37
97
0
84
0
0
8
267
1
0
133
45
31
43
34
36
134
1102
54
4
0
135
25
7
3
1
0
1
1
13
1
1
0
20
71
1
130
67
1
18
0
0
217
7
40
0
0
0
1
1
6
115
1
2
100
129
108
2
0
2
71
402
37
3
3
2
1
56
35
116
1
0
89
6
1
32
0
0
1269
12
0
3
0
11
12
145
53
4
7
6
10
0
10
0
3
0
1
1213
0
1
1
0
2
71
303
0
19
3
2
38
200
0
0
0
4
95
156
0
2
1
201
33
9
29
10
43
2
0
40
2
126
0
0
128
21
258
0
0
0
1
1115
4
0
0
1
294
135
46
5
0
116
0
0
379
17
1
0
1
41
142
0
0
1
160
52
273
7
47
0
0
0
1
0
0
107
3
11
131
4
92
0
234
7
112
85
22
1
1142
286
5
133
3
0
1
2
74
22
1
1
2
0
201
51
13
1
60
0
45
218
0
0
0
215
96
288
6
148
33
0
0
102
24
42
133
0
1
75
165
49
1
1
1131
19
138
1
4
90
1471
79
0
1
19
78
0
109
257
37
98
0
0
42
146
26
1
0
2
0
10
70
0
124
2
2
2
1
7
2
0
234
108
169
22
142
2
224
1152
20
18
124
2
118
0
0
22
183
0
1
9
21
81
1
0
30
1
55
0
2
3
0
132
2
2
0
14
73
221
45
0
0
0
35
31
57
19
31
0
44
208
48
0
0
0
1280
24
1
0
0
0
0
1
0
0
67
14
17
1
95
4
0
40
37
99
1
0
0
163
100
131
0
0
141
0
122
11
28
0
87
9
36
8
2
76
0
93
0
261
4
0
1
63
391
51
0
0
36
1
2
144
266
1
1
1
34
3
66
101
2
2
13
2
1
10
12
59
0
14
55
1
0
1
1226
29
3
4
3
0
1
2
4
1149
228
6
30
4
7
13
13
3
0
0
34
5
0
8
1
45
0
8
84
10
2
6
6
60
322
8
4
0
0
5
0
246
4
16
13
174
247
101
27
134
1
0
1
85
18
153
1
2
76
62
138
2
159
42
28
35
5
144
100
7
6
1
49
5
0
1
52
1
0
1
0
2
68
278
37
104
2
3
24
21
0
3
0
21
4
11
18
119
10
4
5
83
26
27
117
0
5
6
36
33
0
5
16
0
7
1162
3
5
6
1
194
160
2
1
162
0
92
6
0
0
0
86
18
21
0
2
0
2
124
12
3
2
3
65
9
3
3
3
14
261
112
189
29
1
8
0
261
122
22
116
128
5
1
64
248
0
138
0
0
22
1
1
128
15
71
2
60
0
4
0
3
90
3
3
0
1
0
0
3
123
20
0
3
0
1
1
5
26
7
0
2
1
2
320
188
0
0
0
0
2
7
84
16
11
0
3
1
3
0
4
23
6
12
33
3
1
1
4
0
13
33
3
3
0
5
5
3
2
53
0
4
0
1
2
0
7
140
21
6
0
3
0
0
12
9
18
59
238
0
9
1
12
136
0
0
245
44
1
0
0
8
3
6
83
0
2
7
7
103
16
7
10
206
0
24
18
0
22
239
224
304
54
140
62
67
47
30
119
51
0
5
15
50
32
156
0
1
985
124
0
147
1
1
2
24
39
0
0
2
1
570
869
8
157
34
468
1
115
89
26
0
1
282
169
50
22
165
2
117
28
4
146
1
18
150
3
0
32
64
152
1
0
0
144
33
5
1
0
230
352
20
10
4
6
0
0
65
0
0
174
163
48
0
1
0
182
288
299
23
153
2
114
4
16
159
4
4
22
0
0
0
149
10
0
1
0
0
1
119
0
116
2
2
56
5
107
0
3
2
34
18
88
2
2895
287
4
42
68
61
3
1
3
0
285
36
35
150
197
0
49
61
64
151
1
0
70
2
306
62
72
0
0
1
0
1
0
20
1
43
153
35
68
6
184
1
84
101
77
31
42
3
0
18
0
112
10
0
42
0
1
1
234
34
1
1
1
153
11
15
2
1
300
0
70
0
2
15
301
938
10
1
128
0
302
66
71
0
303
111
11
2
1
303
70
20
8
15
303
98
438
20
65
1
85
76
71
46
21
0
78
0
46
10
0
22
0
299
510
17
153
254
1
8
7
26
2
109
13
305
208
9
159
0
0
161
0
49
10
1
0
0
83
160
0
62
2
2
104
181
1
1
7
25
3
0
3
4
941
58
10
164
0
3
4
69
4
74
37
17
311
0
0
0
4
1311
1083
172
0
260
3
0
1032
305
115
40
132
2
192
0
189
140
237
0
0
0
0
143
0
151
230
15
24
0
123
0
98
376
25
0
0
1
1232
1
25
0
212
184
36
25
5
80
5
151
0
12
214
23
11
0
37
11
0
0
1
72
7
2
17
0
0
2
160
6
1
1
67
10
34
0
5
1
3
37
50
24
15
8
3
3
0
1
91
0
3
1
150
6
44
3
3
20
1
5
130
36
37
3
5
0
0
7
80
11
46
0
3
0
2
5
1
1
1
8
3
3
17
1
40
2
0
10
189
18
0
8
139
1599
12
143
3
0
4
146
140
15
67
5
120
0
159
103
9
23
0
1
5
52
41
1
1
2
194
53
3
2
3
144
429
3
1
251
9
163
1
1
113
5
23
22
1
5
114
73
23
5
7
714
192
38
0
7
0
0
148
204
19
5
52
175
122
0
158
68
53
2
0
5
333
134
94
17
153
18
0
105
38
206
0
24
1
1
51
184
1
191
0
1
75
103
0
0
0
3
194
2
121
41
20
1
4
447
6
89
1
1
191
3
20
169
0
43
336
205
47
142
1
214
0
260
195
84
34
0
27
1
188
12
7
164
1
0
1
169
116
43
0
0
1
3
1261
32
0
3
2
1
1
188
0
157
6
1
0
5
224
8
195
4
0
5
0
23
89
168
5
0
0
6
136
84
76
0
6
0
1417
383
684
0
165
74
3
6
0
76
0
0
2
0
20
99
43
46
0
59
0
341
97
8
75
0
237
342
229
65
5
213
1
73
6
3
262
209
2
170
11
9
57
0
0
72
1
47
1
0
1
54
200
59
0
1
2
0
6
2
0
79
1
87
71
3
4
0
84
87
0
13
347
75
10
57
0
215
0
109
61
8
0
42
1
276
0
76
1
1
1
5
1
0
0
3
9
17
4
79
3
0
102
240
88
22
3
3
85
0
5
228
1
2
1
5
1
1
1
201
26
33
1
2
5
49
87
1
2
1
1
12
7
28
12
0
0
0
1
1
286
193
414
134
237
44
0
152
26
411
130
147
246
149
11
10
78
0
203
0
100
359
37
79
1
1
0
357
160
20
7
30
5
2
2
51
1
2
0
2
253
92
56
2
3
38
0
33
1
3
3
117
303
0
0
3
5
5
83
5
0
380
198
6
19
271
381
0
15
35
1
0
222
1667
389
79
9
202
0
382
262
29
1
1
262
55
0
1
1
5
8
17
171
0
176
365
58
89
42
92
0
0
286
131
7
35
178
1
1
1
1
188
2
0
2
1
1
0
1
258
16
49
124
9
3
367
141
94
77
15
296
131
5
21
37
0
248
0
17
13
49
72
0
1
0
13
298
25
1
0
24
0
2
19
18
105
2
4
60
81
72
39
0
254
5
200
3
95
0
6
104
23
32
173
1
1
1
2
205
50
0
79
31
2
25
6
4
33
5
75
6
0
0
0
8
61
10
2
31
8
0
398
197
60
93
173
1
297
399
284
29
76
95
171
8
101
0
248
47
2
172
6
0
2
1093
18
188
2
1
261
0
2
0
1
0
224
128
74
172
0
404
174
22
1
1
6
255
8
65
8
6
0
6
405
10
1
156
0
6
34
165
225
137
30
1
144
0
0
78
5
34
2
103
217
66
46
2
184
0
4
30
36
3
0
0
224
13
22
3
3
0
0
0
52
41
4
0
334
47
1
1
2
8
5
389
1298
0
2
131
2
31
5
0
0
1211
11
0
2
328
429
2376
3
0
34
2377
29
38
88
1
5
83
2
5
0
0
0
0
2
1
401
3
1
802
3
27
0
67
631
3
0
0
3
27
0
0
0
0
1047
0
2
0
3
63
0
3
12
0
251
165
12
0
0
86
0
0
10
4
1880
1
4
0
4
1
762
23
6
48
1109
0
1
0
0
1171
0
0
1
63
0
1
2
3
5
0
8
1
13
0
1
4
10
1485
0
689
971
47
3
2
0
21
0
0
0
2269
36
0
36
2967
16
6
22
1480
6
1
30
1574
0
5
0
1261
44
0
20
605
1
0
0
12
2
1
4
32
0
2
0
3
1
0
0
1
1
3
1
2
5
2
182
0
141
3
32
3
0
2
3
17
2094
10
25
1633
1
0
0
0
0
1
1119
0
4
1
1060
5
26
1121
6
0
135
25
496
1
70
72
52
3
4
7
185
22
14
7
0
0
70
0
0
14
1
12
1
0
0
1
15
0
0
1
1
1033
2
0
1
66
626
1
0
3
6
9
16
1
1
0
0
1
66
386
242
97
164
0
330
384
283
9
171
2
0
1
21
56
384
168
1
0
384
46
359
1
364
271
54
0
310
357
213
56
243
4
0
268
62
25
0
0
358
30
24
39
229
7
304
338
327
58
144
288
332
248
189
79
283
54
333
0
117
23
35
10
0
0
327
251
12
34
112
10
59
0
431
107
49
0
265
0
198
54
0
0
1
314
145
27
4
8
0
1
2
291
13
0
0
2
3
435
3
1
0
1
4
306
233
70
13
128
40
262
291
340
52
121
0
250
286
276
34
3
72
244
76
1013
2
62
275
245
1
7
275
287
107
2
0
259
202
384
1
66
2
15
21
5
253
166
0
0
154
27
195
166
19
3
172
2
243
190
340
0
58
245
243
235
79
129
0
1
192
60
94
1
6
229
233
1
158
195
4
1
42
34
34
191
225
283
1
60
18
0
0
0
0
136
27
59
0
224
97
5
8
2
209
2
20
8
136
4
24
211
0
136
82
0
0
0
216
112
37
83
5
212
110
21
81
2
1
207
1452
31
7
12
208
12
4
3
0
1
213
36
6
3
1
200
74
38
0
79
179
38
208
179
24
32
54
27
0
210
161
31
49
52
0
1
1
200
288
114
58
0
0
1
0
207
168
7
2
94
2
2
0
208
59
96
1
209
186
56
32
0
48
201
167
83
3
197
381
1
1
314
1
177
184
1090
5
69
0
28
0
6
187
189
99
93
131
3
0
182
2
36
4
66
1
0
0
0
7
4
70
211
162
9
7
55
80
0
172
103
42
16
0
159
168
145
30
63
0
1
34
132
93
30
106
0
3
2
32
123
100
119
194
0
6
41
2
127
389
68
10
123
124
30
5
214
0
0
0
112
76
58
34
0
17
0
0
113
89
113
0
26
109
91
41
21
48
113
99
76
64
20
19
0
0
0
115
95
222
1
2
90
1
15
0
49
106
30
11
41
2
40
1
261
42
12
0
25
1537
95
34
30
20
0
92
90
178
36
55
22
52
91
51
20
2
91
33
0
0
457
234
10
1
1
41
0
2235
4
47
2376
5
0
0
2368
5
3
50
1
1
25
21
347
2226
0
0
73
5
2
2
0
0
1
2
2
0
0
2
1
2
0
3
0
0
1
0
1
1
0
5
6
3
7
5
3
1
3
1
2
0
277
1
4
1
0
6
337
0
3
0
43
7
0
1
8
2
5
0
8
7
4
0
7
1
2
2
4
9
2
0
5
6
6
0
10
13
8
0
16
8
1
0
12
8
6
0
3
2
9
2
10
11
7
1
13
1
3
1
5
15
12
0
22
127
1
1119
0
128
818
20
12
0
13
9
3
0
2
17
0
3285
26
48
0
7
52
43
2371
0
28
1
0
1
2
0
1
190
0
37
0
695
118
15
102
1099
1
7
277
2
0
0
5
1044
3
0
0
0
8
0
0
0
0
0
3
0
0
0
0
0
6
10
0
0
8
10
2
2
0
1
0
0
0
0
0
0
1
2372
0
7
63
1149
21
0
9
549
19
3
1
14
1996
1
32
2
7
0
0
0
0
3
3
34
0
13
0
2
1
0
2
2
2
3
0
3
1
2
2
0
1
4
4
0
0
5
2
0
1
0
2
6
5
2
2
7
4
6
2
1
4
1
1
0
3
569
1
2
0
32
8
3
2
11
0
0
1
0
18
1
30
5
28
3
11
4
4
0
8
1
1
0
1
0
3
11
1
5
502
1157
67
0
57
0
439
959
9
0
2672
0
3
9
0
0
2
0
16
7
26
1
15
655
0
1
2
1074
21
0
0
0
4
641
46
1
3
0
557
15
41
1
12
2
8
0
0
0
0
0
0
0
2
1
0
2
2
1770
1001
0
73
18
554
12
1
21
1
28
14
0
8
0
0
35
0
0
0
0
4
32
157
205
20
114
9
0
0
5
18
468
392
0
774
490
0
1092
0
0
39
1257
100
22
8
0
394
5
4
74
353
10
3
0
1
562
0
11
24
3011
1
0
0
6
6
953
3
7
4
1
0
2
238
0
2
329
5
0
28
1
0
0
0
29
0
320
4
19
1
2
0
82
6
4
3
8
1179
0
0
3
5
1
1
0
0
6
1
1199
62
0
1160
30
6
18
10
797
13
3
60
944
57
0
0
0
58
0
6
10
0
16
1
2
4
18
0
6
115
7
1339
9
72
0
0
1
663
10
0
0
1
1
4
15
5
0
4
28
18
7
0
19
0
0
0
842
0
0
65
0
10
4
4
0
19
2
1
0
19
2
2376
47
0
1141
2
0
8
6
17
1
0
1
0
6
953
93
0
1105
6
1
0
10
16
6
390
3
0
3
146
1054
0
2
26
1
0
86
184
0
6
0
1168
0
0
2
48
4
10
502
0
4
3
1
0
15
1
0
0
6
5
0
4
0
3
1
1
0
0
1
0
5
2
2360
0
0
0
2341
2
0
148
2546
46
26
0
0
0
3
0
170
1
2
0
18
0
4
0
0
0
0
2087
7
18
1269
10
5
0
0
5
22
0
5
0
38
1164
21
2
1
725
0
1
0
1
0
16
30
22
70
12
44
28
60
2
0
0
22
485
0
1
3
30
3
0
0
0
1171
30
0
4
26
3
3
0
0
27
150
0
0
0
1121
3
0
24
445
0
960
0
105
0
0
222
56
12
1
2
854
0
0
0
2
3
0
0
4
0
0
8
530
2
2
22
290
4
0
0
0
3
0
0
291
5
2
9
0
2221
7
0
0
375
1
3
1122
0
2
6
2740
12
13
0
32
0
10
26
1
0
216
0
0
103
422
8
1
1
7
921
2
0
76
209
0
45
1238
1
3
20
1237
42
7
0
2
3
2383
61
0
22
570
1
1
5
46
59
0
0
0
1
33
1
2
7
0
5
11
3
2382
3
24
446
0
5
26
2288
0
109
1
0
0
1
2750
0
13
3
1063
0
2
0
3
1
7
4
222
6
0
4
5
4
2
2
6
6
0
0
5
1
1
1
0
3
124
0
9
0
0
0
2
223
12
7
1057
2
4
3
0
1
2
0
449
1
1
1866
6
0
2
181
59
71
25
1197
1
24
2392
4
169
2393
0
1
26
1100
12
31
3
719
0
0
0
0
0
0
12
1
2
0
3
0
0
0
0
0
0
0
0
0
0
2
2
1
1
5
6
5
0
535
4
0
1
0
3
0
5
0
763
3346
8
1
4
7
389
362
55
242
0
114
390
123
17
2
0
391
298
0
0
0
109
299
12
470
223
0
2
392
299
59
2
0
3
2
0
60
1
0
0
0
0
5
5
471
393
6
562
0
1233
11
0
11
484
10
0
0
0
369
0
21
0
0
0
1
0
1
0
1
0
0
2
0
1
1
0
3
0
0
0
0
4
0
5
0
0
12
31
2
2
83
804
26
9
0
0
1
0
0
517
0
234
26
31
7
170
4
2
27
33
284
68
1
28
22
445
71
0
2
0
96
1127
5
3
23
0
1
1
2
4
46
1
438
4
7
40
6
0
0
410
3400
1
9
0
212
2
0
1265
3
0
0
38
19
21
56
15
2
24
1151
11
3
0
1
13
2
0
14
0
0
0
8
2
87
0
2
2
18
0
1
9
1
0
2
1
0
250
9
69
0
0
0
731
1357
9
0
0
0
0
194
182
44
2
0
0
0
19
0
3
8
28
800
41
1
1413
24
0
5
842
3
4
0
1382
0
0
1
1113
52
10
17
37
1113
0
0
0
0
3243
20
1
33
143
17
30
1046
50
13
3
5
1045
49
13
0
3
1044
48
13
1
1
1149
0
3
0
224
2
2
0
3055
0
1
5
666
6
0
40
800
1
0
0
11
1
32
224
0
7
0
223
0
0
1284
0
3
655
0
0
212
69
3
0
45
889
1
21
48
0
31
79
0
1
3
5
1
0
1063
3
22
0
5
5
2
13
470
3
0
396
304
44
0
6
1
649
303
40
0
665
1
2003
0
18
1
19
124
1350
0
8
45
1294
1
9
2863
0
29
24
3481
9
0
0
0
42
1129
27
0
30
656
0
0
0
0
2398
46
12
21
465
448
634
35
614
247
3450
2
0
0
0
23
0
322
16
0
4
699
0
3
11
104
455
2
140
58
338
0
263
3
1
1318
2
1
1
0
1337
1
1
0
41
1406
88
25
2
43
707
0
14
48
2415
5
37
0
2
1077
15
7
0
0
16
0
0
1
1
0
1
1
0
0
0
3
0
1221
3
15
0
2
167
1167
3
8
10
1
1195
0
0
5
45
1348
8
0
6
77
895
5
200
0
60
1624
31
227
473
1
3
0
126
397
5
1
145
0
755
6
0
2
0
1
2228
7
0
11
776
0
0
25
315
68
2
1
16
9
988
3
1016
1
0
0
0
0
0
0
1868
18
27
0
1
13
0
0
9
0
0
532
2
1
47
1
1
1
0
2
1
0
0
2
3
0
2
1
2
35
0
2
4
3
1
3
3
1879
3
28
5
53
2
1
1
2
0
1
789
0
0
0
0
0
6
6
0
151
15
0
20
316
51
0
6
163
0
1
52
3
0
1196
0
0
88
3156
215
2742
1
0
27
1184
88
24
546
339
0
3
2
1
363
0
2
1134
0
4
3
736
0
0
51
1189
0
43
29
706
1
1
0
5
2
0
0
0
4
20
3
2355
2
0
1
1166
0
2
0
6
0
2
0
1
2359
0
0
1314
1
1
0
0
1107
1
2564
21
2
14
1263
7
0
2
2
1265
43
0
0
0
1
88
544
1
113
3007
3
1119
10
74
16
3
3
1754
16
1335
2
5
1
601
8
1
0
67
7
28
2
0
64
16
0
13
0
0
0
86
0
0
0
1
12
0
0
0
0
3
1390
15
17
182
215
15
0
0
1
2
18
2
184
2
1
0
0
10
2456
0
1
1
0
2
0
0
1059
8
24
2
1
1
0
10
11
0
12
0
0
0
0
1691
35
5
89
3408
0
18
6
859
2
2
5
18
18
313
223
2370
9
19
547
7
0
17
2369
18
23
549
0
17
16
594
559
1
4
0
0
5
0
2372
8
2
16
1130
0
17
611
10
2
0
6
156
0
43
12
3345
69
43
2542
0
108
67
131
2
1
0
1
3
1
273
272
6
178
1
5
168
0
20
10
22
6
362
4
0
62
945
22
0
1
8
2667
0
3
21
861
19
0
1
159
6
5
292
2
2546
0
151
1547
7
1
5
3
189
4
10
1
1929
49
4
7
0
196
9
0
0
467
0
0
0
0
0
0
1
1
0
0
0
2
1
1
1
3
0
3
0
0
0
30
7
5
41
3
16
30
0
9
63
15
84
82
1860
1
1
0
2
55
0
0
0
1
2
0
1
687
8
0
5
9
104
3
0
0
1
0
0
36
0
559
1177
2
1
0
0
0
0
0
3
0
0
0
0
0
2
0
0
2
2382
1
0
0
2
1
15
366
1
455
490
0
120
14
7
0
15
6
0
2
12
8
1050
27
6
1
0
4
1427
8
9
213
0
1
0
0
4
4
473
129
394
104
0
3
111
9
0
142
105
2
0
0
1
9
1
1
1
1
361
37
426
9
0
1879
3
0
0
5
9
1103
50
13
119
0
0
0
0
0
0
1
1
1
0
2
2
2
0
3
1
1
6
4
216
289
2
2
10
653
0
0
173
567
10
2
982
1
0
10
1089
32
0
0
0
196
85
0
0
5
8
14
9
6
11
7
2
4
2
10
3
6
4
1
1
0
2
420
10
0
17
0
0
0
9
623
0
4
1
1
1
8
4
2
2
0
11
1000
24
2
2
1186
3
61
0
0
273
0
2
5
2
1
2
14
50
0
28
2
0
1
0
1170
1
1
0
2
0
1
0
5
0
2
2
2
1112
20
5
33
1187
0
0
170
232
1
7
0
1
1268
30
0
10
0
2387
1
42
103
14
775
2
10
38
780
50
3
1
8
10
907
29
0
1247
1
7
28
36
695
2
44
25
4
1
8
29
36
22
1258
17
1
1
3
870
0
1
0
1
5
0
340
2
1
0
833
335
11
360
6
610
6
148
0
22
4
694
1716
0
1636
0
52
1
0
0
1284
0
5
5
4
23
6
9
3
6
17
6
0
9
0
176
5
1
2
2
2
9
2937
0
889
34
9
205
11
12
3257
70
0
16
3
0
0
0
0
1
0
2765
32
0
1
0
62
3
0
1
12
1018
78
24
0
13
950
1
5
0
2
8
2
0
0
2
369
0
1
0
0
1
8
1
5
3
1
1
1
15
16
0
0
23
1
0
0
2
1
3
4
2
0
21
0
4
0
1
1
0
0
6
0
2
0
0
1
2
2
812
15
52
484
0
1
40
855
54
859
0
1
265
4
1
4
0
3427
1
172
28
68
9
85
5
158
3116
0
495
465
1
2
1
4
0
0
20
51
2
2
261
597
161
420
619
2
24
338
0
162
0
16
254
680
12
0
4
1
80
1
100
383
6
667
384
0
0
690
0
2
49
1558
57
1
1
777
44
10
1
6
0
0
0
0
10
0
797
68
21
1
2
63
0
0
0
0
2290
5
0
13
2383
1
0
1
12
1
0
6
0
2
0
7
2
0
5
33
2386
0
0
1
0
16
151
4
7
16
159
9
0
2
10
1445
2
5
0
153
88
12
33
75
0
75
640
12
0
3
2796
179
27
0
5
19
1
0
2725
0
0
53
1456
25
24
5
30
0
78
4
25
1438
0
85
8
186
449
28
0
62
57
1
0
416
58
34
0
0
0
0
0
0
1
416
1014
0
0
0
0
1
416
0
0
0
1056
4
0
3
156
12
183
78
2
0
5
157
0
0
0
2
0
0
271
17
0
1
38
0
0
0
2392
16
0
58
0
0
0
0
0
0
5
1
0
0
1
0
37
0
4
5
3
2
23
4
3
21
35
1
1494
2
0
0
0
1146
5
9
1073
0
1
49
1781
1
0
148
0
31
149
1
0
173
72
20
1
69
5
85
98
26
0
1
19
36
80
15
22
0
4
0
3386
14
1
242
907
0
0
1423
1
0
0
1606
7
7
1
2587
0
1615
1
1
1
0
1
0
0
213
1
0
450
1
0
0
238
0
0
1
234
5
0
5
5
1
1227
13
2
1
2528
2
1023
31
0
9
168
962
23
8
0
15
0
0
0
1495
0
87
327
7
0
27
0
11
40
1
6
5
55
4
0
4
2340
0
5
22
917
4
0
51
134
11
3
56
0
5
675
0
6
0
0
0
4
1
3
0
5
0
0
2
0
0
6
3
1
0
4
0
5
0
10
0
0
5
0
2100
2
0
11
0
0
0
0
46
2
2
0
108
0
4
600
2
1
63
1
688
592
1
38
5
110
18
923
1
8
1025
7
5
20
1
0
0
1
12
1
44
5
26
27
13
1661
6
61
1026
9
30
13
1026
0
16
18
558
0
1
0
1
15
0
1
0
2
1
21
1623
15
4
4
533
16
0
0
0
0
6
0
71
6
2
1
2
5
15
0
40
3
15
2
1
1
47
0
15
3
0
11
1
1
1
0
0
3
1
1
0
4
3
2163
22
0
0
1
5
3
5
1
5
4
4
0
2
1
21
7
53
12
0
3
22
0
3
0
19
7
4
0
2
3
2
5
6
3
0
0
24
7
3
0
0
23
10
65
0
21
1
8
1
0
1
1
1
1
1638
32
3
0
16
65
6
183
368
24
0
8
1812
32
14
0
0
0
12
1
0
24
1
11
184
5
1
0
10
0
0
0
2
19
1
1510
66
11
40
1661
4
0
252
0
5
1
4
92
0
0
0
0
3
14
20
0
0
0
4
0
9
958
7
93
0
0
3
265
3
472
7
4
4
32
1099
40
0
3
160
8
1
1
1
0
0
163
0
1
0
62
4
1654
0
0
763
189
0
0
1
14
11
0
4
0
18
1
0
0
0
17
10
0
1064
2
8
40
1064
0
1
45
1547
2
0
913
12
0
2
1042
7
0
0
11
46
1029
30
0
1
984
0
0
2
0
3
0
0
19
2420
0
2
1
20
4
0
0
2427
0
47
0
122
343
3
0
1
2056
69
0
3
734
6
1
4
1
1
1
0
5
3
892
82
473
0
42
542
10
447
219
3
6
0
362
621
32
271
0
137
1
0
1586
26
22
0
3
1586
0
19
0
0
1
0
1
0
227
2
0
42
1584
0
120
0
17
477
0
8
0
142
18
43
299
12
2
1
0
4
2
41
178
2336
5
0
8
7
194
2745
0
271
8
3
1034
22
7
1217
7
4
0
6
0
10
0
6
0
0
0
2498
50
1
187
3584
5
51
1
238
811
0
1
0
5
1
1448
1
6
18
11
438
0
2
6
2
96
3788
0
0
71
1628
0
1
4
7
0
16
0
1
0
843
0
0
0
665
12
3
1697
1
12
926
18
1
64
140
0
0
1
0
13
1
0
204
6
2
1976
31
0
10
26
8
10
0
1
12
0
9
3
7
0
932
0
20
16
4
1
6
133
1
1
1
22
0
0
0
1
133
0
0
7
135
5
0
24
3
1
2
3
2
3
7
1
1
10
3
2
0
1
11
2
2
1
0
5
3
3
2
1
6
348
12
1
6
7
2
16
2
598
0
7
1
133
1598
0
0
7
243
1181
15
0
0
0
1263
0
1
0
1
0
1457
35
1
28
43
0
39
0
0
1316
37
1
0
17
3345
0
2
0
1319
77
0
0
8
2437
0
1
0
3
0
1226
2
1
3
0
0
30
0
0
1213
48
1
57
2
0
0
1
183
7
182
815
0
12
1635
1
261
0
1
1
2
1021
0
161
870
3
1215
1
1453
1
84
74
0
0
926
8
1
1
3
1009
16
6
33
0
4
910
0
1
0
15
118
0
0
12
1422
13
40
74
146
0
0
3
0
0
40
1
146
1460
1
0
1
8
1518
15
0
0
0
0
0
196
1
14
0
0
197
1634
1
0
2
1648
20
6
0
0
6
618
25
15
1564
16
0
0
2
651
0
3
259
1740
11
1
0
1
1
0
1
0
2
1
25
0
0
430
0
0
1
6
0
3
0
2
5
1
0
1
6
0
0
0
7
8
12
4
2
1
0
5
5
3
0
2
10
3
2
4
3
1
2
3
0
8
2
10
9
9
9
14
6
1
7
15
10
20
7
11
11
0
3
2
16
1
0
2
1
0
4
2
21
16
7
3
18
4
5
1
19
3
11
5
12
7
21
0
21
1
6
2
15
4
3162
0
223
9
48
20
0
23
13
96
8
0
44
4
20
29
0
0
0
9
23
276
4
1
41
5
1
1
2
204
2
0
0
318
20
33
2
17
111
14
0
0
105
0
321
15
0
0
273
0
1646
60
6
1
11
1651
2
1
1
17
126
1
0
1074
0
18
46
219
0
0
1
1
1
1
712
0
0
1656
0
1
2
5
223
0
0
3
0
0
7
1374
7
2
84
218
660
68
31
0
197
3
1
0
303
59
14
36
0
41
0
0
0
3
0
0
382
531
0
359
30
286
0
0
388
535
1
666
69
5
2
1416
11
1
739
43
1
3
460
1
1
0
0
1521
0
0
0
14
1633
0
0
0
189
0
1
11
2
0
347
3
24
0
192
1450
0
0
0
343
0
0
1
0
1162
1
4
0
1
652
0
14
0
0
444
1
0
0
1
19
0
0
0
0
3
0
0
11
15
2119
19
13
28
349
1
30
0
2
0
1837
3
0
0
2
2478
4
3
0
2476
4
0
0
1
0
0
0
1
705
54
11
240
2
0
2591
0
0
1
43
90
8
1
59
0
9
2469
29
0
0
2
9
1320
0
0
25
12
49
10
0
10
949
29
11
0
27
10
0
32
7
2
28
2
1
2
23
2
3
29
3
1546
2
13
2
30
2
0
0
0
50
0
29
3
0
4
3
0
5
0
4
3
7
30
6
1319
38
0
0
1
33
23
6
1
3
6
34
12
9
5
1
3
0
43
0
1268
0
22
0
45
552
14
10
7
10
0
1
1
525
21
0
647
2
3
1
14
0
0
7
0
0
259
3
0
0
9
12
17
0
4
1
0
401
19
13
14
3481
1
5
98
485
543
427
8
0
0
212
4
10
250
40
0
101
306
0
339
29
255
1
0
0
0
0
340
1
0
4
3
0
66
2
2
1334
38
0
44
18
3457
22
1
0
89
1
432
2474
4
705
10
0
89
5
2
5
19
4
3
2
16
19
8
13
9
0
0
18
929
17
0
21
1390
2
17
14
0
58
0
2
1140
10
21
1
4
2
1
4
1472
0
1
38
628
54
5
2
6
539
1326
24
4
76
1596
0
2
38
301
1
0
1
56
545
24
294
3
9
110
3
18
4
0
195
568
1
0
3
1
0
0
1
1
545
2
2
2
578
2
0
0
1
940
1
11
3
110
40
29
46
257
75
1
32
0
3
216
0
2
93
0
70
0
1
0
2
75
0
0
133
0
4
0
0
0
1
62
263
0
1
1
0
1
265
35
19
1
0
42
0
0
0
1001
18
23
7
0
171
263
54
3
158
65
72
17
991
0
1735
0
0
223
1998
1
0
13
1129
0
0
243
4
13
4
3816
0
11
43
3
6
0
1
282
55
111
10
24
82
3
0
35
1229
2
10
23
66
5
6
1
1253
84
9
15
0
244
3
1
0
254
18
15
17
0
12
245
14
2
0
1
2
3
5
11
14
66
35
1
11
2
85
3
82
191
0
11
8
0
1155
0
0
0
11
178
1302
35
2
2180
0
15
72
1
0
1
0
0
1835
6
0
0
180
565
0
7
1
0
43
14
3
0
3325
1
1
69
2788
2
12
14
30
84
16
79
4
4
607
0
0
19
0
0
676
11
6
8
44
461
1
7
7
678
176
0
101
0
23
0
106
2
0
0
0
466
1
0
2
28
2
2
0
2
2
0
1
2
3
15
2
169
52
93
1
79
2
2
1
0
0
0
513
1089
51
242
288
699
13
3
1
154
269
0
44
2
95
10
9
1
0
0
2
1528
4
1
23
1
2
504
27
98
1
93
30
7
19
68
24
3
21
156
3
0
0
2
180
14
0
18
0
72
13
23
5
9
7
2
1
181
24
0
4
32
31
10
2
3
1
2
29
2
26
173
567
1
13
25
6
0
3379
87
26
7
1526
42
4
5
2
29
0
1
39
0
0
3443
1
7
3
1
310
43
0
1051
0
0
0
96
1
1
2
3087
5
0
2
0
4
223
33
0
0
7
215
15
0
8
1
16
0
0
9
4
2
1
1
2
1
3
1
6
9
26
0
193
3
0
6
0
82
3
12
1
12
366
0
3
206
1
1
0
227
16
0
34
1
17
2
325
8
14
0
8
0
82
8
0
50
8
26
0
20
1
0
224
1
15
2930
33
7
1
0
0
1
1
1
172
2
0
23
0
10
6
71
1596
0
1
469
15
0
24
335
15
1
2
3
1207
75
47
0
6
0
29
0
2
20
0
96
1
2
1355
0
72
0
2
1461
28
31
13
3
23
0
0
1
8
3
3
1
11
4
3
34
93
6
6
0
30
1
0
5
0
9
22
1
2
0
19
65
0
1
0
0
0
0
1340
7
0
0
25
521
49
0
8
14
0
495
1
120
2930
2
2930
1
1545
64
2
3
791
4
1
9
994
0
0
0
2452
26
0
0
0
1
0
0
2
1
2
0
1
1
0
0
5
1
2
1
344
0
2
2
1
3
9
1
0
3
1
4
0
1
2
1
6
5
1
0
4
0
2
2
10
0
4
19
1
4
3
0
1
4
5
0
46
84
0
38
1335
12
293
3
14
0
1170
3
0
1568
0
2
1138
3
2
1389
45
12
1
105
15
6
7
19
0
77
2
5
10
13
3584
77
20
16
11
3334
0
1
65
2
76
318
6
0
3
4
0
0
0
0
0
1917
56
1
2
1
0
20
1
0
0
4021
2
20
29
974
19
0
5
9
1
20
0
7
5
2
343
282
0
430
501
1
7
0
548
44
201
11
8
0
4
30
0
11
0
59
7
298
2
2468
13
70
1769
0
0
2320
0
20
0
0
2
0
73
2812
0
202
1
16
3
0
0
2
2
0
4
59
1
0
5
3
2
9
0
1
5
0
2
5
2
0
2
5
80
6
4
38
7
2
1
0
8
9
6
0
11
10
4
1
7
5
6
0
7
10
4
1
6
1775
7
1
15
10
2
16
7
7
0
12
11
8
4
13
8
11
10
2
1
0
2
7
5
1
7
15
11
7
7
15
3
0
4
21
1
0
24
2729
27
0
71
15
7
0
8
17
5
1
16
8
14
0
4
17
12
1
20
3
0
6
0
28
17
13
0
18
3
3
2
13
1
18
0
28
10
8
1
19
26
15
0
34
1
22
2
9
24
0
0
35
15
11
0
15
29
16
0
27
21
4
1
35
21
16
1
16
27
0
0
0
35
8
8
0
9
22
0
33
32
12
0
43
23
11
0
37
17
26
0
25
40
33
4
1
21
29
0
48
28
0
0
15
16
23
0
2
42
12
1
45
16
11
0
48
21
14
0
49
44
31
2
21
40
36
0
51
38
5
1
4
565
138
1
3
1
2521
15
6
0
3
3
12
66
26
3
0
147
8
1
0
8
1720
0
14
2
5
10
0
0
0
6
4
108
9
16
1
16
1848
1
0
0
1
1753
73
7
32
63
2524
132
1
4
3
414
6
2
3
1077
0
4
0
875
0
2
1
0
2
6
0
1
0
0
0
0
5
826
0
0
0
1
5
0
4
2
5
3
2
1
1
5
18
7
2
1
0
7
7
6
1
0
0
2528
2
0
15
1103
0
4
0
3864
1
11
1
0
449
1
1668
6
1
0
30
605
1
0
0
0
0
0
1
0
273
4
29
59
1488
4
54
431
52
0
10
2
7
31
1
1499
57
10
65
0
50
57
0
51
0
0
1
3
3
2
832
4
54
2
1
0
6
0
5
0
6
179
0
3
3
15
245
4
2
4
2249
1
185
120
0
2
635
2
0
0
187
38
1
0
1
10
695
1
2
534
29
435
3
0
2
69
2536
22
0
11
0
0
0
25
376
21
3
5
5
28
0
42
0
6
4
28
0
28
3
7
5
28
1
8
3
0
6
0
2
8
0
11
350
31
1
1
0
32
1
0
12
2539
1
0
1
0
8
4
3
2
33
5
31
4
2
1
0
5
5
1
3
36
2
29
9
5
11
4
5
34
6
4
2
2
38
796
61
1
0
2
323
561
274
19
2
554
4
0
334
267
142
350
4
228
35
1
1
0
0
3
0
0
0
0
1
0
1
1
4
0
23
5
3
936
3
2
482
19
17
15
2
0
12
1
0
0
55
8
2
3
61
52
7
923
0
4
1
28
620
20
7
33
3688
17
9
0
4
1968
3
71
0
1838
16
1
2
0
1834
0
0
4
0
1969
10
1
0
6
0
162
1837
12
61
0
2
2
0
41
12
9
1
0
74
0
0
6
0
0
873
5
1
1
0
0
1
20
6
1
4
0
4
0
2
1
780
0
47
4
246
3
54
0
1
2677
97
5
1
385
2
3
701
42
0
30
2
1503
4
1
0
55
1504
0
4
56
1
30
0
0
1036
2
1
636
20
0
49
0
1
441
4156
70
0
0
857
11
0
1
549
10
14
60
1
445
86
0
1
245
0
0
871
0
261
688
0
2
46
0
656
2
1366
6
0
10
40
3
2
0
3
0
8
0
0
24
2
13
2
3
317
15
595
75
1
2
108
696
62
0
0
39
0
239
21
2
0
86
4
0
27
0
2
1
0
1317
11
10
1936
0
301
0
0
0
3526
0
6
2
0
0
2
233
369
116
0
110
234
0
0
0
2538
4
0
34
1136
2
0
21
2968
1
74
99
1348
0
32
598
5
0
0
1
3638
0
3
1153
3
2
6
2
1
0
16
5
1218
0
0
19
1
1
77
1375
2
53
10
2
4
34
1
6
334
14
2062
1
7
0
2078
3
1
121
0
1
0
124
1
0
0
675
3
0
0
1646
0
24
1688
0
1
1
2
0
0
4
3
3
5
10
0
0
1649
46
5
130
429
331
171
109
10
373
27
986
17
236
3
4
2747
1
0
1
10
321
253
300
133
21
280
1
26
7
2
2
1
0
0
4
59
311
507
89
10
57
46
201
130
120
0
180
4
1
3
1
10
47
307
1
3
0
20
34
532
5
495
0
4
303
9
0
11
27
3
16
1944
23
8
10
0
1
9
0
426
2
0
2
2
5
4
1
157
2
6
1
160
1
6
1
823
1
0
0
0
0
0
10
0
0
0
2
0
405
2
14
827
0
2
18
4
1417
0
0
0
8
769
0
0
9
6
0
1
1
10
5
4
1
6
1
2
0
2
6
0
1
3
6
0
1
10
1
7
2
9
18
3
29
40
5
0
0
1673
144
930
5
0
0
725
67
29
0
2557
2
6
676
13
2
4
44
42
1
10
804
0
3
0
9
353
2
71
0
17
0
19
0
0
1
259
88
0
22
1
86
740
68
22
11
1
51
1379
102
5
4
6
2558
0
8
1
1
0
0
34
0
0
0
242
0
1
0
20
1827
71
0
3
23
2
49
14
13
697
0
0
11
0
14
0
0
2038
71
10
697
1
0
2
0
0
0
1
2
5
2
3788
156
4
305
1
3
3
1484
5
8
3
2
0
6
1
3
0
1
4
0
0
5
2
1882
5
2
19
0
3770
0
2
0
1
8
12
8
3
5
14
0
6
5
247
4
11
6
4
12
16
7
2557
0
1
20
0
0
3
0
0
0
1396
78
0
13
264
13
4
1042
0
3123
33
8
0
0
12
8
18
2
3
11
0
3
5
7
11
786
16
1
0
1
393
0
34
0
315
35
0
0
316
4
13
0
2395
2
8
0
2047
11
1
3
4
616
259
884
2
3
0
47
1
1
4
885
106
1
0
5
884
4
0
0
2059
3
4
0
36
4
27
59
2
0
7
1277
232
2065
0
9
408
0
0
0
0
1
4
2068
1
0
1483
71
28
8
20
1621
111
0
15
1555
0
0
12
411
1
26
4
24
28
5
50
24
13
0
48
332
25
0
10
49
31
11
61
4
35
29
23
1
0
4
27
29
4
2
46
16
22
3
188
31
3
193
9
353
32
5
40
0
1
0
12
5
291
41
27
1
7
41
30
1
0
0
1
193
38
66
11
42
130
17
15
5
3
260
37
0
8
4
6
39
2
44
54
3
23
6
1
1
0
99
40
4
10
311
21
2
1
2
77
17
8
41
234
41
13
0
0
34
1
4
2
7
6
36
28
4
62
11
103
6
1250
0
2
0
5
485
18
3
3
50
854
21
1
16
5
12
0
3
16
1334
27
0
17
253
0
1
0
58
15
5
1
14
2779
20
3
27
16
0
0
2390
26
4
35
959
3
3
0
1
2537
0
9
0
39
25
1
21
27
1
99
35
16
227
6
10
2
10
15
0
140
0
0
320
32
0
14
6
1
31
1
0
0
1
35
0
0
64
30
0
0
1
0
4
908
65
12
0
0
3
12
226
38
328
51
1203
0
7
19
631
7
0
34
1852
8
0
9
14
100
0
8
0
0
5
0
11
18
4
323
15
0
1457
16
0
8
0
1051
0
0
1
14
43
1739
108
0
0
88
470
0
127
8
53
0
76
409
4
0
132
482
2
1
64
36
0
241
0
2
57
191
251
0
0
3
0
2504
0
281
19
16
448
11
0
24
1778
7
69
315
1
0
18
1
0
3
1
5
45
317
23
6
1
20
1
0
18
0
3
56
1
50
0
83
207
0
8
76
4
0
159
10
16
17
49
0
7
4
207
19
51
10
0
4
15
2
37
59
41
8
0
62
39
1
10
13
11
65
1
231
37
2
12
10
1
2
24
0
250
19
1
24
5
74
0
2
1
0
14
3
3
14
0
148
2
2520
3
0
7
313
595
0
1
2
51
28
1958
65
25
3
1
2
973
72
4
2
0
5
12
0
1
988
75
0
4
2
119
0
2
9
26
1
2536
0
90
0
1476
2
0
35
0
1
1
1
34
546
2
13
37
621
3
0
4
235
2
1
18
331
2189
48
29
741
52
0
31
8
0
0
901
170
12
0
29
224
690
230
238
629
24
1340
0
35
0
5
756
23
6
762
44
66
886
26
0
0
45
3859
53
9
0
35
8
36
1
0
57
0
1
36
29
0
0
113
1
4
0
0
2
932
5
3
0
5
219
2
37
4
0
0
387
26
14
0
219
16
0
16
1707
28
12
4
0
1
0
27
5
0
0
0
8
16
214
202
183
4
0
276
555
125
190
16
1022
1
6
1
17
55
16
237
0
0
0
208
21
1225
1
0
1
0
13
278
1
6
13
3
20
61
0
2549
5
1
1
391
643
0
0
0
0
1505
42
0
99
948
0
0
5
3
300
1522
24
3
2
14
331
423
97
0
11
1
1
2
5
690
0
24
585
2116
3
16
1
8
5
0
0
0
0
30
62
7
0
4
4
2551
167
45
21
1
86
1
0
13
1
16
0
2
12
4
1
4
0
1
1
1
3
14
2
463
4
2
0
0
50
706
32
4
3
489
35
3
1
1
5
6
1494
0
20
0
6
1
1
0
2
0
1
0
22
7
0
939
0
5
2
0
6
8
0
12
0
0
1
1090
1
0
0
0
247
1090
9
2
0
0
193
178
12
344
3
3
1
0
1
3
0
0
1
1
0
0
1187
4
10
20
5
6
1
25
26
20
0
0
39
30
0
12
35
2555
3
1
3
328
2
0
3
59
1
3873
0
1
2033
2
0
9
0
3
2092
9
0
1
215
1
21
2133
0
347
2134
0
86
0
0
644
304
1997
4
17
2
306
643
0
2
0
1
43
0
9
0
1
9
305
0
0
0
0
214
65
42
34
1
95
182
0
66
83
0
25
0
3529
16
5
3
1419
61
0
0
32
936
0
0
0
25
1
3
5
4
46
1
1
0
10
3
54
43
0
43
257
34
1
9
7
2166
50
0
3
46
2
276
437
0
880
4
5
11
93
1466
21
3
6
50
1467
109
0
0
103
0
7
0
0
98
0
6
7
0
0
2
1
107
0
1
1726
73
811
156
0
74
808
12
593
3
1
17
1950
30
11
18
43
0
1
0
8
764
0
1
52
29
18
8
0
0
30
6
0
0
8
0
3
24
0
1889
16
0
5
719
0
10
0
393
2222
83
102
0
12
0
14
45
126
0
114
4
0
0
74
1754
75
0
7
101
864
1
0
83
0
0
126
0
0
0
0
1
0
0
1
1
1
0
2
1
2
0
1
15
1
0
0
131
1
0
1
1
0
0
0
1
0
0
0
1940
154
18
86
1751
92
1
32
1744
0
0
13
0
0
0
2
0
6
3
1
10
8
7
0
12
8
9
1
13
6
6
7
1
10
5
7
2
1
10
406
5
2
20
4
9
0
1
10
12
10
2
18
1746
6
20
12
10
3
4
6
10
0
0
12
13
0
8
21
1
0
2
16
11
15
1
2
20
828
8
0
7
10
2011
6
2
61
1
0
3
270
648
32
9
1
1
13
357
4
2
0
1927
0
0
12
1
2025
5
54
5
801
0
0
0
0
802
1
1
0
0
6
1708
0
19
1
3
11
994
0
0
2577
8
0
1
2
43
19
4
0
4
4
1
9
0
2
10
8
5
0
6
30
0
0
0
3
0
0
0
9
9
6
296
3
17
1785
73
6
0
3
1
947
14
0
0
51
13
1820
44
0
0
31
1819
12
1
0
0
0
13
6
0
1
0
0
56
2
2
1
0
1
3
1
0
3
4
0
1
3
892
56
9
29
108
3
1
0
1
2
1
22
7
54
1
0
0
0
0
3
2
2
21
3
3
10
118
10
6
1
2
11
1
0
1
0
0
0
0
1
1
0
1
4
45
0
49
8
8
1
5
1597
5
14
25
15
9
0
0
0
1
8
5
9
1
2
2
2
0
16
14
0
0
0
1
0
0
1
28
6
10
0
12
2
0
0
0
1846
5
25
0
3
1200
4
6
1
2
0
18
0
0
2
96
1931
11
0
2
2
194
66
4
8
60
0
59
10
254
9
61
0
0
0
226
66
12
9
78
3
38
236
0
1
10
0
0
0
0
0
70
0
185
69
45
5
81
4
63
1786
334
11
6
179
191
0
14
0
554
4
248
29
11
4
101
109
0
7
102
1
6
0
1026
7
0
0
195
1579
0
64
1
0
1
504
1
0
0
4
0
0
3
13
39
3
1817
0
6
0
0
1
0
1
11
0
1
1
0
2
2
0
2
7
14
46
2
32
1273
2
5
4
1
0
0
1048
762
2
0
0
1272
13
0
6
1
1
2
0
0
0
10
1571
0
7
0
0
5
996
33
10
0
14
2250
1
80
0
2249
13
48
5
327
2248
3
79
0
148
2
1
48
4
2
15
54
0
1
3
0
0
12
2
4
0
1
0
3
0
0
0
1
0
3
9
2
0
0
5
0
1
2260
5
89
1
5
3
4
1
6
2
0
46
1
0
2
35
0
3
0
3
6
4
6
2
3
7
4
6
2
5
7
0
5
0
6
8
6
6
1
0
0
7
0
2
10
5
14
1
0
0
21
56
0
19
9
10
4
13
518
6
0
13
5
11
0
2882
7
0
7
37
213
174
387
2890
72
2
2
1092
64
2
1
8
1090
42
0
8
0
66
6
3
1
0
210
159
5
0
10
0
129
41
5
1
16
1095
2
0
0
8
2
66
0
9
808
2
158
281
0
2
1
5
3
1453
6
13
26
14
21
19
2
72
51
3
84
32
26
0
291
0
0
5
0
5
6
28
4
11
2
1
1
1
2
0
1146
2
272
6
0
18
4
0
78
1512
41
2
54
1645
2
28
13
213
1180
0
0
1
0
0
1644
10
4
281
9
24
7
10
385
13
0
30
1
490
0
4
1
1
0
147
1
19
1
58
10
506
0
18
3
169
1
3
0
1
1
1
1
1
0
1
5
1
3
449
2
555
29
5
8
3
1039
4
0
1
0
7
0
8
80
2
1
2
1
96
0
1
68
995
0
44
3
4
0
7
72
1
622
5
4
1261
0
0
8
353
978
16
1
0
105
2188
5
3
0
0
2021
0
5
285
2236
22
3
2
504
75
2
7
6
986
72
43
0
7
10
2034
127
44
82
6
2152
6
31
0
9
2
73
44
0
25
4
81
0
8
2
1849
94
3
0
0
438
84
193
2
42
428
221
143
274
0
370
0
425
13
7
28
183
30
364
343
270
30
98
297
157
0
273
20
0
0
135
335
262
107
78
292
4
59
0
44
0
318
2
11
279
221
23
21
16
241
3
0
200
507
1099
340
120
7
0
0
76
167
43
15
1
87
1
2
159
168
146
31
78
40
76
0
0
1
0
17
2
114
1
1
178
147
35
98
2
0
2
277
88
2
0
129
290
135
0
72
124
3
133
104
1
36
0
0
700
0
0
2
3794
3
0
0
2379
2
65
746
17
1600
26
2
0
238
747
27
19
1161
10
41
1858
1
1857
59
3
1
3
21
0
21
3
11
49
1
0
27
1
277
4
19
276
0
2130
6
1
97
2642
0
4
9
1497
5
4
0
2642
0
1
1538
3
35
101
47
89
42
13
4
31
22
16
4
90
101
42
0
0
311
53
23
1
1
41
32
7
27
36
39
2
40
16
3907
2
60
1330
4
21
2
2056
70
6
3
6
39
0
52
13
0
12
1
50
6
4
1
4
2
0
1
1
9
25
3
22
1
1
0
41
4
1
2
0
0
11
0
76
23
3
12
23
2
2
1
2
1
58
2
3
0
44
0
0
4
1
0
45
0
59
0
1
1
46
0
9
4
2
1777
8
15
51
1973
0
0
27
1424
4
0
0
81
1
0
1
1
1
16
1
1225
16
3
21
400
12
1
0
59
231
24
1
1
0
40
3
0
1
1
0
43
0
553
0
2
4
207
19
7
6
0
4
1799
14
0
9
10
1800
15
5
0
1
1
0
0
3
250
0
8
21
781
12
1
5
2104
39
1
3
21
2639
0
18
74
2
0
2
35
125
5
15
0
28
126
4
11
1
12
27
8
0
2
1
0
2
3
0
1
0
1
1
1
2
5
685
16
318
1396
11
218
85
1
3
2
2
45
0
2
3
293
48
0
2083
76
0
4
82
5
6
1850
3
421
327
2
1
307
752
3
13
0
0
0
2
3
84
69
29
0
3
65
210
70
0
65
6
1
0
262
9
66
0
832
1
8
809
2
2
8
0
834
3
0
1484
0
3
11
2
613
43
14
0
13
10
1
0
1
1
1
11
69
0
14
2
1453
0
1
52
3
0
1
38
0
1353
0
61
3813
0
12
4
2641
0
0
54
0
0
24
0
1
1
0
1
2651
5
5
2122
5
60
3
0
0
2
3
157
69
137
7
8
10
158
35
167
9
5
0
1
72
318
0
12
0
5
30
143
1
1
4
47
144
1
2
0
57
372
157
6
1956
0
0
6
0
1
461
0
0
0
2
0
1457
21
6
0
55
1458
0
0
0
0
1459
61
0
31
2039
11
0
45
1
1461
1
0
80
820
65
3
2
87
253
0
44
47
1125
17
18
0
242
177
1
240
1573
0
2
87
1313
0
33
2
230
1039
82
1
2
0
0
0
3
5
1
4
0
1
0
5
2498
0
901
0
407
0
516
3
8
3
153
75
421
107
0
251
4
129
4
0
0
157
20
130
0
8
1
1
6
133
0
0
0
154
8
0
0
85
79
18
1759
45
69
2
1
18
1119
1
6
1
15
314
7
0
9
15
0
0
0
0
20
1289
2
0
37
0
640
0
38
1
5
3
0
1289
1
2
0
2
9
3
0
3
3
42
0
2357
66
0
5
22
0
67
0
0
77
222
6
0
0
4
2140
4
0
0
0
6
1
0
8
788
11
5
3
12
1840
4
0
6
0
10
0
23
0
11
3
16
17
121
45
2638
30
3
0
851
0
98
0
1
4
0
35
66
224
0
2
51
0
4
69
2
0
960
97
0
4
1347
4
1
0
2
2
1
97
0
0
0
7
2392
3
3
1
2
8
1
3
10
843
4
2
0
58
3829
3
36
114
3836
0
1
60
2074
137
6
0
0
0
984
43
0
2
457
0
15
18
0
16
292
1
1
43
1
0
1
2
349
8
5
0
6
2129
9
0
11
1836
26
1
27
2
44
32
62
46
0
1
8
1
2900
0
25
4357
56
1
0
40
1897
7
0
2
14
34
1989
43
42
27
2459
2
2392
0
2648
0
1
332
2395
704
83
25
4
2650
63
6
1
1
951
2
0
3
2497
0
2
0
0
0
0
108
3
64
335
44
2796
24
4
82
115
4
296
2
297
6
1
6
2
6
3
5
3
4
5
0
8
6
3
2245
1
20
1956
24
25
657
243
0
2721
51
0
4
27
25
105
8
0
25
9
0
2
26
474
30
11
51
415
0
479
115
30
196
0
480
332
41
0
252
0
21
45
466
3
30
3
409
463
91
48
201
10
404
2
433
54
114
178
2
422
319
115
7
0
0
368
419
0
0
17
0
1088
416
317
123
15
3
415
59
59
173
40
416
23
156
0
0
360
410
105
25
376
0
143
394
3
168
99
2
342
385
270
10
0
37
330
377
236
28
118
98
350
378
278
9
156
0
0
362
62
87
1
20
498
315
295
28
0
78
343
272
5
1
0
298
0
339
105
131
273
2
294
322
980
50
89
184
6
277
0
319
254
162
75
0
0
298
534
267
6
73
1
7
0
145
51
15
0
87
21
32
3
135
13
77
88
43
44
31
105
7
0
318
1
126
5
37
9
33
89
59
11
86
2
78
318
0
31
15
0
0
66
3
0
0
85
16
2
152
63
4
0
277
585
34
23
66
56
32
0
109
1
630
748
11
252
46
39
55
122
404
271
32
0
245
12
390
39
220
238
259
0
24
93
214
419
1357
2
0
117
213
147
3
176
5
193
41
220
396
9
0
72
98
70
5
7
2
10
192
153
25
56
0
24
186
193
87
5
68
0
0
193
0
60
23
179
179
230
136
166
165
184
426
50
17
0
185
444
47
2
133
3
1
0
183
1
1
12
236
0
0
0
75
1
2
112
10
2
166
192
151
1
116
0
15
177
0
1
191
569
47
28
1
12
0
185
66
107
47
232
37
0
1547
115
118
0
0
185
84
18
9
170
183
238
3
12
49
0
77
34
183
130
392
2
0
177
212
21
4
162
177
281
23
83
161
176
141
0
71
1
36
0
179
225
129
71
2
1
169
13
19
149
36
154
1
177
135
54
43
16
0
2
178
141
6
123
0
168
209
326
14
4
46
199
160
194
96
4
145
19
66
126
138
292
17
3287
2
1223
5
2
0
2
0
867
17
17
0
7
11
0
2
1
4
0
0
21
0
1
1800
0
54
2
23
21
14
23
30
1
8
6
82
1
10
83
1
0
2271
1
4
154
2268
5
1
156
0
6
2
0
274
1
0
1
2
1679
56
0
0
0
2
929
0
5
208
361
69
39
71
9
108
241
0
1
4
4
9
0
273
1
53
0
1
3
679
15
1
4
0
0
0
1860
7
2
2
3990
3
21
1
10
2630
1
94
120
7
13
26
3
0
0
0
0
0
0
0
3
0
0
911
0
38
2
0
13
136
106
6
14
34
0
1
0
1
783
0
2
1945
0
254
0
0
6
786
0
0
2416
3
1
325
26
21
19
0
70
270
14
3
775
0
32
14
4
2689
12
1
0
10
0
1
40
2293
1
0
1
0
5
0
960
2235
17
2
0
170
14
3
28
2625
0
2
0
494
1
6
0
0
1
0
1021
5
19
4
143
43
146
0
3
72
20
0
3
86
3
8
286
0
17
54
1
0
10
3
35
9
2
253
13
6
2072
0
0
542
23
0
1
540
0
1
0
2
0
0
0
0
0
3
10
1
0
0
5
0
0
3
2
2
0
2
0
0
1
2096
24
8
2
1
101
24
11
25
0
5
10
340
5
29
32
389
0
424
76
32
0
142
12
4
7
0
4
0
913
1
1117
0
34
52
2258
4
4
4
13
0
8
35
397
102
2666
0
11
2
295
17
3
1
2
801
23
1
0
7
14
24
83
397
29
31
18
3
99
0
0
4
13
2
0
0
112
144
0
13
1947
0
6
0
0
2378
0
0
1825
0
0
1
10
0
2217
7
9
3
45
390
0
33
333
2
2
0
2082
29
16
113
0
227
1412
23
0
4
71
2543
97
0
0
0
0
0
0
0
0
0
17
0
20
14
2
2535
2
0
20
922
0
12
1606
2
45
0
0
21
1976
12
27
18
29
299
0
9
2
0
0
742
32
1
331
3413
49
74
0
8
1661
4
32
8
2
204
46
3
1
364
204
0
45
1219
0
1
55
2285
2
40
400
27
4
0
65
1968
0
0
2
15
1293
11
13
2
32
2
583
1
1
0
19
1205
0
23
0
4
9
0
237
864
11
1
1
1
126
12
0
0
3
0
0
2069
0
4
4
1
2
5
1
10
4
0
2
2
0
2
0
3
0
0
2307
0
0
0
0
1
0
0
0
0
0
2
833
0
0
9
616
3
3
116
54
1450
24
8
0
104
220
0
0
32
338
5
0
363
27
8
33
10
931
45
24
0
0
48
2242
28
25
3
2
0
0
26
0
0
24
710
76
2
1
1
711
20
2
2
926
15
50
10
5
3
71
0
1
14
1193
0
3
0
1
0
1194
1
5
0
427
40
11
1
2
82
0
19
3
23
0
2
3
4
0
4
7
1
1
0
4
431
92
22
0
29
1
3
5
2
0
3
0
0
4
5
0
2
6
5
5
0
2
2
1
75
185
48
62
48
41
12
39
15
0
56
44
54
2
2
47
4
45
242
0
126
45
0
0
0
0
0
49
46
0
0
2
3
54
3
1
0
0
0
1
3
0
1517
1
29
1149
72
2400
1
6
1
4
65
2
0
616
87
26
5
24
13
69
109
75
3
1
17
1
36
2
91
1
0
2
250
17
0
0
0
0
1
1
11
126
0
0
2
1
2
0
2
1
1
0
3
0
3
2
5
4
4
4
2
2
3
0
5
4
2
7
7
7
0
3
4
8
7
4
25
7
1
8
0
9
4
3
2
7
9
9
5
2
0
1
7
5
4
7
13
0
76
0
8
0
0
1645
16
26
10
1350
23
2
16
0
0
6
151
1
4016
84
87
2
37
29
1110
2
0
0
5
2295
139
1
2420
7
24
1650
161
31
3
41
0
75
3364
136
2
0
9
12
0
18
8
88
2
18
1638
81
27
74
2
76
257
82
60
53
0
253
1
61
1
0
1
280
2
5
2
2
1
279
1
0
6
1
1
0
86
34
7
2
0
4
119
0
0
214
19
14
6
68
2
0
2
897
1
0
0
27
0
0
2
1
0
0
0
0
936
41
3
0
1
14
113
53
22
4
91
12
222
3
1828
0
1
5
221
360
120
44
127
0
127
1780
1
1
0
185
46
0
0
12
1062
37
6
101
2
5
0
2
4
822
0
0
1507
7
4
0
0
2230
0
0
17
22
4
13
17
7
6
12
290
1
1
20
1262
52
136
3312
4
5
1
1
1556
19
0
2
251
1
0
16
23
1539
28
1
54
250
279
86
23
77
11
81
1731
1
8
3830
3
3
1468
89
3
0
4
2626
9
1
1
58
2627
3
0
0
1709
4
1
3
0
1
0
7
0
6
1048
21
42
6
34
0
0
0
0
0
1
30
6
9
1
1051
1
0
6
0
42
1049
19
1
2
914
20
45
3
39
3320
0
61
29
0
509
0
1
3303
135
3975
20
9
3
3228
614
30
91
172
1036
958
211
29
94
98
94
580
0
1
2
1
1
1774
1425
59
8
1184
1490
1915
353
6
1186
1491
1426
446
319
0
453
17
0
0
3
1108
454
3
73
70
5
390
3317
251
0
0
0
0
0
0
0
1
0
0
0
0
0
0
0
0
0
0
0
3183
166
1697
974
103
316
246
10
1332
840
189
287
897
830
0
0
2891
68
0
131
963
2980
167
324
1389
2
116
4
7
1108
3236
61
11
42
301
1102
83
1010
167
15
82
1414
885
806
112
32
4
23
722
896
9
165
36
0
3253
0
6
0
0
3297
4031
2
4
162
1749
30
10
86
788
11
259
258
1214
2013
45
0
0
0
528
1021
187
56
901
1319
529
0
37
0
0
618
1
0
1345
457
2
141
39
420
3
1
4
1103
49
2
471
3
16
1
0
0
0
291
0
0
0
1
5
6
1
0
0
2
0
356
0
0
2
1
0
342
473
1
0
4
2
2
4
2
60
371
556
1
4
0
3
291
2
0
931
20
0
1377
559
0
0
4
1
0
0
0
1
1
1720
2
0
297
0
1
2
0
0
0
0
1
12
14
5
0
1
416
279
3
3
0
1377
0
0
2
8
0
0
1
1
0
209
1
0
1
0
2
2
94
2
2
129
9
180
3
1
3
113
10
499
0
143
0
15
379
2
6
0
1
0
0
5
0
0
0
5
574
21
213
1
0
1
0
3
14
292
1
3
1
3
11
160
4
307
10
3
1
0
0
202
0
0
2
0
6
199
12
1
0
3
7
297
3
0
7
34
0
12
1393
0
46
24
0
19
185
1
1
4
17
0
0
0
30
2
31
7
2
15
1178
434
13
28
47
166
6
38
0
1
1523
37
0
1
165
592
22
3
513
0
0
0
1
2
30
248
1
0
189
28
0
3296
316
0
0
1
1
2
6
0
3
3343
408
2
0
5
0
349
4
3
2
29
2
0
0
0
320
890
17
7
40
1
0
1
321
5
4
5
7
5
8
0
1
9
978
2
28
7
5
8
2
252
16
0
13
34
4
0
0
0
19
0
12
34
330
15
2
10
11
8
0
12
2
33
627
2657
0
0
0
0
1
0
1
2
503
0
2
3
0
1
0
4
1
0
4
5
2
4
4
4
1
3
1
4
1
6
5
2
2
4
5
9
2
2
7
9
1
8
0
4
2
6
1
11
4
2
1
13
1
11
6
5
2
9
8
14
3
8
14
9
7
14
0
17
9
11
15
10
0
12
5
1540
11
377
3
1253
1764
0
9
304
1404
1526
0
227
13
305
20
0
1497
1
249
7
1226
0
0
2166
577
0
0
931
31
176
2
177
18
0
0
4
0
0
1
0
1092
0
479
5
1
156
761
1
35
0
1
1
1371
0
24
553
306
1
1121
3290
1729
2
172
16
2
192
4
0
0
2
1358
14
1
4
1107
1734
1
0
0
3
33
1723
3
2
0
1
4
584
1763
348
7
1
178
3289
0
28
161
0
0
417
3
170
311
380
1
0
0
0
0
1
0
0
0
1
2
0
2
255
32
169
1
1
1
57
1
399
5
9
0
9
15
1582
581
9
8
0
16
0
344
0
0
0
17
0
40
1
1
0
1
1
272
0
0
1
1618
12
1730
7
48
0
3
652
1
19
33
1412
4
0
0
8
50
3
0
3294
1
1
0
0
1
0
2
2
0
0
2
1
3
3
2
0
0
3
3299
1
1
5
1
1
3
3
3
0
5
3
2
3
2
2
1
3
0
5
1
2
1
5
6
2
0
17
2
7
0
6
39
4
1777
0
170
2
0
2
1
1032
5
2
0
4
1481
8
1
0
11
0
283
0
0
0
0
1
0
14
4
1
1
10
834
4
0
0
3
2
1
1
7
0
9
0
0
6
1
1
1226
0
2
1
1
1
0
0
0
2
0
0
1778
1
13
1
1
2
0
2
2
0
0
0
0
1
1
0
1
1
5
1806
21
3
0
10
3
6
6
2
2
5
2
3
1
3
2
34
10
16
31
32
15
0
16
1
6
3
5
0
0
5
1798
43
193
0
17
30
0
589
222
0
13
0
31
6
0
0
0
0
0
1
0
404
0
1
0
2
1
36
0
1
0
2
6
25
5
4
3
8
2
33
31
6
13
23
0
31
0
7
4
0
15
34
1
7
6
1
11
37
1
9
1
0
2
4
3
6
2
3313
1822
50
197
0
207
0
1806
0
198
0
0
0
0
0
0
0
0
2
2
2
2
1773
1
201
1
18
0
1826
49
0
178
1
63
22
26
1
2
32
24
997
0
0
3
3
0
6
175
2
585
2
0
69
0
0
0
1
0
0
1
0
1
561
0
0
9
1
2
1
2
19
1
2
15
869
3
3
36
15
2
2
0
0
1
1
3
0
1
6
0
32
0
0
0
3324
39
17
25
4
2
3
0
0
0
1
0
1
4
2
3
4
3
6
3
7
4
6
32
1808
15
210
1
15
0
1809
0
10
12
0
0
10
207
0
0
1811
0
2
1
1
2
2
2
2
1
31
3
1
3
0
2
4
0
4
0
3
6
2
0
6
5
2
1815
14
19
2
0
21
1815
25
41
1
20
29
84
7
43
0
18
1
0
1
36
1
19
0
1
0
45
1
0
3
1
46
20
0
0
0
0
0
2
1
1
1
2
1
3
2
3
40
4
5
22
5
3
2
6
3
2
3
3
4
3
6
7
7
6
8
1
2
3
3
2
3
0
3
4
4
4
4
6
9
9
10
24
52
56
23
4
26
562
48
1
62
527
31
0
60
49
0
0
226
0
49
82
1
62
0
83
1
225
0
0
83
0
56
1
3336
1
24
0
1
2
2
4
226
2
0
3
1
0
3
19
28
0
17
0
26
0
0
0
0
0
0
0
1
1
309
0
0
1
2
2
2
2
0
2
41
5
1
3
0
4
29
34
7
19
0
0
8
0
33
0
7
2
0
1
1
0
6
0
0
0
0
1
1
1
1
135
27
0
2
44
57
26
53
0
0
48
0
58
27
0
2
0
1
0
0
1
0
0
60
1
1
2
2
3
1
0
3
1
0
1
1
2
0
47
0
2
72
30
53
1
4
1864
30
7
14
261
24
0
2
1
42
14
0
0
35
1
0
33
1
41
39
0
1
63
0
1
0
2
0
42
2
2
2
2
2
0
1864
3
48
2
59
499
748
7
0
1
44
0
0
0
0
0
0
1
1
1
1
6
1
0
149
13
2
2
1749
0
2
1
2
3
1
1
4
3
4
3361
301
276
1
73
2355
231
104
7
35
0
1493
2
225
15
10
1174
0
43
0
28
92
772
0
3424
1002
0
3425
24
412
23
4
726
0
0
0
0
0
0
0
0
0
0
0
0
0
0
0
0
0
0
0
3405
1
3443
3958
1
116
6
3321
18
0
1754
401
56
0
0
31
1484
1070
249
14
6
77
566
46
1171
0
2127
0
1019
1
618
0
1019
1
0
0
3
0
0
0
0
0
0
0
1
0
0
0
2
0
0
0
0
5
0
0
1
3
0
0
0
0
3
300
0
5
0
0
5
1
0
8
1
1
7
0
0
0
0
2
2294
1013
5
19
42
0
0
5
1
0
144
78
187
0
1
1
0
11
6
0
0
38
26
23
0
87
72
23
210
0
162
665
2176
0
1009
725
7
0
0
844
2177
247
0
858
349
588
1130
0
4
1
42
2
0
685
84
633
2
7
0
1
544
589
0
0
0
530
177
0
0
1
682
0
1
0
0
156
0
0
0
1
3
3
2
2
0
2
1
663
2
0
0
0
0
3464
16
899
3254
59
349
7
0
0
3
1
2
1
1
0
2
1
3
2
0
2
0
1138
0
133
23
122
15
1
911
2
2
2
0
603
91
6
2
1
8
0
109
0
3
0
3
0
1
2420
292
1
1
2
0
0
4
3
0
14
0
898
11
5
1
4
0
0
0
4
2
55
155
97
243
3
0
3
1
1891
500
3
0
0
0
1663
24
594
5
1374
0
0
0
1514
0
23
489
0
4
0
15
0
2
0
0
781
0
31
1
2
4
0
0
368
490
0
0
0
0
0
0
0
1492
3
597
0
0
2
4
602
0
262
489
0
1
4
0
0
0
1162
1
0
0
1
0
2
1
15
330
2
0
2
0
0
1
2
1
4
1
1
3
4
1
5
2
1
5
4
5
2
1
2
5
3
6
0
3
1
6
2
5
1
5
7
1527
10
324
31
1
1208
5
8
2
0
10
15
1
0
1
0
3
2
6
1
55
4
0
462
544
3
1
0
258
169
183
4
1
4
0
10
8
296
9
9
0
0
1
104
488
8
0
0
0
0
175
349
74
141
0
0
0
0
0
0
4
6
0
2
0
0
1
0
0
0
0
75
1
2
187
9
42
0
87
117
0
1
6
8
0
0
12
0
21
2
0
2
473
8
0
16
8
10
9
1
0
12
1
2
16
4
20
10
0
0
22
0
0
0
1
4
0
6
1
1
3
464
1
0
13
1
15
10
0
4
3
8
1150
0
10
1
4
2
0
327
12
3
1
0
1
0
1
2
1
0
2
1
26
0
2
14
2
0
2
124
16
0
8
692
8
0
1
0
1
0
1
3
1
1810
11
391
2
8
0
1810
0
0
0
0
1
1
28
0
1
1782
1142
15
331
0
1
890
0
249
1
16
0
3
1
0
0
0
0
2
783
4
22
1
9
5
341
1
0
41
36
0
506
6
259
2
0
0
1
20
3
120
0
3
0
22
1
1
15
7
188
492
12
2
14
0
14
2
0
0
3
24
0
28
0
0
334
166
2
0
1
1
2
1
110
3
67
0
0
0
7
3
8
0
82
0
16
25
0
6
1
15
2
0
0
2
0
0
1
1
1
1
1
0
2
3
0
1
27
2176
0
0
24
2
227
29
29
15
2
0
24
0
13
28
3
28
0
1262
8
8
3
2313
1
10
6
41
9
11
10
0
9
1727
229
1
0
834
6
12
31
610
5
8
0
6
25
13
2
0
7
0
500
0
0
0
27
26
494
6
6
0
1
28
1
172
4
0
17
3
2
13
7
88
23
4
14
1142
1
15
3
19
35
0
5
39
20
0
39
7
2
85
5
0
0
1968
34
7
18
1
29
355
16
1
37
4
16
1
1270
24
1
7
16
0
8
18
15
2
34
2
3
102
24
4
11
11
0
26
0
20
8
9
0
4
50
16
29
4
1605
14
0
16
1539
0
609
7
3
1
31
154
1308
5
421
63
1
14
283
10
1
0
14
15
13
8
375
0
2
2
620
13
25
456
3
4
7
5
41
10
3
6
0
0
0
3275
0
0
10
1192
1
0
1150
2
0
1194
111
246
1069
90
0
2
0
0
103
0
8
13
0
4
16
238
3
24
6
0
0
917
2
1
1
2
1
239
0
7
4
10
469
20
6
3465
12
0
28
1
2
18
624
90
6
1
3
5
5
34
22
2
0
0
11
0
2
0
2
0
1
51
2
4
8
16
0
17
18
0
0
60
53
6
4
0
134
56
132
25
0
28
0
18
0
22
0
3
5
7
31
6
0
40
1
52
0
27
228
0
1
0
4
169
0
0
80
4
4
128
187
67
24
9
0
0
3
9
9
537
5
34
3
28
0
465
1649
157
0
232
0
1086
7
0
59
1
1
676
0
535
429
93
658
6
0
0
0
1087
0
0
0
0
0
0
0
0
0
0
0
0
0
0
0
3451
567
272
0
7
45
2
2
440
3074
671
64
236
0
1502
0
1733
810
599
5
283
117
3165
0
70
452
127
1
4
862
0
0
0
5
0
0
0
1
0
0
1
1
0
2
2
1
2
2
1
2
1
2
8
3
1
4
4
3
9
3
2
1
2
1
3
2
5
3
5
1
3
5
3
5
4
0
8
4
6
5
2404
7
1
35
87
25
8
27
31
3892
153
25
105
61
4442
280
13
58
4714
281
3
0
0
0
0
1
0
0
0
1
0
1
3
0
0
2
0
3324
135
662
0
8
1804
142
138
9
1
4
6
661
5
8
3
70
0
0
0
0
0
225
23
482
491
1444
201
181
274
140
848
475
507
210
0
7
202
415
156
245
0
0
275
29
1
10
1
2
350
366
37
255
3
1842
1380
26
444
1445
0
1
56
162
256
0
1845
978
365
143
0
227
25
127
9
2
0
2
114
1
0
443
8
3
203
170
251
3
1843
24
0
11
0
1447
1302
1
17
190
2
205
1545
1303
233
193
2
0
0
0
2
10
0
0
0
1524
2
89
2
1
2
1
13
57
0
47
12
570
4
1064
114
2174
586
189
23
0
1847
1546
265
63
0
634
7
1
75
1
514
0
253
221
15
0
259
2
66
598
8
1
2
1
446
0
51
0
1304
1848
1487
395
243
31
1
0
180
4
0
285
11
4
0
0
69
112
0
4
583
592
20
4
2
0
1
2
3
0
2
6
2744
190
30
143
0
22
2
280
0
19
321
57
0
0
2
2
0
1
0
0
1
0
1
0
0
3
7
0
3
0
0
0
5
4
0
2
0
3
3
0
2
0
0
0
5
4689
0
14
76
4688
0
1
0
1
669
1191
569
65
243
62
534
1842
2219
593
250
16
0
39
1452
228
0
502
199
287
0
153
229
0
0
263
1451
0
235
51
246
0
0
34
0
1
215
317
0
2
2
0
3
7
1
0
1301
2
212
130
13
1045
671
1547
21
0
17
1
582
253
193
248
2
1
1
90
28
321
13
1
1
0
3
564
2
5
1
1840
3
40
0
191
1
237
1248
19
90
122
28
2
4
6
366
765
0
6
2
2
0
0
1
201
0
0
2
1
5
13
1
2
1
1
2
0
1
1943
8
498
197
3
4
1594
0
678
3
0
1
363
580
7
3
6
10
463
14
1294
237
205
0
100
192
56
222
0
0
0
0
425
0
0
0
0
4680
29
2539
0
29
26
1
0
0
280
4
581
434
1
4
5
463
1841
897
423
472
4
1459
81
0
504
382
1
1461
0
0
13
0
250
1
1
0
0
166
117
231
2
1
1
209
7
1
2
0
108
5
121
18
24
2521
62
48
0
121
811
0
129
0
2382
0
3
5
576
432
172
394
54
458
691
20
92
14
243
17
2068
1604
1383
150
46
0
428
311
6
0
157
692
440
2
29
333
0
1843
27
504
203
352
1463
1606
10
403
26
331
0
693
0
70
6
0
580
168
0
246
2
154
9
122
293
1
0
1
695
29
19
249
0
1
8
65
46
46
3430
0
7
251
5
1
124
2
37
159
0
121
620
16
0
14
6
573
443
114
246
4
457
392
682
18
120
18
287
6
0
1843
7
282
1464
0
11
9
1461
1844
2227
139
3
1
0
694
68
227
335
16
2
1
2
1090
0
209
5
333
1
2
3
1
245
0
507
330
0
0
1841
1164
137
389
53
5
887
2
155
202
2
8
20
1
1098
1166
433
6
0
3
3
218
142
13
0
9
55
0
1
3
0
107
0
0
236
0
230
0
0
131
85
27
538
73
242
0
6
4686
8
0
0
0
69
0
0
0
2823
1
2
0
705
403
171
29
1119
691
86
249
1
0
2
20
11
78
14
0
32
3423
14
259
0
0
3
1645
0
197
0
0
0
3219
144
297
22
263
3220
683
5
23
820
659
4
48
0
126
9
0
5
112
0
3176
36
1
0
20
698
2
81
1
13
3
1738
153
12
52
113
1817
0
83
51
0
221
2
0
0
1740
347
11
22
1
0
0
0
218
0
0
0
7
1
0
0
0
31
3
0
0
0
960
83
0
1740
1445
197
38
6
1
1400
185
168
65
631
11
16
1722
1932
1036
2
3
1
1
0
0
0
1
8
44
141
3
19
0
1
0
3
21
1272
0
199
36
213
4
4383
11
0
0
268
8
19
0
32
7
0
0
4277
14
0
41
2998
1
2
320
3
282
0
19
1738
5
25
32
0
0
83
49
18
4
1
3
11
0
58
90
0
0
0
0
2
0
0
0
75
33
0
9
9
23
1920
1
4328
29
44
6
159
0
2
0
0
1899
0
9
114
0
237
7
2
0
11
0
3
0
0
4
68
2
498
0
1403
0
0
7
366
35
0
0
17
2979
399
7
146
153
305
300
3343
42
118
282
171
21
81
24
2
14
31
7
0
313
1
27
3213
7
4
0
1711
2
115
0
1326
0
0
0
0
0
0
1823
1265
186
192
4
1
417
1857
861
6
27
4
6
0
2
0
31
29
31
0
0
695
51
13
1
175
1833
12
0
15
0
2
3106
143
18
13
5
65
1112
580
12
0
1
3122
277
43
524
573
938
1
117
621
0
1267
218
0
0
5
0
7
0
325
23
2283
3
0
0
6
2
1
9
1
1245
1
2
0
14
8
0
241
1
1
37
3
5
2108
0
0
0
6
0
0
0
3
1723
112
0
42
4469
0
0
0
1056
0
85
25
3219
7
0
0
0
97
143
5
45
1
0
0
2237
3
10
40
2238
0
1
21
0
0
0
0
219
0
33
41
16
6
0
0
0
30
0
706
0
304
22
1398
0
178
0
9
1734
1605
117
9
1121
14
0
13
0
1
0
95
7
38
581
8
11
1037
1736
706
272
0
1823
1737
0
463
1
0
1737
1
10
3
1
0
0
0
4
2231
59
7
3
2
14
228
174
38
3
25
94
71
8
94
3378
55
71
633
337
0
0
1532
0
0
584
13
229
3
24
0
89
17
3
0
166
34
302
333
668
1733
38
596
0
41
61
0
0
4
591
201
338
12
63
1736
2158
600
168
433
39
1406
1
41
274
508
0
2
8
0
0
592
428
4
0
572
1256
209
53
509
20
7
232
42
212
197
325
1403
0
0
1
1
129
0
0
0
211
23
337
24
0
581
413
0
32
0
0
1
5
234
44
3
43
0
1402
2
1728
684
3
386
30
1404
0
1
1
2
0
21
2
0
1
4
0
0
1
2
157
9
1
0
1727
603
6
179
267
13
1
4
6
5
13
129
36
10
0
3
5
10
2
0
0
1353
1728
1499
5
0
1
0
0
1354
3
3
49
33
338
6
1730
1499
3
352
5
1
2
8
6
6
2
21
1
58
0
1
1410
0
2
4535
2195
1154
1
1
0
7
5
103
7
4
1
63
3163
23
1
9
3
0
0
0
0
76
11
0
337
1
0
0
1
2
0
14
0
0
301
0
3
1
0
190
1
2
2
1
0
2
5
1
0
40
0
6
0
1
30
8
18
60
302
2
44
4
0
1503
0
92
159
577
0
54
23
0
47
5
719
3
0
1412
51
21
3
3
64
25
720
0
7
157
1616
28
21
1561
0
1
8
378
5
1
0
1722
39
228
1
113
1795
1721
44
11
11
0
44
5
0
20
8
3016
1721
0
0
228
112
144
1
0
1
51
1
2
1723
1
2
14
1
3
3
0
1
4
3
4
0
2
0
0
46
6
28
85
23
15
0
3480
0
68
106
3009
6
8
9
3
3009
17
0
0
0
104
45
11
6
0
1027
37
0
116
219
7
0
0
152
18
0
6
9
0
0
4383
1
3
892
715
1
603
7
38
1416
23
717
1497
0
33
263
555
1213
17
533
174
243
1022
10
1
7
0
1
1
222
110
3
26
1
2
0
0
65
273
45
350
1
0
719
31
333
555
1
0
16
0
320
0
3
0
0
0
0
39
0
2
1
0
11
4
1723
1226
316
30
243
2
173
2010
370
248
6
0
0
3010
720
762
208
111
0
3
722
550
641
2
1
6
11
36
7
3
8
0
16
2123
0
27
5
127
8
0
1
4
1210
2
33
229
0
4
731
1
91
0
259
209
732
0
0
250
102
0
0
0
0
260
22
0
14
0
1
1210
22
10
66
2001
78
8
0
0
331
183
0
3021
3
14
29
5
2
27
1801
182
2116
16
0
3
1018
1749
0
18
0
478
241
0
1804
184
0
2
2
3
1
30
2
1
2
19
36
5
2
2
3
1
2
20
5
2
266
39
5
2
8
8
399
1627
55
634
17
34
1573
583
415
50
70
439
7
1628
1111
525
328
35
1574
20
0
6
12
37
0
1
426
57
12
15
0
1
106
27
643
38
2
165
29
333
16
2
1
0
0
0
0
1
1
0
1
1
15
3239
5
12
0
28
29
9
340
58
55
17
2
243
2
19
16
1
3
3
33
1
1
0
3
2
0
1
0
0
0
0
0
14
46
737
407
604
0
2
42
2
191
0
7
0
34
53
0
2
3
0
175
2
103
2
6
21
90
0
18
0
1
0
0
2
2
0
11
22
48
39
1
65
2
3
0
0
0
2
0
12
8
3
4
10
0
0
1996
8
14
700
23
0
0
0
0
920
0
438
12
0
59
0
46
135
1198
5
27
0
5
1
3
4
229
58
68
6
1
1
0
0
0
0
0
1200
17
40
68
0
2
0
57
1
1
0
0
0
2
0
0
2
4
701
137
599
165
0
544
26
0
11
215
10
1
5
0
7
1
15
2
0
1191
1297
219
18
1
0
0
2
12
9
0
1
0
0
47
18
1
2913
0
4
4
519
0
1
0
3
127
0
528
5
1013
3
128
151
0
0
52
11
6
18
2
0
0
146
34
13
5
0
951
580
524
239
0
68
582
153
122
101
0
0
25
1186
1583
412
423
2
1014
0
14
7
2197
0
0
497
43
4
7
52
1
10
13
6
1116
39
27
127
1
18
1877
9
10
0
0
0
2834
19
18
3
17
34
249
21
20
21
338
304
734
18
334
355
11
0
1
59
11
1
0
53
1437
0
1
3469
0
0
16
2
39
91
0
14
119
2
0
3
571
352
178
39
9
424
1630
1045
244
9
1365
3
172
30
41
32
6
102
12
0
41
55
55
5
17
14
8
1320
0
19
21
0
0
1608
557
118
155
462
0
0
1166
30
244
0
23
73
0
75
245
2
0
0
1169
382
1
5
214
1588
0
1
1
1399
0
19
20
4454
0
1
222
7
0
19
1000
1877
513
357
501
182
1543
541
22
0
1
15
10
56
11
3
9
4
29
0
249
0
1727
18
0
56
115
38
58
0
0
2
78
0
8
1
76
0
710
451
23
8
80
31
54
568
102
257
362
1438
0
1727
1494
161
14
180
1
1440
1153
934
193
0
1159
63
326
105
0
570
75
181
52
2
0
0
0
13
569
42
13
349
35
0
1
262
43
335
1
1638
1093
1
868
16
102
1
67
13
32
1
0
15
37
19
16
18
2
2
2
48
238
8
2
0
0
18
1
13
0
4
0
2
0
0
744
1500
17
125
16
568
19
4
8
0
23
1
336
180
91
255
91
11
61
2
35
0
0
214
10
0
4807
359
0
0
1017
3598
16
18
1822
98
15
1
29
0
7
23
62
1
2
2
0
25
1
0
2
41
0
62
0
4
4752
6
141
39
23
2
2
0
3
5
1352
1
4
0
0
434
4
7
0
302
189
0
134
1
9
9
27
36
0
25
0
0
28
0
0
0
1
319
0
1
0
2
0
11
30
2
66
58
16
11
2
88
1719
2206
9
301
45
6
15
2
51
0
0
32
2
0
6
63
0
0
6
1
7
1
0
101
0
63
2
12
572
3
510
1923
27
0
0
133
524
693
1
2
203
0
0
573
745
137
424
1
575
1
2
205
5
0
0
1710
6
412
1
1432
3422
1715
1502
121
1437
46
172
35
8
2
352
0
572
107
566
122
50
422
0
573
92
2
73
0
149
9
2
161
2
575
434
96
7
0
0
1714
661
414
92
427
2
1717
1496
185
22
428
3
9
1072
1396
618
5
0
0
9
5
318
7
144
3
2
0
11
0
162
5
0
0
1717
1081
349
1250
8
7
1792
1720
835
96
927
11
0
158
25
6
0
2515
5
2
633
423
9
8
4
11
15
25
1
1714
1048
453
69
67
103
159
753
2214
57
127
346
60
755
13
171
354
62
512
0
0
1727
253
17
7
20
155
1710
8
86
53
8
254
24
625
485
0
156
0
5
1
41
0
0
128
3
0
0
0
3
250
0
70
3297
7
3
9
8
39
4
10
2269
11
49
67
0
0
1740
0
10
28
30
93
1
10
7
6
0
1887
28
122
14
0
4
0
0
0
1
0
18
0
3
1
4
1
2
20
1
0
1891
0
130
4
5
32
2
0
0
0
22
15
1
27
4028
4
44
25
0
21
1110
55
656
9
1516
79
150
23
3
0
1384
1
51
0
26
20
0
0
0
139
175
88
0
2
0
50
30
481
6
4009
22
4009
0
0
4010
8
2463
0
0
0
0
4005
0
0
1
0
4011
1
46
6
37
3
0
0
3
1
4
6
135
3
1712
16
1
0
464
20
0
36
3
41
0
35
216
62
8
49
1710
1071
214
0
48
12
1443
0
0
0
212
1
0
2
0
13
27
46
0
1
13
46
9
3
1711
58
202
11
9
3
0
1817
1492
333
1
4
2602
6
5
25
5
19
25
0
37
11
390
354
126
1
58
2
303
2
8
11
0
7
0
1
9
338
3
1
14
566
460
50
16
350
14
18
7
1
1
7
2
2
3
14
88
1709
986
194
218
228
22
1449
0
0
11
2
2
2
716
24
445
381
5
4
571
73
357
371
0
2
1
14
6
0
5
1708
1501
569
422
26
3
1
1
22
57
1
6
69
1
1
1
0
0
99
0
0
12
0
0
1
5
9
21
46
0
2
184
64
19
7
27
56
58
0
0
2
3
48
1
13
2
0
1893
1068
92
11
6
971
29
27
8
67
25
1965
1059
156
22
0
38
7
13
9
21
0
9
0
0
12
30
10
0
0
6
1706
100
10
189
4
1452
565
427
6
8
36
38
0
3
566
6
24
4
408
1721
5
44
36
237
1
249
1519
0
0
19
6
0
15
457
20
115
3
5
18
65
2
211
54
0
5
0
0
110
0
0
1704
2226
166
309
1451
0
766
0
0
6
0
162
24
26
180
59
1706
1105
84
119
1144
1639
0
0
0
0
24
1
1594
24
1
11
17
1
9
2
0
11
1
19
128
0
3
235
2
85
0
0
0
0
27
0
7
1077
2
3
1
88
18
149
0
1703
1086
9
1453
563
103
43
6
58
8
563
14
3
1
177
1
427
134
5
0
0
1
0
456
0
0
82
254
61
0
2
0
6
2
1
0
2
0
523
568
406
18
0
57
2
5
2
37
39
1
4
1
262
2
1
0
6
1
0
9
4
0
0
0
29
6
0
0
0
8
5
2
6
4364
8
2162
3
0
0
79
235
8
2
5
0
0
0
0
0
1
17
2
1
2
53
0
3058
0
42
4
3061
1
2
758
1
6
0
0
0
202
2
0
26
0
79
1
0
3445
1073
1103
2
5
348
9
974
69
6
12
5
75
30
0
1
0
19
2520
5
6
0
5
1071
0
231
0
0
22
0
0
1
1
1
1773
87
43
4
1
4
1
0
246
3
2
0
0
0
0
0
1
1
1
1
1
0
1
1
0
2
773
426
565
139
0
0
16
68
0
1575
16
393
355
1341
0
119
437
238
26
0
32
17
24
10
76
129
90
52
42
381
192
1
5
143
98
340
1
3944
0
0
72
882
282
4
93
0
3020
2
1
3
6
1
0
11
3
1224
104
35
292
10
105
42
1068
1402
227
13
0
9
9
150
11
545
0
1
78
104
783
14
438
32
99
35
21
784
62
4
240
0
0
0
59
2
137
39
40
0
12
18
17
23
440
357
107
1
1978
1509
547
450
104
1
0
0
689
22
3
29
0
3934
2
163
17
38
0
5
68
0
1
1
68
0
3
2
1
24
3
3
0
0
0
0
0
2
0
0
4
2
101
28
23
1
150
91
0
64
0
0
0
3
55
2
49
3
126
0
1
20
1
2
94
1
5
2
2
7
16
2
0
3
0
0
4
0
3
4
93
2
3491
808
0
8
1
12
78
24
5
95
0
21
58
0
26
500
5
0
1
4003
4
0
10
0
19
37
78
32
0
22
7
69
6
4
29
15
0
23
8
3
0
0
1065
1300
0
29
18
26
15
1
11
3
2
331
31
63
451
6
25
26
0
7
30
14
108
1
1
3
2
3
75
2
0
573
181
12
98
102
2
395
4
21
20
30
32
10
1654
813
458
346
211
2019
1
1655
880
198
205
114
0
0
73
368
558
69
2
3078
576
105
240
15
240
1
1
89
51
20
1
0
34
8
395
1
48
0
6
27
0
127
160
42
91
42
5
0
218
1800
1544
770
330
3
1332
1
0
0
4
4
1
1
1045
59
226
3
271
5
183
14
5
3606
0
1
74
10
0
1
0
102
172
1
1
9
1044
1257
1272
169
0
263
132
4
0
166
263
6
4
192
722
561
36
0
59
2091
113
44
0
197
4623
5
1
1
60
0
8
84
41
499
444
610
43
80
40
27
18
64
12
1322
1
0
0
533
20
0
0
7
35
3
33
0
189
0
801
133
68
1
54
801
354
1296
25
0
803
816
157
334
0
2
734
302
54
355
2
805
323
452
361
1
0
8
2
109
7
2
4
40
339
97
0
3
49
1
0
48
2
1
1033
1681
75
3
0
1573
60
0
2
3
1911
110
262
0
267
115
2
3
0
830
65
10
228
575
43
245
107
17
161
37
143
56
2
125
7
1539
63
311
0
11
0
0
7
0
14
1
2
1
80
0
18
16
1
165
12
132
2
394
24
205
18
388
24
143
0
208
8
0
0
0
3
1688
487
951
2
43
67
616
2
1
0
207
211
1
2
3
212
7
1
0
0
3883
159
4
14
2
5
0
0
2
21
13
0
6
46
7
7
0
2
0
0
186
0
2
1
0
2
2
1
3
4731
18
0
29
121
53
845
90
1
0
5
12
66
0
72
10
5
0
23
211
2
3
9
0
2
25
27
109
140
0
0
0
0
250
16
310
28
64
101
3
118
1287
407
191
7
220
120
0
101
353
2
10
6
0
73
53
44
41
218
3831
26
4
0
0
9
0
1254
0
13
19
2
2080
1646
618
300
425
0
96
32
1536
1195
4
493
5
59
1013
51
494
27
35
20
258
10
41
289
6
1
20
1659
59
90
1
1
1
146
28
120
0
1
0
2
140
37
31
3
2
40
184
2
24
180
630
100
0
0
209
34
0
0
182
90
0
1
118
0
1
0
0
100
108
0
0
0
533
3782
10
133
24
9
11
1
21
1531
44
3
25
242
1339
0
1532
46
231
44
1644
9
1532
0
242
18
0
1243
1534
2
0
0
244
1
2
0
1
1
1
1
1703
88
4
8
46
0
0
1757
384
255
423
0
61
52
185
1
0
0
120
81
266
0
0
0
25
2
0
45
13
13
7
0
22
0
101
0
0
1
1
0
26
1
0
1
0
236
7
8
273
43
64
376
3
246
274
59
48
7
16
142
28
0
0
0
0
0
363
379
112
131
2
88
796
0
460
71
247
0
0
566
203
33
380
1
1
1
37
1
3472
1994
18
99
12
338
184
0
1
822
3
555
403
605
64
277
18
41
142
409
247
1995
148
445
0
45
1
2
3
0
30
26
76
4
0
1996
837
33
359
1
3
14
2
0
32
565
406
5
0
1
565
89
19
353
1
0
0
2
1
11
36
1
57
4
2
4
336
387
8
1
2
0
1532
145
206
334
956
1533
67
298
338
4
0
10
575
2078
309
63
2
0
1
360
48
8
203
214
18
41
6
49
0
220
8
1532
2274
462
8
2
310
1
0
5
14
140
1536
1190
226
17
711
0
84
0
577
67
8
175
0
0
0
0
3474
1535
2580
66
16
6
1
0
0
2
0
21
10
0
1
32
3
0
0
0
0
12
6
0
11
2
2203
5
0
1
0
1667
47
101
16
17
81
0
0
17
21
13
0
23
33
52
1
80
5
994
1021
9
24
2
569
49
1
12
30
45
199
157
398
5
108
0
569
26
56
23
15
87
559
0
1
24
0
1536
97
107
217
1077
0
1
2
3
8
421
81
0
6
426
6
1
36
201
5
2
2
1951
992
20
25
143
4
213
202
0
86
3
1
0
0
0
0
105
207
0
1
6
0
4
2
0
7
6
4
8
0
0
3513
25
464
0
0
10
0
26
7
0
0
83
167
5
27
12
162
0
100
2
833
623
223
357
68
282
133
38
360
202
61
284
47
235
50
357
205
0
285
105
312
33
410
0
5
0
11
1525
164
224
26
0
45
81
286
79
0
159
0
1
1
1526
1020
0
0
3
107
72
353
2
19
834
448
1
156
58
0
287
86
40
3
555
2
3
0
6
8
0
6
1533
1719
388
1
0
0
1003
108
42
2
362
6
1
1
1
55
363
2
836
94
59
72
1
3
0
9
358
1
0
1
0
433
214
0
3
290
5
87
0
365
1
2
1
2
3
65
50
9
2
2
1
822
126
1
1221
3
65
132
3
4
293
6
2
12
0
10
5
6
0
400
5
7
1
294
8
25
3
411
6
3
0
40
135
2
35
17
8
9
0
1
14
0
17
1535
12
431
29
333
4
0
5
88
1
9
1
6
840
3
57
167
4
14
5
3
12
1
373
9
5
159
17
13
2
119
30
1
2
1330
12
34
66
383
13
1023
1391
212
13
0
16
28
298
25
376
18
561
0
32
109
135
4
1
13
5
7
3
0
14
9
6
8
1
378
13
0
0
4
0
0
16
2160
61
38
18
563
6
18
15
4
6
20
5
60
1
6
22
1051
0
97
13
389
6
2
0
13
567
3
2
225
69
0
3
7
455
278
6
1369
8
2
19
38
4803
12
82
105
4
0
2
1479
10
2
3
4
3056
4
0
12
2182
22
1
5
42
89
299
0
26
9
0
90
357
0
11
6
1
1
1
1
1
1
0
2
0
0
0
128
0
132
226
51
135
0
0
945
115
9
1
0
270
18
90
20
63
13
85
3
2
3222
5
8
12
1247
0
0
1341
0
1
33
960
1250
133
35
108
945
12
9
4
327
185
0
0
2
1
1
0
2
0
2
0
1
0
3
0
0
5
1
0
2
7
3
0
8
7
0
1
2
1
2
11
0
10
8
1
5
7
7
2
8
5
1
12
3
7
4
3656
104
122
1
87
177
0
16
0
253
17
109
6
40
71
68
1
221
0
0
34
430
59
0
223
171
263
231
84
521
1
167
1
1208
4
47
76
34
29
10
2126
34
267
7
0
2
1860
99
0
26
57
24
0
937
0
5
951
1009
164
250
76
108
41
66
50
4
0
1816
954
0
191
16
128
480
1
0
281
27
383
4
7
78
2
1
22
334
6
82
1
2
60
0
0
950
1381
400
0
1692
945
2569
6
36
3
333
2
129
1457
330
24
18
242
50
203
178
0
21
76
0
0
0
1685
0
18
9
2
11
2
117
1
0
3
8
6
0
0
2283
27
12
0
115
4
0
0
1519
7
0
109
254
261
1814
1937
6
13
285
2
49
94
225
87
71
6
131
67
16
181
2
0
12
0
0
2
0
0
2
0
0
57
0
0
0
1
0
19
1
1
0
1
1
247
6
0
0
40
0
1
11
0
1
0
2
352
15
81
0
47
62
390
189
571
588
625
390
839
0
1515
990
443
211
94
1516
85
174
40
493
170
0
569
130
0
8
35
572
169
298
334
5
3
1185
986
380
165
0
4
57
38
69
1
31
67
98
851
362
238
98
105
264
5
22
109
4
1496
0
1566
245
19
5
1662
1752
0
75
19
6
565
1
19
3
84
11
0
2
21
0
0
0
26
17
0
1
2
5
261
6
2
1810
13
32
15
11
1520
1
0
5
261
0
0
2707
919
40
3
9
268
1
27
2662
0
103
5
269
0
97
46
388
50
38
1
2
56
0
1
2339
9
0
33
3634
32
0
1
0
38
2
9
1
0
0
0
0
2
2
1
7
1
18
0
0
1
1
1
3
4
112
9
39
2
164
1519
1510
401
335
1
1391
0
1518
125
64
0
0
115
1518
4
2
322
188
2
18
4
319
31
40
4
34
1520
113
54
14
57
0
0
297
0
0
40
1
90
7
9
567
35
6
5
234
19
267
100
107
2
300
25
568
205
5
3
29
0
188
211
40
3
0
2724
915
1265
132
5
926
4
918
57
7
460
2
99
0
0
0
100
0
4
0
1
0
1
1
3
8
101
6
1
137
82
35
22
0
27
83
7
8
2
2
2655
0
0
1
1521
1387
297
2
146
1940
0
0
545
133
0
1521
955
267
151
8
0
0
124
31
6
0
372
1
0
532
204
1
0
0
0
0
0
1946
1021
195
3
26
1336
1524
1682
28
4
1
4
1523
164
37
336
0
1396
6
39
75
29
21
1525
986
131
43
0
25
1
1526
1
33
0
0
0
0
0
107
297
0
0
2
1527
991
131
7
159
4
3
3
0
246
161
3
110
82
32
98
80
10
134
0
4
5
1
58
339
4
495
299
410
49
1
28
1529
108
106
45
67
579
164
132
0
0
0
14
62
97
0
0
0
0
44
41
0
310
7
8
1
240
0
0
0
0
40
43
0
0
1
1
1
1
1532
11
387
576
5
861
145
62
47
397
32
101
33
0
138
9
0
344
0
0
98
67
45
107
4
212
0
0
0
399
3
328
906
1263
3
308
19
0
81
1839
1629
4
1
40
85
0
0
65
53
0
4
17
7
32
26
4
0
1
10
0
1
0
1709
54
659
70
119
22
15
22
79
5
25
17
5
7
45
0
29
25
9
5
0
2
12
143
32
188
89
222
8
20
9
0
94
8
4
0
83
13
96
0
61
0
25
11
3
16
5
0
0
0
8
4311
3
39
50
1
0
0
3
31
52
0
144
83
9
3
17
0
0
143
0
0
26
0
1
0
1
0
0
0
0
0
119
1
59
117
0
0
2
189
33
0
0
2
136
93
2
0
3
180
173
3
411
13
343
72
57
14
0
47
1
38
1
7
5
11
0
3
17
0
0
1860
41
1
143
5
15
0
0
12
0
7
0
3184
1589
93
7
272
576
140
101
254
67
0
1535
1075
218
38
14
222
88
42
9
33
30
0
0
0
12
0
0
58
1
137
5
0
0
1535
1252
98
0
50
62
1414
1535
53
8
58
327
3141
33
1
5
1
2
6
109
13
349
4
44
32
121
39
4
344
0
289
0
0
336
45
40
27
19
154
0
0
135
5
217
0
12
335
39
411
53
153
259
14
3
14
0
0
0
6
4
1
0
2
1
2
3
1
0
1
1
1
1
2
2018
26
2
1
1
17
63
0
0
0
0
291
273
13
477
7
13
164
191
2
0
1
1
39
0
0
0
1
0
19
0
0
3593
2
1
6
5
23
10
22
1
77
2
4
18
7
0
630
0
0
1127
3
0
42
0
0
133
23
0
5
809
23
158
4
14
3454
183
136
59
1
6
8
1531
22
200
26
9
1414
432
574
25
3
111
111
237
493
59
3
353
1
1
200
8
0
1535
1646
10
1419
1
163
490
1
348
0
0
1
85
5
1
5
1317
21
1
27
7
889
969
132
370
10
918
1907
897
975
402
11
0
125
373
56
90
6
0
3640
0
24
5
91
310
1
890
976
31
7
2
3
30
11
8
2
1612
18
5
3
4
2
2
110
18
26
1
1787
12
141
41
19
73
0
20
190
0
13
0
0
0
1
20
29
87
0
0
144
12
0
0
0
52
888
968
706
503
148
81
5
115
394
45
77
14
0
0
0
575
53
377
0
32
1014
26
654
876
219
313
17
116
168
290
115
14
356
102
877
32
46
3
18
364
574
0
12
24
0
0
630
13
65
0
0
388
85
3
1
2118
1972
32
193
214
63
0
0
1
283
30
70
25
1
53
0
0
214
0
2
880
378
54
32
15
633
0
111
71
77
7
240
0
226
11
2
153
7
40
67
33
38
74
0
4
221
88
880
23
117
4
43
2
248
175
0
92
35
120
377
2070
1585
222
14
68
360
36
879
0
23
529
1
55
347
1525
0
0
74
374
3
16
191
812
968
335
347
400
0
44
82
1
366
2
2
24
38
289
5
33
3
252
0
74
1
3
59
2
3
147
34
1
91
9
2
2
880
24
212
0
40
2220
64
6
1
16
0
8
877
12
155
8
920
13
0
0
0
35
0
169
0
1
98
17
0
1
7
3
65
0
531
1001
8
11
3
2839
0
1
0
1
3
0
0
4
364
3
18
104
371
6
44
0
284
32
5
48
0
530
135
115
10
12
633
2
531
50
153
1
20
0
366
375
77
3
63
0
90
15
301
0
4
56
4542
2
0
142
6
0
1758
0
27
2
0
1887
169
376
2
272
9
8
58
3
12
635
4541
86
10
0
42
12
5
21
0
24
7
0
7
107
6
1
2
50
666
873
217
132
265
348
10
626
0
874
90
0
240
0
11
2980
8
3
79
107
166
0
9
101
11
37
0
97
0
41
256
35
22
1
14
2731
527
1311
518
108
12
0
636
0
0
3658
875
63
48
18
13
358
2
0
9
16
984
0
14
0
5
9
10
1
0
0
17
138
1
3
6
3
11
1
0
3
207
301
56
128
66
11
369
43
866
107
43
11
0
0
3
0
116
8
5
20
40
0
0
0
59
41
2
2
127
286
43
11
1
247
409
285
58
612
5
0
145
518
192
0
110
9
294
865
1679
251
0
182
0
445
110
0
1
45
416
1
203
5
3
3577
523
2060
371
302
0
639
859
145
765
322
267
38
845
739
29
305
11
1
567
68
56
10
240
3
71
0
0
568
596
208
160
21
22
67
24
2
49
27
216
0
2
0
288
0
0
36
11
39
0
289
1
22
42
0
1
25
0
38
51
38
0
1
311
391
0
12
1
1
3
37
3
0
294
0
2
0
523
2
0
43
0
61
8
9
0
0
19
0
0
2032
65
282
18
32
411
31
19
23
0
3
0
3538
131
24
60
25
2
53
143
0
27
17
0
0
0
844
15
190
2
106
1042
1446
187
112
2
927
48
22
9
0
0
13
0
13
109
0
18
8
5
6
4
12
2
27
4348
12
1
232
298
111
183
1
57
316
232
5
98
1
98
0
1836
446
309
1
68
1944
16
3
0
0
0
400
51
45
7
188
23
54
10
5
47
0
0
12
0
0
0
10
219
141
633
134
89
356
210
0
64
69
1
0
46
12
2
0
0
27
0
12
5
115
139
0
18
1
36
9
0
81
45
0
0
1763
1
0
0
2
1
162
7
2
83
1
1
26
600
421
7
142
28
0
78
69
217
174
0
18
0
0
0
0
1
3
0
0
1151
354
106
403
1
0
0
3662
71
1
40
2
35
114
29
183
3
21
2
2
1
2
0
0
1
0
49
1
0
1
10
834
1
43
0
37
250
0
0
4
1
0
1
0
0
1
2
3
12
126
44
33
58
272
885
385
250
64
171
3
75
0
229
54
162
25
4
53
528
1282
345
287
0
898
165
116
86
1
50
243
0
950
143
147
0
564
159
179
3
48
3
137
306
120
142
2
1
925
162
2
2
2
175
22
6
56
23
1
0
12
1
49
9
0
11
0
123
0
1
15
624
0
0
0
420
29
320
1
0
1
0
3
2
0
1
2
33
0
10
20
8
50
0
0
1
5
3
2
8
2
3369
0
1
60
4
7
59
15
1
6
21
0
0
0
3
28
223
256
47
2
3366
26
41
107
215
560
64
42
1
22
20
105
8
0
35
2
0
124
0
1
3
278
12
0
22
4554
0
2
21
1
3
1
2
76
0
0
4
817
336
35
38
518
189
1
818
0
247
138
899
0
526
1700
601
15
33
0
1192
731
516
0
426
6
209
15
388
94
66
7
11
33
66
0
146
146
0
402
0
202
1
62
131
104
144
226
528
161
51
251
649
45
896
30
30
15
0
404
100
3
182
175
296
41
237
6
822
1596
106
565
140
2
1
3
215
429
0
4
5
1
439
33
3
0
2
2
129
256
4
8
0
0
0
78
5
1
840
0
0
4
788
11
3
529
215
460
337
1
363
896
260
99
5
0
634
29
897
462
172
134
238
0
530
1
304
315
9
0
1
147
32
234
0
31
1
3
899
109
44
0
8
73
901
953
13
0
0
142
678
695
902
253
119
408
0
0
527
1365
361
647
45
899
206
79
3
0
209
74
82
59
6
428
12
1
4
472
5
0
1
901
746
1
240
5
4
4
0
2
7
1
0
5
8
67
135
11
444
5
2
0
135
265
77
0
0
394
0
0
0
0
9
75
3
0
0
0
0
3
102
2
3
382
406
3
14
3
456
2
1
534
239
367
50
471
9
5
0
0
0
10
54
1
518
134
0
60
64
129
15
6
491
4
1
4700
0
10
3
427
541
3
4
4
35
0
0
26
0
2
10
0
0
529
1650
3
3
0
1
0
0
1
0
8
1
37
7
1
0
39
4
0
0
9
0
3
1
251
530
0
12
49
1
168
813
939
19
3
376
0
939
206
378
5
0
1
0
0
0
0
7
0
235
959
38
128
380
73
814
802
753
6
3
75
0
2
89
640
0
0
5
0
0
0
23
475
6
0
0
1
3
3
5
174
40
0
26
1
30
144
2
1
31
6
918
204
50
317
1
43
0
0
2
18
44
4491
262
13
46
233
43
15
26
1
33
1630
0
1
1630
0
11
0
1
3455
81
2
2
4
134
2
4
1
225
13
805
12
21
9
2
19
8
0
0
38
0
10
70
25
31
58
20
12
4
7
4
4
1605
230
84
2
1
0
14
94
0
76
12
2088
13
2
318
27
0
0
0
0
0
1
0
28
9
54
0
19
18
3208
10
0
71
114
0
0
261
0
428
9
16
15
6
4
41
0
0
727
20
0
2073
792
1329
543
381
18
386
13
0
9
211
3
10
0
1967
940
528
22
3
2
0
0
38
23
3
609
2
71
477
2
3
1
2
57
0
10
0
3
1
0
0
23
2
1
1
402
25
2
0
797
42
196
0
0
86
45
241
0
124
5
0
540
111
326
6
5
882
316
30
59
55
219
669
1605
913
695
290
197
0
639
315
0
124
221
3
669
53
914
273
0
334
0
0
658
1319
263
439
7
4
1
3
120
288
2
915
16
154
48
154
7
3
3289
11
6
3287
0
32
1
236
1
0
0
0
0
0
1
1
1
0
2
0
0
0
0
0
1
4
0
3
0
3
0
3
49
1
0
2136
60
4481
368
8
0
726
1
1
57
14
1
707
3
0
17
0
83
5
0
1
0
1
0
1
1
1
1
0
2
660
74
23
2
3
157
57
37
24
47
0
47
8
19
1
38
75
133
0
39
1314
2013
1648
90
0
333
273
0
0
0
0
399
13
1
58
7
0
2
1835
0
1177
554
3
2
1
1
586
491
1
2
2
3
2
0
2
4
1
3
58
127
12
3
3252
22
3
13
0
0
2
0
1
12
1
0
34
0
23
40
0
1
49
135
13
23
112
15
9
37
14
27
214
0
0
0
0
319
2
0
329
5
6
65
193
191
4
0
0
38
194
1
1
0
1
0
1
1
1
2
5
0
2
1
1539
774
2427
2
39
2
3
1
2
0
4
2286
776
0
3
6
73
1
22
1
399
208
1
2
6
4
140
6
120
0
6
1
229
103
52
0
24
14
2
14
3486
0
12
20
313
0
0
528
517
4
1
194
105
46
342
5
34
3210
38
113
3
832
3210
1
11
2
35
0
0
1
1
1
2
1
773
1402
258
37
135
0
888
0
56
89
0
26
313
933
2020
1836
197
82
77
173
0
0
0
0
0
1195
530
5
490
545
1
1
1195
32
28
82
127
15
2
307
2
0
48
1
1843
528
0
310
2
2
3
1026
22
59
6
423
37
49
31
202
191
510
187
64
63
408
0
1
4
1
0
15
36
2
929
5
288
209
51
2
0
54
4
1
1
0
0
929
292
41
0
167
0
0
747
918
114
31
190
152
3
33
42
29
452
3
0
3
46
365
205
3
5
3
44
0
5
0
932
2
14
33
642
0
0
0
5
0
0
932
261
61
26
133
18
31
0
0
0
2
0
3
0
528
876
307
411
111
931
752
357
2
2
1
681
66
3
1
727
0
10
1
1
0
2
5
9
2
516
2
0
26
3
248
52
0
6
134
0
31
49
1
1029
28
0
0
1974
1977
1176
789
251
1392
2
417
468
333
65
35
531
150
1
1771
871
18
400
235
28
343
55
42
422
0
290
152
469
287
31
155
48
2
128
0
0
4
0
279
120
145
350
1
5
0
3
1
1
0
1
34
1
0
0
7
0
47
19
2
67
36
4
3
41
3181
0
0
4
29
0
3
12
58
448
0
0
2
31
11
71
3
33
1
21
0
23
3
18
62
151
1
0
0
2
9
106
9
58
10
0
0
0
0
312
8
183
26
410
368
6
3828
1771
173
135
104
518
0
347
161
1772
1851
490
0
0
156
312
91
3
457
4
673
1637
1
6
9
210
3
712
1548
522
256
14
37
6
934
19
151
86
643
0
3296
81
0
1
0
0
0
0
3
0
0
349
110
85
46
472
2233
698
165
119
837
1149
0
0
1
300
952
49
75
3
411
0
1
167
68
24
3
19
391
669
750
230
37
170
351
36
3
474
0
0
14
2
2
0
744
184
65
127
6
242
196
936
73
14
73
1
0
936
81
455
101
1
641
750
278
687
5
105
161
143
107
129
9
338
8
68
130
8
0
6
3
0
1
0
1
0
40
1
1
0
518
0
167
43
218
1
3
66
692
752
430
127
2
6
0
0
3
49
1
0
14
3
0
0
167
77
0
2
0
1
90
190
155
3
6
938
211
50
6
386
8
645
0
35
28
0
306
69
19
4
603
100
296
1
6
0
1
273
192
0
126
3
18
463
47
195
108
0
21
35
1
0
6
39
2
0
17
22
15
0
1
0
0
938
199
131
1
4
45
52
939
207
310
0
124
59
50
515
233
276
75
427
0
436
319
49
70
42
22
56
939
314
26
11
422
644
286
321
13
108
81
24
224
0
1774
223
67
119
3
2
0
189
183
9
237
23
0
0
3
675
136
99
57
4
0
73
827
286
136
0
2
437
0
259
4
88
15
3
0
1728
0
0
1
49
940
54
180
246
293
0
645
644
149
31
41
74
685
516
755
488
108
689
0
241
0
96
0
0
1
0
1
154
14
162
6
2
0
168
38
14
0
0
22
0
1
312
0
0
507
0
0
0
293
275
842
4
3
1817
515
0
7
40
392
2
506
1
14
0
17
10
12
0
18
0
17
0
0
2
724
0
0
2
2
8
3
4
23
2
0
0
0
3
0
0
0
0
1
1
1
3648
10
39
14
3105
1
0
186
555
162
760
173
14
46
0
0
201
90
6
20
0
245
177
96
27
43
2
57
0
2024
4
103
1
139
43
47
0
7
0
12
1293
508
545
3
70
4
46
510
113
313
2
48
14
2
0
0
330
0
2
0
0
38
99
0
0
12
511
0
1
1
2
5
0
5
2
5
514
113
72
5
3392
32
19
860
45
10
2
8
3
2
2
0
3
0
4
0
3
3
2
11
0
9
395
93
118
0
527
215
1022
76
117
19
0
308
0
0
0
4669
2
13
28
200
2
12
12
5
27
0
0
0
1
0
3
1
122
19
1
2
1
267
59
45
84
53
267
0
14
0
10
0
0
1
0
0
1
1
0
1
240
65
29
34
5
67
421
4
0
21
520
326
0
78
256
18
689
1
475
39
5
523
0
0
61
215
3
61
1
18
95
1
216
9
104
9
343
328
10
61
134
26
2
0
138
2
266
66
2
162
189
314
1
165
0
358
20
0
0
0
883
6
0
680
3
1
4
172
113
42
17
413
5
2
20
25
1
3016
176
0
18
3
18
0
16
558
78
176
113
0
419
649
751
474
12
813
0
0
3
218
556
0
67
3
451
42
1821
647
1272
196
31
810
76
0
70
833
0
0
0
20
1
2
1
30
7
10
5
1
51
3
3
3
0
65
4
0
57
0
0
0
0
48
0
0
21
2
1
2
0
20
0
6
7
21
3
7
0
1
1
0
0
262
0
2
37
20
7
4
9
23
57
0
18
977
0
54
48
21
332
1
0
152
1
12
130
0
9
237
21
104
0
84
21
17
5
0
18
4
63
154
21
0
16
274
0
0
17
0
98
1
53
0
0
5
1
1
1
0
0
41
321
21
4
636
1084
61
68
96
52
38
64
43
0
69
2317
505
1794
110
48
4
696
3
506
0
598
648
1
0
1
3
47
1
1
2
2
144
86
0
2
2
0
3
110
306
58
3
3
1898
5
4
131
1
542
3
6
176
0
9
22
53
3
70
20
5
2955
14
14
1891
5
14
30
0
0
0
0
1
2
10
639
1
209
1
353
640
756
108
2
7
0
203
89
354
354
256
374
59
755
2
395
950
174
77
50
94
7
648
951
0
367
0
0
322
23
25
226
0
14
4
1
34
428
0
23
1
104
5
0
24
0
160
0
92
114
43
1
526
323
164
8
87
19
0
1
23
632
66
476
0
519
1
321
145
0
505
205
0
713
114
3
0
512
757
158
1
3
706
0
0
61
0
2
1
175
2
34
4741
0
4
129
3
1
0
329
111
26
154
1
524
2033
631
2413
8
0
1965
0
8
505
8
75
80
124
20
5
0
20
2
24
33
9
41
11
81
50
12
4
9
14
5
50
0
0
29
311
98
1
27
68
72
0
2
2
2910
3
0
4
2914
0
7
5
0
8
4
75
0
0
6
4
2911
1
0
0
3
0
1
0
0
0
1
0
409
453
183
4
192
3839
270
1062
0
0
48
0
0
1031
0
716
81
9
0
650
663
197
346
3
1189
711
181
492
0
1173
1122
2
0
14
0
40
397
363
970
0
0
971
0
0
0
0
425
14
496
134
518
10
1553
393
0
689
199
32
677
6
140
179
272
4
2036
19
0
10
65
22
0
546
35
20
4
1
18
2
45
15
775
10
508
71
2
2
2
44
0
0
12
4
6
0
8
43
3
544
7
5
2
0
0
1
0
525
0
1
0
66
5
8
62
495
0
869
0
15
8
106
1
0
36
2
9
0
14
29
0
16
552
1
41
0
19
5
9
1567
2
16
5
513
47
0
58
18
3
20
4
89
337
2
7
41
0
10
1
15
4
11
2
83
522
24
9
34
3
1
2
5
0
0
0
4
0
56
0
0
44
2
91
64
5
0
58
3
9
1
20
0
31
11
0
28
0
1
0
43
9
2
64
0
9
0
10
37
34
9
1
41
1
0
9
1
58
42
19
6
0
50
0
85
45
0
66
1
24
2
79
0
41
2
0
48
25
19
0
0
19
0
4
0
19
20
25
2
13
0
0
0
3878
6
55
38
0
525
58
4
9
2
7
43
5
27
497
11
0
30
6
42
0
21
41
1
0
2
12
1
0
19
0
40
0
3
15
0
0
37
9
0
102
10
0
69
70
6
0
54
0
23
15
3
528
85
27
1
51
9
7
99
60
9
74
1
56
29
13
21
38
1
0
7
8
71
0
3
84
3
928
0
62
0
0
104
27
2
0
84
0
228
52
1076
55
0
0
0
0
82
269
731
0
42
1
1
153
3020
185
2
1
29
380
166
221
0
8
1153
3791
39
1921
0
0
1953
0
0
0
479
4
1
1
2111
3746
3858
274
2590
315
81
359
1195
0
1
5
2184
31
7
18
27
0
32
0
0
0
1
188
2
130
0
188
0
0
1
0
0
0
140
221
0
276
1196
1
0
0
0
0
4
0
0
315
0
0
0
0
1
1
2
2
0
2
3
2
0
1
1
4
4
0
2
2
0
0
4
5
6
1
1
4
4
1
1
3
5
7
2
8
7
2
3
0
7
0
10
0
546
1
2
8
10
1
3
7
6
1
4
3
7
13
0
0
11
14
1
1
3
12
0
0
5
3887
2
1095
536
2
0
0
1
0
2
0
3
0
0
2
92
5
1
6
0
4
4
68
5
2
0
4
1
0
2
0
3
0
5
2
7
0
4
1
6
6
337
1623
204
8
8
1
0
0
0
13
1
1
11
9
20
2
13
6
3
11
4
11
4
19
1
20
1
13
3
19
2
8
1
4
26
6
3726
387
141
824
0
1102
3801
0
0
186
0
0
0
1
1
10
1
1
1
0
1
3895
545
1544
686
145
335
493
16
55
1096
400
37
557
8
840
87
28
30
101
4
817
0
50
0
0
0
0
66
0
0
0
32
0
2
2379
0
0
880
0
0
0
0
1
0
0
2069
251
409
242
0
2
1952
0
0
72
80
3
55
0
3755
1
0
31
391
1
22
28
6
5
1
0
2
34
12
0
0
1
58
0
2
0
0
2
59
11
1
9
1
5
713
1629
0
0
0
71
17
8
23
42
1
25
23
15
0
1
3
0
6
1
0
0
0
3
1
1
0
0
78
0
10
8
1
119
3437
64
31
18
7
296
3
0
0
4
2
1
20
1
5
4
0
0
0
0
1
1
0
29
234
249
31
6
15
0
3
0
0
3
6
5
0
0
0
0
1
1
1
1
0
47
84
2
2
4
0
18
3612
291
0
1
4
3
1
5
0
1
0
0
0
0
0
0
0
1
2
0
2
0
0
0
1
0
0
1
0
1
4
0
9
2
12
1
1
0
6
12
5
2
16
1
443
19
1
15
69
11
0
3497
2
7
0
28
1
0
2
0
4
1
0
4
1
3
31
84
57
3
1
19
3
0
0
0
1
0
661
435
3
897
6
90
159
20
0
0
364
3
1
1
1
0
4
0
0
6
0
8
0
4
0
7
1
9
0
1
17
38
30
0
0
3
2
2
3
1
0
0
0
2
28
48
0
2
1
3689
0
8
55
1
0
1
0
1
1
3
3170
339
6
0
0
2
0
0
52
0
0
0
1
2
3
23
0
0
2
1
0
1
86
0
48
6
24
15
1
3
0
3
0
8
2
1
29
15
7
10
8
1
14
1
1
0
0
277
1
4
7
13
0
15
7
0
7
10
4
3
4
28
5
0
0
0
6
0
1
2
1
0
0
2
0
0
0
11
0
1
6
259
0
0
0
0
3623
1
2
10
0
1
1
0
0
0
0
0
3
0
10
5
14
0
2
3
1
0
0
0
6
0
6
2
0
0
1
0
2
1
2
21
1
0
11
1
1
0
3
0
0
154
1
3
2378
10
1
3056
2
0
0
2
0
1
1693
512
45
26
24
0
10
0
0
1
131
0
0
99
5
0
1
3
4
0
93
2
0
0
0
12
0
0
4
0
3
0
19
1
2
17
0
0
1
0
0
0
0
2
1
0
0
1
531
0
0
2643
5
0
1
3125
8
0
12
0
1
3
4
21
5
3
1
3124
2
21
3
6
1
9
47
2
1
0
0
0
3
0
2
20
0
11
12
9
369
0
34
0
6
36
25
0
0
3
13
2
5
0
0
0
0
1
1
0
0
0
0
236
9
36
38
6
0
3
0
7
1
172
0
2
0
0
3
0
24
0
0
5
0
65
0
19
0
0
10
0
12
0
0
1
0
13
1
5
1
3
1
5
0
0
19
24
8
16
1
2
2
2
0
100
0
334
2997
18
1
18
0
0
1
1
1
1
17
1
28
18
3
5
0
12
0
5
1
5
1
1
1
0
0
0
6
2
1
2
1100
0
33
4
6
434
13
0
4
2
1
1
0
1
1
0
0
2
11
1
0
0
0
8
1
266
16
6
4
0
29
3
1
0
1
202
4
19
24
9
0
2
3
0
1
4
2
0
4
1
0
1
0
1
2937
0
16
9
32
2935
48
26
6
26
8
0
3
63
0
2
22
3
0
1
3
95
5
2
0
0
0
0
10
21
1
2
0
0
0
2
0
8
0
1
2
33
3
29
3
12
7
4
89
0
3336
10
7
1
0
1
0
0
0
18
14
15
4
1
12
0
3
2
66
2
2
9
6
0
0
10
0
0
7
12
26
3765
1
17
3
1
0
0
26
0
1
12
1
13
5
4
4
0
0
1
14
14
3
56
0
0
5
0
2
11
3
6
4
0
0
0
0
0
16
0
20
2
2
0
0
271
28
0
14
0
0
15
13
10
0
15
0
0
2
2
0
0
34
17
1
0
2
3
3
3
3
4
4
3
0
4
4
0
0
1
11
49
11
17
0
17
6
12
1
0
5
6
19
1
0
0
15
0
96
0
0
5
13
5
185
0
0
0
1
0
0
0
1
1
1
163
23
6
29
2
1
26
0
28
23
1067
0
0
3
0
97
12
2
0
7
0
1
9
3
11
10
37
31
0
25
26
22
0
4
26
0
1
0
1
1
9
2
3
3
0
22
0
18
32
5
19
13
0
0
0
37
25
5
5
22
12
1
33
23
0
1
1
1
5
1
1
0
0
0
0
0
0
1
1
1
1
0
2
10
2
2
1
4
74
0
3
4
0
0
1
6
6
1
2
6
7
0
2
4
5
0
4
8
9
3
0
0
0
4
3
4
1
7
0
11
12
1
8
13
10
11
2631
279
103
513
174
4
98
1
10
0
16
8
3
2
27
1
7
0
18
39
8
4
0
6
5
0
38
3
0
0
0
0
10
0
3
11
9
60
8
0
0
12
90
2
3
0
0
2
0
3
0
15
0
0
0
0
1
0
1
0
9
0
0
194
22
2
0
0
5
33
4
0
21
2
70
71
1134
11
2
0
1
0
0
53
5
9
4
0
10
6
0
4
0
2
0
6
2
3
1
24
7
2
0
3
0
2
5
9
1
0
0
1
6
11
5
20
32
42
6
109
4
11
1
16
35
10
27
67
5
21
10
28
0
1
0
6
1
2
1
0
0
3
3
3
4
12
26
1
6
30
18
32
16
0
30
29
0
74
9
0
0
0
46
8
1
25
3
1
0
4
2
1
0
3
3
35
0
8
1
5
2
7
16
0
15
2
2
0
9
1
12
6
0
1
3
24
30
64
10
22
4
17
0
17
1
6
117
6
11
7
0
0
13
2
3
8
0
28
26
40
113
0
3693
49
8
0
0
0
2
3
0
0
0
68
11
29
9
116
0
14
1
4
1
0
10
176
2
0
3
2
0
2
0
32
1
0
0
11
13
0
4
39
51
47
0
12
0
0
55
0
2
9
4
84
21
1
9
0
12
7
0
0
34
1
9
0
23
1
15
9
88
1
0
0
0
0
0
0
0
31
0
0
0
0
431
8
1
35
0
40
0
1
10
56
49
42
5
53
0
0
10
1
0
17
0
8
37
64
7
31
0
4
0
0
1
0
1
12
0
0
10
0
0
0
24
0
1
0
0
3
18
0
9
26
0
89
0
1
47
0
0
0
12
58
18
0
0
1
103
23
1
9
103
2
1
1
2
0
3
78
14
28
0
97
38
3
0
1152
0
0
3567
2
1
2
0
1
790
2
33
1
101
68
1
1
1
35
46
4
36
10
266
1
67
2
112
1
0
1
0
0
0
32
9
1
6
3
68
2
36
0
0
0
2
1
24
0
0
4
0
0
2
1
6
4
65
3
0
5
6
0
0
72
0
0
0
2
1
27
0
0
0
0
197
1
0
3
0
28
0
5
0
1
1
1
0
3
2
4
13
0
33
44
40
69
4
6
0
2
19
72
13
0
3
5
139
2
1
1
3
2
0
3
0
39
33
41
39
28
51
7
59
54
55
2
60
0
0
1
62
1
0
129
1
0
80
0
300
0
10
6
33
16
22
16
0
0
3
32
1
0
0
0
1
1784
8
21
50
1
0
33
13
1
4
0
0
9
81
4
3
5
12
3
0
44
25
49
0
57
21
2
0
1
31
16
10
47
5
39
0
0
3497
1
2
0
2
0
0
21
0
0
0
0
60
72
0
11
0
6
3
0
72
2
3
133
1
5
4
0
0
8
0
0
1
1
1
18
0
1
53
0
66
3
41
15
13
25
22
0
0
5
27
28
18
8
0
1
9
0
85
13
11
0
1
0
0
0
11
107
21
16
37
0
9
28
0
0
0
2
69
61
1
6
15
3
0
4
0
0
0
0
0
0
1
5
1
8
105
28
22
0
0
11
0
1
1
12
0
0
2
1
3
3
3
5
192
3
1
3
5
3
2
1
3
2
33
1
7
0
27
1
2
2
3
13
102
21
1
42
2
17
1
37
2986
9
0
0
0
0
11
40
26
1
12
0
0
39
0
0
117
22
43
14
1
0
7
0
7
8
0
1
63
119
1
68
23
2
33
32
0
1
3
16
3
0
0
57
58
52
3
5
2
93
48
19
4
21
20
0
0
22
0
16
0
1
15
0
0
0
1
0
49
4
0
35
0
0
50
2
0
11
22
15
0
7
107
73
1
16
1
17
21
14
3
0
6
8
0
29
0
0
0
1
1
8
0
88
2
9
2
6
7
40
3
0
2
11
103
6
496
0
0
0
40
49
25
1
0
0
5
5
0
1164
1164
3
0
0
0
1
0
0
1145
11
0
2
0
4
0
10
3
2
1
31
32
18
1
34
9
220
2
1
4
9
0
0
2
0
23
4
7
11
12
0
24
59
3
0
0
0
3
0
17
0
2
2
0
1
8
115
0
1
4
2
5
0
12
0
6
14
2
117
2
4
0
0
0
1
0
16
3
21
1
5
16
0
101
13
7
7
222
444
157
1
114
143
3
2
14
4
6
0
9
12
13
9
6
3
9
118
0
3
112
4
52
3
38
0
0
0
0
4
1
0
1
10
1
1
1
15
3
5
3
4
0
4
4
4
6
0
6
4
55
26
0
7
1
4
0
1
8
9
1
5
6
0
90
3
61
80
77
3
12
2
0
91
18
57
0
6
0
0
11
1
0
0
0
2
11
1
3
5
12
2
0
0
0
4
1
3
601
11
86
4
100
2308
289
679
777
650
45
430
686
0
5
1743
340
70
16
51
32
0
4
16
178
3943
642
2
206
26
34
1651
0
0
115
234
27
31
0
554
71
1
180
30
679
1
1948
3
525
2497
140
0
0
0
0
1
0
1
2
0
0
0
3
2
0
0
0
4084
7
20
18
121
0
0
0
2617
3
30
16
9
0
28
645
3717
504
8
21
4755
3
3319
7
2
185
42
68
0
0
0
15
0
4272
3
0
1088
1213
0
5
1
972
10
4
141
4568
0
1094
3553
0
0
0
0
0
2150
43
2
18
12
51
2
569
3764
513
558
122
0
0
0
0
0
0
0
421
5023
1
1
12
0
0
0
0
0
1
96
1
3958
1116
0
0
1477
3
18
2
69
0
0
27
0
1117
15
0
9
0
18
3
0
1532
0
19
1
1
1118
4
0
0
4
0
0
0
3
0
1392
1
1394
29
0
0
3975
557
27
0
0
1541
632
2
1554
0
5
0
1122
0
50
17
53
7
0
14
3
13
0
5
2
0
16
5
0
8
1
1547
22
18
0
4
0
630
16
6
6
1
0
1
12
11
0
14
18
6
1706
109
16
1414
18
7
1
7
15
26
3
0
1314
0
2
0
0
26
541
26
28
0
2
1128
0
5
31
1
3
26
0
28
0
9
0
1620
12
1
2
1
0
23
0
0
0
1436
0
2
1
1
1
35
20
6
10
0
0
0
0
4
0
0
3
3
10
35
43
5
9
2
0
6
1
20
0
2
0
48
0
30
1130
0
3
6
7
17
1
3
15
1
0
28
7
3
49
7
7
3
30
1
6
0
1
8
16
577
1144
54
0
0
48
36
0
4
53
4
14
17
5
0
9
23
42
0
2
0
1238
14
5
3
25
1
5
1
1136
0
0
1
1669
267
34
2
0
31
0
0
26
1
5
55
5
1
0
34
1
1
2
27
4
19
26
2
15
56
317
0
2
0
7
10
34
27
1
6
3
0
11
0
0
4
7
31
7
0
41
7
8
0
25
0
10
0
79
1
2
60
1
22
0
22
80
1
7
7
2
83
0
0
17
0
2
1737
0
5
247
0
4
0
11
0
3
0
25
49
0
4
8
1145
42
9
0
15
1
22
0
67
0
27
1
1
0
16
4
0
81
0
0
1152
1
1
4
0
0
4
1148
0
1776
117
6
2
1
32
0
0
68
5
24
6
5
32
53
0
19
11
2
33
12
1
1
99
6
199
807
8
1
1487
1642
0
0
1768
7
1504
1
9
76
7
6
17
0
66
10
44
1
0
22
64
1
2
1657
6
0
12
76
0
13
0
4
1
0
7
174
2
10
1
26
18
14
78
11
44
6
47
547
1140
112
28
2384
15
2
0
4
0
108
1
85
14
3
0
0
77
1
31
13
0
12
2
9
0
0
545
3
176
1650
0
4
68
0
17
0
0
65
19
0
1
95
4
154
94
0
114
0
298
10
2
2
0
3
15
0
71
1
6
0
25
1
35
4019
1
77
8
4
0
15
0
39
0
12
1
2
0
109
3
134
80
23
114
0
0
0
62
2
2
0
0
0
28
2
4
1050
190
840
184
28
2
2075
5
63
3
0
19
0
17
102
8
30
0
18
129
7
70
5
14
1
140
130
1
10
3
6
0
0
45
2
1051
75
71
0
78
83
0
40
0
8
0
126
11
0
119
0
31
0
4
48
25
90
20
114
35
5
4
46
5
19
0
8
203
128
81
1
20
20
98
0
2
694
0
0
77
1
9
6
2
1163
5
0
0
0
21
5
52
53
161
0
45
4
0
4
0
2
1
7
134
547
25
75
4
55
28
1
16
2
45
52
0
45
1
73
105
7
13
0
0
73
9
1
21
3
15
5
24
6
44
171
4
140
3
1
67
93
16
0
139
1
75
3
7
2
3
0
0
2
2
76
10
18
161
94
26
126
8
0
49
0
7
18
68
9
4
58
1
30
117
27
92
0
0
0
43
15
10
3
63
0
104
6
33
0
0
28
5
3
48
44
0
68
3
1
67
14
15
4
10
1
160
0
51
0
67
0
0
1649
54
104
0
182
161
165
7
1
52
11
57
3
155
94
6
48
40
7
109
0
139
18
33
100
9
8
9
13
65
26
25
0
71
94
0
115
2
200
4
13
30
3
81
11
0
118
2
0
0
25
0
2
746
28
212
32
38
15
4
0
195
0
0
108
0
221
1801
4
23
52
42
38
0
31
8
163
1189
0
72
2
49
1756
230
111
0
22
1
212
1192
18
0
58
125
1
187
7
61
0
0
1603
0
33
3
11
56
23
1
1200
195
695
124
16
194
0
150
0
0
1713
1
2
17
0
0
27
1775
1
144
18
97
0
1
5
1197
6
7
24
1
0
25
1
1
1
36
52
1
297
4203
1
0
0
1196
0
27
219
0
1203
17
41
0
10
2
6
40
0
1
4
72
6
41
14
549
66
5
0
79
28
8
89
15
0
20
65
193
40
0
21
20
3
0
1923
1
65
55
559
1
12
200
12
0
14
4
0
240
7
10
0
161
0
0
34
0
0
86
108
6
2
1
40
4
66
0
0
0
26
0
0
1629
10
3
38
242
39
37
0
1861
27
1
3
2
0
2
0
5
12
0
66
7
0
40
200
1
1
49
1
246
131
1
2
2
187
20
2
44
5
11
115
306
0
156
3
140
19
13
215
10
54
171
2
86
9
171
0
24
0
6
81
1
3
1
11
195
0
15
1
1
36
265
7
77
214
0
0
72
0
54
196
28
264
3
247
1
9
14
0
29
8
0
265
8
122
5
4
266
8
3
263
18
159
271
21
4
37
189
10
1672
22
0
16
0
0
0
31
1
32
190
17
79
77
1680
0
714
41
3
988
0
30
1
6
183
0
234
31
66
12
0
281
198
0
6
94
9
0
149
0
0
0
0
1
7
248
12
0
111
45
3
0
4272
121
122
73
0
35
6
196
197
1
260
32
1
164
166
0
28
76
295
2
19
10
0
4
0
81
126
15
0
42
0
5
2
0
221
0
0
27
26
2
280
224
0
0
314
0
128
11
3
7
13
0
54
2
2
289
60
196
17
6
0
239
8
223
0
17
0
34
56
58
237
82
106
0
24
30
10
0
36
5
54
1
0
22
52
36
1
15
0
10
0
41
70
1
147
0
45
9
78
1
0
2
82
0
0
1707
32
5
11
5
8
120
19
9
3
545
129
273
5
0
0
0
18
0
140
1
103
247
18
3
26
117
0
297
0
0
0
1
0
269
0
12
0
41
37
9
4
1864
4
0
4
150
50
228
3
124
20
24
53
4296
0
0
0
23
215
22
107
0
0
48
0
4
0
204
0
162
53
1
273
0
0
0
0
1
3
164
12
0
117
0
0
49
0
4
77
0
87
227
1
64
0
6
134
0
0
242
4
1
326
13
0
44
50
6
37
6
7
21
10
0
2
87
42
347
4
95
260
6
21
15
327
23
2
228
1
67
0
2
2
46
13
61
3
2
239
1
50
202
1941
1
0
2
42
1
137
0
0
126
5
336
0
0
144
2
16
295
15
261
7
14
0
110
62
91
4
1
83
7
3
202
267
7
91
4
6
105
4
2
4
16
1768
5
729
55
0
53
1
16
8
0
22
1
42
1
97
271
15
0
0
61
73
5
226
50
176
6
34
16
9
72
1222
0
226
55
0
60
0
1
21
45
55
19
0
741
46
1
0
0
291
4
730
218
2
35
274
62
106
235
0
3
2
12
235
0
10
6
0
0
0
16
924
0
7
65
212
301
1
51
4
1
46
52
5
3
44
0
39
25
87
23
4
7
732
0
355
1
12
44
0
310
2
15
0
287
0
110
395
218
336
11
1
43
0
3
17
75
25
4
90
9
80
6
33
0
0
4
0
3
6
116
246
5
30
0
0
4
37
17
4
45
0
31
161
49
1815
39
7
10
40
381
17
63
13
0
353
7
397
0
150
10
2
50
1
37
0
278
73
179
29
211
1
37
3
213
0
79
254
6
0
262
22
43
6
16
156
24
8
6
184
0
30
361
5
306
0
1
47
18
345
0
121
217
1
29
0
31
287
0
18
4400
576
230
295
19
0
36
1
0
0
416
250
51
26
1
367
2
361
8
11
6
0
20
0
0
46
0
257
260
0
975
0
337
4
86
0
53
59
7
281
31
174
1
42
155
0
41
23
71
1
114
420
2
12
89
16
303
0
0
0
1
0
393
4
0
1
0
0
0
2
0
229
13
839
980
2
4
1
2
4
0
1
0
4
6
2
0
5
7
4059
0
7
2
0
0
1
1
3
2
0
3
0
11
5
1158
0
37
18
358
7
442
4
0
53
36
0
0
53
1
1
316
0
288
9
309
12
52
0
0
4424
57
377
0
1
381
0
12
368
369
147
4437
0
21
19
0
44
3
0
48
118
345
12
15
12
106
95
25
9
71
23
50
7
147
69
49
26
5
42
0
23
28
0
213
0
125
30
364
311
14
0
60
2
0
65
33
377
9
19
5
228
0
271
43
0
64
0
59
1
1
64
4
278
0
135
0
193
17
0
254
8
132
106
1
113
0
1
267
37
389
15
64
1
1
258
1
1
379
13
386
0
255
8
74
0
3
77
130
0
0
0
78
1
306
11
0
0
610
0
3
35
11
339
63
9
5
3
368
0
67
38
29
270
0
338
20
1
128
24
0
20
16
19
459
33
34
16
1
5
178
11
13
0
7
217
3
1
0
0
130
101
0
54
0
7
488
9
117
224
59
11
33
314
10
132
0
6
83
0
38
1
3
33
7
5
380
3
502
0
0
47
0
2
57
0
395
4
141
31
35
18
27
167
55
127
10
7
0
0
493
39
193
31
142
499
15
3
4
33
63
3
314
406
12
1
36
0
48
447
39
21
242
2
60
565
92
4
0
49
27
35
11
1
404
5
128
50
2
0
80
22
139
11
1
0
178
59
11
221
24
31
9
1
31
518
5
397
2
146
333
3
35
34
34
3
14
522
0
11
11
27
192
56
19
0
0
1043
0
0
0
1
1
0
0
1
307
77
255
250
33
350
0
265
18
3
473
9
0
99
11
2
15
67
0
0
86
0
429
1
31
17
5
0
161
0
25
0
89
0
316
136
0
393
87
52
0
216
3
80
38
0
438
0
100
419
1
39
484
33
20
352
11
468
15
162
14
25
16
447
217
53
2
48
6
0
1
120
17
0
22
2
451
140
6
510
91
8
506
211
6
90
2
1
162
9
308
1
287
10
545
0
2
2
62
6
340
15
518
0
0
0
33
414
0
2
21
10
36
5
121
18
0
457
3
159
66
46
1965
1
38
413
72
470
91
98
0
1967
1
76
47
372
29
4542
5
30
3
62
0
2
259
1
13
70
0
5
11
0
54
1
92
4
449
14
2
2
0
211
1
117
10
39
51
334
0
12
31
62
3
45
8
23
83
13
2
5
1
438
0
422
283
2
581
785
702
5
127
1
55
159
199
5
24
241
0
3
20
35
87
6
14
436
8
0
432
2
56
110
500
2
110
1284
0
49
24
0
275
0
469
10
427
68
5
0
114
535
0
11
51
9
77
331
9
0
0
10
0
39
0
509
10
2
154
0
12
87
30
55
39
0
0
17
0
164
16
3
262
0
64
481
27
510
22
25
0
29
0
0
0
37
596
59
6
1
19
5
34
350
0
1
0
6
85
0
567
0
483
0
1
2
0
0
727
10
17
25
3
0
83
16
30
2
3
0
10
523
90
0
44
4
2
99
1
486
0
0
136
409
18
121
46
329
19
511
22
94
89
92
0
292
1
0
222
6
27
0
1
103
15
347
38
22
46
0
0
262
42
1
0
219
7
157
350
3
1
0
317
3
0
0
338
22
90
50
6
0
26
12
85
0
504
112
2
169
590
32
0
1
25
512
477
0
385
0
0
236
0
457
101
92
477
158
624
94
1
116
1
23
5
26
600
1
161
49
468
252
22
0
1
86
49
14
144
0
1
267
566
83
145
54
1
15
520
132
18
516
17
323
103
4498
7
1
301
0
61
409
4
87
23
19
13
89
19
70
74
0
418
342
0
4
0
70
0
42
0
70
94
336
0
622
9
21
72
0
1
103
183
107
2
1
93
18
563
159
85
11
565
13
267
61
245
25
0
0
2
33
11
26
304
1
2240
24
1
33
50
548
106
0
0
1
14
489
5
11
70
14
139
6
71
559
9
31
72
0
6
429
0
14
154
0
25
4
1
456
9
0
0
547
23
558
0
21
0
311
3
1
277
546
1
121
0
9
23
309
26
0
206
22
483
0
136
491
10
0
127
110
49
0
3
2064
54
24
4
109
5
112
15
471
16
453
51
0
166
517
38
2078
0
43
4628
585
0
428
1
520
38
4674
4
0
0
0
1
95
2
2
0
2
2
5
4
0
4
1
4
289
5
5
1
5
2
2
2
14
14
14
0
63
12
17
0
17
0
17
11
17
1
17
0
1
23
8
20
19
16
0
16
2
19
16
7
2
2
1
2
28
8
0
8
1
8
4
22
37
1
22
8
37
40
33
13
10
33
46
33
4
1
26
667
1
93
1
173
115
691
0
279
9
198
653
36
42
1
374
0
0
603
3
0
112
2
23
505
41
733
76
2
253
6
0
8
58
49
6
75
72
215
1
579
306
7
0
538
57
13
103
0
46
585
0
349
140
399
4
2
76
23
73
152
416
13
14
4
21
402
0
1
378
3
10
3
72
0
499
15
406
10
478
14
85
0
6
172
1
7
523
124
25
2
0
0
98
8
54
1334
1
11
16
752
21
28
3
106
19
3
104
239
4
0
508
0
3
74
55
21
67
64
1
416
25
0
96
4
0
10
0
244
14
116
5
368
0
29
1
506
104
2148
15
0
18
259
7
129
91
1
2300
1
22
552
54
131
191
64
562
7
0
64
626
30
498
5
0
416
7
69
92
53
14
50
2
102
33
35
566
0
0
80
493
45
37
60
545
3
7
0
9
2265
10
86
467
415
2
459
8
101
1
2
649
32
700
16
287
85
0
1
609
40
354
116
369
0
7
197
3
3
0
402
5
24
0
11
110
0
105
631
226
6
8
561
75
0
24
6
332
89
48
50
34
39
0
212
800
3
4
0
448
4
0
89
9
55
21
178
8
93
761
52
1
3
467
834
2382
18
257
32
0
0
359
7
122
29
493
80
493
0
187
25
19
796
0
300
120
0
292
3
487
57
2
0
115
84
36
21
28
3
32
8
544
20
132
1
2
0
14
0
50
30
4
31
314
26
59
39
0
668
7
0
213
26
23
0
467
23
0
651
8
15
5
0
763
689
3
686
6
117
781
1
172
0
1
0
1
1
13
1
1
1
27
141
4
0
679
33
1
811
0
2
637
0
27
601
0
0
427
94
3
593
6
241
3
190
427
0
68
45
213
152
5
119
656
20
722
90
6
8
5
3
528
0
66
1
51
6
4
103
6
57
12
1
9
1
2
0
33
141
536
52
10
96
21
2
81
0
60
2322
0
34
46
595
18
459
59
675
3
241
0
811
0
2
407
5
1
117
34
744
0
131
1
300
7
600
0
1
502
1
1
98
825
0
589
0
103
153
17
288
11
0
9
4
13
1
106
706
0
3
52
0
151
1
9
32
24
4
843
58
0
148
325
19
145
133
20
749
35
0
164
562
60
30
0
393
123
1
641
134
519
2
1
1
0
5
0
702
6
710
1
518
1
2147
11
137
4
767
124
5
18
122
332
0
0
41
193
30
0
855
83
48
39
2
79
0
34
14
2
474
3
859
0
15
0
81
1
776
0
59
20
333
1
90
801
37
677
0
398
62
401
0
646
1
229
2
0
1
465
246
2
493
40
99
0
210
0
733
72
41
2
0
2
12
49
51
85
45
3
32
155
343
0
0
0
15
4
894
17
104
14
47
5
8
533
92
364
143
121
185
37
227
47
122
0
19
59
15
637
0
0
95
0
1
0
8
43
123
14
13
18
862
7
3
23
56
26
0
569
0
648
626
127
1
7
781
0
0
194
0
3
895
58
725
7
10
1
24
328
10
53
1
22
150
1
175
3
538
38
822
0
236
100
96
41
905
130
18
5
3
7
848
3
372
3
83
725
17
1
119
586
5
2
874
0
0
81
675
0
368
6
0
70
60
746
24
567
15
915
5
123
0
23
98
1
656
1
242
18
28
170
95
7
2
0
0
0
75
18
746
20
80
659
95
664
39
0
1
16
645
7
731
36
0
238
743
105
758
187
807
33
91
50
0
375
0
439
1
0
750
5
799
30
96
0
60
1
18
4894
2
28
564
148
1
37
58
2
34
0
0
0
900
60
0
834
109
440
0
112
0
103
269
112
0
59
97
28
0
285
5
1
1
240
0
745
152
1
56
30
140
573
45
227
0
834
22
78
154
2376
0
4
32
678
45
0
120
673
0
25
0
4
297
11
277
32
860
7
31
81
4
127
11
794
25
80
2
4840
924
1
241
360
0
76
13
654
918
5
1
31
1
0
762
65
0
957
30
159
12
0
0
0
721
0
76
1
60
18
0
0
81
5
1
0
326
24
6
2
0
866
8
0
803
160
66
801
0
38
0
0
0
0
769
27
21
676
0
3
622
4
0
0
287
0
686
8
866
65
0
5
0
0
0
0
0
292
12
5
485
2
2
219
934
3
1
621
32
2
362
26
2493
2
0
61
1
4
0
2
10
62
0
244
2373
10
3
967
14
716
1
135
144
68
11
0
236
79
3
320
16
111
10
114
83
132
955
1
703
2
6
609
2
604
15
660
0
0
43
0
125
16
1
83
1
133
1
1
1
0
0
239
4
442
59
197
765
30
13
0
959
145
8
598
56
3
145
452
0
1
138
6
0
118
118
16
7
15
11
593
65
0
11
109
4
97
70
0
0
478
84
1675
14
140
1
935
1
0
826
993
12
265
0
708
1009
19
753
2
0
545
91
0
0
9
947
27
987
95
84
62
1389
594
155
6
17
462
56
0
151
0
536
156
7
105
0
136
18
20
106
13
911
29
190
995
14
3
565
26
1
78
8
2
922
1
125
363
23
83
10
533
23
12
5
480
898
447
1
484
0
169
2
10
108
0
35
3
15
53
167
13
12
2
3
636
67
5
4
267
2
0
193
62
843
891
0
2411
0
1397
0
1566
21
296
694
0
2
82
41
118
291
63
129
118
95
49
804
106
873
56
96
9
0
12
109
25
20
280
53
3
751
12
0
9
0
0
8
114
417
23
0
789
0
10
524
1
9
985
39
476
16
773
0
486
0
0
0
3
4
39
648
10
51
667
1
215
801
1
1044
174
10
58
31
127
13
1003
95
0
965
0
0
173
2
643
200
1
0
209
38
1
0
170
0
986
16
863
80
155
56
0
7
117
26
872
0
131
899
823
2445
551
148
647
3
121
134
0
0
118
423
6
0
946
4
0
1
2
94
2610
4
127
1046
49
118
7
15
139
52
121
177
33
16
0
43
46
770
0
1005
0
0
2
925
38
0
24
0
574
4
245
978
25
7
0
2
0
3
0
158
0
8
37
135
59
443
0
116
57
4
3
1004
828
0
845
1386
742
27
379
5053
197
24
0
6
1
1
0
120
22
1
0
0
0
0
1
0
1
2
0
0
0
4
3
4
1
0
2
5
4
1
5
2
35
177
4
5
32
12
17
1
14
11
9
946
83
19
102
50
46
15
15
811
9
1
547
2
122
72
1079
141
148
929
706
15
980
138
93
126
0
51
14
510
430
521
80
231
0
153
0
130
1628
588
10
112
0
0
120
134
2
91
639
415
0
607
43
0
86
81
0
1
126
0
40
8
108
1052
33
0
607
3
3
3
356
5
4
1097
0
31
227
15
0
142
0
75
828
171
1130
807
18
0
130
0
1042
1
1042
16
58
0
0
2
2
1
0
1052
915
46
5
4
1
763
105
6
1
641
17
3
0
77
2
0
465
27
503
214
11
61
230
301
94
12
940
108
146
0
0
3
0
681
146
284
822
0
164
5
1
0
2
171
0
1041
18
109
494
0
116
0
15
856
28
0
467
288
99
4
268
35
0
0
0
16
10
0
8
59
11
36
821
1
355
4
11
13
124
1
852
285
32
24
41
141
175
2
1050
58
0
973
21
167
10
13
21
9
1140
0
607
0
388
16
596
6
4
23
0
0
3
173
77
0
1
1
61
49
159
453
360
905
291
10
101
0
130
0
369
0
0
967
0
1077
1
0
3
60
6
175
373
84
381
71
87
1
0
286
1
29
116
2
14
33
1039
38
0
0
0
0
0
0
2
984
296
0
0
0
177
13
972
138
57
100
35
19
352
13
1017
33
21
940
58
49
13
1
1
23
0
23
1
763
3
180
63
0
295
215
0
0
523
0
121
317
0
998
9
1
0
3
0
1
484
0
657
0
19
24
65
0
25
10
59
188
47
0
296
2
293
1
1032
0
258
251
15
56
6
53
0
53
88
0
0
920
0
915
1
166
10
937
5
158
16
96
1051
6
1005
283
48
16
3
9
129
448
18
9
6
316
1
1
74
1140
80
1
302
553
29
304
0
541
150
41
3
1
739
70
1180
0
306
330
17
1113
0
1
1047
58
0
70
10
9
0
1048
8
90
653
49
0
256
0
29
0
0
19
7
951
863
24
60
138
22
17
0
0
210
13
795
320
0
531
13
0
0
77
4
1068
3
16
130
3
86
0
12
720
1442
144
142
636
10
8
1062
0
671
0
1
70
21
8
0
0
1
0
401
1
6
23
38
0
788
13
2
1102
0
9
126
780
82
0
704
128
33
132
5
144
1022
18
19
59
932
0
161
54
143
0
840
0
1196
23
162
8
0
117
44
0
69
0
27
68
50
240
724
0
4
0
1148
0
0
5
1090
105
284
846
42
262
53
9
0
0
0
58
1048
0
295
179
60
818
2
3
413
3
0
59
29
678
0
2
6
176
146
54
0
122
11
12
0
1148
0
605
320
143
41
891
1
0
12
0
265
134
4
0
713
163
2812
161
1060
895
0
314
27
128
0
132
656
2
0
218
1149
4
295
734
1040
42
159
23
2
8
171
1113
27
63
36
116
0
556
132
3
18
134
788
194
1230
52
0
0
376
3
309
35
88
18
11
1220
626
67
0
64
22
0
1064
142
111
1213
160
26
0
190
174
152
156
30
0
166
4
63
156
32
692
226
1
0
1172
144
3
489
53
929
0
503
57
4
24
12
1001
95
1044
6
124
856
0
40
0
171
5
41
787
62
7
25
2936
22
33
470
136
57
3
4
13
241
44
236
0
991
949
8
1
0
19
0
1178
12
303
36
92
471
415
12
39
232
15
125
5
15
132
620
6
512
83
890
22
2792
1
165
949
642
1
0
157
1049
12
1
4
36
6
70
123
80
0
42
625
178
67
115
961
731
29
178
958
12
1064
53
811
28
1237
52
5
87
0
56
0
473
984
3
117
87
0
199
72
342
49
0
175
368
30
0
27
0
535
0
0
0
292
783
51
0
58
0
3
474
1
0
25
22
305
3
170
138
1
38
2
32
0
0
778
1
7
437
9
7
1
130
0
174
133
55
343
135
18
13
0
958
194
0
124
0
1
0
21
3
188
138
24
69
3
14
89
968
18
898
34
50
15
162
10
873
1
917
11
31
18
665
2
449
53
180
6
153
7
1
1115
27
70
70
0
66
0
435
2
375
4
9
0
124
2
702
1
0
915
67
0
3
166
930
114
1061
7
0
2
827
278
0
71
11
74
5
76
66
4
108
5
260
9
40
118
188
21
26
990
1149
835
882
1208
0
15
356
121
85
0
7
0
7
531
8
54
39
202
755
16
28
887
1
189
1
4
34
566
2
42
44
10
637
137
128
310
0
134
141
86
815
2
5
1272
50
26
1272
14
9
907
0
1008
27
98
0
137
8
78
932
72
0
1251
45
1120
92
2718
14
49
561
0
103
33
142
164
1
463
14
6
0
781
5
338
0
196
32
450
33
25
0
109
0
292
193
114
0
1172
7
27
3
19
129
13
137
10
0
29
1194
168
254
742
9
174
47
16
60
0
195
0
0
0
0
179
21
70
0
3
124
1
1
48
754
0
1033
23
110
25
0
0
4
0
1301
53
0
1237
35
908
0
1294
85
874
135
0
2
214
771
0
0
0
0
1185
205
10
3
1063
38
793
1
771
430
10
824
134
0
8
3
451
0
0
180
203
780
92
6
283
1195
91
2
303
0
38
1
111
0
112
1
0
575
21
0
73
0
396
1135
0
1
2730
0
0
73
787
349
545
3
291
934
232
0
0
1006
0
0
11
36
196
1
13
595
6
0
0
348
792
9
284
1
6
2663
235
105
350
2
1010
0
1076
23
145
588
2
502
58
1
0
192
17
56
2
70
8
1197
24
0
419
1046
2
31
611
31
1243
17
346
1319
75
1307
0
315
1
0
205
93
72
346
30
2
0
2
41
647
270
68
420
84
352
1313
179
0
233
46
0
259
71
430
0
0
144
15
351
402
1379
12
61
14
69
986
89
69
1298
0
213
72
24
0
129
5
1
313
1
23
1
2992
0
132
194
914
206
514
38
30
90
0
144
71
527
118
5
186
0
923
32
266
114
149
1323
4
129
0
0
4
0
4
9
31
13
71
3
808
6
21
26
47
10
343
66
15
59
58
4
0
23
134
1
23
137
1339
71
0
8
0
600
158
298
0
170
0
0
3000
475
106
77
31
0
3
51
10
2
210
981
93
122
548
0
533
2
205
0
839
82
91
510
43
68
169
42
632
0
7
16
1003
11
211
297
186
0
419
20
1
151
1034
0
68
0
9
68
988
34
78
10
134
423
4
3
41
828
9
277
115
0
121
1212
41
369
19
1002
17
0
286
80
1178
10
4
73
0
2
140
4
1305
2
400
189
2
43
15
184
1393
42
1
4
393
1
0
42
29
939
2
0
43
18
0
156
0
5391
212
8
0
0
3
1382
34
97
1
46
2
805
9
0
987
99
1
357
1220
41
0
115
0
305
206
1264
1
1168
0
4
538
0
26
1278
21
1259
79
628
16
12
1271
40
222
18
0
1354
28
915
1
367
118
3
866
64
0
0
15
963
2
1367
1
0
225
0
164
1
4
2
158
0
0
0
1106
0
873
17
367
102
114
72
48
48
5
359
5
30
593
1
221
20
1265
3
730
0
212
12
75
53
13
892
0
1250
16
39
1
4
108
0
484
0
58
3
10
141
0
36
314
0
0
95
1
888
0
14
69
512
0
0
1374
1
0
1410
27
57
19
6
1057
8
89
44
204
0
1
167
128
1175
83
12
8
139
140
1422
0
52
491
8
6
679
15
648
276
0
18
17
151
2
24
133
57
35
219
0
1101
0
7
3
138
45
93
5
17
86
1119
3
6
76
0
167
0
996
48
0
225
227
185
570
86
1177
86
1
4
0
1242
0
0
153
82
1
0
1424
3
0
2
723
5
325
0
33
153
0
40
58
3
1433
97
7
0
0
505
1
4
79
1005
111
1
744
4
2
376
181
1388
2
1
131
7
0
88
0
4
7
0
127
4
24
2
1151
111
35
1328
2
477
689
6
96
326
8
1081
71
23
1
1
241
18
4
14
7
90
754
773
0
1123
4
91
5
79
40
14
148
1351
85
666
14
1156
149
0
0
0
556
214
15
1266
1
71
22
2
152
547
56
9
1460
29
4
372
4
55
617
3
0
1385
18
449
0
357
239
8
0
22
10
8
8
36
226
207
0
1
144
0
217
8
0
337
0
1401
5
811
10
187
0
0
0
0
0
0
0
3
0
4
2
4
1
0
2
4
0
3
9
195
4
10
0
114
338
33
22
144
11
910
0
70
753
45
0
1212
1140
0
39
0
1481
1346
22
200
325
8
0
201
46
7
4
51
22
2
1261
9
2
12
229
67
48
656
3
1394
1
26
1
1
15
798
1
97
49
79
479
149
285
1541
67
757
3
1535
79
352
4
223
95
1
1388
24
152
1582
31
1
340
258
443
11
1
0
217
17
25
153
19
153
1044
0
0
45
1
167
582
799
0
226
15
665
0
287
71
0
3096
26
1
5
639
0
5
256
1048
110
1
0
0
0
18
13
100
0
1356
268
160
0
296
0
0
6
82
63
824
231
92
1
24
118
2995
0
184
110
6
1126
2
154
30
67
83
1
298
645
0
0
0
604
0
53
4
1108
103
8
0
149
1420
106
2
654
0
12
8
798
17
0
836
80
0
365
87
0
0
2
27
1038
366
64
121
141
25
2
527
189
132
1325
2
1
165
47
80
19
210
69
830
45
84
50
43
8
155
3
162
31
65
0
274
5
1
143
1420
171
779
157
1523
48
301
8
311
0
958
255
1294
24
194
954
8
199
397
11
0
7
1482
143
194
222
7
0
102
0
38
0
945
149
2
2
48
655
106
107
998
18
40
459
0
0
2
161
56
3
1447
80
150
165
9
1404
7
1196
178
0
0
188
189
0
56
153
24
354
1157
0
41
284
1
8
0
733
2
1558
100
11
0
0
1465
13
0
0
2
131
2
188
33
239
68
0
69
188
65
947
1
438
0
290
1210
65
719
162
0
1232
38
33
165
15
3
45
1466
1
279
616
103
268
204
57
32
1
5
0
1451
1276
350
343
169
62
1
221
0
1070
0
1
68
42
5
312
0
1362
1
0
48
0
170
67
0
1121
66
48
0
1285
4
0
1593
14
4
1614
8
163
50
0
267
38
3305
398
123
1546
92
195
3
26
2
0
178
164
41
256
7
8
126
0
984
27
17
0
1
51
1342
170
1514
39
60
1037
112
28
1796
55
408
323
0
1298
0
334
752
4
0
1224
5
0
234
1
61
16
245
0
1506
27
14
757
0
1232
190
124
3
1
0
1299
1
394
24
10
6
94
0
426
12
59
1129
32
231
7
7
1547
0
1074
1175
186
1089
2
82
551
0
133
0
155
24
0
0
0
22
0
0
1
231
1096
41
154
803
14
0
1283
0
11
281
36
239
1
7
72
1032
178
22
0
181
836
0
1094
35
374
1381
25
1017
64
0
412
122
209
282
30
157
9
100
1
0
1518
103
799
1591
2
1124
240
1056
12
237
45
9
686
155
0
367
2
275
234
878
4
68
4
0
0
682
5
1383
1
1181
121
1
771
70
10
0
12
0
0
25
921
1528
0
4
1445
240
126
14
7
20
854
0
222
492
1
400
5
17
1
0
175
6
131
696
152
8
5
1097
138
691
3
0
1215
42
1588
18
217
0
6
3
3
179
13
335
121
253
96
46
1354
190
1
115
4
1
7
1
292
0
27
8
0
140
1053
737
0
803
5
0
0
1
25
0
1587
247
525
0
3
10
32
790
0
428
0
387
512
4
3
0
1042
0
238
74
5
218
76
1
69
0
743
0
144
0
99
129
108
14
3
911
76
1457
1573
22
143
1699
0
1
402
503
17
8
1215
40
804
181
1302
226
0
0
0
962
353
1
1664
1
0
253
33
208
12
2
425
198
29
199
1
193
320
7
902
1
0
78
18
38
1589
2
46
9
136
1072
44
339
4
972
2
128
0
7
1167
130
9
29
1593
914
0
0
1213
0
1806
1404
53
42
1094
88
1
467
30
236
1162
3
436
590
0
380
974
2
44
44
24
1
192
0
139
0
2
92
39
614
19
0
270
0
1657
1087
1689
2
12
128
19
884
37
78
0
124
1127
1
1
531
5
1634
0
6
587
1359
257
35
4
0
0
481
1
0
65
13
0
0
159
102
116
387
367
1421
0
522
262
1439
66
0
0
3
1
27
1214
843
19
59
0
607
74
38
79
20
22
130
46
77
1669
110
2
423
338
6
20
7
31
167
417
2
167
198
172
9
0
557
214
0
386
1
0
898
88
0
95
80
306
113
39
2
304
0
1408
25
1
481
99
167
110
2
165
10
336
283
33
1144
17
4
73
996
633
171
6
1157
132
1
1123
41
1
0
246
846
0
0
1160
0
9
1250
0
0
60
24
874
1
69
0
3
1696
51
3
128
5
123
1490
360
0
201
18
3
4
98
64
1226
1502
1084
1515
18
149
168
32
0
31
0
1576
0
9
178
44
112
1188
96
46
4
168
23
4
174
99
541
95
1507
178
1197
0
1218
0
0
215
24
7
829
221
1281
0
131
3
30
47
0
1670
295
0
3
10
125
0
984
2
169
161
17
5
1527
38
0
5629
17
0
1
0
102
518
1656
20
45
1473
117
385
138
15
7
192
7
592
2
838
1
0
1395
38
53
31
1457
115
0
560
0
225
0
1745
1
1658
0
903
190
5
36
62
72
490
1651
45
156
17
446
1170
9
5
0
806
243
10
1731
2
1029
22
7
0
0
9
1
192
76
190
0
1279
0
1120
17
599
437
1
171
1
24
951
4
58
1448
0
6
367
142
12
169
1601
0
0
1227
32
9
1394
23
155
116
10
431
181
230
252
234
101
203
10
72
295
122
32
616
12
64
773
0
61
42
536
53
1296
0
312
1383
3
0
24
181
212
17
241
342
6
88
1056
0
0
111
9
0
61
98
2
2979
1
5
72
9
1
163
663
1591
137
1481
80
2
292
164
6
740
19
259
87
454
207
10
1033
173
1790
0
364
263
259
1042
27
897
0
1677
14
842
1
1
5812
0
0
6
1341
62
1644
290
1382
27
0
1072
1648
170
14
0
11
1029
1214
1524
0
961
25
0
59
1
0
34
18
20
49
28
93
0
114
18
1
117
1223
222
1311
2
2371
3
0
12
253
12
0
121
3
2
752
0
113
180
1005
213
146
1326
634
1
4
0
942
0
0
0
119
1384
2
222
0
4
83
50
49
134
199
15
15
230
132
22
0
0
2383
2
107
1533
2
0
1725
266
0
218
968
68
52
1
561
66
197
103
52
266
54
113
482
416
32
2
164
1261
118
0
1
11
448
156
1
6
25
2
1113
1703
5
3437
0
169
1503
126
0
1
0
17
0
188
589
87
139
668
286
536
1
0
1860
40
9
573
11
173
26
253
51
705
1
1327
88
3
988
401
1663
0
1312
2
56
0
51
216
50
626
3579
139
3397
14
4
626
422
82
1
2
3
3399
27
24
38
86
20
438
1987
74
271
1536
16
1602
1653
1462
71
1786
15
42
325
9
1844
219
1742
14
29
217
0
1
30
1684
0
1
154
174
463
1315
0
351
0
6
754
1531
109
1
914
0
75
48
949
1
106
17
596
28
1302
10
24
726
26
0
932
1
0
37
472
1053
114
77
43
464
0
0
0
2
1854
1
1
0
51
186
0
45
168
12
2
6
0
754
0
0
177
0
699
0
69
1722
285
11
2
3425
222
0
66
46
10
756
950
162
0
7
5
2
0
1363
0
149
563
84
10
64
0
89
0
146
229
2
113
6
138
421
383
1866
121
956
83
467
35
0
12
183
56
1
1
918
10
833
7
1479
0
1
0
98
6
152
1768
83
0
896
0
911
453
669
301
2
0
0
1
788
1
1732
33
50
426
4
785
0
1654
20
157
495
266
2
0
8
1682
36
2
1169
0
337
11
1695
381
151
459
834
1142
35
152
1
1185
35
1075
130
1586
452
0
0
0
1
323
25
0
478
254
1
1293
225
1148
100
1399
5
355
3
653
0
1085
11
1659
9
54
2
1055
0
16
56
54
2
44
15
7
256
0
5
1882
7
6
1136
0
45
589
14
1498
113
187
293
119
15
175
0
1
703
120
0
64
1181
1347
1193
0
16
1196
14
337
315
1549
180
39
12
231
260
67
3
0
343
653
16
0
40
1015
34
1741
94
189
1598
4
1597
1843
260
486
1005
11
5916
531
10
4
1115
0
1574
41
64
190
177
1055
3
215
1388
357
65
147
837
17
2
2
9
0
1452
24
57
53
42
181
100
5
11
0
124
440
14
456
290
23
15
1
8
1
535
0
1528
313
86
141
448
518
38
0
19
0
20
283
377
30
0
3
2
0
0
164
0
2
1
93
1814
567
0
0
0
62
0
260
1639
30
615
172
90
1700
1028
42
113
820
5
0
717
1
147
4
566
294
1155
129
1486
0
5945
611
0
762
1
1051
3
213
5
0
0
3
3
3572
0
1743
1
57
8
227
0
7
821
157
2
275
1964
701
80
295
1
0
0
0
0
1473
52
3
320
60
1224
0
0
138
962
974
12
848
212
1
30
0
40
5
1735
14
0
660
42
0
1507
89
16
255
0
389
1578
122
103
501
1534
312
4
76
0
497
1964
144
11
500
0
1902
0
466
24
8
0
829
309
0
455
1990
86
0
0
1645
322
194
9
10
88
0
121
0
0
0
21
320
21
4
1356
216
1602
0
2
1
9
1965
144
0
3
0
3
996
136
6
0
502
182
64
0
0
1041
341
1618
170
302
127
216
131
248
9
217
0
1
2
1
0
138
234
0
238
39
1051
265
1955
0
31
2
1184
289
805
0
131
272
158
64
0
128
46
272
65
143
0
163
1010
14
0
504
458
17
363
302
26
140
10
78
27
38
87
23
0
10
1214
340
1681
4
1458
6
575
237
1
51
22
362
31
52
0
26
0
31
470
154
47
30
5
0
602
0
35
348
508
24
1
0
22
92
135
71
397
2
92
11
0
689
0
1207
9
1302
11
2
16
55
43
239
165
1110
47
0
133
2072
678
0
36
100
715
170
136
15
1637
58
71
339
48
480
4
315
970
57
7
514
14
3
1661
381
1404
1
0
1661
3
89
0
1
1196
289
0
366
0
183
443
1312
14
15
52
7
811
53
202
0
1
17
418
0
16
193
23
2
53
67
0
5
48
396
0
1106
184
0
2
1929
867
2
273
1870
0
1321
27
386
255
190
0
2
2
81
0
270
5
2
1588
0
0
1641
0
41
0
4
2046
10
56
1598
624
208
50
0
1225
1
0
356
6
18
75
1
150
283
1630
0
4
45
158
537
3
439
97
15
184
224
603
192
870
71
314
2
379
1
2
923
25
1610
0
77
0
1562
3
1
1848
9
12
876
49
1445
179
32
274
184
0
0
6
1669
9
77
105
501
143
1412
0
0
42
1
89
21
225
1468
530
1803
1981
130
386
310
1
0
2045
0
0
1778
97
3677
0
2
117
0
0
2012
2
0
0
0
22
272
456
82
0
977
1126
0
137
1012
1656
1850
3
236
0
6
792
0
33
272
34
431
7
7
1511
2028
50
1822
0
373
19
157
1
1713
17
149
865
2
3
161
6
942
2
1254
0
1431
1
0
150
1
1517
300
199
2
0
0
1168
1464
476
22
483
1267
11
0
72
15
0
1506
0
937
1
174
322
0
847
0
136
6
184
45
6
100
1789
30
2
47
192
1624
93
81
0
421
292
0
24
39
1944
1
281
85
16
794
312
44
8
1
0
423
1
1629
259
138
61
1017
31
280
0
489
226
143
2101
880
8
2
0
0
1
3
134
1748
8
303
762
3
745
93
1
528
6
2095
238
239
14
13
1
21
592
4
943
3
10
0
60
0
1108
45
105
10
0
62
29
424
236
2
63
6
165
47
7
2034
23
186
0
381
13
190
161
2001
8
1737
92
2065
1172
3
0
1718
18
0
27
1352
0
8
713
27
660
0
3
429
1909
0
1115
0
1007
0
7
1568
6
1091
64
162
1473
22
80
22
0
220
293
451
819
16
1
2
268
11
204
1770
43
1
75
1
143
2098
168
1
163
30
183
922
197
319
47
1208
3
122
50
10
0
61
1943
2
134
621
3
380
7
17
0
3
2049
14
8
0
409
0
55
1548
0
5
0
6
0
192
0
1046
57
0
191
1826
74
649
267
0
1818
0
249
312
14
120
1366
4
0
810
349
805
103
533
112
1
546
1697
19
1707
5
2086
624
64
2
47
403
0
1792
139
1
109
990
190
267
174
2060
0
48
263
0
474
206
1387
0
892
1
11
0
5
19
0
43
82
2
234
1183
0
1
170
318
7
11
3736
2
519
324
0
1139
29
4
33
6
1
13
491
1
3
39
179
1152
314
1996
22
276
481
10
8
1816
1817
46
187
288
228
21
0
236
132
1316
97
1424
21
35
2112
64
1
0
1225
207
7
2
503
54
162
3585
0
2
0
171
236
24
810
8
162
178
135
350
1535
0
2
488
144
307
6
1
2134
44
0
704
0
0
2
1040
0
0
202
533
1352
6
0
177
2
3
56
168
206
1
2003
31
11
2046
0
1256
281
0
1810
0
182
113
0
0
310
0
298
327
1795
10
1533
0
858
2
191
0
10
0
265
0
0
0
1
15
90
41
198
1826
1455
21
111
5
1
1853
25
1
151
1607
1
522
1067
0
0
97
13
1833
0
2
0
1422
21
0
116
64
88
1
1
96
240
2
515
52
0
439
2
303
329
425
2026
0
252
762
1862
930
17
255
1695
5
0
49
1273
2153
102
1701
525
2
0
22
1666
6
94
173
910
1
67
96
0
0
530
659
6
172
0
154
2242
3
0
0
194
0
204
151
196
1
158
12
1973
14
310
0
1665
65
1
100
79
237
0
1781
0
9
0
0
4
337
1325
136
4
1855
178
2
83
182
1868
69
942
2
67
205
23
432
4905
602
0
0
0
0
34
0
0
0
4
1
154
0
0
0
2
1
0
0
3
0
2
0
0
1
1
3
2
0
4
342
3
2120
7
2359
2064
3
678
1905
34
451
1815
683
850
72
431
0
1672
764
358
0
221
275
1
574
2282
13
1
161
0
612
0
0
387
292
28
559
877
13
10
272
36
1
1440
78
2
9
43
2133
21
277
80
500
99
18
906
15
701
0
362
95
0
2133
176
0
97
174
1087
88
4
0
342
15
233
189
34
9
1891
0
12
0
1761
233
2065
1
86
0
1191
8
0
1
445
0
0
624
0
2
4
0
0
1530
16
0
1
2080
96
266
1696
52
1345
358
12
1821
0
635
4
182
172
1355
0
2
0
1786
39
259
243
11
188
1
0
172
23
0
1006
2097
0
42
2923
5
1684
1
0
11
315
218
0
1845
53
2294
0
855
0
584
89
3
41
97
694
44
102
25
6
0
0
271
48
7
65
432
208
132
3
8
0
6
4
1292
124
0
101
344
0
14
11
1893
81
0
2151
0
54
99
318
137
207
0
404
731
1455
47
139
133
7
411
1297
242
1411
2
0
301
24
175
986
51
2
2207
390
1977
16
4
11
1
1
570
2073
576
0
1079
1
1164
41
52
2
11
2298
1555
281
1673
35
2303
2024
66
677
256
6
589
1317
2
587
7
540
2093
0
0
7
111
2260
324
2
0
417
1
322
37
221
2077
16
223
2011
164
0
0
0
0
455
1159
13
328
1
15
5
38
0
235
149
6
2196
1420
0
1517
112
1
776
0
1661
0
35
1456
52
1700
413
0
133
117
221
0
137
74
139
2172
1
0
155
44
0
8
90
4
632
14
2
1050
45
0
172
2424
80
2425
1
442
1
4
1
3
238
90
10
452
34
448
7
0
92
102
22
47
98
31
0
389
0
0
669
28
4
186
384
14
0
1381
549
264
1
533
39
61
1559
568
582
0
0
0
15
635
33
360
15
3
1124
99
0
320
1029
1
2
196
1879
68
38
0
79
309
28
61
0
1206
43
8
107
7
1
2149
2
0
178
96
0
322
1489
9
45
196
53
384
893
19
0
225
478
4
1
1
2
1794
0
787
10
248
28
1729
56
257
105
117
5
782
39
0
407
4
10
292
47
2322
3
22
0
0
212
208
1
205
666
12
216
25
309
1074
96
8
1407
36
256
2034
129
1073
38
1731
0
49
503
2
1881
26
2316
14
226
1340
21
103
21
4
677
0
103
274
2028
2
0
2
162
0
1276
139
244
359
247
1
1
0
10
1208
15
426
265
2419
22
485
38
960
8
0
1426
4
328
73
223
284
5
1744
185
27
20
1237
1871
22
4
191
24
309
59
2
4
163
0
145
1
0
1665
551
1790
4
606
874
6
517
1
1957
85
1443
2
295
134
426
1
362
63
841
47
2219
3
548
4
516
222
13
2240
4
0
0
0
50
210
54
115
421
6
287
131
1337
176
23
2064
20
0
804
127
1255
1733
1285
0
2261
3
17
36
3
239
1494
17
1024
93
0
2378
1585
24
61
2121
15
1863
203
1142
0
0
0
1864
0
225
0
204
205
62
0
6
7
4
577
5
126
1030
0
1
0
969
146
111
405
590
58
207
20
0
65
216
0
339
1976
0
3
210
1544
4
0
3
517
1
316
1160
24
139
3
1675
29
390
14
0
232
591
133
62
560
108
101
2
0
16
182
132
23
233
1127
8
2
523
438
195
0
612
1979
87
19
0
613
0
2369
0
1045
68
1421
0
1548
0
2214
1352
372
161
957
0
0
122
251
40
0
21
611
2299
48
621
99
13
10
58
1806
34
13
0
273
115
1685
50
28
1
0
950
104
36
75
958
84
727
4
222
1966
1770
0
80
14
793
0
1001
40
9
2391
2
2
0
78
150
14
0
3
616
77
35
2168
2
734
1478
7
0
3
54
416
0
2388
16
0
1041
0
1793
0
649
11
1
1493
0
1744
3
11
130
552
3874
1257
102
0
1977
0
31
214
6
0
217
250
1
0
113
18
0
273
38
220
2413
101
77
203
1658
552
153
8
0
590
195
450
7
51
64
1004
76
580
1
108
80
104
3
68
209
1102
0
1173
36
1
1148
0
511
796
0
968
2
28
180
0
0
1
6420
6421
543
150
816
199
0
277
99
0
50
34
2
1678
0
150
591
0
91
763
48
0
70
68
15
13
12
83
0
602
0
130
9
581
1126
198
22
0
77
0
2397
60
1880
20
1
1698
50
69
2278
0
352
49
1972
307
642
13
1248
242
90
75
0
143
298
0
1448
106
0
1626
10
1
19
2224
564
1944
0
289
220
3
374
0
1
7
422
1340
299
0
15
1
38
0
926
11
185
1729
1
4
1125
1
186
0
0
0
1
44
281
2160
66
367
0
0
1
928
5
190
2476
0
1679
296
3
83
0
2
883
16
212
62
7
495
141
41
55
1087
0
1627
0
0
25
5
94
6
73
526
0
65
293
188
2228
0
12
61
524
1
423
522
84
17
519
17
0
10
2
1322
15
13
0
388
14
0
1960
2
336
0
1877
111
1
1
1338
4
29
202
0
41
1118
24
65
217
5
493
0
0
1986
5
273
2024
2
72
2191
0
2054
1766
100
49
14
1856
2102
42
4
12
209
1730
180
4
1
2
26
130
7
0
49
208
0
14
153
121
0
596
21
1637
0
1128
285
1229
47
3
0
0
1915
1640
0
0
0
1
1183
1216
495
2
6
0
61
2294
267
225
2
0
2206
345
1121
17
0
282
1124
0
2
2
421
1403
315
8
887
0
303
839
0
1226
393
42
347
4
0
2059
1051
588
41
474
1947
4545
0
0
0
0
515
3238
1
2
47
0
0
0
1
1
22
1
2
2
0
2
1
4
0
508
5
0
2759
0
2055
1647
0
21
38
123
1944
2051
0
596
404
1742
0
0
1
621
918
398
35
0
756
591
36
438
365
75
56
304
484
10
0
886
729
5
556
918
726
93
490
394
77
7
48
89
0
727
1090
122
290
252
8
0
0
5142
392
18
833
7
627
0
0
0
274
0
3176
0
186
483
0
2
421
2
700
1
0
2
3174
233
0
1
0
432
462
423
0
0
5
2657
0
495
2
389
700
468
764
390
0
0
492
0
428
0
2
12
0
479
5
7
2717
14
0
2
0
0
4
9
4
2657
441
702
19
2
0
11
0
23
2
7
12
196
13
1
20
3
17
6
4
2
7
411
5
787
2727
0
29
0
420
1
695
1
0
214
0
2
3180
0
0
1
1
7
0
1047
3204
368
714
37
8
17
697
25
0
482
2
33
2
793
30
1269
1
40
0
46
16
706
30
10
38
0
0
425
0
49
0
23
4
10
502
12
26
0
9
0
0
20
5
17
1
49
2
0
32
6
0
54
60
3
0
9
0
3
1122
7
0
0
36
0
727
2
722
59
0
0
68
10
10
3
5
14
0
0
0
1
0
74
19
62
1
18
2
2
485
813
14
814
19
489
418
48
519
0
31
11
0
26
3
16
0
8
180
62
60
6
2867
0
0
0
602
5
483
5
1
891
1983
483
593
0
3576
55
13
13
6085
7
12
0
5006
0
0
2
2
3
2
0
4
3
0
7
10
10
1
1
5
7
3
12
14
14
1
16
5
9
19
18
17
23
2
14
6292
0
0
0
0
0
0
0
1
0
1
0
1
0
2
0
0
0
0
0
1
0
0
3
29
3324
694
0
0
0
0
0
0
0
0
0
0
0
0
1
1
0
1
1
1
0
3
0
2
4
1
1
3
0
2
4
0
5
2
6
0
3
0
1
3
2
2
688
9
0
0
0
0
0
1
0
2866
2802
0
0
0
4
2
0
1
1
7
3
1
0
0
0
0
1
0
1
1
1
0
7
5
9
3
0
0
0
0
31
1
0
1
2
2
0
2
0
1
3
2
1
1
3
0
0
2
0
0
5
1
1
5
2
6
2
0
0
2
0
2
4
0
0
0
1
11
1
0
0
7
2
0
2
0
1
4
0
2
1
10
1
1
6
0
3
1
9
4
1
4
7
0
1
19
0
9
0
3
0
0
0
2
1
5
0
4
0
1
24
18
0
2
3
7
4
0
7
9
22
4
0
0
0
3
21
0
8
0
11
6
0
1
7
0
0
0
2
20
1
0
19
14
17
8
32
6
32
0
3
5
33
1
3
0
1
4
28
1
2
4
26
11
23
7
9
0
0
32
14
5
28
12
1
0
0
28
15
10
4
29
41
17
4
0
0
0
7
8
2
0
0
41
0
10
1
0
2
2
0
12
3
0
41
13
3
1
2
16
3
34
4
8
31
14
2
3
11
0
7
0
1
9
1
1
34
21
0
2
2
30
0
45
0
1
40
0
28
39
8
4
14
40
14
7
40
5
0
4
50
1
0
1
4
29
1
2
44
23
10
60
14
13
38
11
0
29
2
15
2
0
20
27
0
0
43
15
2
1
3
9
3
56
1
18
2
3
2
0
10
2
34
0
0
26
45
0
9
6
0
3
0
0
418
32
67
2
1
15
35
13
2
0
12
60
26
1
0
32
32
0
20
30
0
1
2
33
9
40
14
29
7
2
0
13
0
1
0
43
26
2
9
78
25
0
4
6
14
80
28
10
0
24
20
31
49
0
25
5
0
33
0
16
0
0
10
27
11
55
4
7
65
32
52
0
36
37
1
9
30
16
40
29
24
52
0
3
0
0
0
0
0
13
0
0
42
1
32
1
1
1
0
0
26
3
1
0
14
70
29
2
25
0
48
24
0
18
7
50
49
65
3
0
0
65
36
16
82
2
63
48
23
0
23
10
3
10
94
45
0
15
59
28
74
0
46
45
13
95
6
0
61
57
0
99
48
0
0
32
11
22
102
84
43
49
62
32
0
106
1
28
1
1
6
26
2
73
81
1
1
58
2
10
59
44
77
19
94
49
0
1
60
28
0
19
28
45
8
91
33
0
10
23
36
95
73
79
87
0
0
8
30
1
25
116
40
78
0
1
8
4
1
0
0
1
40
1
13
76
44
2
99
4
3
5
55
1
22
5
120
1
81
37
80
32
0
109
96
69
33
13
2
1
29
1
3
1
19
4
23
25
83
5
111
30
100
0
3
0
0
6
0
21
1
63
45
7
55
2
0
124
2
0
3
6
0
4
122
37
4
12
14
46
97
13
49
51
0
0
0
0
0
0
1
56
24
110
2
34
0
53
45
25
0
37
0
135
2
14
30
68
1
0
0
2
23
1
0
48
28
2
13
53
2
1
2
8
7
54
18
120
0
6
78
2
0
0
9
25
0
122
1
10
113
1
51
17
7
22
20
3
4
4
46
16
1
2
129
1
106
4
13
127
18
1
0
14
17
0
101
0
5
0
0
102
6
7
8
0
7
5
5
1
2
2
2
20
1
7
2
18
17
6
50
0
17
28
0
7
0
7
55
41
0
0
11
8
0
0
41
0
1
1
1
0
1
3
14
15
1
14
1
16
57
66
0
0
0
1
153
7
68
2
24
24
47
21
7
16
151
2
111
60
62
7
29
0
4
0
8
3
59
129
0
0
22
43
36
6
3
3
63
1
0
10
41
4
1
30
8
2
0
2
1
6
10
1
3
153
70
28
31
101
69
146
29
7
53
26
0
146
7
0
23
148
67
12
169
9
122
0
104
162
39
0
18
16
7
0
1
159
142
0
85
5
1
58
2
55
0
56
20
32
152
35
154
22
0
0
104
32
1
39
135
40
2
148
47
3
70
17
19
51
20
112
9
4
21
0
0
128
15
53
69
15
163
62
13
128
0
123
3
25
111
0
112
34
0
61
14
78
5
108
67
130
0
119
78
0
0
22
23
0
120
45
10
186
3
85
53
153
10
92
27
157
83
0
0
0
26
0
87
145
53
123
44
31
8
0
0
50
1
33
76
15
1
16
99
166
3
39
128
43
167
23
197
5
10
0
64
83
6
85
189
14
0
58
150
8
5
8
8
10
0
0
13
0
5
9
12
0
10
13
3
0
2
2
11
3
14
0
16
0
14
1
16
1
17
1
11
4
4
0
18
0
3
16
0
20
0
19
106
3
9
11
7
2
8
22
19
1
0
0
0
3
1
0
0
3
3
2
213
8
176
8
57
0
61
14
213
96
2
0
1
2
32
0
15
4
0
0
0
219
14
2
219
6
182
0
5
0
0
2
0
1
222
9
0
26
0
8
186
127
225
141
188
3
11
35
0
3
8
1
0
13
2
18
124
0
11
2
0
0
229
103
1
3
229
2
31
0
4
4
3
2
98
3
3
0
0
0
22
12
7
8
0
0
0
0
13
6
1
0
12
0
0
1
0
0
1
0
2
0
0
1
1
0
24
0
7
3
13
23
91
3
2
27
1
0
199
3
0
3
0
1
1
68
1
0
3
0
1
2
3
11
10
0
29
0
0
0
246
9
4
28
0
7
1
71
2
6
16
6
3
250
12
23
0
17
0
9
12
54
10
38
92
50
2
32
0
19
0
27
35
32
22
37
33
49
24
8
0
73
125
17
42
22
21
12
18
35
13
11
12
21
12
9
26
0
2
12
0
30
1
34
0
42
2
21
0
2
21
43
8
13
0
44
37
0
89
20
9
9
0
18
3
29
35
10
51
28
37
4
0
4
33
35
23
16
0
36
0
26
0
16
31
35
26
15
0
8
8
5
17
17
45
271
28
212
8
0
9
0
21
3
3
3
214
13
12
12
9
0
2
30
38
3
2
0
15
40
0
32
7
40
38
69
21
3
46
9
8
26
51
35
2
1
2
26
281
36
180
1
5
5
3
28
14
1
48
34
2
10
28
18
0
0
0
3
30
1
1
1
60
32
33
20
23
10
32
33
20
0
2
31
47
1
18
29
289
11
9
8
0
0
0
1
8
20
43
19
21
22
17
34
15
23
24
19
0
9
24
25
0
74
14
21
22
17
42
9
24
25
20
0
3
9
57
64
219
31
76
0
15
57
74
143
0
48
0
0
59
0
0
0
48
32
0
41
37
0
33
62
1
0
46
87
7
44
0
62
42
44
2
82
3
1
36
309
52
3
76
0
8
0
0
55
5
89
53
17
0
24
251
2
312
85
9
6
18
59
8
3
30
22
0
0
27
18
5
98
71
0
14
2
60
3
55
0
33
4
275
155
157
63
282
140
0
40
119
3
1
122
118
1
75
5
13
24
60
19
0
13
12
8
15
12
4
2
166
4
0
15
1
0
5
3
7
5
8
10
61
15
1
26
0
4
10
4
32
0
20
17
2
1
9
2
11
0
18
0
68
17
22
9
95
15
8
83
6
59
0
0
64
62
1
37
2
2
0
1
85
0
22
111
59
7
11
430
118
237
10
1740
3237
203
0
0
0
1
1790
2
217
0
3239
0
686
880
0
878
4566
17
186
108
0
876
331
0
4182
357
1029
1
167
83
1
0
0
2218
1
1
160
9
2550
787
4
9
0
348
4256
352
0
0
0
0
1
0
3
241
72
211
0
98
0
0
10
0
0
574
6
0
1
1
1289
0
49
292
2
2
389
0
436
29
30
4
0
294
23
354
0
258
1655
0
0
0
117
0
0
3440
0
420
0
14
0
0
0
1
42
43
557
4
2661
0
796
0
0
1
1
2
355
0
3
0
0
5
1
2
0
0
2
3
1
3
8
1
3
3
5
9
1
8
3
6
0
3
15
4
2
4250
632
11
2601
49
2
6
2
46
0
10
0
0
125
877
0
566
18
0
1
1
0
446
1
0
2
1303
5
0
15
8
1184
1619
0
769
695
2
146
14
459
76
1
0
0
0
4
0
0
1
0
0
11
2
2
0
31
1
562
0
4
2158
17
30
0
159
0
1
0
548
0
0
0
0
11
117
3
39
4
362
8
54
1756
0
1
0
4
5
30
0
290
1601
310
53
0
0
0
0
0
1
744
1
0
0
3
3
0
0
3
6
0
0
0
1
1
2
4
1
9
1
0
8
0
351
298
396
18
0
15
7
301
109
8
19
20
2
0
0
0
10
2045
210
562
2300
4
0
1
2
142
18
0
5354
19
479
3327
1169
2642
2
0
0
1
1
0
1
0
4
2
1
3308
1028
0
93
24
1
1
4
1419
214
33
83
36
2
3
91
24
462
0
37
247
27
90
26
0
32
1
0
10
0
300
5
0
36
0
0
0
0
74
0
7
16
12
1
1
4480
1778
0
24
73
7
2
1
0
0
0
0
0
7
1
28
590
3
0
3
0
796
15
0
746
48
336
5
1
25
5097
743
30
802
3
11
0
0
0
4
12
0
0
1
10
1
0
2
0
0
0
2
1
3
3
2
3
72
8
55
0
15
4
6
23
1733
257
0
0
12
2
680
590
72
7
4
2
59
32
198
590
0
24
17
6
0
0
0
23
699
13
0
1
7
1
0
25
0
1
4
1
570
277
2
6
0
0
5
124
7
2
1
0
0
1
8
1
0
24
12
19
6211
596
847
5
5
163
1
123
3
34
9
20
0
71
27
19
259
140
0
101
23
0
0
45
0
347
5016
27
2
4
0
0
26
3
2
6471
27
0
3
15
7
0
27
0
0
3
21
8
0
0
4
0
42
4
89
1
78
10
38
0
123
209
6
0
38
0
96
7
15
5
3
0
5
18
176
38
0
0
34
357
89
0
0
2
98
5
347
0
1
0
301
337
2
0
123
311
0
72
0
0
2
54
2
360
3
2
2
25
1
2
0
30
0
35
5
550
2
167
0
23
0
287
0
0
56
0
288
1
897
9
197
0
0
0
1
0
0
49
569
1
0
2
2
2
197
0
1
291
1
0
0
1
3
1
1
192
24
1
0
1
28
245
702
687
1
14
0
11
4
4973
66
5
2
1
16
14
8
0
26
0
102
37
562
151
0
0
0
356
28
211
491
584
0
0
42
493
2
8
232
497
3024
226
458
1603
3068
340
57
3
20
0
90
0
327
178
192
100
83
37
1547
2806
0
0
92
19
102
83
21
0
0
318
82
65
495
0
128
59
148
0
193
0
103
2
25
307
1
1
442
0
0
1483
0
0
319
147
0
297
118
15
15
137
9
1
0
297
2570
790
1
240
0
109
3
155
16
1
1829
478
39
0
217
1
0
182
3
9
1
13
281
101
31
680
180
10
0
0
128
0
52
0
1
277
6
16
113
8
2983
274
0
1
1
1
1328
189
49
64
24
2
189
229
5
4
0
302
3094
0
6
32
0
0
1
46
4
2
1
2
226
29
648
3
285
218
47
35
5
663
27
221
57
0
2
9
113
0
0
0
3
11
0
217
120
541
0
1171
211
128
2
12
8
5
206
55
29
5
37
287
119
167
61
12
1780
0
16
17
55
0
1787
0
509
130
831
29
0
18
183
27
19
0
0
3559
666
680
259
463
386
84
20
0
34
21
170
45
299
37
240
0
22
153
144
796
27
34
3
470
458
654
3
224
13
96
3
472
197
6
416
62
79
0
152
93
125
224
0
41
0
189
0
500
0
151
3
24
28
0
0
92
43
8
151
67
318
43
39
0
0
44
35
26
1
320
121
55
5866
0
22
1
0
5
1
16
0
1
0
16
1
4
0
2
0
1
3
0
0
0
0
0
1
4
3
2
1
0
2
65
1
0
5
0
310
7
1
240
2
1
3
0
10
896
14
594
0
0
0
1
6
53
11
0
3894
12
0
0
0
0
0
397
199
2
48
2
2300
3
4
9
0
8
0
0
0
0
0
0
6
1
0
726
0
1
0
1
0
1
2
1
0
0
0
3
3
48
15
46
39
0
97
67
3
2
0
0
1
0
171
0
0
24
368
74
1
0
1
363
13
10
0
66
1
1
3
1
3
1
1
0
0
0
380
9
2
1
106
380
65
0
2
177
3
1
33
3
0
0
137
1
0
5
6
170
9
154
3
12
1
0
0
6
1
2
2
2
0
3
0
15
0
52
17
3
0
1
1
0
6
0
0
32
1
9
0
4
0
1
1
157
3
4
9
0
3
9
4
8
4
1
4
3
1
6
5
24
343
0
24
2
17
5
44
0
0
0
0
0
0
0
170
0
0
0
0
2
2
2
3
4973
89
5
27
0
2
28
36
8
0
602
13
0
0
1
541
0
0
415
1
0
0
1
4
17
5
367
7
4
1
557
2
16
0
710
0
4
418
30
241
0
27
1
18
46
1
8
3
0
0
15
4
9
0
0
4
0
0
2163
0
23
314
0
339
4329
0
0
0
0
6
6
241
179
8
4
5
2
12
6
4163
623
42
8
0
1
0
0
2
404
2
17
9
0
1
1
0
216
10
0
2
19
1
1
0
1
1
218
1
1
0
1
2
0
0
1
2
51
0
0
1
1326
0
1
2
3
1
4
1
0
0
0
0
35
10
0
1
14
0
0
1
60
2
0
3
0
0
0
0
1
1
0
3
3
3
2
0
1
0
0
1
0
4
3
3
3
13
391
210
67
5
0
23
6
2
374
14
1
8
3
559
0
10
0
2
642
292
0
0
5
0
0
195
12
3
1
0
469
0
11
52
5
179
6
4
0
0
11
0
15
1
3
967
0
3
0
2
2
0
2
0
723
31
550
4
0
37
538
724
26
145
995
9
0
39
6301
1
8
0
6
29
390
208
163
47
10
1
80
2
52
83
1
7
14
0
0
0
0
9
8
0
3
3
0
0
0
0
1
2
2
87
1
12
0
1
3
1
1
4
2
1
3
4
0
2
0
1
0
129
4
7
0
1
1
1
0
1
3
1
8
2
4
1
29
22
5
18
5
14
9
4
6
1
0
362
7
43
25
102
243
24
0
0
1
2
5
261
0
0
0
0
370
1
3
0
0
22
4
0
3
1
3
5
4
9
5
1
4
239
4
91
419
4
4
6
1
8
5
5
0
6
3
6
196
3673
13
0
0
35
46
10
13
73
34
646
1
32
5
365
7
466
360
4
1
51
0
0
1
38
0
186
1
1
34
83
11
0
18
0
0
0
187
99
0
3
3
2
1
11
2
409
330
0
8
12
0
371
16
1
4
0
381
203
1
0
1
383
2
4
77
8
0
2
267
10
2
2
1
29
0
23
0
25
0
0
0
30
0
11
333
1
1
3
9
0
0
1
2
2
0
0
1
0
9
2
5
32
0
4
0
13
0
0
4
8
3
8
4
1
11
0
0
20
1
0
0
6
0
0
0
3
0
2
1
1
0
1
0
0
2
1
4
0
1
0
1
0
21
0
2
3
1
2
2
1
2
0
6
0
3
9
6
0
390
7
0
0
0
0
0
0
0
917
6
1
18
625
130
33
1
34
1
220
237
147
0
0
90
0
0
26
0
58
0
0
4
191
0
0
14
0
45
105
93
0
9
4
40
1
0
1
97
0
0
0
0
10
0
251
1
11
0
0
1
281
1
0
0
42
0
2
136
2
3
1
0
4
42
7
0
6
90
0
3
1
4
0
1
5
4
8
2
328
6
253
2
1
2
1
171
2
35
40
6
7
4
9
27
0
53
5
9
8
1
1
2
5
4
1
0
1
499
3
0
0
5
0
14
4
11
4
20
5
12
3
11
0
9
4
9
0
16
0
9
1
290
17
389
2
2
175
1
13
3030
86
507
0
0
0
603
177
1
1
0
0
767
143
139
19
0
392
1
51
511
0
69
181
0
0
30
13
0
34
4
308
8
6
0
0
0
0
9
0
0
14
7
0
9
0
0
0
6434
0
16
0
0
6433
7
0
0
0
0
9
0
0
24
0
0
35
9
113
32
0
0
0
0
1
20
67
5
1
0
2
14
0
133
0
3
0
0
2
1
4
3
38
556
2
1
287
4
16
193
9
0
7
0
913
9
14
558
4
1
12
663
1
300
4
116
528
713
107
4
0
2
211
14
1184
312
903
3
542
1
4
9
0
3
1
2
0
2
93
27
0
5
27
0
19
11
4
0
0
6
0
11
1
224
7
20
52
10
77
20
0
49
2
144
359
0
37
149
249
83
0
0
8
149
0
0
29
3
38
42
1
2
402
0
0
16
4
303
1
1
0
85
0
34
0
6
0
5
10
3
45
0
3
11
21
2
0
1
21
18
1
28
0
100
0
8
5
77
30
0
1
198
0
303
1
7
0
0
18
11
1
0
260
2
4
1579
7
123
21
294
4
27
8
386
4
56
39
5
351
0
1
1
411
0
0
2
0
0
0
1
0
66
5
24
2
0
3
18
2
1
8
4
0
0
7
44
0
5
0
24
0
2
0
3
1
12
317
9
3
2
211
376
712
19
13
190
118
552
0
3721
49
11
16
154
61
23
23
95
56
5
21
2
0
12
0
0
2
2
0
2
2
100
3
49
38
71
26
5
2
0
0
1
1
8
0
5
0
0
2
260
0
7
4
7
13
56
4
7
0
69
5
2
3
0
6
0
5
2
0
14
1
0
12
0
0
0
4
0
0
0
893
0
0
0
1
1
1
413
3
0
7
0
13
34
16
23
2
7
12
0
0
24
2
0
6347
2
28
3
6347
5
29
0
42
63
9
106
139
0
3
10
18
1
10
2
22
5
0
1
1
0
1
1
1
0
1
3
0
3
3
0
0
1224
0
3
6440
20
4
22
4
838
23
15
0
22
0
1
0
0
15
29
4
3
2
2
10
0
3
1
11
25
0
0
2
2
0
10
87
136
54
271
350
701
14
108
1
0
676
702
11
110
140
271
521
702
546
14
8
535
21
1
14
4
3
1
3
2
1
2
138
112
4
26
29
12
47
5
0
0
103
0
0
0
0
0
11
3
2
1
0
1
4
0
2
2
3
1
1
0
2
33
3
5
12
2
0
0
0
6
4
0
58
3
0
32
6
2
3
4
1
0
2
0
0
16
6
21
1
28
3
2
3
32
21
387
0
27
7
4
22
23
36
1
12
4353
0
6286
0
1
1
11
2
3
2
6296
4
2
0
0
8
10
0
31
223
2
0
0
0
8
1
1
35
0
1
189
2
2
1
1
0
1
0
1
2
8
70
2
1
4
7
4
2
0
4
4
0
0
0
3
5
14
20
13
1
34
79
0
0
0
0
1
1
0
8
38
25
3
38
4
0
3
2
0
3
5
1
6
1
0
4
0
0
1
7
2
7
3
0
6284
6
0
0
6
11
2
0
310
1
94
0
12
2677
87
21
1
4996
4988
0
1236
1
0
4
0
2
0
1
6665
1
1
1
1
0
49
18
2
0
43
2
6
0
5
25
5
4
2
0
2
19
19
309
29
0
0
46
7
3
3
0
1
1
0
9
4
4
0
22
578
422
57
55
1
59
9
13
338
0
18
192
0
0
0
1
0
413
66
1
227
435
165
1
10
1
322
0
0
0
251
0
5
0
2
2
0
293
69
2
242
0
3
12
5
13
3
25
89
1
0
37
7
0
0
4
0
2
1
1
20
116
1
0
5
2
2
6
3
6
2
1
1
0
1
1
2
0
5
3
0
74
0
212
25
1
9
9
19
0
8
5
0
51
0
0
0
1
0
0
2
1
53
139
0
0
2
1
0
2
389
0
3
1
288
2
1
0
56
2
0
2
1
6
0
3
1
0
0
0
0
1
0
4
3
53
1
5
36
377
26
44
0
0
1
17
0
0
0
2
0
1
10
1
0
0
0
2
15
3
1
0
0
2
2742
8
304
569
42
0
0
19
37
679
929
1
7
2
3
2
6
58
0
7
694
8
110
0
200
0
15
21
109
2
0
511
694
7
12
7
45
6
65
21
34
0
3
5
52
4
30
11
4575
6
0
1
6
227
7
291
1
43
1
0
807
23
0
0
0
0
1
1
1
0
19
0
1
8
0
0
0
1731
1
2
13
1
1
2
4
0
1
5
3
0
9
5
15
0
1
0
2
0
1
1
1
0
1
2
41
1
0
51
0
27
27
9
2
48
14
0
1
2
0
4
0
5
2
3
24
0
0
29
1
0
0
1
0
2
1
85
0
11
11
28
160
154
173
114
457
69
6
0
4
26
15
0
678
4
20
4778
6
1
98
4320
41
2697
6
1
40
1
0
101
0
6
1
5
0
116
1
21
0
1
27
41
3
29
1
0
1
4490
6
3
0
108
108
4
33
0
1
5
0
9
3
16
28
4
5393
31
15
2
135
1
21
17
15
0
0
35
38
0
53
39
0
0
16
26
15
39
0
1
0
92
1
2
6
4
28
0
11
0
8
9
0
7
0
2
303
0
0
1
1
0
1
0
2
2
1
171
80
103
7
55
6
0
67
4
1
223
0
13
55
38
11
20
91
1
43
1
0
2
12
1
3
33
1
91
0
0
5
3
1
22
3
232
2
1
3
0
0
1
0
0
0
1
0
5
2
1
58
19
1
3
0
1
3
26
376
2
3
0
2
2
0
210
2
0
1
1
4
1
0
0
0
3
19
2
4
0
5
19
6
1
0
1
0
1
87
1
15
443
2
81
1
0
0
0
0
3
0
307
8
0
0
3
4326
1
1
40
87
0
0
125
0
6
16
27
3
10
42
0
25
0
1
1
0
0
43
2
22
1
1
1
2
2
1
2
1
1
2
24
0
1
0
33
8
16
0
33
593
2
1
1
1
16
0
8
0
0
0
0
0
0
0
3
0
0
4
1
0
27
33
0
7
33
1
41
0
0
22
42
0
0
49
9
42
2
49
64
0
0
0
0
0
0
13
5
0
1
0
0
13
39
0
1
2
2
2
2
3
31
0
1
0
7
21
2
21
215
2
0
14
4
0
0
0
1
6
0
17
30
13
17
0
387
20
26
13
1
10
122
81
331
12
48
7
21
1409
144
47
119
5847
49
99
0
19
2
18
3
1
0
1
19
6
0
0
0
0
1
1
0
2
0
247
6
24
2
99
7
1
4
3
19
9
1
0
1
3
8
7
3
4
0
0
28
3
23
0
30
0
0
3
12
10
0
2
4
0
3
3
2
10
2
0
0
3
0
40
0
25
7
2
164
2
113
55
3
19
450
21
84
2
22
445
14
1
31
152
11
18
53
0
0
32
0
1
1
75
0
196
507
238
7
886
0
14
529
0
3908
8
125
7
2
1
3
242
0
0
0
0
0
166
0
0
0
2
0
0
0
1
1
27
1
0
25
0
11
35
6
66
0
0
0
33
0
1
1
0
265
0
0
12
1
0
1
11
2
1
2
0
2
3
36
3
280
10
2
4
79
4
0
854
2
4
4
0
4
13
4
6
2
6
2
3
6
3
4
0
2
10
4
4
8
6
9
8
1
0
0
0
2
0
9
8
4
10
51
44
5
633
36
0
5
3
0
1
2
1
2
0
4
35
269
421
681
115
17
522
6
21
5
0
12
25
0
0
0
11
26
42
911
3
1
21
0
28
7
0
7
1903
28
1227
1186
14
0
8
147
2479
1
0
29
0
0
0
2481
1
0
4715
0
42
2483
0
0
13
2
0
3
0
22
25
0
19
1
593
0
0
1
0
152
72
2
0
29
53
0
0
0
24
878
0
5
7
399
2
138
0
1
3
9
39
52
17
0
0
17
32
0
0
0
0
1
0
95
3
85
79
0
72
14
12
202
0
0
0
98
56
43
1
0
28
276
203
2
11
53
36
98
8
60
201
0
2
1
48
1
4
0
0
1
4
0
4
46
0
97
0
1
4
4
30
56
47
2
0
2
2
5
1
2
0
0
0
289
0
8
0
92
316
3
6
2
0
7
88
2
7
0
1
4
0
26
4
0
0
0
0
0
10
0
0
286
38
1
33
280
13
179
1
0
0
114
14
181
482
6
164
406
12
0
30
3
0
145
10
0
3
0
0
0
0
0
0
325
0
1
0
10
289
1
2
3
0
3
2
55
17
359
123
188
0
1
209
0
187
1
32
65
449
10
2
0
0
0
101
6
3
1
1
1
1
0
1
66
0
0
0
34
47
3
3
2
6456
5
97
4
0
1
0
77
3
4
0
79
4
1
2
1
20
0
1
1
81
1
3
0
1
102
2
4
1
2
0
3
1
0
2
5
1
1
0
21
83
5
2
0
4
3
4
1
3
84
3
1
515
4
43
478
185
130
22
26
81
0
0
0
9
83
4
22
1
2
0
1
472
360
2
21
45
1
4
264
0
2
5
70
2
465
2
0
20
0
474
0
3
32
2
236
1
10
2
0
6
2
0
1
3
8
38
0
476
40
16
40
85
19
23
25
23
23
13
13
0
26
22
25
2
31
2
32
1
88
11
0
3
351
1
9
29
1
6404
563
998
0
44
12
0
0
0
17
0
30
44
41
6
11
51
1
0
826
585
679
13
358
54
517
3
2
30
614
38
0
10
18
3
3
8
14
0
406
159
2
2
5
3
115
17
2
4
51
1
60
54
44
47
43
15
60
59
0
0
2
14
46
57
61
0
1
2
6
10
7
1
2
23
0
0
0
0
0
1
35
0
3
2
17
0
0
2
30
0
1
2
30
1
5
0
1
2
3
0
2
0
0
0
1
1
0
0
2
3
6
1
0
2
12
0
1
9
3
1
3199
2
58
0
0
87
0
5
0
6
13
42
5
1
3
665
0
9
0
1
0
0
19
25
0
0
0
0
1
6
10
1
9
12
0
2
0
0
1
0
3
0
12
1
2
3
10
12
172
0
1
9
25
0
8
0
21
28
0
0
27
41
0
1
21
1
2
0
1
7
0
42
6125
8
0
0
0
0
10
2
4
0
5
0
6128
51
39
1
14
2
4645
113
1
4646
7
2
0
6
16
20
0
0
0
37
1
0
219
0
0
41
0
1
1
0
118
1
0
1
3
0
3
1
0
115
7
3
58
3
7
60
110
3
4
4
0
0
0
0
388
3
20
21
0
6
16
0
13
0
4
0
390
1
175
2
0
8
1
0
41
9
0
3
1
0
0
0
0
0
4
15
1
0
1
3
24
1
1
4
1
2
3
2
0
4
1
3
50
41
1
8
27
88
53
10
98
136
71
0
2
1
0
0
0
1
0
0
1
0
0
1
0
1
0
0
2
5
0
0
0
0
3
0
3
3
6
0
796
301
6
778
600
28
3
60
104
0
3
569
99
4
4
2
4
0
2
42
71
0
0
0
0
1
0
0
0
22
0
1
0
0
0
3
1
1
22
2
0
2
4
5
3
185
0
3
0
6
0
1
2
5
0
0
4
1
4
1
4
0
5
1
4
0
0
0
6
8
0
0
1
6
1
7
2
8
5
9
7
4
9
0
8
0
10
1
16
3
0
113
4
0
40
18
32
9
0
1
0
1
51
5
29
76
0
2
0
2
0
44
1
0
1
1
1
0
2
0
27
0
2
0
3
1
2
0
3
0
4
2
18
7
4
80
4
0
28
1
4
2
5
4
7
0
3696
17
1
130
0
1
8
0
0
116
29
1
65
0
8
0
8
1
0
0
2
9
5
785
53
648
13
585
36
0
784
300
0
0
2
0
0
70
1
6
21
1
0
0
151
0
1
2
0
0
0
9
9
1
1
3723
17
4
0
33
76
180
10
40
23
0
4
20
459
0
9
6
8
0
458
375
0
0
3
51
117
0
36
39
66
13
1
0
5
0
129
1
0
117
170
3
5
1
2
1
2
0
21
0
1
0
23
0
12
0
482
1
0
0
0
0
238
3
0
0
0
2
0
8
149
9
10
0
0
0
0
6
69
1
0
76
19
2
4444
7
3
25
0
7
2
0
4464
0
0
2
107
0
0
0
14
0
10
5
6
35
43
19
71
22
36
81
14
2
54
39
6
16
0
45
5
28
8
4
52
0
23
36
102
63
8
1
32
178
0
84
81
27
0
37
106
8
461
2
1
0
38
3
4
0
0
18
56
12
141
13
44
2
0
3
0
68
2
143
1
1
0
0
15
4
4254
0
0
0
2
44
61
26
51
21
113
6
6
257
124
106
5
80
72
34
10
15
43
16
7
18
57
2
515
276
0
5
16
15
76
55
35
0
48
492
41
0
28
6
18
245
2
1
20
77
5
12
0
78
2
2
5
0
5
27
4
436
3
8
1
7
79
398
5
128
2
5
28
7
0
61
3
1005
66
166
76
19
0
1
85
11
0
1
3
85
1
8
22
0
0
0
78
0
0
70
54
1
432
24
77
95
2
2
0
0
16
20
2
1
0
2
2
6
0
7
7
1
6
3
60
9
183
100
34
9
36
259
29
53
5
16
6
17
11
3
36
1
1
39
104
30
47
1
190
54
17
0
111
0
12
126
5
5
75
32
21
341
199
253
6
2
275
51
62
0
1
1
401
24
1
128
18
98
0
22
1
0
8
237
5
88
0
1
58
25
4
21
1
69
3
9
7
70
5
2
5
2
13
0
5
3
0
3
8
40
2
4
0
4
91
92
57
20
4
31
82
55
26
109
4
6
29
499
14
1
1
0
7
0
1
1
52
29
0
23
30
1
0
121
56
3
29
125
21
0
3
0
5
122
32
1
1
5
0
111
0
0
0
6
51
31
47
1
3
6
0
6
3
33
2
1
0
5
12
2
0
3
11
124
8
1
9
6
9
0
68
3
2
45
1
19
1
51
482
13
68
147
96
2
514
37
0
16
61
33
8
1
121
0
6
62
5
25
23
77
60
1
8
8
18
2
4
84
1
127
0
36
108
2
0
1
10
102
0
11
0
0
2
1
2
1
2
2
1
106
37
4
4
1
4
2
0
4
5
5
2
2
5
7
5
6
7
10
59
34
178
2
5
46
54
41
2
1
171
0
24
11
140
23
1
107
422
26
11
0
43
74
24
1
41
128
0
77
42
3904
19
3
2
1
4
4
23
49
0
13
1
5
1
290
6
26
165
8
104
195
128
3
1
0
4
15
11
30
14
0
0
0
0
31
0
1
1
0
0
0
70
27
25
0
0
9
43
20
0
4
117
0
0
4
125
2
33
425
32
10
73
23
0
122
19
49
1
33
37
0
8
1
0
2
3
3
0
0
1
8
8
2
0
45
34
94
2
35
22
0
11
39
3
3
1
1
10
8
12
18
12
1
79
14
12
29
0
3
1
1
7
17
5
1
2
42
1
2
373
3
7
4
5
12
14
1
22
64
7
72
29
0
23
1
15
88
10
17
1
90
0
67
2
144
57
27
2281
47
11
0
8
18
3
4
0
292
0
6
0
136
10
2
49
95
0
31
55
14
14
4
331
236
18
0
20
0
0
0
0
0
0
1
1
2
0
2
0
0
0
1
0
0
2
5
3
4
3
2
4
1
7
0
60
4
0
0
60
1
0
0
2
0
1
0
13
4
0
66
153
5
0
0
0
0
0
0
0
1
1
0
1
0
2
3
2
1
1
5
3
1
1
0
0
4
2
1
4
3
1
1
5
1
9
7
2
3
1
21
69
303
0
50
7
56
2
14
93
0
1
3
614
86
868
38
52
520
29
0
4
4
59
575
461
1
2
28
1
45
8
2
1
154
1
1
5799
2
536
0
10
1
23
0
0
16
37
37
444
4
9
52
0
1
64
17
0
1
0
20
2
0
0
0
0
0
9
3
7
1
2
39
0
19
3
1
31
1
22
9
132
1
31
3083
10
0
1
0
14
13
70
36
110
0
45
11
32
42
0
0
40
7
46
7
5
0
360
521
33
61
0
2
30
1
817
23
0
8
118
4
17
17
0
0
0
1
0
3926
2
92
0
1
2
0
44
3
0
9
5
5
9
0
4
10
0
2
28
28
8
39
5987
10
1
1
8
62
498
15
626
192
2
16
11
20
218
7
73
151
7
3
183
5
6
0
6
508
0
0
1
607
104
118
1
42
0
1
9
4
4
74
144
15
23
505
32
20
35
9
110
1
0
497
61
17
17
3
42
56
5
2
7
0
117
6
2
1
10
2
17
317
116
6
61
0
68
2
0
0
0
6
0
0
2
33
60
67
10
64
3
45
61
442
10
4
11
49
8
9
4
4
3
99
18
1
43
3
551
1
0
0
2
10
50
0
12
3
0
0
47
113
242
0
6
644
4
47
177
126
5999
144
42
2
2
41
107
3
28
10
4
3
663
3
2
1
1
0
200
471
88
0
1
52
376
0
220
47
2
5
2
1
0
16
5
1
3
2
0
2
582
50
125
432
1
6
0
44
3
0
34
122
5
0
5
0
1
8
1
4
3
5
208
29
73
4
74
550
35
42
68
17
0
1
22
0
5
14
1
472
24
401
0
28
39
324
55
292
34
10
3
0
19
0
52
6
3
85
60
7
1
0
2
5
35
295
131
14
12
0
15
11
33
1
1
3
7
81
1
2
2
2
30
0
5
670
62
0
448
2
31
1
22
13
40
111
23
6
3
1
120
11
0
14
3
14
3
1
58
4
531
9
2
2
4
5198
48
0
0
27
0
0
0
0
0
0
17
35
1
11
4
0
5
0
6
123
11
9
1
1
12
57
0
1
7
5
1
11
1
137
2
1
37
2
6
110
91
0
361
0
3
25
13
70
120
0
6
0
0
0
5
17
2
2
388
1
43
8
3
78
30
31
31
653
5
389
147
504
1
1
1
48
24
1
424
387
1
701
4
1
11
31
130
3
0
7
5
694
122
7
160
11
119
423
37
0
399
0
4474
1
3
1
14
0
12
5
1
17
6
11
436
29
20
37
7
13
11
6
8
13
5
7
33
0
713
4
25
2
11
5
27
5
10
61
1
2
1
9
22
1
27
16
51
3
5
349
16
2
6
14
147
0
4
0
0
86
0
31
0
1
13
5
3
10
133
9
18
0
0
0
329
428
3
2
2
1
1
642
56
0
1
51
1
3
10
19
3
16
24
3
12
2
27
82
0
0
124
2
11
2
12
182
81
3
101
17
4
9
2
3
0
21
56
127
9
6
6
1
0
3
4
13
57
513
9
6
1
2
2
2
26
0
0
6
6
16
1
19
1
1
229
29
6
170
8
92
114
15
15
1
0
16
0
172
490
0
4
3
5
0
7
19
1
0
32
11
0
14
20
6
11
4
5
6
29
4
21
41
112
24
0
0
10
224
1
0
0
0
0
0
0
146
1
0
0
2
0
1
7
43
1
2
0
141
6
4
8
1
1
0
1
0
4
2
7
0
2
1
2
9
7
3
3
1
1
4
0
3
2
3
9
10
8
0
0
11
9
2
4
3
3
1
8
9
6
6
9
6
6
1
5
19
42
2
6006
14
1
1
0
0
5
19
321
0
4
5
461
0
0
0
239
201
32
49
28
741
20
2
105
34
7
41
114
40
543
47
1
8
41
71
81
2
76
0
1
1
8
14
552
131
2
8
0
85
4
16
0
85
4
19
546
21
4
16
1
47
74
0
15
83
3246
0
1345
742
5
3
77
3
32
381
89
14
5
14
16
16
48
131
69
0
3
0
71
70
116
43
117
0
0
2
28
1
1
0
1
30
0
145
1
54
5
0
1
89
2
0
1
4
15
2
130
5
258
0
93
0
0
3
3
149
5
1
0
12
3
43
2
1
6
3
3
0
4
19
0
65
6
260
6
1
7
0
0
6
6
10
7
0
3
5
23
2
3
2
8
0
0
0
17
8
6
9
82
8
8
9
0
14
87
6
0
15
206
14
11
0
7
12
0
0
0
152
5
0
0
0
1
1
23
159
87
37
139
27
79
13
7
4
114
10
47
1
1
0
0
0
1
41
3
489
46
0
0
0
1
13
36
17
548
70
121
0
111
41
110
0
1
0
72
159
59
37
34
3
24
1
71
4
0
0
79
113
0
58
0
563
0
5
7
7
314
269
7
15
2
4
8
1
4
3
1
61
0
81
0
4
4
3
3
7
0
6
5
74
33
10
6
0
30
17
0
178
1
409
0
3
11
94
12
5
2
7
0
34
13
0
24
2
111
11
0
0
12
2
280
0
1
0
81
0
14
16
19
38
0
97
0
35
1
44
54
14
270
0
72
0
81
62
1
6
372
8
186
8
0
0
160
12
19
58
56
0
51
0
0
0
1
0
0
2
0
34
51
72
0
22
8
385
1
0
813
0
0
0
0
0
1
0
0
0
1
2
8
1
2
0
13
0
91
0
80
39
16
3
123
47
16
64
224
7
52
445
120
0
19
152
0
0
147
35
158
35
32
5
0
0
1
0
57
2
6
16
0
0
1
18
434
23
1
0
19
435
0
3
0
2
3
1
1
17
9
2
20
116
6
0
0
13
2
0
26
231
0
0
0
0
1
0
0
51
61
2
167
2
0
0
8
7
23
279
0
0
0
0
85
24
12
735
1219
16
8
0
1
734
620
8
348
3
13
46
95
5
0
86
65
409
72
72
1
7
92
0
0
1
0
73
16
0
11
0
0
3
30
1
6
39
1
50
119
109
0
7
0
0
7
50
7
175
0
0
13
158
114
2
9
84
95
1
37
141
23
45
9
0
6150
0
9
3
63
3
4
0
71
33
5
47
0
31
0
0
1
0
0
0
16
33
0
0
20
9
2
225
0
2
626
43
0
0
0
3
3
0
0
12
140
0
1
0
1
38
1
2
5
0
141
2
17
117
8
10
0
199
0
105
0
2
3
0
0
109
2
0
4
109
13
0
60
1
3
1
0
111
50
3
5
4
0
2
9
9
0
51
6
16
5
0
108
16
5
0
5812
13
39
25
0
4
0
0
0
0
0
0
0
0
1
17
1
2
0
67
104
565
59
19
0
58
120
118
54
521
40
3
0
0
68
44
261
35
0
46
1
3
49
141
2
0
0
1
1
72
48
0
2
3
7
0
191
112
352
6
1
533
342
0
0
1
5
146
45
287
0
26
0
9
0
6
455
2
0
17
0
0
70
54
1
1
1
3225
7
17
1
3
0
158
20
0
18
1
131
0
0
8
132
1
0
2
23
5
39
40
65
2
0
0
0
16
41
15
15
40
2
0
1
12
7
24
0
8
3
18
18
0
2
0
2
2
19
2
0
234
2244
73
2
0
64
7
9
31
128
34
74
431
6
57
0
0
36
0
6
0
114
1
77
2
12
0
1
0
2
1
9
0
3
7
17
0
4
10
1
29
0
0
7
61
35
61
12
98
44
8
0
43
1299
1
13
0
14
21
0
25
11
37
48
1
2
26
8
38
9
27
16
32
135
189
0
17
3
82
79
28
3
0
0
156
27
4
0
173
1
30
0
2
51
13
3
4
0
0
0
3
1
22
1
2
0
6
3
2
107
0
5658
51
4
462
72
25
25
3864
164
3
14
216
0
1
0
4468
12
3
0
2
0
1
34
0
2
2
1
0
2
17
4
4
1
19
2
0
0
0
21
1
0
5
22
0
1
7
0
0
10
4
0
11
10
2
3
3
0
8
1
0
5
15
681
0
45
6
3
66
33
241
6
40
14
0
150
25
5924
0
39
0
0
17
0
12
98
41
3
0
7
2
0
2
9
1
99
1
1
2
1
1
4
9
5
1
1
2
1
1
2
4
10
6
5
11
4
1
0
8
1
0
6
1
0
12
9
5
8
6
6
5
6
93
82
1
9
26
1
0
4
0
27
0
2
7
7
3
15
0
11
1
13
1
13
9
6
7
5
2
11
1
13
2
13
0
14
48
21
6
0
0
0
0
1
0
12
111
127
0
8
77
32
80
1
38
78
32
0
261
12
8
25
0
0
189
1
0
58
0
20
0
37
64
3
38
0
0
39
62
0
67
0
29
37
2
1
0
0
38
13
0
0
19
2
0
0
3
1
4
0
2
1
0
3
1
6
41
2
1
1
88
16
134
0
2
115
68
2
3
84
1
45
3
0
1
0
0
10
0
0
1
758
32
4
5
4
1701
0
3
27
13
72
612
43
8
8
0
724
645
122
0
84
1
52
0
0
1
116
24
2
131
227
115
1
0
38
119
2
0
1
120
2
10
7
2
2
0
0
20
250
74
75
24
19
241
11
0
10
28
73
0
251
14
146
145
2
0
1
29
221
70
88
0
16
77
535
4
3
0
134
3
64
0
39
3
0
1
224
0
48
249
1
1
154
71
12
32
2
30
117
0
4
30
0
23
39
191
1
0
188
0
7
32
324
26
0
3
72
252
23
54
191
466
258
31
1
180
24
0
159
64
13
3
116
0
3
258
1
1
1
51
1
327
0
0
0
11
0
410
88
0
1
0
1
2
1
2
87
0
0
117
2
3
331
4
2
4
0
0
212
0
0
12
0
126
36
51
93
1
0
61
0
1
0
0
1
1
0
0
1
1
0
0
4
0
0
0
0
1
3
2
3
15
0
0
2
3
6
0
17
124
28
2
0
0
0
73
1
51
14
13
57
0
0
76
165
83
0
15
1
49
16
2
1
25
30
1
21
8
0
170
22
242
0
108
41
223
212
8
3
6
0
2080
0
0
4
4429
1
1
74
105
16
56
26
0
138
19
0
0
0
0
0
11
0
0
3
0
0
3
5
1
2
4
0
18
60
5
20
22
8
0
0
2
22
57
5
2
2
2
0
4
1
3
29
0
1
24
0
0
1
6
5
0
3
6
3
0
2
0
0
7
2
149
4
2
7
2
12
16
0
0
2
80
6
14
4
5
20
5
1
0
1
0
8
4
1
0
0
1
11
9
0
8
11
0
93
1
1
2
1
0
184
1
0
23
83
16
2
135
23
0
129
239
20
2
0
203
0
3
152
268
0
5
121
1
7
0
1
3
0
1
0
94
3
1
1
245
53
2
13
6
0
5
4
247
0
1
1
6
2
2
14
9
2
4
0
5
1
7
10
5
6
1
4
2
0
0
3
10
1
4
0
9
5
6
15
4
0
0
0
0
13
0
10
17
1
4
0
5
4
11
1
1
7
2
5
1
2
3
0
1
1
8
0
5
20
1
63
2
2813
1
1
7
47
7
19
476
28
278
64
377
30
36
0
46
2
34
37
714
1005
968
19
2
30
33
2
9
397
36
3
2
21
28
0
53
0
14
117
30
1
0
31
0
1
275
0
13
80
141
26
4
130
0
0
0
32
0
134
0
2
139
3
2
2
1
2
2
0
5
4
1
119
0
0
3
3
0
1
6
1
37
81
4
178
30
7
0
2
8
49
0
0
0
6153
41
0
12
52
12
117
4
0
23
0
2
1
0
0
20
1
6
13
18
0
15
34
2
23
3
18
5
3
2
5
28
3264
27
0
1
16
1
0
0
0
1
121
10
3
1
4
0
0
0
6
0
1
4
0
0
2
31
0
12
65
51
111
53
131
55
35
44
15
55
0
0
42
45
347
133
156
0
0
0
8
247
94
192
0
48
367
0
4
49
1
0
50
0
4
9
4
0
2
22
44
1
0
1
3895
0
538
7
6
15
327
11
2
2
0
1
16
4
12
3
3
0
0
1
222
13
0
2
2
6
10
0
1
2
190
2
14
24
2
27
185
21
18
81
107
0
8
45
0
1
2
0
2
25
24
35
19
3
59
105
8
1
11
36
2
30
60
18
21
0
250
993
1
980
1
186
0
0
18
52
12
124
0
0
0
37
187
178
0
1
112
30
3
2
212
9
209
6
20
80
33
0
0
51
0
3
0
6
2
19
0
164
129
118
5
0
5
118
10
0
4
139
0
0
15
59
2
25
0
9
2838
4
0
0
9
5
18
1
0
0
6
0
119
64
0
27
143
25
2
2
0
90
144
1
2
81
67
28
0
4
67
3
3
0
298
7
0
0
3
3
0
6
0
0
1
24
4
9
42
24
0
9
5
0
71
12
24
107
29
1
0
0
12
0
0
0
23
6
10
106
42
14
0
0
1
0
0
1
15
0
2
10
1
0
40
0
31
0
31
112
0
9
9
5
85
0
0
7
6160
0
7
190
7
0
693
91
0
53
24
1
29
189
11
15
1
17
28
107
29
1
21
30
1
38
25
0
1
20
0
1
1
0
109
33
15
1
6
0
10
0
0
20
978
45
173
2
4
5
2
0
64
175
0
1
0
587
58
175
1
4
13
0
318
1003
39
0
466
0
1
0
0
91
373
0
37
0
2
0
2
588
11
127
1
2
1
28
2
413
4
20
121
143
34
25
13
0
26
109
495
0
13
6
3
0
42
158
378
205
1
43
0
69
43
0
7
104
539
3
22
35
72
4
0
1
0
5
2
1
0
5
17
5
110
26
10
184
80
1
47
2115
4
2
6
1
59
83
0
169
80
16
3
0
116
151
27
0
17
6
13
39
1
99
3
3
14
3
2
70
0
0
125
35
47
58
47
0
1
48
3
56
197
0
0
4
248
215
0
199
56
0
8
0
195
57
0
85
0
253
1
2
0
2
0
4
10
0
292
0
0
81
11
1
4
593
1
270
25
136
180
4
26
172
35
3
3
2
54
16
116
59
59
79
21
180
76
60
4
55
244
0
0
22
277
2
12
24
0
0
0
198
0
1
11
8
24
19
0
0
14
1
9
2
0
2
15
0
28
24
0
0
0
0
0
20
33
0
0
0
342
0
716
2
34
3
66
15
0
37
34
51
2
33
1
0
16
1
1
0
15
0
1
0
5855
0
98
0
1
34
59
10
32
0
6
31
78
256
16
1
13
1
0
0
0
1
123
46
31
37
4
201
36
54
7
112
7
1
261
159
2
3
1
98
114
29
4
0
8
206
2229
6
0
2
0
45
3
54
4
41
59
16
12
5
21
481
65
34
87
78
3
101
143
0
186
0
30
30
3
177
62
4
223
1
0
1
123
1
2
0
31
40
0
69
2
0
1
20
5
0
3
64
150
1
74
0
194
197
0
89
230
7
43
4
2
15
26
141
1
9
0
33
3
333
5
27
0
611
1
1
15
0
41
86
74
302
25
278
14
8
20
32
11
0
46
3
8
32
0
0
0
0
345
0
129
606
1
76
202
2
0
1
23
7
0
2
1
0
46
0
478
72
5
4
0
318
0
17
172
339
392
71
0
1
3
0
57
1
0
0
3
6
0
3
0
0
374
0
5
0
0
0
2
31
1
16
25
182
261
9
0
0
0
0
0
2
0
909
0
0
254
5
60
4
55
5
0
3
261
0
0
1
2
25
1
0
2
0
263
0
0
1
244
1
0
0
14
214
2
2
1
3
106
1
3
0
4
501
27
0
4
1
107
1
1
0
1
0
2
0
1
0
5
0
1
2
2
6
2
5
22
3241
1
25
23
3
5
2
0
12
5
0
29
21
35
6
0
21
188
8
6
11
1
0
0
1
2
0
168
71
12
362
33
53
3
0
0
163
39
0
0
13
3
0
6
0
655
0
39
2
44
4
1
2
4
37
0
2
9
1
37
2
0
4
1
7
23
4
7
6
39
59
136
16
33
43
38
9
44
2
1
0
28
2
0
4
0
35
2
8
1
0
0
0
48
0
0
274
7
26
0
2
271
3
0
0
61
3
4
0
1
0
273
0
1
2
4
11
1
0
65
2
7
4
9
2
2022
67
4
0
1
2
155
191
10
0
59
608
99
7
1
55
1
3
0
104
16
45
1
0
10
0
0
297
223
0
27
0
6
18
1
78
1
0
2
4
1
0
12
0
0
227
2
0
5
1
1
0
10
65
0
0
96
34
6
0
97
35
9
0
1
2
7
0
0
0
1
38
1
1
48
0
72
1
110
66
31
409
76
20
3
155
439
1
0
0
0
0
0
4050
281
142
605
109
69
4
81
19
55
131
0
21
9
0
176
13
0
19
9
14
300
20
131
421
164
322
1
130
247
256
312
24
5
1
270
371
72
2
597
151
371
0
48
91
2
8
129
244
254
379
26
273
0
366
82
49
272
4
0
0
147
176
0
0
0
69
155
7
76
38
7
3
374
3
46
33
7
0
15
0
5
59
47
3
381
11
23
30
0
1
333
14
1
9
6
78
141
456
5
2795
19
18
3
19
0
0
23
12
1
0
21
9
34
0
0
0
2
1
0
0
0
0
1
121
1
2
0
1
2
0
13
42
1
1
0
10
116
2
2
12
40
0
0
2
39
43
0
4
14
2
1
0
1
0
2
1
14
12
6
1
9
33
1
5
60
55
0
4
0
11
0
0
1
1
3
51
7
1
10
1
11
2
3
2
32
7
12
6
8
2735
1
0
3
2
45
71
22
94
395
67
27
109
192
0
17
6
8
19
2
74
23
7
95
15
64
1
5
587
8
1
1
28
230
78
29
62
153
4
7
1
17
18
62
3
2
2
0
3
32
23
4
0
10
133
5
2
70
4
12
0
247
16
1
18
232
50
0
233
0
0
0
47
0
8
1
54
0
52
0
20
0
4
4
2
0
28
0
1
5
1
2
6
3
2
4
50
0
2
5
1
1
0
8
0
0
2
2
2
2
2
0
404
1
0
344
34
17
394
144
73
94
568
0
31
0
163
0
255
11
49
0
14
2
67
298
164
67
1
68
99
15
1
7
2
0
40
75
0
3
16
1
2
81
16
1
8
2
136
28
2
1
2
3
2
397
8
1
82
17
7
45
22
488
160
9
95
23
280
213
71
139
0
0
55
29
216
0
32
25
0
32
38
0
9
25
940
11
695
59
441
1
662
565
1
744
140
450
0
1418
6
10
12
1
7
17
28
143
55
76
7
69
123
10
89
54
0
0
46
3
231
1
1
63
58
1
11
3
8
130
2
60
7
6
5
0
1
0
25
3
45
25
9
27
39
0
1
4086
6
152
22
0
1
0
485
0
0
7
11
0
77
292
63
333
0
44
293
60
19
81
14
0
3908
9
234
14
20
40
241
22
0
5
237
0
0
5470
0
4
238
2
2
0
5
3
1
2
19
4
1
3
0
3
1
1
9
10
13
470
114
209
7
70
49
113
15
0
26
309
55
44
25
0
0
74
50
98
3
0
3
21
75
0
0
4508
100
5
0
2
0
12
12
4
438
76
112
40
597
44
73
137
86
232
13
9
329
14
8
0
0
473
2
40
2
0
0
35
229
30
0
93
303
0
1
5
222
0
17
205
14
594
545
40
0
238
1
597
0
40
40
25
538
114
0
37
5
0
32
0
27
74
15
2
2
2
0
342
11
5
2
0
1
0
26
0
3
0
40
2
3
169
17
5402
3
2
798
0
0
12
101
13
69
59
46
0
57
0
0
38
41
1
125
64
93
0
0
1
42
31
16
4
91
114
2
11
8
52
2
58
72
12
105
0
7
8
0
0
76
7
952
0
0
84
32
117
52
14
0
1
0
0
71
0
21
2
13
1
44
4
12
2
2
0
0
1
1
0
14
6
0
5
2
55
4
1
0
45
1
0
7
1
10
6
71
35
10
147
69
1
31
8
148
0
2
7
0
6
0
3
12
1
38
0
0
28
2
215
178
315
2
3
182
322
0
0
0
317
0
1
323
16
0
355
224
202
19
32
7
355
146
14
16
150
7
51
0
68
2
76
20
6
52
58
50
2
10
3
2
67
4233
79
5
26
146
915
65
12
81
0
7
1
0
215
1
167
1
51
0
9
0
44
0
459
0
15
0
0
3010
61
14
0
4
6
1
130
5
4
1
131
9
0
1
3
0
16
103
30
5
0
656
124
335
5
0
41
12
2
0
12
241
593
90
413
0
433
0
7
71
475
3
0
8
0
1
694
141
597
1
0
1
1
584
7
0
3
547
18
0
436
2
1
2
1
229
823
34
2
0
2
0
0
516
9
1
5
1
1
435
1
0
7
3
1
6
4
24
158
12
5
0
11
24
1
0
1
13
0
0
105
34
0
224
5
28
195
0
23
6
0
0
0
0
0
0
2
1
36
1
0
0
0
0
0
0
0
1
36
0
3
0
9
126
34
0
4
168
594
4
28
95
108
3
171
3
21
167
12
11
434
150
0
170
1
22
956
12
88
113
5
3
21
5
4
396
0
85
17
0
43
0
6
0
0
0
0
2
16
1
2
0
1
0
13
3
8
244
99
83
40
195
316
23
51
102
107
4
0
102
0
60
91
0
0
4
3
0
0
55
2
0
3
53
3
1
3
50
4
0
4
1
111
2
1
0
117
0
0
0
5
4
5
2
8
3
6
2
362
5
2
0
2
0
4
222
8
28
0
68
11
922
6
1
14
4
0
15
8
4
3
0
15
1
126
0
54
63
59
8
26
2
16
38
202
17
43
52
547
0
1
0
0
0
35
168
1
2
1
560
85
0
1
43
21
0
27
129
13
59
0
15
105
0
0
0
0
0
1
61
1
1
2
75
0
2
2
3
3
2
0
18
936
1
9
0
19
0
0
0
0
6
6
6
0
5
5
1
2
5
0
0
5
67
0
0
1
8
7
8
3
9
8
10
13
373
0
0
23
352
8
0
0
135
19
0
7
238
3
0
0
234
10
0
0
0
2
5
0
40
29
3
72
253
38
16
0
26
43
37
17
1
75
258
69
2
99
13
13
1
29
102
0
31
0
63
103
1
5
3
4
3
1
23
43
988
1
0
21
123
19
109
0
42
0
32
3
13
4
631
87
67
33
16
359
1
67
136
64
2
5
34
1
10
137
18
12
0
4
404
2
30
0
96
232
1
0
224
0
0
215
11
1
44
70
0
1
342
71
1
449
0
0
0
1
0
0
0
0
0
12
0
0
346
2
1
0
1
74
1
1
6
223
0
0
1
148
3
0
39
0
0
4
0
0
0
224
5
0
6
1
0
1
2
0
1
2
38
307
1
20
148
108
305
121
71
0
22
121
0
175
7
46
22
0
11
221
268
76
248
0
679
76
344
1
2
14
126
55
0
98
0
0
18
216
12
0
3
374
5
0
3
64
115
1
3
0
1987
3
32
407
2
2
161
20
7
248
84
183
287
0
16
409
37
104
290
21
17
0
0
2
291
2
16
1
0
23
0
2
2
3
2
0
49
0
1
136
16
186
41
0
0
92
1
2
623
90
1
41
1
0
1
17
53
82
3
5
76
0
0
2
24
46
20
0
12
87
18
21
240
38
92
30
0
0
20
52
0
1
17
0
8
246
97
890
514
182
0
4
92
0
0
0
15
0
0
10
0
0
0
1
1
144
1
0
30
4
50
66
159
81
145
0
314
654
146
0
27
129
49
292
24
41
564
0
157
4
44
55
2
0
212
2
0
61
6
14
0
6
30
63
0
1
12
0
26
13
1
1665
2
0
4
16
14
2
22
11
2
57
4
3
7
223
1
0
82
316
17
2
1
285
0
0
58
1
1
59
0
1
3
0
1
6
64
146
17
6
282
0
108
16
11
72
6
1
4
41
0
112
2
3
16
385
110
80
0
531
9
633
35
205
11
96
2
0
0
0
34
0
1
0
2
2
0
0
111
17
3
183
17
7
92
19
150
12
685
128
453
14
0
199
180
2
5
186
41
14
240
72
3
1
5
36
1
7
28
2
203
30
3
7
29
3
6
80
184
61
134
0
3
1
7
2
57
126
33
39
55
126
6
0
3
131
7
0
25
239
7
42
5
8
28
8
3
365
42
0
37
4
0
4
7
333
0
88
281
4
4
109
28
217
7
10
9
5
9
65
47
52
33
0
32
10
228
84
59
138
265
71
44
10
86
0
11
159
2
20
47
2
3
70
109
0
26
5
70
4
1
73
5
35
170
215
6
160
218
118
419
0
27
0
181
478
2
3
139
72
646
93
1
41
0
340
0
10
0
4006
13
246
0
10
63
9
166
28
0
0
129
40
40
0
95
17
51
0
9
0
2
344
139
400
126
21
2
0
1207
85
65
1
65
0
0
456
62
129
209
0
65
1
1
88
8
7
225
119
1
1
1
0
5
2
1
3
1
1
55
29
64
239
2
59
279
4
0
2
66
4
140
94
15
16
141
278
1
72
74
231
2
5
7
1
2
5
7
3
8
0
53
5
96
98
7
9
1
3
77
233
139
79
0
99
8
49
90
0
0
1
0
2
64
1
316
204
19
76
163
64
124
130
413
35
35
718
130
0
3
16
177
134
344
187
222
133
7
226
136
166
206
140
46
0
0
64
5
70
0
3
49
18
0
7
55
368
3
190
41
0
142
63
0
4009
1
76
2
10
137
0
5
3
65
0
1
0
1
0
89
1
0
0
44
141
4
0
3
273
2
4
1
0
5
0
0
0
2
2
3
3
1
82
10
102
2
52
0
0
0
2
0
138
1
0
1
1
2
0
20
154
2
4534
40
7
0
5
105
60
11
0
0
0
0
1
0
15
9
61
0
1
1
0
4
5
0
5
1
1
4
2
0
0
5
1
0
3
9
0
0
5
1
402
0
0
10
3
0
0
33
102
32
596
526
38
17
3
596
27
0
13
24
0
0
28
14
24
0
1
129
0
6
89
17
65
1
30
88
12
7
66
4
0
56
1
29
5
0
0
1
51
13
2
1
3
3
0
1
30
3
353
40
0
0
278
4
9
428
2
8
13
223
405
2
6
0
0
409
6
12
32
1
0
7
1
116
11
3
0
3
0
2
3
11
1
1784
2
2
0
1
5
40
13
4
133
7
42
4680
70
0
0
0
2
83
37
2
83
0
29
57
273
7
51
260
1
239
0
26
1
272
0
214
491
43
78
274
4
33
1
4459
617
0
7
1426
2746
4
1865
0
0
2
0
79
159
33
19
91
0
3
0
0
0
1
0
230
91
0
271
24
122
176
0
0
0
92
219
1
31
104
7
96
0
79
45
220
0
49
105
153
0
13
70
0
1
2
4
2
36
371
9
351
222
145
2
17
220
24
5
36
146
4
278
0
108
1
680
70
7
14
0
0
6
0
0
91
2
0
3
0
1
0
0
7
0
2
60
0
8
0
2
32
0
45
683
32
1
0
8
0
6
40
11
104
84
0
84
4
49
1
0
4
1
4
1415
10
0
3
5
236
12
672
2
9
13
26
1
6
1
0
3
128
60
56
22
80
0
8
63
1
2
94
1
1
58
21
343
1
0
9
241
2
0
2
1
15
438
6
7
16
439
1
0
1
0
0
2
0
1
3
2
16
9
3
1
0
0
4
151
278
61
0
5
36
8
107
0
65
120
332
0
0
0
20
58
4
1
0
29
5
82
1
3
0
6485
0
2
23
0
1
6
192
0
0
1
6
0
5
0
0
112
66
3
0
289
32
131
59
347
36
34
1
343
37
41
191
0
34
34
0
1
0
1
471
38
36
2
24
78
1
0
0
61
77
1
0
3783
7
2
0
5890
0
6
62
0
59
0
21
438
89
0
14
2
0
10
149
2
90
0
6
11
0
11
29
1
1
293
39
2
0
353
56
301
62
0
80
3
31
0
0
252
25
169
8
465
36
55
564
432
4
175
306
585
365
344
17
24
0
188
37
27
103
25
2
199
247
17
23
3
2
2
21
80
58
30
48
161
0
96
2
0
23
1
1
0
0
1
0
0
4
1
1
0
2
1
3
4
3
2
2
3
2
2
100
2
27
382
0
1
0
0
0
0
0
39
70
1
0
8
0
3
0
0
1
1
1
17
319
18
282
0
1
25
3
174
0
2
103
0
3
1
0
73
2
2
9
6
0
3
6105
1
1
0
284
1
0
3
0
0
0
0
0
5
205
42
29
170
0
8
32
50
34
3
10
101
160
47
318
0
16
270
0
0
1
199
12
0
0
15
2
21
42
39
19
0
419
1
21
83
4
66
0
3
31
419
107
0
66
87
40
333
0
12
122
76
26
4
0
336
0
336
17
33
27
35
9
0
0
0
41
7
4
7
67
10
42
13
1
17
121
21
23
212
61
1
0
0
17
208
386
9
1
0
387
36
0
147
174
32
56
0
3
168
0
110
7
208
390
0
215
394
0
385
0
5
211
274
41
0
209
6
5
2
211
1
7
0
0
8
0
0
15
3
2
1
93
55
3
43
17
0
0
73
0
5
0
58
0
70
3
1
0
0
1
1
1
0
62
0
0
23
5
73
64
1
9
1
693
89
26
91
0
15
112
0
0
0
3
0
2698
2
8
1
0
1
187
117
0
185
63
15
2
131
0
25
0
0
0
0
0
0
1
9
116
0
3
3
124
0
28
27
25
139
125
15
152
114
17
4
186
115
18
432
87
2
404
30
0
155
432
0
5
92
93
4
48
0
27
169
0
3
0
130
453
2
0
66
138
0
0
0
105
75
0
190
32
5
84
274
34
58
153
0
1
0
26
1
2
446
79
195
76
1
3
26
327
2
0
0
0
0
0
2
332
174
3
0
18
196
100
0
1
5
21
19
0
319
23
836
20
21
0
70
1
3
52
11
0
101
86
4
13
101
68
21
0
101
67
2
0
0
24
271
3
1
2
13
9
2
23
25
449
9
0
18
6
240
0
17
96
0
0
25
0
5
1
73
26
162
3
0
0
8
1
0
6
2
90
36
5
0
0
15
0
0
1
9
1
44
318
26
0
0
0
0
0
1
1
0
1
4
29
1
1
2
203
485
20
4
0
1
3
5
5
16
1
0
0
85
58
48
234
68
130
174
41
0
52
0
0
1
3401
1
0
9
0
0
0
364
5
305
81
427
8
304
76
429
3
303
76
366
2
307
19
4
431
3
65
405
9
290
76
3
1
110
78
34
36
2
0
9
4
2
29
1
8
0
0
20
272
520
2
5
1
45
34
27
0
30
52
87
0
1
0
90
38
7
89
0
0
1
2
0
238
33
36
287
341
37
293
232
24
0
287
17
16
33
213
1
101
0
1
103
1
34
214
1
7
134
189
4
28
1
4
4
50
34
215
6
68
7
35
214
3
32
136
3
3
6
3
3
8
0
0
178
195
429
4
24
140
28
44
57
36
81
85
334
179
34
36
33
0
25
462
1
0
8
28
5
11
5
7
0
45
14
0
6
0
188
481
15
2
0
16
0
333
17
43
8
0
308
62
38
115
0
71
309
46
116
41
0
0
137
131
0
147
34
74
0
0
1
0
3
0
321
16
194
121
313
65
77
143
41
0
3
0
12
1
4
10
2
0
5
76
126
37
11
1
1
6
130
2
973
7
18
0
6
0
219
5
1
24
1
0
0
131
22
175
13
0
610
334
0
51
129
48
28
6
66
82
0
0
0
0
3
0
1
1
0
2
3
0
2
0
0
1
11
71
95
87
2
0
1
2
3
226
282
102
0
11
20
581
215
15
40
8
15
25
584
0
26
14
76
4
107
13
16
104
589
106
18
0
413
591
0
1
601
1
16
97
593
30
93
4
42
420
1
0
453
7
75
309
14
0
115
13
32
10
0
0
0
17
2
0
9
3
0
0
67
2
1
0
0
0
0
69
118
0
3
324
6
0
2
16
567
71
0
14
428
2
47
40
6
60
69
237
10
14
65
8
7
300
28
2
131
19
148
48
2
0
70
187
50
23
13
37
81
43
24
3
0
27
1
14
0
2
24
2
22
33
24
0
0
483
44
4665
5
20
9
3
524
5
45
27
3
2
179
49
865
10
28
0
3
171
865
19
30
1
10
339
3
0
0
262
0
9
0
0
0
5
0
1
1
1
0
0
1
15
2
4
33
7
0
2
1
92
0
4
0
39
0
45
35
0
105
34
509
35
301
0
60
292
0
0
5
0
74
0
138
218
136
0
2
33
544
90
114
0
118
27
6
117
10
0
13
118
0
77
22
608
21
400
2
99
48
7
0
312
223
45
0
0
228
49
0
4
16
197
0
0
4
20
0
2
2726
0
0
6
21
91
20
1
21
0
231
23
10
0
582
0
23
0
0
90
2
6
1810
0
0
0
3839
0
12
0
90
4
3
520
7
27
90
177
15
48
163
0
92
0
67
306
518
8
1
1
3135
0
178
132
119
0
52
39
0
0
27
53
41
155
65
30
0
678
5
91
5
1640
0
181
0
158
0
1
1
1
47
203
1
0
447
222
354
5
602
3233
447
209
208
5
0
581
211
15
8
1
0
1
1
0
9
2
444
211
14
5
2061
0
0
212
0
185
0
446
55
52
219
187
6
1
1
1
105
2
1
1
214
24
0
1
0
1
2
238
0
3
3236
3
1
0
2
3
0
2
5
127
37
2
605
37
12
116
17
82
0
0
0
0
8
607
12
101
127
0
2952
2
2
2
0
1
62
67
13
524
28
0
851
48
31
526
4
0
111
63
9
0
10
4301
580
62
75
4
98
3267
0
165
32
0
227
21
0
0
1
0
0
6
1
0
0
1
0
24
228
5
0
89
205
50
1
34
144
96
0
0
0
0
451
44
0
2
2060
3
0
64
3
2
23
50
556
22
100
21
324
253
241
95
136
1
86
25
450
214
129
9
193
6
0
0
118
257
245
48
20
87
0
53
148
119
0
74
23
88
0
0
1
1
1
74
175
246
6
7
1
2
0
0
120
1
209
5
12
40
2
448
213
811
176
193
42
8
67
769
71
51
211
68
25
6
24
429
2
74
88
4
0
3
25
0
101
5
0
29
292
0
1
128
7
123
203
19
19
38
13
55
0
28
246
1
261
17
0
1
102
1
205
164
0
0
1
431
238
28
6
100
29
10
0
0
67
4
10
0
36
30
12
483
16
32
0
206
147
8
30
0
476
574
158
16
616
0
0
615
252
1
50
243
0
789
110
85
186
150
10
43
0
8
272
3
0
0
1
0
1
433
65
4
10
3
24
0
3255
0
66
54
2
0
393
30
5
0
1
1
0
134
262
25
1
0
2
0
11
0
50
0
3
88
0
74
119
16
0
2300
12
118
45
71
685
220
244
140
540
0
0
431
49
4
225
1
0
12
431
6
217
56
9
8
0
0
15
163
6
0
0
0
584
0
0
0
2
222
238
86
0
2
9
2
67
2
44
11
2
76
82
132
166
0
2
333
0
0
52
2
32
1
0
0
78
286
74
416
0
1
147
161
144
0
7
1
4
144
0
102
12
16
140
36
50
34
19
2
0
434
203
737
83
3
26
0
0
232
16
84
5
0
1
0
0
17
50
27
0
2
6
103
0
2
2
2
537
2
2969
0
1
436
236
28
50
2
0
1466
437
21
2
4
15
0
0
1
55
49
668
0
0
2
691
433
9
1
0
0
153
22
174
39
154
56
576
57
0
357
239
164
0
12
1363
437
23
63
118
17
8
155
205
575
45
550
20
156
659
25
161
0
157
206
6
162
0
0
158
0
61
46
163
1
159
1
14
164
2
437
6
113
204
63
436
22
0
649
17
0
94
42
65
0
0
0
1
19
177
164
0
31
1
0
12
0
1
1
13
0
0
34
0
3
1
3
1
0
2
0
130
34
623
15
35
547
55
842
127
84
3
46
548
36
659
0
105
0
0
435
0
39
2
15
59
3095
435
4
0
24
0
6041
100
37
29
8
49
0
14
709
75
734
25
223
0
2
202
102
13
237
130
0
429
20
3
31
8
27
2
428
32
35
5
2
81
104
72
318
6
0
0
229
192
290
35
43
0
56
409
0
379
132
78
0
0
0
0
27
0
0
0
0
414
1
159
0
0
0
2
1
0
3
0
0
74
0
3
1
4
3
5
144
67
13
0
1
2
41
4
1
2
199
128
82
0
5
0
5
6
164
133
2
0
5
6
7
0
2
0
5
4
2
11
0
79
7
1
2
4
214
6
1
3
0
8
3
88
0
146
409
437
0
7
0
0
10
599
136
79
9
0
2
0
9
20
1
9
1
0
8
0
80
11
1
0
0
3
8
167
2
14
2
1
0
1
0
12
0
3
306
123
527
101
145
48
0
414
132
54
42
71
6
94
415
53
30
250
3
30
188
89
28
10
7
94
188
13
10
3
5
137
82
58
151
0
23
1
150
0
0
30
0
38
1060
695
302
90
2
0
1996
413
4
211
10
2
101
0
121
0
144
4
0
1
97
42
8
108
14
1
2
189
510
46
142
0
2
0
2
83
317
143
0
0
0
194
1
0
63
26
131
724
263
58
18
173
70
752
205
20
62
62
195
26
3
0
46
286
106
0
0
4
3
411
51
64
104
3
30
0
4
406
128
11
136
2
5
0
52
161
193
0
0
73
26
23
551
2
0
2
7
138
4
2
0
0
405
60
0
1
15
126
98
35
214
11
105
1
0
329
16
39
1
156
13
0
0
2
0
313
105
1
0
209
83
148
278
86
0
0
122
252
0
2975
402
84
51
158
279
4
0
402
29
51
8
50
400
48
44
25
322
401
119
57
20
0
400
46
22
0
126
0
41
395
17
4
54
0
90
0
0
205
43
0
0
7
389
79
423
180
244
74
0
75
13
214
16
191
144
0
3
246
50
18
390
253
215
13
125
19
391
105
680
4
169
1
0
2
146
5
244
10
2
6
0
3
20
139
182
0
1
828
38
270
2
0
242
0
146
0
100
0
45
35
51
0
54
0
10
459
46
47
0
0
1
1
0
140
0
1
215
208
119
30
0
1
3
216
105
47
0
0
116
0
6047
217
177
8
2
23
218
1
0
0
1
1
0
2
45
8
0
3
4
0
0
0
0
7
362
350
50
6
1
221
213
76
118
3
0
4
3
0
141
32
3
0
28
10
0
100
275
2
0
9
0
4
9
206
12
52
42
8
0
12
196
780
0
1
11
20
2
0
9
0
40
13
6
9
8
0
227
81
52
1
3
65
17
0
9
19
15
4
15
99
13
0
14
2
1
229
168
560
47
95
41
11
1
6
217
471
23
57
1
6
3
2
738
116
192
74
14
0
739
65
6
548
0
0
66
0
0
0
0
214
5
6
0
0
0
1
178
48
13
1
0
0
1
40
133
42
0
35
246
0
64
13
3
2989
0
57
65
0
6
710
288
135
0
108
10
0
214
202
455
0
0
0
35
1
102
20
2
8
1
22
747
1966
154
55
150
398
94
60
38
0
0
749
93
22
150
1
26
13
126
25
216
2
272
9
243
75
62
24
153
7
0
101
3
223
95
100
45
121
12
68
25
0
159
14
13
0
35
0
1
1
2
17
124
12
1
1
127
59
677
2
50
0
1
27
157
654
6
120
4
135
0
14
12
0
74
5
0
0
0
1
1
141
8
43
2
0
1
0
244
144
17
166
19
245
45
134
275
6
164
617
164
14
0
143
677
336
38
71
138
67
621
0
5
20
13
0
386
290
10
0
19
72
391
28
3
8
13
18
37
0
0
4
0
0
1
1
0
0
1
2
1
2
0
2
217
31
15
1
3
1
0
3
0
0
392
140
541
392
0
73
204
127
0
3
82
12
0
483
65
2
170
148
47
34
38
215
20
187
74
170
180
664
295
307
1
20
69
9
40
3
10
95
73
0
1
352
3
301
3
182
233
54
4
58
455
6
230
49
1
54
722
0
306
536
28
0
97
425
34
0
277
1
71
0
23
424
0
0
2
9
28
362
20
0
298
366
0
0
0
10
0
1
1
1
0
1
6
2
1
0
537
48
56
0
131
16
52
15
521
0
0
712
16
0
5
112
56
291
16
85
16
441
2
3
0
0
0
0
2
0
70
21
2
551
95
1
1
8
294
2
4
0
5
2
5
1
1
1
19
5
3
8
0
2
22
0
44
4
296
24
8
0
0
2
7
6
0
9
1
3
0
5
2
10
7
51
4
8
1
8
11
8
8
10
31
3
102
55
4
100
0
335
728
27
0
0
0
1
351
67
100
18
618
1
58
2
13
0
94
62
0
503
3
2
0
43
67
9
2
2
34
0
5
0
0
0
36
4
54
2
0
0
23
10
39
9
0
0
33
8
37
36
0
122
72
69
0
3
0
0
0
17
0
5
0
212
1
1
17
1
5
75
0
2
1
0
0
1
109
1
114
43
0
63
0
0
6
101
1
0
16
0
34
113
321
0
32
0
157
0
1
504
1
39
407
0
80
0
0
0
183
0
20
1
0
0
0
1
4
21
520
47
85
76
6
0
531
5
8
5
0
3
2
532
1
9
13
0
351
5
105
33
15
440
0
75
0
0
0
0
1
4
102
633
0
0
40
103
0
156
1
104
87
0
2
0
105
19
0
0
1005
20
0
132
225
0
1
2
127
18
1
134
128
0
2
0
1
19
0
0
131
0
2
0
1
3
3
1
1
2
2
0
1
5
19
0
0
5
59
0
0
0
6
6
2
137
0
7
0
2849
4
326
4
14
14
0
0
30
88
3
6
13
20
6
18
1
22
1
0
1
0
6172
18
1
3
19
3
47
94
0
97
0
0
0
1
5
3
0
0
1
87
0
1
65
0
13
0
0
10
31
0
0
0
0
4
0
74
50
4
0
1
138
1
141
11
72
65
3
0
127
0
1
0
0
0
12
18
3
0
195
2
1
8
14
1
0
6
0
3
66
6
40
1
0
1
6
0
2
0
32
0
0
5
8
1
7
3
0
16
3
57
0
1
10
0
19
12
0
43
6
4
351
2
42
20
31
0
0
4
5
6
1
10
8
34
7
36
8
14
756
29
16
0
24
0
71
4
16
1
1
0
0
156
602
3
100
0
0
0
30
2
10
6
7
9
2
1
3
637
0
9
4
2
4
9
1
108
3
9
4
2
0
7
0
0
606
14
456
40
10
63
9
5
0
0
1
11
0
13
8
16
0
0
13
9
0
5
0
0
6
0
7
4
96
97
5
34
2
25
19
0
5
0
13
31
0
0
0
54
46
41
173
2
41
193
0
48
24
1
0
0
14
12
308
173
38
19
3
78
178
1
44
48
321
2
371
1
1
93
9
13
149
152
4
8
2
159
17
0
147
271
0
27
2
278
12
13
278
29
7
1
8
16
0
0
669
3
1
5
2
8
2
88
86
1
0
3
264
0
16
0
7
4
1
0
1
0
6
30
25
2
6
19
79
0
0
2
129
1
4
0
506
2
179
69
4
4
36
1
135
2
674
24
4
143
87
36
0
10
44
24
6
358
75
30
1
79
0
0
0
99
0
37
39
1
72
1
51
0
1
0
82
0
112
0
6
113
1
14
506
34
9
13
11
0
2
0
0
59
93
1
1
42
3
11
4
7
0
5
1
0
0
7
0
0
0
13
0
5
1
3
1
60
7
5
466
27
108
219
467
239
12
0
253
35
21
62
233
123
388
111
2
11
0
2
66
2
19
5
22
10
86
0
4703
21
17
12
0
12
115
1
177
24
1
0
3
7
106
27
2
13
91
2
0
2
0
0
4
3
12
1
5
12
10
1
0
2
0
3
0
26
32
0
7
2
4
0
0
106
7
8
4
0
29
80
72
0
9
0
0
0
5
0
3
5
0
1
2
0
0
5
0
0
2
1
0
1
1
8
2
1
0
0
12
1
102
5
3
204
11
331
135
0
83
5
394
14
0
27
41
248
36
2
24
725
68
54
20
35
0
0
0
0
0
87
0
0
2
51
2
15
61
2
57
185
67
79
51
97
0
210
48
16
48
48
14
4
1
16
0
10
0
0
56
1
1
32
124
3
4
2
144
17
1
3
11
0
2
0
2
14
27
0
0
0
0
2
0
8
5
3
1
0
0
4
1
1
2
0
5
1
7
2
0
8
4
3
5
2
0
1
3
1
6
1
0
11
8
21
88
15
5
26
40
10
3
3
217
18
14
7
0
25
6
36
18
17
0
0
0
1
2
1
0
4
0
20
118
84
54
285
0
0
336
62
290
3
97
7
41
96
206
0
31
30
39
0
0
100
2
2
0
4
48
1
3
13
5
3
22
442
125
1
123
10
52
101
342
480
41
38
292
0
3
112
1
1
2
35
1
194
3
3
4
94
213
2
59
10
291
5
14
165
140
550
1
3
22
6
76
75
42
0
0
72
194
0
5
1
5
8
9
28
6
3
4
0
12
214
33
2
22
0
62
0
23
103
2
78
72
181
40
349
211
33
0
42
4
0
1
43
73
49
41
0
63
128
0
1
87
1
0
0
80
1
5
0
0
1
3
63
128
55
0
10
4
7
71
190
2
0
3
101
0
4
0
0
292
42
124
4
0
103
6
99
328
2
78
53
15
1
22
276
25
0
0
0
0
4
32
100
15
2
73
1
1
1
0
0
1
314
2
2
5
156
0
0
0
6
2
5
36
219
70
2
28
1
0
1
109
3
47
3
0
7
0
7
0
3994
17
36
0
0
6
341
105
1
128
11
342
0
0
226
61
10
7
248
0
29
29
48
4
11
146
15
44
376
0
56
60
213
344
26
1
45
2
2
6
200
234
3
36
29
651
3
0
0
17
312
375
74
0
0
0
376
28
0
1
7
114
11
1
1
0
0
0
46
265
24
2
3
1
49
1
0
0
1
1
4
104
9
21
5095
44
5
138
1
458
1766
89
134
46
2
94
160
19
0
0
0
62
53
0
2
97
3
16
4
0
56
63
52
92
179
147
212
7
0
186
76
56
11
25
75
8
7
35
159
78
12
216
3
35
9
36
42
61
121
16
37
739
149
257
79
169
384
61
9
1
63
629
13
49
130
281
104
0
20
0
0
2
63
34
152
0
1
0
257
275
4
62
4
2
7
0
315
558
0
5
17
3
3
87
7
7
0
152
1
0
0
558
122
17
24
51
20
23
50
3873
10
22
17
5
728
92
77
3
161
122
63
76
52
0
395
103
4
0
831
3
0
394
0
0
13
52
1116
78
543
107
2
2
1
0
1
2
2
1
0
2
1
2
397
73
18
109
475
0
0
3
1
0
0
81
5
0
1
82
1
5
2
1
0
0
86
1
2
0
7
0
3
63
61
131
766
183
0
4
2920
116
8
76
4
43
0
9
1
0
5
17
18
0
0
18
0
24
0
0
0
2
3
1
33
568
402
10
646
85
113
2
24
580
0
0
3
24
322
55
525
17
0
171
0
0
0
0
1
583
0
0
31
118
325
51
120
0
1
585
1
2
243
0
327
52
485
18
142
31
225
3
169
190
18
44
0
43
38
0
12
0
95
18
41
36
0
4
45
65
22
109
0
0
11
1469
218
7
49
1
0
0
38
43
24
42
21
7
2
193
74
89
7
43
202
188
4
34
4
36
0
488
19
18
129
1
71
302
31
1
14
77
0
0
5
4
6
1
92
46
1
103
211
24
14
0
0
3
92
2
20
90
1
36
2870
6
0
0
441
5
43
332
78
4
1
1
26
60
156
0
3
0
14
157
0
0
1
292
18
12
0
15
1
1
1
36
3
3
17
0
1
4
53
175
113
343
21
0
780
452
533
9
232
454
410
1
84
132
2
449
0
25
1
1
23
156
286
3
1
178
782
70
2
110
4
6
5
2
3
178
80
10
3
392
1
55
285
0
98
468
391
469
15
0
24
105
0
10
10
603
1
367
2
576
7
597
105
578
0
33
0
1
1
0
4979
0
20
134
7
16
9
2
4
0
0
10
3
0
313
68
6
2
0
1
47
438
0
3
1
0
0
1
1
101
7
14
0
8
26
22
72
545
7
139
308
2
546
32
140
37
82
5
0
121
602
71
0
5
24
1
258
75
0
10
121
744
76
1
0
1
338
0
76
123
253
16
9
0
53
126
664
88
0
2
7
0
5
0
168
0
71
0
0
0
119
505
0
5
0
505
0
0
0
507
0
0
0
0
844
57
0
72
348
10
191
139
58
376
124
28
73
386
1
102
545
60
1
17
21
369
120
398
12
34
248
72
0
12
0
0
29
0
249
7
0
29
112
1
0
0
0
1
0
4
2
2
4
21
39
62
0
4
4
1
0
1
2
3
34
0
6
5
5
0
513
577
149
15
100
0
0
40
462
190
66
455
1
559
121
9
389
545
674
0
6
8
573
24
0
572
3
0
3
1
14
572
8
181
788
14
2
0
5
13
2
0
8
8
57
5
120
0
801
15
8
2
2
15
5
33
471
6
90
1
1
0
10
35
206
553
5
4
1
14
11
0
206
53
350
9
0
2
154
22
0
0
4
352
471
10
1
4
10
13
0
42
15
0
2
275
10
2
13
23
22
3178
52
0
35
619
16
119
0
44
362
82
128
21
125
0
574
11
0
778
94
0
1
5
289
2
1
53
162
3
232
234
0
1
1
1
11
12
303
100
45
441
439
100
3
31
25
703
20
1
561
25
1
810
32
26
2
20
180
189
51
445
0
486
4
25
108
435
5
152
408
0
97
0
0
0
198
0
1
1
3
0
2
1075
15
43
8
94
427
1
63
17
123
0
50
4314
217
0
137
406
3
546
0
225
751
3
155
24
42
444
795
17
0
12
0
0
1
198
0
2
28
5
16
138
6
31
3
0
115
104
14
0
318
259
7
0
1
22
0
0
0
1
3
0
2
47
3
1
7
8
0
3
1687
85
93
9
9
5
0
102
4
2
0
0
83
27
8
47
6
0
21
18
0
542
440
0
22
0
477
17
0
40
0
67
24
1
0
1
15
1
2
0
106
5
1
1
181
0
26
6
89
14
7
358
37
208
7
40
259
76
29
511
24
31
141
0
0
40
1
9
39
27
2
20
143
363
0
0
2
145
1
58
3
0
5
420
0
725
0
0
207
0
74
0
0
6
0
0
42
0
0
0
1
0
2
0
0
1
1
2
0
0
0
192
372
2
1
2
5
0
0
1
5
0
0
6
1
246
4
81
144
78
922
1
0
1495
124
4
56
1
2
0
5
0
9
0
0
0
0
1
0
0
99
1
2
1
1
14
3
2
63
0
1
25
36
104
427
93
15
9
106
430
0
21
6
127
319
0
1
0
210
1
32
2
222
0
11
1
435
64
54
113
173
5
9
0
49
63
4
19
80
2
57
1
111
35
434
129
0
0
1
3
6
57
6
27
7
3
7
1
24
15
0
1
52
3
6
46
90
7
2
20
2
4
8
99
60
2
4
4
8
0
6
5
8
42
21
36
53
59
5
6
0
0
0
0
2
55
4
10
15
64
30
4
11
3
4
15
10
55
21
1
1742
0
94
2
0
0
0
0
2
0
92
1
0
0
0
0
1
0
3
21
118
61
32
52
163
0
324
97
0
222
87
7
206
44
6
464
0
20
10
15
161
133
93
60
328
115
16
2
55
0
167
365
0
0
403
88
0
1
0
41
141
0
41
0
0
0
124
334
0
112
73
730
332
1
108
538
123
7
0
1265
3
109
6
6
34
54
9
46
121
45
3
3
1
0
5
24
52
153
38
95
336
10
55
1
1
0
1
6
65
216
0
323
0
0
50
1
4
9
6
4
0
2
168
15
65
13
28
116
328
10
7
0
0
10
1
123
47
0
117
6
1
219
106
0
225
102
35
328
53
52
413
87
37
726
0
0
113
38
0
360
1
0
314
2
0
2
192
0
8
312
255
0
0
478
79
9
2
0
1
0
21
0
32
26
248
80
0
48
85
6
0
0
0
7
0
0
2
0
0
0
0
100
241
11
0
0
0
0
29
0
1
2
1
0
0
0
2
3
0
0
3
1
19
108
557
1
32
0
501
233
149
45
5
75
822
504
601
175
541
0
0
0
585
10
1
816
177
1
37
20
225
41
51
0
363
3
125
18
672
0
4
89
4
2
0
5
179
4
1
28
810
0
3
12
6
3
6
172
10
281
110
7
687
196
110
4
1
2
328
126
9
126
10
5
694
161
188
639
395
8
5
13
586
0
6
0
0
3
12
3
413
63
65
0
0
8
64
0
1
6
116
5
185
0
6
184
0
187
1
0
1
169
111
2
0
5348
3
0
1
185
126
3
131
1
159
1
3
305
5
2
303
545
3
0
0
5
478
5
82
0
30
16
479
100
17
180
36
107
4
18
3
28
1
2
2
10
74
1
3
33
2
75
0
0
19
1
79
2
83
0
6
14
0
8
157
501
7
107
0
305
61
16
9
47
3
196
124
33
66
0
1
1
16
0
2
16
79
28
1
85
1
14
87
0
93
6
0
0
0
92
69
0
1
1
1
2
1
325
27
76
53
139
3
626
0
190
192
624
0
191
378
0
86
192
379
471
3
1
591
725
0
36
823
522
2
269
195
2
2
1
196
198
13
11
2
6
23
0
5
94
7
3
0
3
199
438
4
91
6
684
0
47
4
3
1
247
0
20
234
9
0
5
3
0
580
0
115
3
132
0
1
6
4
9
384
4
95
17
8
833
14
1
147
22
2
375
107
73
30
0
7
78
2
0
8
22
61
3
0
12
0
29
206
8
7
0
1
16
16
2
7
4
15
10
0
18
18
0
0
16
11
15
0
858
0
1
43
391
3
0
14
0
0
440
5
6
18
1
276
14
19
351
277
0
20
0
54
59
2
689
0
0
9
44
1
0
2
0
1
1
2
0
0
4
0
0
1
1
1
3
76
29
22
101
60
200
0
0
1
0
0
1
1
0
3
5
0
0
226
22
59
0
14
15
167
538
11
148
0
649
10
290
1
36
310
1
657
0
1
189
711
18
144
87
347
62
182
0
80
543
0
152
1
465
4
44
36
6
1
4
2
2
1
154
0
486
30
87
2
2
4
2
0
2
9
39
470
23
132
2
2
12
0
3
0
10
0
3
0
26
683
141
3
1
2
0
15
0
129
26
13
0
1
682
9
89
5
23
2
130
12
2
60
0
27
25
212
128
1
6
0
1
0
0
18
30
288
80
18
1
289
2
33
31
1
32
6
2
143
0
2
0
22
49
0
155
2
12
24
110
175
0
0
1
3
48
1
0
206
1
110
176
111
2
0
9
40
0
0
2
15
109
149
94
31
592
17
2
18
92
36
0
32
1
37
0
2
0
1
2
30
4
5
14
92
148
0
0
2
1
15
1
3
5
1
1
2
23
1
4
0
0
1
2
0
4
5
3
0
107
116
108
3
3
3
2
1
1
0
112
83
1
7
9
1
1
86
2
7
7
2
11
3
0
0
1
88
0
9
9
3
6
5
0
0
6
3
1
5
23
1
5
4
2
112
22
216
400
35
112
7
108
162
134
100
921
0
39
2
277
0
618
28
394
129
573
29
405
12
0
680
16
1
40
0
191
185
0
4
6630
3
21
254
0
2
7
2
5959
2
469
67
22
13
128
449
0
0
0
0
16
473
1
0
76
2
208
2
0
0
9
117
0
4
0
4
7
137
2
0
0
0
419
1
1
1
6
0
0
4263
1
0
748
2135
0
0
3
40
31
119
442
785
312
105
81
190
11
497
118
833
104
94
103
410
40
37
25
339
45
8
8
105
75
234
1
1
0
686
199
225
139
244
175
3
145
3
41
4
52
169
112
91
273
95
7
114
4
137
0
5
191
52
140
300
9
137
4
430
134
0
2
72
23
112
0
49
0
242
11
10
83
7
82
0
1
0
0
13
148
0
0
1
2
0
32
2
1
0
1
0
1
0
1
5025
0
6
57
91
0
0
118
36
1
1779
85
13
355
2
1
1
18
6
10
42
3
10
1
1
75
3
353
50
29
4
279
352
6
115
20
49
419
54
225
316
0
14
828
327
1
43
95
2
2
137
16
1
116
616
1423
15
20
0
18
0
0
4
0
1
23
79
0
141
15
6
19
220
2
0
7
80
8
43
45
1
68
178
0
39
43
28
151
19
5
245
1
0
95
22
1
0
0
2
66
0
7
619
2
19
48
82
0
44
33
10
128
0
0
100
5
0
103
0
323
0
0
1
0
1
2
0
1
4
0
0
0
0
103
3
394
51
735
124
426
229
153
843
153
153
25
122
328
50
9
0
87
181
0
294
0
5
1
45
54
4
72
6693
58
11
104
8
89
270
252
0
2
0
20
110
1
146
77
0
15
1
36
0
20
171
20
63
49
0
1
444
14
0
0
264
410
8
1
200
1
0
0
0
0
2
22
1
0
3
3
319
0
66
0
0
2
81
27
2
3
725
85
264
828
749
248
0
0
7
50
65
73
1
156
22
0
11
1
0
290
516
2
0
0
4
97
20
0
1
0
99
160
4
1874
1
2
19
20
0
1
1
27
124
67
249
25
64
546
6
272
184
11
0
3
0
116
288
16
53
45
227
135
0
0
36
228
420
27
189
948
1
103
77
5
675
7
96
82
95
1
14
0
7
21
0
20
615
0
166
129
0
0
0
202
37
2
219
131
10
0
132
1
1
29
1
0
0
144
0
0
1
130
2
4
65
75
0
762
4
6
6
0
147
0
2
0
0
119
0
0
0
13
11
6
0
1
0
1
0
2
0
2
2
13
0
0
2
80
2
6
0
2
3
1
2
1
3
1
5
82
10
10
5
4
3
0
3
7
1
0
6
1
0
3
0
4
66
121
0
23
65
162
4
10
0
2
112
5
0
24
45
33
1
1
0
3
1
1
0
0
51
8
0
2
38
7
3
2
10
2
25
296
6
106
43
55
397
0
5
0
464
16
203
0
155
39
39
9
7
19
26
0
0
485
224
527
63
0
20
0
118
14
2
0
25
450
0
1
2
5
27
451
6
0
3
1
0
0
96
2
36
0
25
0
35
0
0
0
1
29
0
26
0
22
2
31
1
4
26
0
0
27
242
6
1
8
14
4
10
0
356
3
43
1
9
4
6
21
0
324
0
45
129
25
147
167
32
51
342
81
39
485
1
2
252
49
0
1
1
0
1
61
0
1
34
743
27
143
166
9
0
4
28
72
50
539
58
147
1
29
2
1
12
17
1
3
0
4
2
0
53
1
0
0
4
0
0
1
1
5
0
0
5
30
406
55
2
0
5
0
1
49
9
69
0
97
5
0
68
0
8
1
7
3
2
3
0
6
5
8
4
0
59
2
0
0
1
38
12
9
6
1
2
9
130
7
8
98
160
3
1
40
6
7
1
4
10
16
1
0
12
1
3
9
12
23
16
14
8
7
16
7
0
16
5
0
7
2
7
0
4
1
19
6
0
1
4
4
7
9
20
77
4
2
2
8
18
8
28
9
15
0
0
16
0
11
20
7
25
1
12
2
5
4
10
20
13
1
47
8
0
2
2
15
6
3
16
3
13
19
14
4
7
17
210
11
8
1
0
1
0
0
0
0
9
208
0
1
3
0
8
7
3
0
2
0
0
1
11
0
3
3
19
5
3
3
20
0
0
1
0
10
0
22
0
1
4
11
2
8
0
1
50
15
147
3
84
130
187
640
11
4
334
23
12
0
0
227
1
0
1
1
0
1
1
31
649
31
0
33
1
0
245
663
2
4
7
0
3
0
0
3
4
0
0
1
3
0
367
0
13
2
7
1
1
5
3
2
371
10
290
193
207
155
291
373
61
9
44
290
123
0
0
61
2
151
65
0
0
138
10
8
172
0
369
18
7
22
32
132
21
15
17
249
12
5
0
250
20
12
1
135
24
1
1
0
25
30
0
19
184
20
0
1
22
223
23
39
255
31
0
23
17
1
0
0
0
0
12
0
2
1
1
79
0
3351
84
859
3
0
72
0
6
0
0
73
1
299
0
1
4
498
0
744
0
7
22
612
22
0
347
616
36
10
319
561
0
5
3
0
27
3
0
563
1
0
2
1
6
1
0
0
0
2
3
3
1
3
7
48
188
1
2
185
658
36
0
104
15
16
0
42
657
40
0
23
14
0
69
104
58
14
0
1
383
665
32
2
666
205
0
6
129
206
57
27
94
0
0
0
0
0
0
5
0
0
18
20
110
160
72
119
75
58
18
161
19
0
100
232
1
350
233
0
0
0
87
15
14
0
0
46
3
26
3
66
32
34
40
6
2
89
160
159
16
0
0
209
8
2
277
37
2
0
26
328
160
22
39
1
0
21
0
2
2
1
57
12
1
5
7
110
5
0
8
60
110
0
0
120
0
0
0
132
6
40
9
1
0
7
0
113
6
0
9
1
0
15
13
1
6
11
3
141
5
1
0
3
114
0
5
0
0
1
0
1
0
1
1
5
4
2
5
4
1
6
113
1
1
0
1
8
1
3
418
5
10
4
6
0
1
1
5
7
6
257
151
13
2
515
275
2
103
691
24
21
417
115
0
24
14
149
156
1
0
217
159
103
98
0
8
167
2
0
1
599
50
0
39
279
5
8
163
28
0
0
14
192
0
145
11
326
0
263
19
49
0
4
54
674
61
0
21
642
0
0
0
101
344
13
0
5
2
1
64
4
1
330
0
204
2
206
77
36
237
3
164
715
45
0
4
159
832
0
25
14
1
142
1
41
0
0
71
373
26
242
1
72
128
47
0
0
4
0
243
1
1286
763
0
1
34
74
16
7
246
22
170
17
3
1
2
0
5
1
58
1
2
162
15
0
209
85
246
12
9
130
29
7
0
8
5
29
0
525
0
0
7
21
43
23
113
0
81
109
28
2
1
45
0
3
4
0
9
105
522
0
0
63
748
0
36
5
5
5
4
38
4
3
3
28
169
4
3
505
86
38
757
27
43
511
0
0
34
0
0
6
86
41
2
0
82
337
650
0
1
91
596
21
978
2
338
65
0
51
1
56
6
247
0
1
39
47
2
264
186
39
14
1
0
0
32
179
1
40
42
1
105
0
3
0
1231
20
130
162
11
0
2
1475
3
0
54
710
2
125
722
0
56
412
166
107
0
18
55
47
44
302
30
18
46
10
1
5
799
0
177
0
61
192
1
1
11
24
1
2
2
30
468
14
3
3
1
4
3
6
0
15
1
469
0
1
0
55
5
0
277
0
5
0
145
3
4
5
0
725
22
56
1
0
0
7
3
184
22
7
1
7
2
6
1
1
36
1
0
261
7
183
88
63
7
4
728
14
37
62
4
0
8
1
7
22
12
473
1
109
6
13
1
109
5
6
23
6
17
27
13
7
84
226
0
3
57
222
106
504
85
26
3
83
48
351
110
73
2
108
67
33
9
2
2
0
36
1
163
2
12
1
4
86
169
2
54
6
5
5
3
22
0
205
86
4
4
1
3
3
20
1
7
2
7
2
18
0
0
0
5
7
156
6
6
1
69
0
0
66
35
1
0
62
3
9
9
77
11
160
8
56
0
4718
127
115
1
6
61
53
0
0
9
0
734
112
79
41
634
0
0
126
0
0
0
0
1
18
133
3
0
3
0
123
2
141
3
0
4
0
4
1
39
19
0
3
0
0
0
0
4
1
18
7
2
248
72
0
1
31
530
0
45
0
1
178
135
34
1
390
0
1
43
12
41
0
2
0
0
1
1
2
0
46
3
0
356
56
259
447
139
61
215
231
412
347
11
1
397
0
836
38
538
280
1
114
218
1
349
109
125
378
0
126
487
0
92
0
0
477
115
397
1
4
0
5
375
0
50
0
0
10
0
0
48
83
0
8
125
1
41
165
369
37
0
496
167
3
39
7
2
67
10
144
0
3
340
533
4
32
232
0
23
14
243
50
150
1
17
40
2
41
60
123
163
112
40
67
89
2
10
149
4
527
0
71
1
6
74
183
62
52
5
185
59
343
89
2
8
0
0
0
0
0
0
90
11
0
71
12
3
121
27
49
4
4
4
3
3
28
22
99
260
5
9
14
2
84
1
4
5
96
90
5
2
6
9
1
8
2
1
65
4
0
5
64
1
4
10
6
128
3
5
7
0
0
0
85
0
0
3
5
0
2
10
6
16
10
5
11
5
2
17
8
1
7
5
17
8
6
18
2
15
0
4
3
11
2
28
1
21
18
13
22
14
0
0
1
10
1
7
21
18
119
139
76
249
170
139
476
3
96
1
1
0
87
64
75
152
419
142
480
1
7
126
44
537
0
24
462
903
5
0
3
252
192
51
128
62
283
1
171
6
5
76
1
146
5
0
17
105
5
135
1
59
26
8
640
3
359
92
475
191
46
514
181
465
0
85
363
850
196
85
70
401
10
224
65
0
0
1199
87
114
341
47
308
470
0
79
306
0
1
167
310
426
0
4
110
5
216
842
2
275
251
0
841
160
4
70
0
129
101
216
67
0
3
54
3
505
586
8
52
31
191
241
0
702
49
2
0
14
0
6
3
0
128
28
819
81
0
19
33
20
0
3
300
27
79
3
311
1
0
61
841
7
998
389
606
3
0
64
80
171
106
0
0
0
242
20
60
0
0
1
1
0
0
0
0
0
0
33
0
0
0
0
0
0
0
1
0
0
0
0
2
0
2
2
3
0
0
4
4
0
0
928
0
4
6
4
7
6
6
0
2
7
7
5
8
1
0
10
1
0
0
1
0
2
0
1
166
1
0
14
0
1
12
2
0
1
3
7
4
5
0
11
17
1
0
6
9
0
5
59
85
19
31
3
5
0
131
65
10
0
7
70
17
132
100
0
18
25
73
36
8
86
36
155
285
2
2
3
101
3
84
0
135
286
1
10
1
1
168
1
1
62
7
1
1
1
24
2
5
0
42
1
5
549
7
0
26
24
104
6
1
189
588
3
97
4
8
2
55
1
1
1
2
2
293
31
2
621
347
125
0
0
0
0
96
0
292
1
31
150
0
71
1
1
0
1
1
0
14
202
29
0
4
72
0
3
118
123
0
1
1
632
8
2
2
493
2
0
16
58
4
137
0
12
112
0
0
0
0
0
45
1
0
29
0
114
115
34
5
3
71
45
0
21
14
7
0
28
27
96
16
1
14
1
33
249
55
2
73
0
21
43
0
0
7
71
1
0
0
642
53
219
38
530
22
0
730
837
31
0
59
240
0
58
1
138
123
178
1
110
206
1
729
54
2
18
1
188
1
59
0
188
62
0
8
0
89
321
6
309
243
15
42
1
85
0
14
0
0
0
196
39
11
1
27
0
45
635
2
6
650
3
977
241
474
811
92
295
0
0
76
123
0
0
9
125
388
476
0
2
2
652
47
247
195
558
279
814
4
814
21
39
2
1
299
2
219
558
1
3
0
27
0
0
4
0
0
0
0
0
0
0
1
6
136
258
11
42
1
129
144
0
0
63
0
145
0
1
1
0
200
120
35
6
104
0
0
60
90
3
0
10
0
11
7
36
569
87
45
75
37
356
0
24
21
1
73
453
12
99
4
0
1
2
2
4
66
98
0
19
0
0
0
88
118
19
71
222
0
20
117
44
0
2
0
0
0
0
0
0
131
39
0
17
50
79
36
12
493
110
62
79
12
377
72
55
76
53
0
72
0
59
239
31
0
112
3
529
19
3
4099
11
448
16
0
4
38
48
92
0
0
1
2
30
5
450
2
6
23
3
0
52
0
36
3
5
10
3
0
75
0
276
6
1
0
4
32
0
3
4
6
1
56
138
51
36
0
14
227
7
6
1
1
8
20
13
36
28
6
94
2
42
5
183
0
21
0
79
32
34
64
6
356
94
0
6
0
0
12
0
1
3
1
107
2
30
0
0
108
1
35
50
64
64
4
548
138
185
116
78
489
86
4
0
37
3
21
0
1
25
155
15
496
30
28
6
0
34
220
901
33
25
32
222
57
0
88
6
244
36
20
456
23
20
756
15
108
63
1
158
3
98
3
88
59
173
6
12
470
791
2
216
0
349
146
6
249
0
2
16
1
92
463
75
1461
512
38
14
463
131
0
0
290
2
1
28
449
2
290
575
50
1
8
381
61
15
253
25
0
38
123
3
11
4
211
4588
64
3
118
6
0
33
348
690
1
0
0
0
344
160
25
42
42
566
106
249
488
572
60
2
495
92
4
496
57
25
7
209
61
5
170
0
15
6
0
0
171
0
0
250
65
0
70
5
37
0
5
46
1
0
0
1
1
0
2
1
1
2
3
97
84
2
0
4
4
2
119
10
4
75
11
25
426
72
15
0
0
0
0
0
0
0
34
0
12
70
26
18
6
58
711
25
59
77
43
347
5
0
47
0
0
1697
0
58
147
46
453
171
3
19
0
108
158
14
11
14
1
31
1
0
301
39
22
44
30
45
0
0
0
0
1
1
0
55
1
0
0
1
0
2
3
90
0
2
168
3
19
1
0
0
3
4
5
1
0
3
89
0
6
1128
0
6
11
19
39
13
3589
1
6
9
27
2
0
43
258
91
428
11
498
153
0
26
0
51
1
139
564
0
468
0
128
2
2
1
81
0
69
161
1
353
7
5
794
58
13
457
35
159
0
1
0
228
63
0
469
21
25
18
22
3
85
1
500
60
1
320
25
2
0
358
0
211
3
2
0
1
255
2
1
13
351
85
354
25
22
148
2
651
357
0
64
0
0
1
3
136
1
0
105
153
1
60
288
1
1
2
4
23
0
83
0
471
5
989
96
18
18
266
0
13
0
88
3
22
0
9
461
0
23
1
0
463
61
0
40
464
1
9
818
0
25
0
2
39
7
2
0
3
0
0
4
2
0
4
1
1
29
0
0
428
12
0
1
0
693
1
553
0
1
23
300
2
32
1
0
24
353
48
1
72
16
264
0
732
22
264
113
0
3
263
129
410
198
267
270
26
68
65
38
266
32
725
1
817
0
1
517
37
68
2
39
271
19
87
720
2
270
13
732
1
267
3
41
1
9
274
62
43
1
0
0
15
0
1
0
0
273
163
5
0
4
131
729
3
277
63
549
17
1
612
36
325
0
125
1
33
0
0
1
1
5
0
554
555
8
5
64
7
14
0
50
3
6
0
1062
0
2
1
32
3
0
71
104
31
77
61
0
35
1
207
17
23
52
2
1
18
34
65
1
2
3
2
38
65
1
1
69
3
1
3
0
36
90
3
3
2
2
3
123
4
3
1
1
0
3
79
73
6
0
0
3
0
8
119
6
5
1
41
49
2
0
2
5
102
2
12
6
6
16
62
10
8
0
2
7
59
68
3
32
4
9
10
0
2
18
6
10
87
53
6
143
469
0
46
6
100
78
20
0
178
20
0
47
80
1
173
150
0
0
0
0
3
4
12
607
2
152
23
6
1
1
3
3
611
0
4
22
180
478
397
6
100
9
0
475
2
49
3
5
1
56
64
477
63
49
3
0
153
3
19
93
376
99
196
3
40
0
5
7
106
0
0
4
0
0
0
0
1
42
0
0
108
2
1
0
0
10
1578
110
0
3
4
45
58
0
1
0
5
186
132
208
158
0
0
187
1
685
49
220
457
152
633
48
143
43
367
19
31
53
1
30
78
0
45
237
170
71
366
11
471
2
1
80
61
182
851
15
0
6
1
16
61
182
40
92
257
0
4
2
0
43
163
19
197
141
229
625
0
0
1
40
477
31
274
559
23
1
1
0
560
11
5
1
3
67
175
1
1
363
23
34
0
5
213
490
30
7
3
2
3
71
6
335
0
1
1
1
0
0
11
365
32
27
8
4
36
606
21
18
1
60
156
47
0
435
2
117
110
0
0
5
0
0
168
410
0
0
0
1
0
0
455
1
93
41
8
538
0
9
20
4
5156
79
0
832
281
101
1032
174
3
0
12
285
5
160
0
1
287
102
3
0
1
103
53
13
2
1
3
0
3
2
386
7
225
183
93
794
0
122
394
157
578
26
32
187
118
226
39
20
17
0
0
5
1
109
0
0
0
173
260
2
0
90
3
10
28
5405
679
402
38
667
0
769
194
203
0
0
0
158
165
269
58
0
96
5
0
12
0
128
3
1
622
4
1
8
21
525
2
130
525
305
3
22
0
0
1
14
1
95
51
90
0
428
3
0
0
0
3551
5
88
4
2
1
14
204
1
59
90
3
4028
5
8
46
25
24
2
498
11
0
0
0
498
1
1
11
260
3
10
0
3
36
172
0
1
16
0
0
0
0
0
1
1
0
8
68
225
440
44
33
381
148
290
49
0
1
370
355
525
0
234
499
1
121
23
1
444
79
0
119
0
80
34
18
40
265
0
27
112
151
16
154
0
389
3
0
85
42
26
210
0
0
38
1
0
4
580
12
4
96
58
56
19
2
83
3
0
0
11
0
1
347
668
5
1
41
0
9
4
0
669
0
26
671
198
0
3713
1
33
652
5
126
209
9
28
210
0
222
272
0
1
1
3
0
3
12
204
37
2
930
490
640
0
12
13
120
738
7
305
10
15
490
558
23
222
127
299
28
1
753
51
259
0
2
243
1
480
0
220
512
7
1
0
3
3
2
0
5
0
0
237
1
0
331
154
5
197
5
5
5
27
285
91
58
6
16
4
514
4
7
1
8
134
129
58
0
0
1
3
1
8
11
18
0
1
0
0
1
0
0
44
57
231
0
2
0
74
58
0
25
45
25
15
3
12
2
119
19
0
12
273
556
12
10
1
6
65
14
10
1
25
138
72
43
1
524
84
47
52
2
2
107
137
14
376
396
0
1
0
11
216
56
1
887
1
96
71
180
0
1
60
199
2
23
0
1115
2
107
384
77
30
0
286
11
178
2
24
2
57
0
0
179
2
0
141
1
6
0
1
2959
2
0
0
0
0
0
1
41
1
1
2
93
6
487
19
595
300
75
0
0
451
63
197
300
381
159
162
235
1
0
1
39
2
153
76
302
333
49
0
238
266
179
307
458
3
0
1374
175
447
4
0
566
308
0
3
26
71
69
23
1
70
3
2
3527
68
3
98
0
760
242
16
43
6
0
0
92
216
112
81
74
476
48
330
531
325
430
98
33
563
201
125
915
174
331
2
1
1
55
1
656
347
138
0
16
371
641
23
0
0
0
12
0
60
2
1
217
358
18
41
0
2
31
3
0
70
420
0
0
0
10
73
15
0
114
0
0
38
3
119
0
97
0
2
32
20
47
2
0
208
1
0
103
144
56
0
233
41
0
9
21
100
4
7
131
1
76
5
3
2
301
116
0
164
1
71
183
1
0
20
0
751
0
755
0
44
996
52
81
0
9
0
8
0
0
1
0
0
0
464
1111
627
364
3
746
104
11
5
3
11
806
151
96
28
25
87
153
68
22
0
20
1319
5
74
116
50
0
15
109
173
3
0
3
146
58
279
1088
353
0
463
0
248
187
0
421
735
2
4
24
39
36
350
729
36
0
35
660
37
0
0
173
80
390
0
1
1
0
5
1
112
56
131
0
1226
1
97
4
120
329
176
303
170
631
0
0
0
664
1056
545
165
0
6
772
24
128
0
27
0
156
129
6
2
38
92
1
59
120
217
0
129
142
0
4
0
130
170
4
0
0
0
0
131
144
6
1
1
3
298
53
0
159
29
2
0
495
28
215
0
1
1017
0
7
162
9
0
47
1
175
0
552
0
0
49
5
122
295
8
136
60
660
4
4
36
24
4
6
144
39
258
314
0
656
32
2
354
541
0
0
1
0
1
1
0
0
0
1
643
7
0
0
448
18
32
1
0
164
277
4
6
7
12
0
0
336
0
524
29
282
63
356
531
1
781
18
129
776
2
89
15
365
593
5
3
33
168
5
70
186
231
31
3
6
51
6
0
562
871
46
25
0
177
0
0
136
240
0
0
0
82
1
84
0
0
85
85
36
73
69
2
72
0
2
58
1
155
149
0
283
32
0
5
274
0
0
0
1
686
69
6
201
590
356
676
0
2
268
594
15
56
0
0
1
0
1
1
0
0
1
73
0
266
66
0
146
0
21
10
594
2
0
592
0
3
345
0
114
5
0
0
4
750
35
530
26
35
0
1
202
90
402
600
66
1
2
189
101
2
8
1
4
89
163
396
898
0
15
154
519
0
113
1
1
11
9
0
144
0
9
8
1
445
0
640
89
8
783
4
123
3
117
1
3
560
2
561
0
28
160
0
0
0
6
4
29
151
1
539
0
0
533
0
6
0
10
8
309
534
2
0
0
0
735
43
577
34
630
0
33
0
0
1
1
7
422
4
3
491
51
2
370
635
0
2
45
0
1
1
7
257
1
6
3
20
52
1
0
1
484
1
0
21
293
3
0
13
0
38
0
2
98
0
21
23
1
147
52
5
27
3
122
0
2
477
0
30
23
100
0
597
145
1
12
412
4
465
31
0
150
0
1
0
112
30
9
369
40
109
2
17
107
79
0
0
1
111
31
0
0
4
123
159
6
568
42
88
796
115
21
2
120
1
437
763
8
1
461
0
48
0
0
0
1
4
271
460
1
458
0
0
0
4
0
0
2
0
28
463
0
3
0
1
0
33
0
15
94
0
0
124
148
11
4
0
104
118
5
5
0
7
104
108
24
33
0
2
0
2
2928
1
7
11
117
2
16
29
9
1
0
29
1
0
0
3
1
1
9
103
114
38
6
252
445
9
471
0
5
442
45
938
1
21
67
413
2
0
102
0
0
2
4677
3
2
0
32
5
58
411
3
0
1
0
192
47
526
651
45
12
97
0
75
112
17
629
2
2
2
19
4
271
374
1
0
8
12
421
8
280
404
46
0
405
1
1
1
1
11
198
44
487
44
72
169
1
0
3
11
0
367
33
1
227
382
11
0
385
0
1
3
119
0
5
2
2
49
135
56
320
366
0
44
32
67
1
0
0
0
1
0
0
1
2
0
33
70
3
1
3
0
0
2
1
2
0
7
5
1
356
5
6
72
431
0
1
0
353
3
193
336
0
35
343
20
812
0
0
4043
1
1
20
33
0
1
295
19
0
2
2
6
4
0
0
7
2
0
0
0
1
2
82
10
3
0
17
8
4
30
3
6
2
20
2
0
109
8
0
21
307
0
134
9
10
25
5
288
357
0
3
21
8
6
65
18
21
1
171
171
257
400
149
6
1
7
50
63
306
5
0
0
114
4
0
110
107
1
82
84
0
0
1254
2
49
88
4
187
3
29
194
25
88
24
83
0
0
18
553
18
104
0
3
16
56
12
20
187
225
10
741
131
835
1
339
25
130
32
388
176
0
8
294
181
0
29
289
10
291
2
0
0
144
0
591
112
0
58
364
2
398
4
41
2
118
0
0
0
0
14
0
1
630
0
2
333
0
520
0
0
4
25
229
188
83
2
11
0
11
22
6
70
30
41
30
15
2
15
131
252
374
73
20
0
15
6
3
13
39
87
2
1
515
17
57
2
127
4
4
58
3
0
4
2
1
1
1
50
4
36
0
188
5476
0
693
13
0
247
80
0
0
2
103
7
1
5
0
1
11
219
137
52
245
0
13
1
8
694
0
3
0
4
6
32
0
294
25
3
32
9
17
8
0
7
1
0
0
3
239
10
3
240
0
234
0
8
0
250
41
49
38
40
2
7
0
0
49
159
10
8
0
47
1
0
6
0
3
679
484
223
0
3
33
116
679
0
5
180
59
0
99
28
0
0
0
194
43
5
1
8
20
0
0
6
0
0
98
0
309
21
78
39
171
0
2
11
139
170
19
1
419
72
144
47
39
95
1
177
4
1
3
31
2
32
122
1
0
0
51
2
136
28
51
23
478
176
0
123
178
12
0
8
859
7
0
0
174
0
7
212
180
6
3
1
0
0
0
1
2
0
11
1
1
3
0
2
0
2
11
4
4
35
0
0
7
53
3
1
36
5
28
169
0
0
0
3
0
0
0
1
0
13
1
3
126
36
3
15
35
12
41
4
133
138
15
186
96
28
167
0
2
3
13
0
283
0
0
1
5
2
1
547
11
5
9
0
34
0
12
1
12
271
558
11
6
8
847
467
31
0
7
154
2
21
105
1
85
2
11
37
4
20
14
161
153
0
23
1
303
546
194
2
27
712
6
23
148
9
436
1
12
665
3
3
1
26
3
40
158
0
15
7
0
3
2
1
61
10
3
7
3
0
3
0
0
1
2
47
46
12
26
806
8
0
16
691
9
39
624
7
7
405
2
0
0
0
0
1
0
0
0
2
0
0
1
2
0
0
115
0
0
55
0
0
4
12
8
823
0
6
459
412
0
0
1
1
0
0
8
140
12
17
1
1
3
26
331
655
0
271
1
0
770
290
69
17
0
996
164
1
23
0
1
4
122
725
4
1
0
11
50
47
2
0
0
561
3
2
45
72
3
690
0
7
8
0
16
0
11
108
4
40
227
492
0
0
370
0
1
36
11
2
374
3
129
131
6
2
0
30
1288
57
215
0
50
0
4
478
480
38
2
404
0
0
6
0
1
0
300
203
0
13
221
23
0
2
0
82
14
1
5
0
2
420
0
4
12
50
5
0
23
213
12
553
12
16
55
759
164
8
471
4
44
0
112
460
43
1
2
411
0
1
0
4
504
850
0
6
575
4
3
0
2
0
8
389
8
7
202
139
155
71
23
189
390
3
268
49
0
97
3
36
2
0
274
476
11
269
0
0
0
0
0
1
3
98
0
0
24
0
21
1
126
88
1
43
152
0
0
153
89
28
1
58
0
0
2
0
3
1
0
141
3
2
2928
4
2
1
125
581
4
238
8
2
1
0
2
0
20
0
0
87
84
10
75
86
65
1
465
95
89
827
12
291
2
31
133
75
557
2
10
45
146
78
41
1
0
4
60
110
223
37
0
4
455
1
0
7
73
0
56
6
18
5
1
0
8
0
0
0
406
0
0
2
8
16
4
137
2
131
387
165
76
8
134
1
0
17
9
35
140
0
0
0
262
556
0
20
260
3
598
3
37
935
5
73
4
4
173
128
0
0
0
1
94
1
1
1
30
146
0
75
40
81
0
35
3
39
281
98
0
228
56
385
26
0
37
1001
742
197
247
73
0
0
246
340
0
7
617
0
51
10
279
2
61
248
438
0
32
1
3
511
872
30
9
29
764
1
10
0
0
9
0
653
31
1
767
9
222
3
0
11
369
1
0
0
1
5
0
12
1
5
13
3
3
6
1
1
560
0
15
78
34
0
22
140
0
60
0
0
4647
5
2
9
20
104
33
98
49
0
1
0
0
0
0
22
635
91
1
1078
365
349
63
273
110
99
214
271
558
409
144
636
4
152
0
0
161
0
0
0
33
154
37
25
0
14
0
0
168
48
90
7
0
31
110
57
4
105
0
80
462
835
38
3
131
257
24
0
0
21
0
2
51
9
63
0
0
2
5
0
0
20
0
1
6
0
0
1
0
35
1
0
1
1
0
0
4178
0
10
0
0
40
163
457
259
98
146
283
68
13
406
280
22
437
0
0
149
286
0
20
0
1
2
1
10
0
0
0
55
48
0
3
1
20
1
151
0
1
0
0
0
2
0
153
67
4
3
6
7
2
1
0
134
27
1
0
0
182
68
0
0
36
1
1
65
0
1
0
2
6
1
454
662
0
3
867
0
804
1
30
1
32
379
652
71
0
666
0
2
33
368
667
7
0
6
122
40
67
0
28
147
0
17
173
0
0
174
124
91
81
313
0
10
92
20
0
0
1
194
0
0
1
404
727
15
0
552
976
15
498
615
5
10
59
8
84
13
320
80
239
428
16
0
194
73
0
35
8
41
0
0
0
96
5
1
2
0
3
0
3
189
161
0
72
26
102
16
0
9
0
23
43
0
25
1
1
1
17
0
0
2
0
0
53
0
2
0
80
49
1
0
0
1
1
1
1
4
2
0
58
13
0
0
339
5
15
445
37
2
31
446
41
250
0
42
0
445
0
2
3
1
2
2
2
449
42
251
451
45
2
5
46
0
3
6
10
658
0
2
5
4
4
779
18
291
63
1220
0
44
9
22
2
49
27
2
1
0
0
0
47
0
0
1
2
0
2
24
0
4
0
2
5
0
0
6
1
0
7
1
5
0
0
4540
0
21
3
9
8
6
9
90
1
3
26
2918
0
5
1
0
28
5
8
0
0
0
0
0
0
4
1
0
2
2
1
8
9
0
70
14
3
0
1
0
0
9
3
0
14
0
17
14
0
0
0
5
2
1
0
5
7
11
0
2
17
18
2
2
1
8
19
41
0
18
2
0
103
71
0
0
0
554
0
1
1
0
0
2
0
1
0
0
1
2
0
0
376
0
123
113
3
6
0
0
0
1
1
2
0
9
4
0
6
1
0
9
0
0
2
9
1
14
1
10
4
8
0
1
11
15
0
0
2
12
0
3
0
3
0
6
14
0
0
0
14
0
1
18
0
0
44
21
1
12
47
1
122
2
2
44
22
18
49
4
3
0
0
0
0
0
0
0
8
42
26
19
0
1
5
0
39
22
15
0
3
1
19
0
38
0
1
43
4
19
30
21
0
0
0
23
0
2
0
2
11
17
23
16
0
81
1
2
55
38
63
28
0
35
0
5
0
0
29
6
3
5
3
6
0
61
29
7
5
12
0
0
0
63
5
34
46
8
4
6
13
14
1
15
3
0
0
11
7
21
1
75
4
0
2
27
63
9
2
48
22
1
6
26
61
28
56
33
49
57
0
0
30
1
11
3
31
20
12
25
1
3
55
0
0
35
18
71
2
0
9
4
0
87
7
55
2
7
7
0
2
16
87
1
1
0
0
49
2
814
4
43
1
1
26
2
0
149
0
0
10
107
13
59
56
1
13
18
893
66
5
65
0
0
136
19
67
87
2
557
14
302
2
137
97
4
39
8
77
706
21
3
22
7
51
14
1274
57
6
566
9
12
829
412
7
766
7
1
44
309
0
955
44
5
58
1
45
51
203
6
215
11
32
107
93
31
262
6
6
207
5
0
212
529
2
80
924
0
50
531
12
83
3
15
45
520
202
85
2
3
7
685
52
119
7
254
45
0
67
722
460
304
166
4
6
26
0
8
0
0
10
601
128
7
571
53
1
6021
2
483
3
3
61
1
511
0
0
58
1
815
84
500
11
287
1
0
287
818
7
12
0
0
44
2
8
43
0
0
341
4
0
2
37
1
7
57
156
156
145
18
1
44
955
0
0
91
325
640
660
21
30
1
1
58
184
46
494
34
1107
161
69
158
35
37
107
1
410
6
478
574
1
28
517
3
273
321
673
843
37
241
464
133
0
895
5
8
0
0
0
0
99
1
150
1
38
62
1
0
358
2
130
0
1
10
1
1
3
2
6
2
0
115
43
37
282
48
164
146
13
145
655
150
147
0
0
2
2
16
2
2
332
0
6
5
0
0
695
58
242
1
663
291
158
666
89
292
239
1
2
18
73
48
1
246
0
522
321
86
206
27
8
129
0
0
68
333
0
4
128
0
0
1
82
5
1
128
0
192
1
2
73
933
0
0
434
770
54
0
0
70
0
0
550
386
47
0
4455
1160
21
4601
60
13
690
46
0
1
1391
3183
104
4583
128
1
2
45
4421
1171
11
4412
5
4258
177
3
561
966
4429
99
12
0
4544
3
89
3691
68
6780
4595
0
4404
154
7
28
0
0
0
0
0
646
4432
1101
41
1
42
33
1
0
0
1
1
4446
22
0
4488
163
7
4553
2
4
696
4460
16
10
97
6
38
111
4323
92
56
11
2
0
4
9
61
0
41
5
4321
3265
201
0
88
4563
2
1
661
4255
11
95
4592
1134
0
5
18
4529
2
0
0
12
0
4350
107
66
132
4401
153
22
5
0
536
4648
20
80
4397
50
24
1
6
4543
4365
140
0
133
4327
3
1
4
0
0
4441
53
92
4522
0
0
1393
4575
11
3
132
4417
1
0
4462
83
5
12
14
187
26
135
4570
116
5
6
14
6
30
1
2
16
5
4638
128
505
14
1387
17
15
96
4484
2
8
4629
3
0
0
41
108
21
22
98
4171
0
562
10
6
4630
0
4539
0
0
4
0
0
65
4490
4
35
61
11
1
4
17
37
4391
18
45
2
4616
4
0
296
26
435
3135
22
4
39
142
4539
129
4
0
28
4489
134
5
16
575
4369
14
5
4571
0
0
0
0
1406
4667
96
45
4483
89
5
10
18
8
7
4574
135
38
22
540
4647
173
7
37
1
0
34
4150
172
0
4688
188
2
4549
5
1
4
4590
0
1
41
32
1
43
6
1
0
17
10
0
4
3
4511
533
22
3
114
4405
16
555
0
209
4
26
4679
4
3
10
6
4647
450
4498
10
7
2
6
7
26
0
708
4540
20
4
12
8
65
42
8
766
28
0
1117
50
44
0
618
1
0
678
4474
2
753
4608
3
1
2
1
4
566
22
13
10
0
64
102
1
24
68
39
5
540
65
0
1
0
3
5
392
0
0
0
0
4512
4
0
4
2
4568
103
2
73
637
4153
31
0
63
4437
82
6
52
1383
8
13
7
10
0
105
37
28
6
8
0
1384
4617
19
88
37
0
469
909
43
0
0
0
67
10
6
9
28
4546
0
781
8
206
99
0
865
208
249
519
170
982
1
0
564
5
16
851
77
292
3
0
10
324
76
123
7
151
572
168
883
54
55
0
539
0
0
2
901
37
53
135
95
232
8
0
383
72
222
387
149
10
42
387
40
10
2
390
40
1
390
66
333
3
2
400
394
0
51
0
4
392
3
11
39
587
4
13
0
842
40
585
64
2
5
3
51
196
5
34
2
262
94
142
4
97
0
0
34
4
0
0
1
27
148
6
1
19
90
207
134
89
0
7
8
154
0
9
603
0
1
35
590
25
142
194
6
582
1
4363
10
128
7
11
2
34
190
0
39
53
14
210
210
4
0
583
56
231
613
157
378
79
232
541
138
0
9
234
142
62
270
691
61
0
451
0
4
0
163
0
72
159
2
0
0
487
303
0
0
304
24
1
0
37
22
10
197
168
34
0
74
203
0
58
328
576
1
4
47
790
45
1
3
1014
1
78
10
386
744
142
160
3
2
36
0
364
0
41
54
0
389
0
6
84
0
0
56
48
0
79
0
19
0
1
0
1
0
351
0
8
0
0
28
1
32
21
0
2
44
3
3
47
0
3
11
0
1
0
5
2
1
5
3
1
0
7
1
2
4
0
10
2
603
1027
39
19
1
4
8
7
0
1
2
0
993
2
1
341
116
14
123
15
0
0
44
157
0
25
1
0
388
4
5
35
14
61
29
1
0
357
0
716
0
10
0
2
1
101
0
100
22
64
56
6
6
1
1
10
0
23
103
203
35
77
8
1
1
3
587
1
26
172
0
51
382
356
2
13
39
0
1
417
0
3
14
44
18
136
148
0
2
844
183
4
293
1
19
351
358
35
155
9
560
0
1
1
70
185
11
295
4
28
6
0
3
109
0
30
0
149
23
2
1
1228
33
0
91
0
2
63
0
814
103
220
34
165
76
52
197
80
161
0
283
0
1
36
44
91
1
92
451
71
0
93
18
3
111
1700
55
426
173
3
0
0
2
47
921
32
0
13
39
84
0
2
1
490
0
151
1
97
3
28
3
0
0
0
0
0
504
18
1
203
298
38
0
0
4
0
146
3
41
38
25
1
1
0
6
57
334
5
6
5
3404
5
2
0
22
15
76
0
606
90
0
0
30
115
103
0
313
345
556
812
86
565
300
325
640
156
46
146
1016
112
1
0
70
0
33
60
309
83
1
217
3
565
2
165
11
489
684
941
77
0
684
3
269
3
562
808
1
32
0
7
17
4
4
8
20
3
0
31
26
689
109
1022
0
332
65
385
2
832
35
33
44
340
0
19
834
35
1
0
0
1
0
78
0
1
79
19
0
15
168
956
0
324
15
28
17
268
57
74
19
34
74
24
71
17
891
0
0
0
149
0
53
10
0
408
19
75
3
5
0
0
4
20
19
1
55
238
1
0
0
5
268
20
246
0
38
1
59
1
3
6
3
77
2
7
577
165
5
2
7
0
0
303
0
6
4
3
2
1
9
6
2
42
8
3
712
5
76
5
0
5
31
7
16
147
177
2
1
0
0
1
155
0
0
604
1
183
306
48
570
52
67
23
0
579
22
684
275
433
33
0
429
0
18
0
0
2
55
2
0
2
36
0
280
133
0
20
54
322
28
177
320
0
6
1
232
151
199
367
55
323
0
157
122
2
15
1
140
668
0
3
1
0
21
1
375
1
59
171
5
146
1
501
353
35
284
144
4
0
353
20
0
491
57
276
1
0
1
0
73
339
0
17
135
6
3
348
0
18
51
7
0
316
1
5
1
0
1
204
2
43
138
0
2
58
3
0
375
7
7
3
1
0
0
2
0
138
4
9
3
9
5
264
5
0
4
6
3
0
0
0
11
0
42
172
130
5
4
36
567
0
47
32
155
19
6
174
1
5
0
0
0
151
114
2
3
0
188
27
16
1
0
212
15
4
2
0
1
1
1
0
4
1
93
0
535
11
110
29
1
4
1
7
5
29
1
3
2
4244
10
426
23
10
11
0
3
5
79
1
1
62
155
207
3
53
73
2
47
0
4272
53
86
3
38
46
11
5
82
3
15
3177
752
173
273
0
351
35
32
208
256
41
5
288
257
1
0
1
0
1
2
0
2
2
0
3
4
2
157
137
1
0
2
0
1
5
251
3
4
4
1
2
6
1
4217
40
4
0
0
198
0
1
3
17
0
42
6
0
201
1
32
0
200
1
0
0
0
6291
45
79
1
0
32
154
0
8
0
0
0
0
4306
40
3
7
227
97
10
126
124
19
0
1
0
6
0
698
2
292
21
646
3
60
545
81
67
38
0
31
97
40
0
294
435
5
563
1
295
1
1
1
39
547
83
0
1
3
188
2
9
1
18
657
49
215
530
23
145
64
8
8
371
85
42
80
303
60
1
3
79
909
174
1
11
12
23
1
33
177
166
1312
79
75
77
2
81
1
76
0
156
0
29
77
501
1025
0
69
0
1
267
0
8
2
330
571
5
2
2
3
2
314
574
1
0
2
4
0
2
346
12
1
13
0
0
3
6
59
4
7
0
8
0
0
1
0
2
0
100
0
12
775
8
124
49
54
0
0
232
45
59
4
655
32
0
5
47
204
0
334
555
62
653
32
29
330
0
30
398
1038
20
63
409
656
46
8
1
1
0
1
312
413
2
36
1
2
5
403
54
34
11
0
2
899
45
0
0
98
22
106
405
163
130
0
30
106
24
107
406
10
113
110
167
0
109
0
1
4
0
5
4
0
0
87
1
2
23
4
5
2
76
7
0
3
8
1
1
8
2
2
7
11
9
3
0
10
16
46
224
10
1
8
0
1
3
0
3
7
151
152
185
0
9
16
64
10
4
0
496
891
2
68
12
770
1
43
893
13
322
5
8
12
1
6
293
118
36
4
433
5
29
0
5
129
5
0
2
424
20
290
517
40
45
750
2
121
209
0
426
63
12
649
79
1
287
168
67
16
382
76
288
970
130
3
206
199
872
78
0
0
0
2
43
436
107
873
42
163
461
189
873
68
22
97
0
29
293
914
63
77
236
70
45
34
6
4172
18
4
83
0
346
0
1
72
51
0
0
3
143
1
213
116
7
0
0
0
0
1
0
0
104
1
0
63
0
104
44
13
387
150
9
229
1
243
53
2
24
11
0
9
2
11
5
767
1
3
176
327
13
1138
218
12
0
436
9
4
74
0
0
267
396
240
1
357
1
3
0
947
460
320
562
208
508
930
4
0
741
53
243
67
131
741
0
225
0
0
631
60
0
0
670
143
683
68
177
484
1
468
1
95
261
6
2
247
110
20
14
1513
502
596
12
0
345
2
396
57
3
97
272
0
1
205
144
0
57
1
0
2
0
209
244
0
60
3
7
1
0
118
2
1
0
1
2
0
0
30
195
38
0
197
45
3
1
139
0
0
28
0
38
0
23
13
0
0
3
9
29
3
1
33
0
4
3
393
3
1
1
269
3
43
152
0
119
40
954
1
833
5
0
0
36
0
962
0
254
4
13
2
3
19
54
0
24
360
73
539
31
3
14
142
33
33
15
0
132
1
0
42
234
0
0
38
32
1
43
135
3
1
0
3
138
1
159
132
139
4
45
12
9
0
356
98
4
17
9
22
2
361
46
2
6
4
357
579
91
13
2
1
1
35
660
0
1
3
88
57
26
0
0
2
4
357
2
0
0
45
68
357
34
10
331
40
0
180
760
1
2
208
42
2
191
450
86
76
6
0
855
1
280
197
0
1
28
106
0
78
117
1
0
1
71
6
0
0
67
0
0
313
1
40
0
566
280
83
211
1
0
730
0
0
0
0
70
4
62
7
0
165
2
124
735
0
3366
256
987
0
3
14
0
5417
690
812
0
17
0
2
0
2843
0
1
46
6
0
0
6
0
0
3
7
210
155
2
5
264
3
288
74
37
0
86
2
11
43
83
344
225
87
0
332
33
27
74
1
1127
157
226
12
409
18
194
91
860
58
150
2
484
4
158
1
53
0
0
478
40
4
88
86
701
20
12
360
13
4
43
332
0
483
161
51
297
1
0
71
16
43
53
725
8
1
1
9
450
1
177
12
1
1
50
0
1
0
4
1
12
3
49
57
21
135
327
62
45
3
95
2
238
367
285
171
2
648
103
0
0
47
129
0
2
0
0
0
3
81
1
59
215
1
3
0
2
1
156
1
3
65
5
0
54
8
2
5
0
7
0
1
0
1
7
1
79
7
0
0
1
168
204
2
2622
0
16
3338
0
139
1
1
140
2
1
2
145
3
0
2
1
9
0
132
4
1
1
3
0
35
31
0
1057
56
265
652
232
1057
128
265
438
127
0
9
1
895
0
0
0
268
1
0
340
1
18
156
52
291
14
420
57
13
17
17
154
126
489
21
37
3
1
610
158
15
141
166
19
406
487
0
298
6
24
3
65
29
699
159
9
8
0
151
87
0
609
1
5
10
622
1
1084
73
360
1046
687
531
17
146
50
3
11
0
524
4
49
84
5
42
23
140
8
1
2
697
1
5
27
0
0
216
136
37
0
518
395
0
120
20
521
145
0
0
301
84
62
0
36
3
106
932
13
145
0
0
12
27
202
330
710
126
517
289
602
52
135
462
91
459
197
306
6
43
50
3
101
137
102
14
0
0
2
541
1
5
333
22
66
2
44
121
3
7
3
5
0
280
0
0
3
766
1
6
109
0
26
108
0
0
54
2
0
7
67
21
2
7
21
0
1
0
2
1
2
0
0
2
1
4
7
2
1
0
10
0
3
0
3
1
5
47
0
2
16
0
598
5
599
0
1
0
0
2
0
2
12
0
0
1
0
4
1
3
19
0
4
0
213
113
69
107
142
16
0
25
2
9
17
1
123
26
109
10
0
432
1
85
15
381
6
533
571
7
0
722
23
250
658
63
21
722
225
252
86
41
65
9
252
24
722
10
83
317
65
7
258
26
0
126
32
16
722
19
4
4
1
36
69
3
0
4
70
5
0
59
5
2
1
49
5
40
2
1
1
0
61
3
0
364
7
5
15
345
6
7
11
0
587
1
16
275
188
42
0
315
208
0
0
0
6
26
0
0
0
7
241
192
0
1
213
0
0
255
1
131
19
0
106
10
154
38
5
205
0
60
174
100
0
218
0
129
4
25
25
101
3
0
2
24
5
0
2
0
0
40
0
1
71
197
12
0
0
200
7
1
198
46
378
3
20
182
2
380
5
0
15
6804
5
953
47
419
437
144
300
231
10
319
0
121
0
618
851
43
2
74
870
466
773
193
253
93
78
0
0
3
291
871
538
173
189
4
0
861
2
5
56
250
80
384
92
15
251
161
194
385
0
117
0
110
0
0
8
2
81
4
4
20
82
0
5
48
8
0
5
22
40
0
1
3
0
71
71
56
242
36
53
16
43
83
6
10
1
0
288
159
0
9
0
0
8
0
160
3
10
2
0
347
124
184
80
7
16
0
55
9
28
9
3
252
55
10
10
226
11
19
0
4
0
0
10
0
0
1
1
644
75
101
0
645
11
392
739
1
50
389
2
20
0
2
4
203
3
27
2
96
393
232
104
71
3
1
106
593
2
6
79
233
129
33
7
2
0
6
0
38
459
12
0
310
537
0
2
248
111
117
0
1
15
378
7
0
0
117
1
0
0
0
773
1
7
2
624
1
0
16
1
2
2
0
378
19
52
69
620
2
29
55
440
11
3
0
2
3
0
0
0
0
386
30
88
50
39
1
1
124
1
2
4
27
7
0
14
169
266
5
28
0
1
271
9
6
0
123
48
350
1
10
26
48
90
341
2
75
4
0
3
8
172
229
220
14
1
41
142
84
661
398
7
6
179
366
125
119
725
1
225
0
2
1
22
94
1
117
30
1
23
77
171
4
31
2
0
27
32
0
0
3
0
0
0
2
2
0
110
517
13
3
470
1
0
1
627
23
27
59
30
133
3
104
158
15
0
22
63
84
7
129
0
0
32
50
378
11
3
134
24
31
108
298
1
4
9
40
37
0
0
1
1
1272
220
42
41
68
1
39
315
0
2
0
1
0
30
551
55
47
62
1042
0
48
9
1046
0
0
1
1046
1
46
14
74
15
20
11
165
23
1
85
16
6
1
761
36
4
103
108
204
2
152
0
618
5
570
10
2
0
2
21
6
0
243
104
219
4
133
382
133
13
0
92
32
2
0
1
3
4
0
2
0
3
2
0
19
654
322
398
74
0
146
3
0
115
5
176
35
111
0
144
2
127
1
100
241
0
25
117
2
0
0
1
41
159
2
1
8
1
1
1
245
1
1
3
1
278
1032
12
49
10
5
3
846
129
4
213
491
10
5
0
68
309
0
0
928
313
929
17
7
0
535
930
83
0
3
315
259
57
0
74
261
108
22
0
19
11
2
0
25
6
19
967
105
289
527
209
275
46
82
96
115
1701
0
1360
183
48
92
166
1704
183
0
4
98
9
39
0
94
5
0
1
0
0
4
43
0
1
3
210
0
147
183
23
587
656
719
87
65
0
717
65
288
1
1029
484
1
15
909
485
1160
0
64
663
0
178
149
37
34
850
0
2
2
853
73
1
497
204
0
82
8
800
72
65
566
5
1
15
10
37
151
0
315
522
235
28
413
944
6
19
8
68
1
523
43
85
812
685
509
11
1
829
1
59
252
153
100
1
0
2
2
1
143
256
3
2
818
307
0
122
2
0
164
8
4
6
368
43
0
348
35
0
372
516
12
4
180
3
45
8
213
0
0
3
180
3
225
184
376
1
0
220
367
0
50
453
7
2
239
0
1177
37
109
72
215
1004
280
909
15
153
3
16
340
315
1
111
357
5
0
0
64
52
135
22
0
817
5
0
167
84
2
691
12
33
392
691
74
398
1
58
21
60
2
26
3
84
317
3
576
8
0
20
308
13
32
1
229
1
3
20
172
166
502
1
0
0
22
27
14
33
22
0
1
23
28
170
504
0
0
3
0
0
3
24
11
2
643
0
256
1
5
383
54
3
6
25
54
114
0
0
0
0
2
211
68
135
10
0
0
242
912
0
0
10
1
101
57
60
13
86
1
64
114
2
18
61
0
0
0
1
104
15
4
13
0
12
0
0
0
0
70
8
3
25
0
2
316
9
1
97
2
0
93
57
1
0
37
10
0
5
5
4
1
9
99
3
1
57
2
2
75
5
51
27
5
134
6
1
47
10
3237
4
4
60
5
4591
0
120
1
2
2
1264
74
4
4
45
112
63
0
8
139
84
0
141
215
3
111
61
8
0
1
1
0
2
2
1
0
4
0
1
2
1
214
80
46
149
7
0
3
3
1
7
1
4
5
7
4
149
7
6
722
395
764
1033
411
124
69
242
39
53
1202
136
360
107
58
1192
594
409
667
107
0
1
137
3
1
43
5
9
2
0
341
216
114
689
0
0
25
140
5
0
143
120
54
1
1
112
0
0
1
3
117
734
193
120
361
0
0
16
20
3
184
476
0
119
13
166
480
110
91
0
0
0
145
9
45
41
304
6
2
228
130
96
1
0
3
5
27
31
91
269
14
100
119
37
249
135
98
5
56
124
99
0
9
142
100
2
32
115
264
2
24
165
10
1
0
202
140
5
0
0
58
536
123
219
0
0
29
0
8
37
204
1110
83
1
0
194
3
0
274
484
1
10
0
41
80
485
5
2
428
6
0
37
101
1
2
267
0
295
1
0
1
1
0
838
32
2
1
0
0
67
433
1
1
26
119
276
4
0
153
79
286
79
0
47
28
13
41
412
9
120
0
1
93
2
215
0
4
3
2
26
121
340
0
5
3
1
0
4
155
0
5
12
12
5
0
28
111
0
0
76
112
4
0
98
7
158
107
0
1
34
94
9
31
128
23
98
80
3
23
33
20
5
1
11
1055
1
4
58
49
111
18
38
51
13
0
1
21
129
16
20
18
1
2
127
3
1
0
2
0
55
22
0
20
2
6
11
2
24
1
10
31
30
5
20
0
6
0
45
2
1
7
16
16
1
2
61
24
0
5
11
30
4
1
4
34
30
124
1
1
6
2
60
14
119
2
2
1
203
108
144
70
332
102
204
0
122
366
45
179
1
121
24
57
71
128
4
111
0
483
58
14
9
10
0
157
31
1
14
522
2
56
170
26
42
53
1
355
2
4
51
0
14
25
339
0
0
44
55
0
18
164
2
386
682
12
1
4
14
43
71
92
310
1230
0
71
0
132
0
302
36
150
279
1
190
506
4
149
1
38
141
289
5
104
1
2
0
9
1
40
1
2
0
2
0
140
374
59
130
4
3
1
1
464
177
147
4
2
140
1
8
2
382
127
4
1
1
2
3
133
132
11
994
157
1181
649
520
19
85
439
1524
51
276
0
1
26
1
0
161
651
993
158
58
650
1076
248
410
49
1076
7
88
693
5
2
95
5
1118
25
96
692
2
192
0
0
154
92
15
774
988
150
97
653
2
243
0
4
1203
204
1032
776
0
0
1
0
515
271
97
689
2
11
7
97
8
2
17
72
96
261
1124
268
397
0
1005
157
3
3
15
8
2
10
6
4
12
3
6
393
0
167
60
663
7
1
2
8
11
6
4
0
14
16
3
9
93
160
555
184
24
0
0
0
547
1079
16
32
625
14
17
0
33
625
9
1
1
927
679
0
281
2
4
67
0
3277
419
34
0
36
4
33
3278
420
0
1
3
0
6146
42
590
20
43
0
696
1
71
9
409
0
11
9
56
1
6
55
4
359
33
354
1
0
49
0
411
61
0
7
138
402
0
92
3
27
687
386
6
2
148
308
7
133
0
2
1
0
222
587
3
0
5
839
1
220
9
219
96
103
603
2
808
1
13
74
0
0
0
0
842
124
972
51
0
71
0
1
3
1
53
969
0
1
206
0
5
0
3
1
0
0
3
77
643
883
59
0
2
6
3
12
6
0
4
5
237
212
0
7
431
1
60
199
1
63
141
0
0
9
0
2
81
890
152
1
5
1
1
8
1
298
2
48
6
587
83
0
0
1
104
115
589
171
23
151
1217
77
525
1
4626
1
7
112
1
337
124
591
1
69
9
6
629
3
7
2411
6
0
2
34
24
170
44
151
0
1
164
67
200
1000
89
726
840
215
337
320
855
13
203
43
1
5
3
61
7
168
369
63
1
52
1
949
1
481
0
2
3
29
219
0
0
3
1
182
32
41
2
1
230
12
4
0
20
417
1
52
2
120
13
314
467
21
557
38
648
359
1
253
0
3
276
1
15
0
0
0
1
0
39
298
288
112
0
302
560
0
389
2
37
40
1
2
1
0
25
120
19
9
0
5
79
0
18
6
8
52
77
3
77
0
7
0
2
139
0
96
20
16
7
129
166
0
5
134
0
3
0
415
10
618
307
9
0
10
41
55
157
56
163
0
5
256
22
6
0
38
0
88
2
119
302
79
219
1
2
26
1
0
1
479
0
1
761
29
1
4
314
496
381
303
392
16
111
203
0
122
20
288
134
1
0
652
0
649
766
1
17
5
17
53
0
1
256
2
211
18
1
7
17
56
55
0
0
0
3
20
0
0
0
154
210
1
20
24
200
241
122
8
2
121
242
0
0
3
1
1
32
19
10
0
0
153
58
0
50
4
53
97
27
691
2
1
0
94
775
267
1
73
16
0
799
50
85
0
2
12
0
1
59
2
1192
1
271
65
1314
0
6
11
4
43
220
1
35
1
0
3
1072
0
0
0
0
293
1
8
0
109
144
0
75
274
7
3
3
143
431
106
234
0
0
0
314
1003
1
927
146
322
104
104
928
36
51
318
596
1007
11
310
559
0
71
1
70
105
267
22
3
1078
927
19
120
2
597
952
196
324
154
4
1
2
326
161
0
98
4
15
7
1
106
2
100
66
599
203
0
5
0
0
0
383
26
7
11
90
432
56
13
78
0
280
0
206
0
0
92
220
143
25
75
1
27
64
0
13
21
0
142
72
315
391
59
9
0
2
38
238
0
23
0
335
76
10
21
258
1
209
1
0
59
0
301
30
156
3
41
1
49
0
30
5
0
6
83
0
57
67
3
2
149
0
113
148
1
75
280
0
145
0
0
225
1354
132
66
517
130
407
101
27
524
401
27
0
523
125
388
406
264
549
50
409
1
116
31
3
8
174
301
3
48
0
0
5
26
1370
28
0
1164
570
412
689
213
200
35
243
690
3
60
2
8
5
2
3
217
0
409
266
3
23
90
2
4
3
0
5
4
12
0
0
807
13
9
759
7
1
414
6
0
19
12
593
64
0
100
43
88
594
82
10
0
806
534
108
4
10
826
762
202
20
19
2
0
924
63
89
0
58
316
4
0
51
311
711
188
354
1
93
265
1
359
318
1
72
361
9
212
203
1
10
377
714
2
6
1
96
715
85
5
6
5
826
0
368
17
192
321
11
0
18
2
0
242
270
5
10
81
3
1
3
458
0
10
999
14
0
0
60
0
1
0
36
0
0
0
4
5
4155
1
115
23
170
65
10
113
129
79
32
191
8
165
10
531
0
1
7
0
0
7
49
18
8
4282
3
465
17
0
58
143
5
280
16
49
1
0
1
0
1
0
0
0
523
261
141
1
6
3
0
0
0
0
0
164
57
0
0
52
9
13
1
10
20
2
0
0
31
181
6
180
213
18
427
11
0
72
0
247
117
0
0
0
79
1
2
115
531
241
74
0
57
51
777
52
10
1
664
677
0
14
678
4
33
0
0
16
183
241
3
103
48
1
3133
0
53
3134
1
0
660
244
6
0
445
860
13
0
22
78
128
3
2
0
0
7
6
27
261
44
121
12
0
6
122
45
571
0
0
1
0
8
1
0
0
47
2
9
0
7
0
1
1
3
1
17
1
2
60
266
10
1
371
1
267
11
0
557
3
105
3685
43
7
7
1398
1
128
3152
2
4
0
394
0
1
0
0
1401
1
0
904
0
1
1
3
0
3585
4
0
4
0
7046
7046
7046
1
7046
3
0
7045
7
1
0
0
632
7044
7044
7044
7
1
0
0
1
3
7041
0
0
1
7
2
7039
0
7038
0
0
7037
0
1
2
7036
0
1
7035
1
7
7
7
7035
7035
7034
7034
7034
0
7034
3
7034
7
7
0
7033
7033
0
7033
1
0
0
7033
0
7033
7033
7033
0
7033
7033
7033
7033
7033
1
7032
0
0
0
0
0
0
0
0
7032
7032
7032
7032
0
1
7032
0
28
4
7033
5717
7033
0
1
0
0
7033
7033
7033
7033
7033
7033
7033
7033
1
7034
7034
1
7034
7034
7034
0
7034
7034
7034
7034
7034
7034
7034
7034
1
7
0
7034
7034
0
1
1
1
0
0
7035
7035
7035
0
7035
0
7035
7035
7035
1
7035
0
5232
0
0
0
5232
949
488
565
374
619
0
7034
0
0
0
1
7033
145
0
0
7033
7033
0
4053
937
736
276
13
1591
1
2289
0
1
0
0
7035
0
7035
22
7035
7035
0
0
0
0
0
7034
7034
7034
0
0
7033
7033
0
0
5232
0
632
1
1
7033
0
5742
632
0
0
0
0
0
0
1
1
0
0
0
0
0
0
0
0
1
0
0
0
0
0
0
0
0
0
0
0
0
0
0
0
0
0
0
0
0
0
0
0
0
0
0
0
0
0
2
1
3
1
0
0
0
7
0
0
1
0
1
42
0
390
390
390
390
390
390
390
390
0
390
390
390
387
391
45
13
390
390
390
390
390
6
389
389
12
390
18
390
2
389
0
389
389
389
16
390
390
390
40
389
21
390
390
4
0
1
2
2
0
1
0
390
390
390
390
390
390
53
13
390
1
389
389
389
389
35
390
40
30
0
39
390
390
390
390
390
0
390
390
390
48
389
389
389
57
390
390
390
390
390
390
390
390
390
390
390
0
389
389
389
389
389
389
10
390
368
59
389
1
389
389
6
388
113
13
389
236
390
390
390
390
390
390
390
390
390
51
391
391
391
391
391
0
391
77
392
0
392
392
392
392
392
392
45
391
391
391
10
390
390
12
26
391
391
391
391
391
391
79
392
392
0
392
392
392
0
392
392
392
392
323
393
0
109
394
2
393
393
393
393
393
393
393
393
393
393
393
393
1
392
392
392
392
392
392
392
392
0
24
25
391
391
391
391
52
13
391
391
391
391
391
391
110
392
392
147
393
393
1
392
1
168
4
392
392
392
392
392
392
392
392
126
393
393
393
393
393
393
393
393
50
13
393
393
5
392
156
13
393
393
393
393
393
393
83
393
393
393
393
393
130
394
394
394
394
394
1
0
394
3
393
393
393
12
0
189
393
393
162
393
393
393
53
394
17
393
393
393
19
394
178
394
394
0
394
394
135
0
394
394
0
394
394
0
0
394
394
394
394
394
23
240
394
117
394
394
49
13
394
394
394
394
394
394
0
394
394
394
394
394
394
214
394
49
1
242
0
395
395
395
395
395
41
396
396
199
397
163
18
396
396
23
395
52
396
396
396
396
396
0
396
396
396
12
0
395
395
395
395
17
394
394
394
394
394
22
394
394
394
394
394
394
394
394
0
394
394
394
394
394
394
41
395
395
228
396
396
396
396
396
298
1
0
397
0
52
75
398
45
13
1
398
45
13
47
399
399
399
0
399
399
162
400
87
0
30
399
228
13
400
400
400
60
401
401
42
13
401
401
401
401
7
53
216
401
401
401
401
401
401
401
401
401
401
401
401
401
401
401
327
401
31
402
47
402
402
402
169
402
402
402
402
0
402
402
306
40
13
402
402
13
402
277
402
1
401
401
39
402
402
402
402
402
402
6
403
0
0
1
0
1
0
0
2
0
0
0
0
5
1
0
2
4
3
2
1
0
3
0
0
0
1
0
2
0
0
0
1
0
1
0
11
0
0
0
0
0
0
0
0
0
0
0
0
0
0
0
0
2
0
1
0
0
0
1
0
0
0
1
1
0
1
0
1
0
0
0
0
0
0
1
0
2
2
0
0
1
0
0
0
1
1
1
2
0
0
0
1
0
0
0
3
0
0
0
0
3
0
0
0
0
0
3
0
1
1
0
0
0
0
0
2
0
0
0
0
0
0
1
0
1
0
0
0
0
0
0
0
0
0
0
0
0
0
0
0
0
0
0
0
0
0
0
0
0
0
0
0
6
6
0
6
6
0
0
0
0
0
0
0
0
0
0
0
0
0
0
0
0
0
0
0
0
0
0
0
0
0
1
0
0
0
0
0
0
0
0
0
0
0
0
0
0
0
0
0
0
0
0
0
0
926
1436
309
306
0
1763
81
3
0
64
283
0
7034
7034
7034
0
0
0
5714
0
7034
0
7034
0
7034
7034
0
7033
0
0
255
7033
0
0
0
7033
7033
7033
7033
0
0
7033
7033
0
7033
0
0
7033
7033
7
0
7033
0
7033
0
5713
0
7032
0
0
1420
183
527
821
0
2276
1311
187
550
551
465
0
2277
7032
7033
0
0
0
0
8
7031
0
7031
7031
0
0
0
0
0
0
0
0
0
0
0
7028
0
0
0
3
3
3
7028
7028
7028
3
4824
0
5233
213
5234
5234
5234
5234
5234
5234
5234
5234
0
0
0
0
2
2
0
5234
5234
5234
5234
255
7027
5234
5234
5234
5234
0
255
942
0
127
5234
5234
7027
7027
7027
7027
0
7027
23
38
0
0
0
25
5234
5234
5234
5234
5234
5234
5234
5234
0
5714
7026
0
0
7026
7026
0
7025
1
7025
7025
1
7025
7025
0
0
7024
0
0
5234
5234
5234
255
942
7024
0
1
4905
4208
5234
5234
5234
0
0
0
0
0
0
0
5234
5234
0
0
5234
5234
0
0
0
4905
0
7024
7024
7024
48
7024
0
2
1
7024
0
0
0
1895
985
185
462
8
2267
1898
1368
471
570
501
3
0
0
7023
0
7023
0
7023
0
3
1890
1895
105
148
24
108
2028
1320
3014
281
268
524
164
0
0
2213
209
908
237
7
2265
5342
1867
51
52
617
68
18
1481
1158
2451
611
63
159
39
2250
1531
1557
175
541
0
1
825
17
346
0
0
0
991
1061
473
75
2273
119
1907
301
87
31
2256
0
0
7022
2133
1
653
741
522
2254
0
5193
689
6
108
71
733
118
1081
283
283
0
5233
7023
7023
7023
7023
7023
7023
7023
632
0
0
5233
5233
5233
5233
7023
0
0
7022
0
7021
5233
7021
7021
7021
942
9
58
0
0
0
1
0
82
0
1
3
5233
0
5233
5233
0
5233
5233
5233
0
0
0
0
1
0
0
0
0
5233
1
0
1
0
0
0
0
0
0
0
0
5233
0
0
0
0
0
0
0
0
0
0
5233
5233
0
0
5233
1
0
5233
5233
0
0
5233
1
1
0
681
3309
91
114
802
7021
0
5524
102
2200
1900
302
30
24
9
2255
353
1576
880
678
544
2254
1
16
105
2198
1903
869
2253
1
5233
0
7021
0
0
219
219
219
0
0
185
3
1012
886
0
680
211
221
0
38
38
38
38
0
299
6
282
5233
4264
5234
0
5234
5234
5234
0
5234
5234
5234
5234
5234
5234
5234
430
29
228
157
33
3
2194
367
717
0
2
0
7021
2197
3308
475
98
2
5
7021
5234
0
5234
0
7021
7021
0
255
0
0
942
0
5234
5234
5234
5234
5234
5234
0
7021
7021
7021
7021
0
7021
7
7021
0
7021
0
7021
7021
0
7021
7021
7021
7021
7021
5234
5234
0
0
0
2192
1894
301
0
275
1
2249
0
53
9
3
483
9
0
2194
0
302
2251
678
90
564
185
290
20
2249
0
0
0
105
0
0
94
0
7021
7021
0
0
282
282
282
1
0
7018
0
5234
7018
5234
5234
5234
0
5234
0
0
7018
0
7017
2292
349
130
11
788
5752
0
7017
7017
7017
7017
7017
7017
7017
0
0
0
94
60
0
0
0
5234
5234
1208
0
5234
5234
7015
1
82
8
0
0
0
220
0
220
0
220
220
220
0
0
6862
344
862
314
16
2247
0
4
0
0
5234
5234
7016
7016
7016
7016
6731
7017
7017
5234
5234
0
0
5234
0
829
0
0
0
0
1
1948
3318
872
418
10
2079
0
7016
0
7016
7016
7016
7016
7016
0
7016
7016
7016
7016
7
7017
7017
0
7017
5234
5234
7017
7017
7017
6
0
0
5234
0
0
60
0
60
0
0
60
0
60
5234
255
731
944
0
255
0
0
5234
5234
0
7017
0
0
7017
7017
7017
7017
7017
7017
7017
7017
7017
0
0
0
7017
255
944
944
944
944
7017
13
139
255
0
0
7016
7016
7016
7016
7016
7016
7016
7016
7016
7016
7016
0
0
7015
0
0
366
1804
241
348
4
28
699
0
0
0
104
2185
124
126
354
0
2246
7015
1050
694
799
16
700
0
7015
0
1
0
7015
0
0
5234
5234
0
0
5234
7015
7015
7015
0
0
0
0
0
95
0
0
0
0
0
220
0
220
0
0
220
220
220
0
1
0
1531
11
5234
0
0
5234
5234
5234
0
0
0
282
282
282
0
7012
7012
7012
0
6223
3
7014
7014
0
0
0
0
0
7014
0
0
7014
0
0
7014
0
5234
254
1
0
5234
5234
5234
5234
5234
5234
5234
0
5234
5234
48
1
0
0
79
220
220
220
220
712
0
0
1
7013
7013
7013
0
5234
5234
5234
5234
5234
5234
1
5235
5235
84
5234
0
0
5234
5234
5234
0
1
0
79
632
632
0
0
0
0
2
0
2
0
0
0
2
0
0
0
0
0
7013
0
0
0
1
7013
0
7013
7013
0
7013
1
7013
0
7013
7013
7013
7013
0
0
0
0
0
0
0
0
7013
7013
0
0
0
1474
1396
375
0
2227
0
0
0
0
0
7012
0
0
0
0
0
7011
0
0
0
0
0
0
0
0
2385
1882
555
303
481
2218
33
33
0
1
1198
1585
755
612
479
1
26
2219
34
3
0
118
26
904
473
0
0
0
0
7009
7009
7009
0
7009
0
0
0
7009
7009
7009
0
5
0
0
7008
0
0
0
0
0
0
7008
7008
7008
0
7008
7008
0
0
5670
0
0
0
7008
7008
7008
7008
0
0
7008
0
7008
0
0
0
0
2
7008
7008
0
3
7008
0
818
1876
717
4
0
2193
7007
17
1401
646
469
0
2223
2
1
1845
479
53
528
1
25
19
3
718
1
29
1
2
3
1850
472
526
3
20
1209
636
7
59
3
0
7012
1
14
0
0
2
2
0
0
0
40
0
0
0
3
95
95
95
7011
5234
5234
5234
5234
5234
5234
5234
0
5234
5234
5234
79
0
0
0
5
7011
7011
7011
7011
0
7010
5234
5234
5234
5234
5234
77
0
0
0
220
0
96
7010
7011
254
5234
79
5669
7010
0
7010
7010
0
5234
5234
5234
5234
5234
5234
5234
5234
5234
5234
5234
5234
5234
5234
5234
139
5234
6
5234
0
5234
139
5234
5209
5235
5235
5235
5235
5235
5235
5235
0
5235
5235
0
139
0
0
8
24
24
0
8
8
8
139
5235
29
8
0
29
8
5235
139
139
139
0
5235
6
5235
5235
5235
5235
0
5235
5235
98
98
4
5235
5
5
8
5235
5235
5235
5235
5235
98
5235
5235
5235
5235
5235
5235
5235
5235
5235
5235
68
5235
5235
5235
5235
5235
5235
5235
139
5235
5235
5235
38
5235
5235
5235
5235
5235
5235
5235
0
5234
5234
5234
5234
5234
0
0
7005
10
10
5234
5234
5234
5234
0
10
0
10
7000
10
10
7006
10
7006
7006
7006
0
10
10
7006
7006
7006
7006
10
10
7006
7006
10
10
7006
0
0
7006
7006
7006
0
99
0
99
99
99
0
99
99
99
3
100
100
0
100
0
7006
7006
7006
7006
7006
7006
0
96
0
0
7006
0
0
0
7004
0
0
0
0
5234
5234
5234
5234
5234
5234
5234
5234
5234
8
5234
5234
5234
0
5234
5234
5234
0
7004
23
0
0
60
7004
7004
7004
7004
7004
7004
7004
7004
7004
3105
7004
7004
7004
0
0
7004
7004
7004
7004
7004
7004
7004
4
0
0
944
0
4
0
0
0
0
0
7004
7004
5235
5235
5235
5235
5235
5235
5235
0
5235
5235
5235
5235
7004
1531
944
944
944
1
944
944
944
944
944
7004
7004
7004
7004
7004
0
0
0
5235
5235
5235
5235
5235
0
7004
18
7004
0
7004
7004
5235
254
944
5235
0
0
220
0
220
220
0
0
220
220
0
0
0
0
7004
0
254
944
5235
5235
5235
5235
5235
5235
0
220
0
5235
5235
0
7004
0
5235
7004
0
0
0
7004
0
7003
7003
0
1
7003
7003
854
7003
7003
0
5235
5235
5235
0
5235
38
38
38
38
0
7003
5235
5235
5235
4897
5234
5234
5234
5234
5234
100
0
5234
4897
5233
7003
0
7002
7002
7002
0
944
12
0
74
0
4913
7002
0
7002
3050
5235
3860
5236
5236
5236
1209
7001
7001
0
60
0
60
0
0
0
0
0
0
0
7
0
0
0
0
0
0
0
0
0
7001
6
7001
7001
7001
7001
7001
7001
7001
0
0
7001
0
0
0
254
944
13
254
944
944
5236
7000
7000
0
5236
0
0
5236
0
5236
7000
7000
7000
7000
7000
7000
7000
7000
7000
7000
7000
7000
0
7000
7000
7000
7000
7000
7000
7000
7000
7000
7000
5236
5236
5236
5236
0
0
3
7000
5236
5236
5236
5236
5236
0
5236
0
5236
5236
5236
0
5236
5236
5236
5236
5236
0
5241
0
0
5237
0
5237
5237
0
5237
5237
5237
5237
0
5237
5237
5237
5237
5237
0
5237
5237
5237
5237
5237
5237
0
5237
5237
5237
0
0
5237
5237
61
0
61
0
61
0
0
5237
5237
5237
5237
5237
5237
5
0
220
220
0
0
4
0
7000
4
0
7000
25
3
96
0
0
0
0
0
0
0
0
0
0
0
0
7000
0
10
5237
7000
7000
7000
0
0
5237
5237
5237
5237
0
5237
5237
5237
5237
5237
5237
5237
5237
5237
5237
5237
5237
5237
0
5237
5237
0
0
7000
7000
7000
7000
0
7000
7000
0
6999
0
25
254
944
816
945
6999
0
3
95
95
0
632
5237
5237
5237
1
5237
0
0
5237
5237
5237
0
4902
5236
5236
5236
5236
5236
139
0
6999
6999
0
6999
2063
17
87
68
519
0
7
2166
16
5
0
0
0
104
2066
1829
305
16
282
519
2168
0
656
325
9
214
2171
0
0
945
0
6999
6999
2
6999
0
6999
6999
6999
6999
6999
6999
6999
6999
6999
0
5236
5236
5236
5236
5236
5236
5236
5236
5236
5236
5236
219
219
219
219
219
219
219
4
220
220
220
228
7000
7000
5236
5236
5236
0
0
0
0
82
0
0
2056
1822
413
5
2160
0
0
7000
7000
1
7000
0
7000
7000
7000
0
0
61
0
0
0
60
0
0
0
0
0
282
282
282
5236
4901
5236
5236
0
220
5236
5236
6999
5236
5236
5236
5236
5236
5236
1
5236
5236
5236
5236
0
19
5236
5236
6999
6999
6999
5236
0
6999
6999
6999
6999
0
6999
6999
6999
6999
1208
6998
23
0
82
8
0
0
0
40
1547
1314
3
1
0
2159
0
6998
5236
0
5236
5236
0
0
21
6998
6998
6998
0
6998
6998
6998
6998
6998
6998
5236
5236
6998
6998
6998
0
6998
6998
6998
6998
5236
5236
0
945
945
5236
5236
0
0
0
0
0
0
0
0
5236
25
6998
6998
5236
6998
0
0
0
0
0
0
0
79
0
0
0
711
6998
6998
6998
6998
5236
4901
23
23
0
6998
0
12
0
5236
5236
0
0
38
38
38
0
0
38
0
79
0
79
79
0
0
0
38
0
254
945
0
97
5236
5236
5236
5236
5236
0
0
0
1
0
5236
1
320
2860
265
45
225
554
2159
321
1451
661
71
331
0
0
0
0
6997
6997
6997
6997
6997
6997
6997
0
0
5236
0
5236
5236
0
5236
0
5236
5236
6997
6997
6997
6997
6997
0
5236
5236
5236
1
0
0
0
0
0
81
81
0
81
81
0
127
631
0
6997
0
5236
0
0
0
1
0
0
5236
5236
5236
5236
0
0
0
0
0
5236
5236
0
0
5236
0
0
0
5236
5236
5480
0
5236
5236
6998
6998
0
6997
5647
0
6996
6996
6996
0
6996
6996
0
0
0
0
0
0
0
0
0
15
7
11
0
0
6
0
5236
0
0
5236
220
0
0
61
0
6995
6
5236
5236
0
81
0
0
81
0
81
0
4
0
31
0
0
0
6995
6995
6995
6995
5236
5236
5236
5236
5236
5236
0
0
0
95
95
95
0
95
5236
5236
6995
945
5236
5236
5236
5236
5236
5236
6995
5236
5236
5236
64
38
0
38
0
0
0
0
0
0
0
0
95
0
220
107
95
255
1532
0
0
5236
5236
6995
6995
5236
0
1
5
1
10
5236
5236
0
0
0
6994
48
6994
6994
6994
5236
0
6
944
944
944
944
944
944
944
0
944
0
944
944
944
944
5236
5236
5236
0
5236
5236
5236
0
5236
0
5236
5236
6
0
6993
0
0
0
6993
6993
5236
5236
0
0
0
0
82
0
6993
6993
6993
6993
14
0
0
6993
0
1
6993
6993
23
255
6993
0
79
6993
220
6993
5646
0
0
0
6991
0
0
0
0
0
9
0
0
6991
6991
0
1
6991
5236
0
5235
5235
5235
6
5235
6
5235
5235
5235
5235
5235
0
6
0
5234
5234
5234
0
6991
6991
0
0
6991
6991
6991
6991
6991
6991
6991
6991
10
6991
6991
6991
6991
6991
0
79
0
6991
0
0
0
0
6990
6990
0
6990
6990
0
6990
6990
6990
6990
6990
6990
5234
48
0
944
0
6990
10
6990
6990
944
6990
48
48
1208
10
6990
23
0
6989
6989
1
0
0
104
6989
6989
0
6988
0
4182
567
394
6
413
985
5
642
0
6988
0
0
0
0
109
0
0
0
6988
6988
5234
5234
5234
5234
5234
6988
6988
48
0
61
6988
2
0
6988
6988
23
6988
6988
2
0
6988
6988
6988
6988
0
6988
6988
6988
6988
6988
1
6988
5
6988
255
6988
6988
6988
0
10
23
0
0
0
5234
5234
5234
5234
5234
5234
5234
5234
5234
5234
5234
5234
5234
5234
5234
5234
5234
5234
5234
5234
5234
0
0
5234
16
0
6988
1208
6988
0
6988
0
6987
220
220
0
6987
6987
0
255
6987
6987
23
0
6987
0
0
6987
5636
0
0
48
0
6987
6987
139
0
40
220
5235
6987
0
0
6987
10
1
139
139
139
139
139
139
0
0
0
139
139
139
139
0
6987
6987
6987
6987
6984
6988
6988
6988
6988
6988
6988
6988
0
7
255
0
6987
101
0
0
0
6986
6986
6986
0
6986
0
0
5
1
6986
255
0
6986
0
0
0
0
0
6
6985
6985
0
83
40
0
0
0
0
6984
10
3
6984
6984
6984
0
0
282
0
6983
944
5235
0
6983
10
6983
0
10
0
6983
5235
0
5235
5235
5235
56
5235
0
6984
0
0
0
6984
0
23
220
5235
0
6984
0
0
6984
5235
0
0
5235
5235
0
0
0
5236
0
4900
6984
127
6984
4
5236
6984
6984
6984
5236
5236
0
0
0
0
0
0
0
220
1
0
100
0
5236
255
708
943
943
0
0
0
0
5236
255
943
0
943
0
5626
6983
6983
6983
6983
0
6983
5236
5236
5236
5236
5236
0
5236
0
5236
5236
0
6983
0
0
0
0
78
0
0
0
0
78
0
0
0
5236
5236
255
5236
5236
5236
5236
5236
5236
5236
5236
5236
0
5236
0
5236
5236
255
5
5
0
0
943
5236
6982
6982
692
264
85
960
751
6983
0
6983
5236
5236
5236
0
6983
6983
6983
6983
6983
6983
6983
5236
0
0
5236
0
23
0
0
0
9
220
0
0
0
220
220
220
220
220
220
0
943
0
0
0
0
254
943
943
5236
5236
5236
5236
5236
5234
5237
5237
5237
5237
5237
5237
5237
5237
254
5237
5237
18
0
0
18
0
18
6982
78
5237
5237
6982
6982
6982
6982
6982
6982
6982
0
6982
0
0
5237
20
1
103
103
0
1
0
0
2
0
102
1
1
104
0
1
0
102
5237
0
0
5237
5237
5237
6980
6980
0
6981
5237
0
5237
5237
5237
5237
254
943
943
943
943
1
943
5237
5237
631
631
78
78
0
5237
5237
5237
5237
5237
0
6981
6981
6981
6981
48
6981
0
6981
48
40
0
5238
5238
5238
5238
5238
5238
5238
5238
5238
5238
5238
5238
5238
5238
0
5238
5238
5238
5238
5238
5238
5238
5238
5238
5238
5238
0
5238
5238
5238
5238
5238
5238
5238
254
943
943
5238
6981
6981
6981
0
6981
6981
6981
0
6981
6981
6981
0
0
6981
254
6981
0
0
881
1822
553
18
559
807
6981
0
5238
0
6981
0
6981
6981
6981
6981
6981
6981
6981
6981
6981
6
0
0
6981
0
0
0
0
8
8
8
0
0
6981
631
18
18
5238
0
0
0
6981
6981
0
6981
0
943
943
943
943
943
5238
0
5238
6981
6981
0
127
254
943
0
6981
6981
0
6981
6981
6981
6981
6981
6981
6981
0
6981
6981
6981
6981
6981
0
6981
6981
4
0
5238
5238
6981
6981
1
6981
6981
6981
5238
0
907
5238
5238
5238
5238
5238
5238
0
0
37
37
37
0
78
0
37
78
0
0
6981
0
7
6981
6981
6981
6981
0
6981
0
0
127
5238
0
104
0
0
23
23
6980
6980
6980
4067
0
0
5239
6980
0
5239
5239
6980
0
6980
6980
6980
6980
631
6980
6980
6980
6980
0
1
0
0
61
2
0
0
0
0
0
0
0
0
0
0
0
0
0
2
0
0
4898
5238
5238
5238
5238
5238
5238
5238
5238
5238
5238
5238
5238
5238
102
0
6980
0
0
282
282
6980
6980
6980
6980
6980
6980
6980
6980
0
5238
5238
6980
1208
0
5238
5
0
0
0
5238
5238
6979
6979
5238
0
6978
1452
1324
7
406
2
17
3
6978
6978
0
736
228
0
1054
1078
2
473
6979
6979
6979
6979
0
6979
6979
6979
6979
6979
0
0
6979
0
4897
5238
5238
5238
5238
5238
5238
5238
5238
5238
5238
254
944
944
0
0
6979
6979
0
6979
6979
0
6979
1
0
0
6979
6979
6979
1
6979
6979
6979
6979
6979
6979
6979
6979
0
0
0
0
0
3
0
0
0
101
0
0
0
0
220
220
4
5238
0
220
0
220
0
220
220
0
0
0
5238
5238
0
5238
5238
5238
5238
5238
0
0
5238
6979
5238
5238
5238
0
6
282
5238
0
0
0
95
95
95
94
96
96
0
23
96
0
0
78
0
42
945
5238
631
6978
367
0
0
37
37
0
0
65
5238
0
6979
0
6979
0
6979
0
0
5238
5238
5238
5238
5238
5238
5238
5238
5238
5238
5238
5238
5238
5238
5238
9
5239
0
5239
5239
0
5239
5239
0
5239
2
5240
6979
0
0
0
18
6979
6979
6979
0
0
6979
6979
6979
6979
6979
0
0
945
0
5240
5240
6979
0
1
254
945
5240
5240
5240
5240
5240
5240
5240
1
5240
78
0
78
0
78
0
0
0
0
6978
6978
6978
6978
6978
6978
6978
6978
6978
6978
6978
0
6978
0
0
6978
5240
0
0
6
5240
5240
5240
5240
0
0
0
40
0
79
0
1
171
6978
6978
6978
6978
0
2
0
0
0
5241
5241
5241
0
0
219
0
0
0
0
6978
6978
0
6978
6978
6978
254
6978
6978
6978
0
6978
6978
6978
6978
6978
6978
6978
0
0
6978
5601
0
6978
6978
0
0
254
7
0
945
0
945
1
0
0
945
6978
5241
5241
5241
5241
5241
5241
5241
0
0
5241
5241
5241
5241
6978
6978
0
0
6977
6977
18
6977
0
23
24
0
6976
6976
1
0
0
3
6975
0
47
5241
5241
0
5241
5241
6975
6975
6975
6975
0
0
0
0
0
0
0
4
254
6974
0
0
254
1482
0
82
0
0
82
82
0
0
82
0
1
6974
5241
6974
0
6974
6974
0
6974
6974
6974
6974
6974
0
6974
6974
6974
6974
6974
0
0
15
296
1375
635
6
2128
5323
0
0
0
15
0
6137
1
2006
1797
270
13
549
2127
6976
0
6976
5241
5241
5241
0
0
0
5241
5241
5241
5241
0
8
5241
0
5241
5241
0
5241
5241
5241
5241
5241
5241
0
5241
5241
5241
0
0
0
5241
5241
254
945
945
945
0
219
219
0
219
219
0
219
0
0
6976
100
52
1043
1007
634
72
0
100
2000
1786
223
0
161
120
99
234
15
20
4382
866
23
295
206
0
341
0
0
3
2001
1787
267
28
422
235
0
6976
101
6976
0
5241
5241
5241
5241
60
82
0
0
82
137
0
6976
6976
6976
6976
6976
5
0
5241
5241
5241
6976
1
0
5241
254
945
0
945
0
0
6976
6976
6976
6976
0
5241
5241
0
0
5241
6975
0
5241
129
5242
5242
5242
5242
5242
5242
0
5242
5242
5242
5242
5242
5242
5242
5242
5242
0
127
105
0
6975
5242
5242
6975
4899
5241
0
0
282
5241
0
0
219
219
0
219
0
219
219
219
219
0
0
0
0
0
5241
5241
5241
5241
254
945
945
945
38
0
219
219
219
0
219
219
5241
0
0
5241
4899
5241
6975
6975
0
5241
5241
5241
5241
0
254
6975
5241
5241
0
0
82
1
0
0
0
5241
5241
0
0
0
0
0
0
82
0
0
0
0
0
82
82
0
1
6975
4
4899
5240
137
0
96
0
0
0
16
5240
5240
5240
5240
5240
5240
5240
5240
5240
2
0
5241
5241
5241
60
0
96
0
0
1
254
945
0
18
254
5563
0
0
0
5241
5241
0
5241
5241
5563
6974
6974
0
6974
6974
6974
6974
6974
5241
5241
5241
5241
5241
5241
5241
5241
0
0
6974
6974
6974
6974
6974
0
6973
0
6973
6973
0
0
6973
0
6973
5241
4899
5241
0
4898
5241
280
1846
247
72
119
4
1
1992
1781
267
79
81
2121
0
1
1
0
0
23
0
22
0
0
0
6971
6971
6971
5560
6971
6971
6971
6971
6971
6971
6971
0
6971
6971
0
6971
6971
7
6971
0
6971
6971
0
6971
7
5241
5241
0
82
82
0
82
6971
6971
0
2
1929
1
118
364
20
20
167
1930
1349
489
2
2115
291
878
186
510
700
282
2
274
54
3
2300
0
2
1734
218
2145
6
1
3
203
2
5241
5241
0
5241
0
5241
0
5241
5241
0
6971
0
0
0
0
1987
1781
115
517
1
0
7836
1932
1343
926
381
2069
0
2
0
0
219
0
6972
6972
6972
10
5241
5241
5241
0
5242
5242
5242
5242
5242
0
0
0
0
123
218
254
945
945
945
945
945
945
945
945
6972
6401
6973
6973
0
6973
6973
5242
6973
0
18
6972
6972
0
0
6972
0
6972
4899
6972
6972
6972
0
0
0
0
18
0
0
3
3
3
48
3
0
5241
5241
0
0
22
59
0
0
0
0
0
61
0
0
0
5241
0
0
2
2
0
6972
0
5998
1358
1938
350
1
2115
6973
0
4898
5240
6973
14
6973
6973
6973
7
137
101
200
6974
6974
945
945
5240
5240
0
56
254
0
6974
0
631
5240
5240
0
5240
5240
56
5240
5240
5240
6974
6974
6974
6974
6974
6974
6974
6974
5240
5240
0
6974
6974
38
1207
5240
5240
5240
0
0
5240
5240
5240
5240
153
0
0
96
0
0
0
0
96
0
1
1
5241
18
0
18
0
0
0
0
60
0
0
0
0
60
0
0
0
3
6974
817
6975
0
401
6976
6976
5241
0
60
0
0
60
0
0
6976
5241
6976
6976
0
6976
6976
0
0
0
0
6975
0
6975
5241
5241
5241
5241
4639
5240
5240
5240
5240
100
280
0
884
325
15
2114
3
0
0
0
0
0
1
1681
1775
222
195
0
2111
0
0
1846
1701
293
155
462
0
2028
6
1664
1775
868
12
2110
2
0
1
1
1
2
6974
6974
1
6974
1
6974
0
0
2
0
6
1594
3078
28
3
477
12
2101
1595
3077
864
0
425
0
0
0
1972
1768
667
2103
1
1
0
2
1
0
1
1560
1733
286
162
344
2070
0
1
1
1
0
0
0
3
3
0
2
0
0
0
0
5
0
1
2
1
0
0
3
0
0
3
187
0
294
55
682
54
2101
2
2
2
1
0
1
1
0
4
1363
1692
87
16
2055
0
0
0
14
1939
1739
129
481
9
0
223
0
6
0
2
2
0
1
0
2
1
0
2
7
0
7
0
4
1929
1786
633
567
2065
0
6969
0
0
0
1
55
2183
1
353
2016
1238
1729
0
34
489
1
234
0
0
68
0
24
0
1236
1039
18
512
0
2060
0
0
1
0
0
0
0
1
0
0
0
0
0
6969
13
0
1
0
1915
1787
102
17
0
2051
0
0
0
0
0
0
0
1
2
2
0
1
0
0
0
0
7
0
0
5
1044
1700
306
10
2
2035
0
2
2
2
1
1042
3038
854
17
2033
0
2
8
0
2
1
1
1
2
2
0
2
1
3
1
1
2
0
0
0
6969
0
4
0
1
3
3
1
0
37
1691
65
672
541
2843
58
0
23
599
561
19
234
42
2529
485
298
2064
0
0
850
1695
635
507
1
2030
6969
0
0
1
6973
6970
23
795
1720
108
691
506
2024
0
1703
0
0
532
0
1
3
3
0
2
2
0
0
6316
1
1
857
5
28
2019
0
2
6971
0
22
6971
21
7
1368
896
153
76
1
2017
0
6971
21
6971
1369
898
298
290
364
86
0
0
6971
0
3
0
6971
6971
6971
6971
0
0
5240
6970
6970
6970
6970
6970
6970
6970
6970
6970
0
218
218
218
0
218
218
0
218
22
5240
0
945
0
6970
0
0
18
48
945
945
945
945
945
0
945
945
945
945
945
945
0
5240
5240
0
0
6970
6970
6970
0
5240
1
5240
0
0
5241
5241
0
5241
0
0
0
21
0
6970
6970
6970
6970
21
6970
0
6970
0
6970
6970
6970
0
0
0
0
6970
6970
6970
6970
6970
0
6970
6970
0
6970
0
6970
6970
0
945
0
5241
6970
6970
6970
6970
5241
0
0
0
6970
6970
0
6970
0
6970
6970
6970
6970
0
6970
5241
5241
6970
5241
5241
0
0
18
0
6970
5241
5241
5241
6226
1848
36
402
6
1988
6896
0
5241
0
0
5241
5241
0
0
5241
6969
6969
6969
6969
0
0
6969
6969
6969
0
4
0
254
0
0
945
945
0
945
37
0
0
6969
0
254
6969
5241
0
6969
6969
6969
0
6969
1
6970
6970
6970
22
0
60
60
0
0
0
0
0
5241
5241
5241
22
6969
6969
6969
0
5241
5241
0
0
5241
5241
1
905
5242
1365
293
567
25
1923
594
328
272
17
0
0
6967
0
6967
6967
6967
6967
2554
5242
0
0
6967
6967
6967
6967
6967
6967
0
6966
6966
0
0
0
6966
6966
6966
6966
5242
0
5242
1361
2837
392
299
1638
1362
1840
433
936
0
36
1
1963
295
300
1
6291
0
0
6967
0
6967
6967
6967
6967
1207
5242
5242
5242
0
5242
5242
5242
5242
5242
0
5242
5242
5242
0
5242
0
5242
0
5242
5242
5242
5242
5242
5242
5242
5242
5242
0
5242
0
5242
5242
0
6966
6966
6966
0
5242
5242
5242
5242
253
945
945
945
945
5242
5242
5242
5242
631
127
105
0
127
105
3
0
127
6965
6965
5242
5242
4
37
37
37
37
5242
6965
5242
0
6965
6965
0
6965
6965
6965
0
6965
6965
6965
6965
6965
6965
6965
234
53
19
13
526
0
100
0
1
11
307
221
142
1985
5242
5242
6965
6965
0
0
0
0
0
5242
5242
6963
6963
0
5
0
945
810
29
649
6
690
6962
0
0
6961
6961
6961
0
6961
6961
479
0
1
0
5242
253
1533
945
946
946
946
1
1
0
0
6962
0
6962
6962
1
6962
6962
6962
6962
13
6962
0
0
6962
0
0
0
23
0
59
59
0
0
59
0
5242
5242
5242
5242
0
6962
6962
6962
5242
5242
5242
5242
5242
5242
1
1
5242
5242
5242
5242
5242
0
1
5242
0
5242
0
0
0
0
0
0
0
1
5242
0
5242
0
0
5242
6962
5242
6962
6962
0
5242
6962
6962
6962
6962
5242
5242
5242
5242
4
5242
5242
5242
5242
5242
5242
1
0
947
5242
5242
253
0
96
0
96
0
5242
0
1
5242
0
0
0
1
5242
0
0
0
5242
5242
5242
5242
5242
0
0
0
0
79
0
0
0
0
0
79
0
79
79
0
79
0
0
79
0
0
79
0
0
0
0
0
0
79
0
0
0
5242
50
5242
5242
5242
5242
0
5242
5242
5242
5242
5242
5242
5242
5242
5242
5242
5242
5242
4897
5241
5241
5241
5241
0
5241
5241
5241
105
0
6961
0
0
0
5241
5241
5241
5241
5241
4897
5240
5240
5240
0
5241
24
0
6961
6961
0
0
6961
6961
0
0
0
253
947
0
95
290
1901
62
569
0
2172
0
0
6960
6960
6960
6960
6960
6960
6960
0
6960
6960
5241
0
0
79
0
0
0
6960
6960
6960
6960
6960
5241
5241
0
0
0
5
5241
6957
282
282
282
0
6957
6957
6957
6957
6957
0
6957
6957
5241
0
0
6957
17
0
0
0
0
24
22
22
24
5241
5241
5241
5241
0
0
5241
6957
0
282
12
0
0
6957
6957
6957
6957
0
6957
6957
6957
6957
6957
6957
6957
0
290
5241
56
56
5241
5241
5241
105
8
0
1820
2231
285
157
702
357
1971
4
1293
1750
138
0
0
157
106
1
1966
0
273
18
0
0
0
0
0
5241
5241
0
218
0
0
0
81
0
0
0
0
6957
0
6957
6957
6957
5241
5241
5241
5241
72
8
1
3
1
0
0
223
882
97
11
3
1
1
0
1633
0
19
363
0
0
1818
1950
197
272
2
212
5
0
452
449
11
1
0
0
1
0
21
0
0
253
947
947
0
0
631
0
96
0
96
96
96
0
6957
0
5240
5240
5240
0
0
253
282
5240
5240
5240
5240
1
1
1
1
0
0
0
11
5175
535
758
238
691
0
0
5240
6957
6957
6957
6957
5240
6957
6957
5240
0
5240
5240
5240
5240
6957
6957
6957
6957
6957
6957
1039
903
571
172
672
63
890
294
301
23
75
0
80
1925
253
56
543
2212
0
0
58
560
780
139
183
2210
0
0
654
228
77
0
2
5650
0
0
2988
21
1347
46
127
0
0
1905
0
290
0
5651
0
0
821
0
1
970
9
10
6961
6961
6961
0
6961
6961
6961
0
5
0
6961
5240
6961
6961
0
6961
6961
0
6961
12
6961
6948
5240
6962
6962
6962
1205
5240
0
0
0
5240
5240
5240
0
5240
0
0
0
0
5240
0
0
218
217
51
5240
5240
5240
1803
1643
262
565
11
1
0
0
3
2
0
37
277
0
142
502
18
1
1648
310
18
376
1
0
0
4
36
207
887
372
369
260
0
1
4
4
1
4
0
1
35
0
34
5
34
2
1
1
1809
1650
86
24
500
0
18
5
2
4
8125
35
2
35
0
4
35
34
0
3
5240
0
5240
96
0
0
0
0
95
95
0
107
95
95
95
0
95
18
5240
0
253
947
0
0
6961
6961
6961
6961
6961
6961
0
0
59
59
5240
511
0
0
0
0
7
82
82
0
0
0
0
0
0
81
0
0
0
0
0
0
0
0
0
0
0
503
5241
253
947
1532
947
0
6961
6961
0
6961
0
6961
1
6961
6961
6961
6961
0
253
947
947
1
0
947
947
6961
6961
5241
5241
5241
5241
6961
6961
6961
12
99
0
26
5241
5241
5241
5241
5241
5241
5241
5241
0
0
193
124
37
0
0
37
0
0
0
5241
5241
0
0
6962
0
6962
6962
6962
6962
6962
6962
6962
6962
6962
6962
0
0
0
631
0
0
6962
6962
0
0
0
6962
0
0
6961
6961
6961
0
0
0
0
6961
0
5241
0
5241
6961
5241
5241
56
0
1
5241
0
5241
0
0
4900
0
5240
5240
0
5240
5240
5240
0
5240
0
5240
5240
5240
5240
5240
5240
5240
5240
5240
5240
0
5240
0
5240
5240
5240
5240
5240
5240
5240
5240
5240
5240
5240
5240
0
6961
6961
6961
6961
0
947
947
0
0
947
947
0
6961
300
0
10
127
105
105
0
5240
5240
0
5240
5240
5240
0
5240
5240
5240
5240
5240
5240
5240
5240
5240
8
5240
5240
0
5240
5240
5240
5240
5240
5240
5240
5240
5240
5240
5240
5240
5240
0
5240
5240
5240
5240
5240
5240
5240
5240
5240
5240
5240
5240
5240
0
5240
5240
5240
5240
5240
5240
0
2
0
0
0
0
5240
281
0
0
0
217
0
0
0
6961
6961
0
0
0
5240
5240
6961
0
0
0
0
0
217
217
5240
6961
5240
0
0
105
0
24
0
4
0
6961
0
6961
6961
0
99
0
3
5240
5240
5240
6961
6961
6961
0
0
6961
6961
5240
0
6961
6961
0
0
0
5240
0
5240
0
5240
5240
5240
5240
5240
5240
5240
5240
5240
5240
0
0
0
4
4
0
0
4
0
4
0
5531
6960
0
6960
6960
0
0
253
947
947
947
947
947
0
5240
5240
6959
6959
0
6959
6959
6959
5240
0
5240
18
0
5240
5240
5240
0
0
6959
6959
6959
0
0
0
0
0
282
134
948
1
949
1533
0
6959
6959
0
0
6959
253
949
0
6959
17
949
5240
4
5240
5240
6958
0
0
6958
6958
6958
6958
0
5240
5240
5240
5240
0
0
0
0
0
0
0
5240
6958
5240
5240
5240
5240
0
5240
6958
121
408
581
98
1956
5240
0
0
5240
5240
5240
5240
5240
0
217
0
217
0
217
217
5240
631
217
0
0
217
0
0
0
79
0
79
0
6958
6958
6958
6958
6958
6958
6958
6958
0
0
0
0
0
0
36
6958
0
5240
5240
5240
5240
0
5240
416
0
0
6958
6958
5240
6958
6958
0
6957
6957
6957
0
6957
6957
6957
6957
0
0
6957
6957
6957
12
5240
5240
5240
5240
1
5240
0
281
281
9
0
99
99
0
99
99
99
99
99
99
108
98
98
6
6956
6956
6956
6956
6956
5240
1
0
0
0
252
949
949
949
0
0
0
14
0
0
105
0
127
105
0
105
804
0
2552
0
6952
0
0
0
6952
0
0
0
0
136
5240
9
0
5240
5240
0
0
0
0
2847
0
0
0
0
0
18
1
637
5242
5242
5242
5242
6952
949
0
0
0
0
0
0
6
0
6952
6952
0
4
4
4
5242
5242
5242
5242
5242
5242
5242
5242
0
5242
5242
5242
5242
5242
252
0
72
5242
0
0
949
0
0
0
0
0
949
949
5241
0
0
0
0
1235
0
0
7
4
0
23
24
6953
6953
6953
6953
6953
0
6953
6953
0
0
0
5241
5241
5241
0
1770
1854
12
3
6
1948
0
0
10
0
0
6953
6953
6953
6953
6953
0
6953
6953
6953
0
0
6952
6952
6952
6952
0
0
0
1
0
0
0
1
0
106
0
106
1041
1618
28
434
2
700
29
36
0
0
0
5241
6951
0
949
0
949
4
5241
5241
5241
0
5241
0
5241
1523
5241
5241
5241
5241
80
0
0
3
281
281
0
5241
5241
5241
252
0
7
5241
0
0
95
126
0
0
0
0
0
0
0
0
0
5241
5241
5241
5241
6951
0
6951
0
6951
18
0
0
6951
6951
6951
252
949
0
0
6951
6951
0
6951
4
5241
6951
0
6951
5241
80
0
0
6951
6951
0
0
80
0
5241
5241
5241
0
0
6951
0
0
252
949
6951
0
0
217
36
0
0
6951
6951
0
0
949
1531
0
948
948
948
948
0
948
5241
0
0
6951
6951
0
0
6951
5241
5241
5241
5241
5241
0
5241
6951
0
0
829
611
29
372
0
10
10
5241
5241
5241
5241
5241
5241
5241
5241
17
6951
6951
6951
252
948
948
1531
0
6951
0
6951
0
0
0
6950
0
0
0
0
0
6950
6950
6950
1048
5241
0
0
0
23
95
95
95
95
0
0
0
5241
5241
5241
5241
5523
6951
0
6951
6951
0
0
0
1131
77
832
1377
0
1941
16
1
170
1601
322
17
594
5
714
6951
0
6950
6950
0
281
281
281
0
5241
5241
6950
5241
5241
5241
5241
5241
6950
6950
8
0
6950
3
99
5241
6949
99
0
109
1
0
6949
0
1206
6948
6948
6948
6948
0
6948
6948
24
6948
252
948
0
0
0
948
6948
0
0
0
5241
5241
5241
5241
5241
6948
6948
0
6948
6948
0
6948
6948
0
0
0
0
0
80
80
0
0
0
1
0
6947
6947
6947
0
5241
6946
5241
6946
948
6946
6946
6946
5241
5241
5241
0
2
0
2
0
80
0
0
6946
6946
6946
6946
0
6946
6946
6946
1207
7
0
6945
800
6945
6945
0
6945
6945
0
6945
0
0
6945
6945
6945
5241
5241
0
6945
6945
6945
0
0
6945
6945
6945
0
6945
6945
6945
6945
0
0
6945
6945
0
95
0
95
5241
5241
5241
24
0
6945
6945
252
948
948
6945
6945
6945
6945
6945
6945
5241
0
5241
5241
79
79
5241
5241
0
0
5241
1510
5241
1509
5241
5241
5241
5241
1509
5241
5241
5241
5241
5241
5241
5241
5241
5241
5241
5241
5241
0
17
0
6945
6945
0
6946
6946
6946
1341
6947
6947
6947
0
0
0
217
217
0
217
217
217
217
217
0
0
217
0
0
0
6946
5241
5241
0
0
0
5241
5241
5241
0
0
12
5241
0
6946
21
5241
0
0
0
79
42
5241
126
0
0
105
5241
5241
5241
5241
0
5241
5241
5241
0
5241
1042
861
163
6
106
513
66
12
1156
55
46
9
2210
742
941
348
30
4
67
0
5241
0
95
95
108
6945
0
6944
0
0
6
0
6944
6944
6944
6944
6944
6944
6944
6944
6944
3
0
458
1252
580
515
1934
0
6942
6942
18
5241
6942
0
0
0
5241
5241
0
5241
1846
1620
296
52
2735
0
5241
5241
0
10
0
0
5241
0
948
948
948
6941
0
6941
6941
6941
6941
6941
48
6941
0
0
6941
6941
6941
6941
6941
6941
0
6941
6941
0
1207
6941
1
6941
0
6941
0
5241
5241
5241
0
6941
1
6941
0
0
0
0
6941
1
5241
5241
6941
6941
0
6941
6941
6941
6941
1028
6942
6942
6942
6942
6942
6942
0
1207
6941
6941
6941
6941
6941
0
24
6941
6941
6941
5241
5241
5241
5241
5241
0
100
0
0
0
74
24
0
802
1
56
0
6941
0
802
0
5241
6941
6941
6941
6941
0
5241
0
0
0
1098
1973
9
79
958
1422
6942
217
1991
1307
2
501
394
1609
258
12
426
1
697
0
0
0
0
22
82
0
5241
5241
6942
6942
0
6942
14
0
0
0
0
6942
6942
6942
1332
5241
5241
5241
136
0
5241
5241
5241
252
5241
1
5241
5241
5241
5241
0
0
5241
0
0
0
0
0
0
0
0
0
0
5241
5241
0
0
5241
0
0
6943
0
80
6943
6943
6943
6943
6943
6
0
0
0
0
0
0
0
0
7
0
57
0
0
57
0
0
6943
0
109
41
41
0
0
0
41
0
6943
6943
6943
6943
6943
2
6943
0
82
0
0
0
0
0
81
81
81
0
0
0
6943
6943
12
5241
0
80
0
0
0
3
79
80
3
0
0
0
0
81
81
1
81
81
0
0
0
948
0
948
4
0
0
0
0
6943
0
6943
1
2370
1163
549
572
0
1923
0
0
2276
0
774
1
1919
6943
0
35
2314
1574
166
95
153
13
1921
2278
1099
297
135
1921
6943
6943
0
1730
2553
100
7
7
1915
6943
0
0
2277
1599
139
161
0
1918
1377
309
507
39
213
1731
1257
889
397
0
29
0
2031
1220
218
31
396
1915
0
6943
0
6943
617
155
76
47
574
9
1912
85
1498
607
50
0
0
0
0
6943
0
1724
562
441
1912
0
1900
109
355
258
0
1901
1068
240
41
450
0
1908
0
1
1
1
145
161
112
0
0
1909
0
21
1
1904
1341
361
0
1911
0
0
4
1719
5
547
0
1905
0
6940
0
0
0
2270
1608
322
252
1
1909
2039
1334
379
1909
1
2040
0
228
23
571
2
1907
0
0
0
0
0
0
0
0
0
0
6939
0
6939
0
6939
0
0
0
5
5
0
6939
6939
6939
5
0
6939
0
0
6939
0
0
0
0
6938
0
0
0
21
0
0
0
0
0
0
0
0
5
6938
6938
0
0
6938
6938
6938
6938
6938
6938
2
0
6938
6938
0
6938
0
0
5
6937
6937
6937
0
1653
1798
0
15
375
1871
6937
2
2151
0
633
500
0
1874
61
1337
46
591
0
0
1
0
1659
1229
555
1877
1659
1344
82
578
18
1877
0
1657
1007
387
66
556
4
1875
0
2
0
0
6935
0
0
0
1
0
6935
1653
1562
135
149
483
56
1855
6926
1645
1554
311
22
92
0
0
1864
1
6917
1361
1028
556
538
1874
6920
0
6920
6918
5
8
1168
472
10
1855
0
0
0
38
0
6916
0
6916
2
5474
6915
6915
1
1
0
6
1622
1404
249
1844
0
0
0
0
1628
1536
598
637
369
1850
0
410
1645
25
120
371
1843
0
0
0
0
0
0
6915
6915
6915
6915
0
6915
0
0
6915
6915
6915
0
0
0
1987
1197
643
48
1827
6915
0
0
6915
6915
0
6914
6914
19
6914
0
1593
1190
91
169
0
1820
5
22
2609
334
241
7
1828
0
6915
2133
1431
639
5
1827
2135
1456
2
1823
2
1
1600
2452
916
8
1830
0
2
0
2036
1416
477
5
1822
0
1
2
1582
1090
607
494
469
24
5
175
2
1586
1187
301
3
1813
0
6913
6913
0
2
2133
1910
624
33
538
26
1426
1593
1368
434
553
36
1820
0
1588
3
197
296
27
1815
0
4
1358
1
80
361
0
0
1595
1196
690
123
5
291
0
1822
1577
2713
787
16
21
7
81
0
2140
3
39
583
2
0
1820
0
0
6912
0
1597
1107
191
38
21
568
606
2541
2043
2948
644
39
22
1804
0
0
6911
0
6911
6911
0
6911
6911
6911
0
0
0
1958
3208
183
1800
2043
7
129
602
1801
1560
1503
421
62
358
1797
1
6911
1561
1414
223
121
731
1798
0
6912
1
1483
461
137
246
9
2
3
0
0
1570
1915
124
2
50
358
45
217
2
1344
698
239
1
0
0
1
2047
1505
439
509
1798
0
150
1514
134
99
528
0
0
1799
0
0
0
6911
6911
6911
0
6911
6911
6911
22
0
6911
3
6893
6912
0
2046
3197
426
59
1793
41
2047
83
50
14
55
1794
1
0
0
6912
0
0
0
6912
0
6912
0
0
0
0
3
0
0
6912
6912
0
6912
22
0
0
1
0
0
1
6912
6911
1
0
2115
142
74
181
3
2117
1038
185
2118
1842
197
32
411
1769
6905
0
3
2119
1483
245
186
7
2047
1
728
283
1770
0
6912
0
0
0
0
0
6911
1511
1479
4
62
1767
181
91
64
2
1767
1512
3515
15
0
1769
6911
0
6910
0
0
0
0
0
0
1
0
0
6909
6909
0
6909
0
0
6909
0
6909
6909
0
1484
1399
2460
0
0
0
6909
0
0
0
0
1474
1943
68
454
1733
2046
1094
298
39
542
1734
0
61
2046
1081
436
416
54
1
0
0
0
22
6908
0
5393
1471
1115
43
17
2454
1473
1578
0
1733
0
0
1
0
0
0
0
0
1470
103
317
119
16
1733
6702
0
0
0
2
0
2
1966
2896
284
37
0
1730
1
1963
1075
100
475
0
1964
1449
229
19
521
0
0
0
1976
3215
310
4
531
15
87
2
557
131
288
35
99
480
3
2054
1281
2
3
4
0
0
1461
1251
321
28
1
1730
0
966
803
719
0
0
0
0
0
120
470
0
570
0
0
0
0
0
0
865
43
54
296
3
521
1720
2053
68
211
27
1723
0
6909
1451
48
0
0
478
1723
0
6909
0
0
0
6909
6909
0
6909
0
6908
6908
0
6908
6908
0
0
6908
2052
1535
73
46
466
14
1713
0
6896
0
0
2052
2196
69
157
344
1712
0
0
0
1553
1504
930
220
1
0
1
0
1437
445
63
1281
37
1711
0
10
10
10
10
10
6909
10
10
10
10
10
10
0
0
28
1205
56
1693
6909
0
6909
0
6911
1419
1584
531
51
1696
6910
6910
6910
0
6910
1420
1100
58
1697
6910
12
1262
25
1689
0
0
0
0
1409
1668
566
569
1686
0
0
0
0
0
1
1407
4
209
461
4
83
171
1
0
2
0
2
3
1
2
1
0
0
0
1924
1404
33
527
1675
0
6908
2055
1405
385
507
585
68
1676
1
1396
1588
1
150
1676
0
0
1383
224
48
2383
0
2056
1405
9
7
308
50
1674
0
0
0
1385
1403
460
113
315
0
1663
2
2
223
316
3
2
0
1383
1166
438
11
1665
0
1
0
0
0
7
1393
1405
631
9
1
1671
0
0
1391
90
50
655
69
213
14
1669
2063
84
47
774
589
308
15
1680
2
2062
2600
246
41
646
1
1681
0
6906
6906
0
1393
1406
235
14
2
1671
1402
1398
192
600
1680
1390
2052
365
48
2390
0
0
0
2
10
514
133
469
10
8
0
1963
134
588
468
0
23
1556
1452
561
396
1
1809
6906
0
59
203
14
15
0
1
2718
235
774
1
6906
6906
0
1076
418
31
21
0
201
1311
582
442
1935
6777
202
1186
740
0
202
185
270
0
308
13
142
2
195
614
0
577
1
82
204
1540
50
47
0
0
0
2
2091
505
598
0
1
0
1572
97
145
1
0
5
4
1182
505
2
6741
0
222
624
505
7
0
6
0
218
3
4
6781
154
1179
18
50
5
2
10
118
256
47
2
505
9
6748
11
7
173
501
25
10
0
214
1257
141
0
11
0
2
13
3
245
0
52
12
6
11
26
346
24
27
0
11
2
217
7
452
381
13
1
4
10
4
330
40
10
0
12
15
92
4
0
12
5
13
136
58
30
4
13
2
11
1585
390
0
11
7
12
13
456
918
0
12
3
20
134
288
72
12
9
9
1601
4
15
11
10
6
22
5
897
59
22
6921
3
6921
1391
2598
14
29
44
0
1671
4
536
0
1
0
1409
0
28
559
0
0
206
3
4
63
135
0
1690
31
1
1415
8
8
1694
0
12
27
1192
319
171
0
0
0
0
0
5475
2357
1419
39
0
1695
0
5
1395
22
192
22
461
1675
0
2
0
0
10
21
2098
156
1
543
2
1688
6789
0
0
3
1
0
121
506
0
25
11
0
191
28
534
0
35
2362
1194
482
7
1689
35
0
1
1951
214
505
1700
1
1
0
14
1396
1442
146
37
2
597
0
1676
0
0
0
6922
6922
6922
6922
2
0
0
0
6922
6922
0
6922
0
6922
6922
0
6922
6922
0
6922
0
0
0
6922
0
0
6922
0
6922
0
0
0
6922
0
0
13
0
0
0
6922
0
0
6922
6922
1340
302
28
504
4
1641
6915
1
1
1351
1586
627
1
1467
0
1652
6923
6923
1
6924
0
6924
0
1354
1376
200
643
3
1655
6924
0
6924
0
1
6923
6923
0
0
6922
6922
6922
1
0
0
6922
6922
0
6922
6922
5
373
300
538
11
1633
1325
0
28
7
1634
0
0
7059
0
1680
173
9
10
1
0
7
1313
491
73
8
2
0
0
0
3
6923
6923
0
6923
6923
0
6923
6923
6923
6923
0
6923
0
0
0
6923
0
6923
6923
0
23
2096
1465
519
216
1616
0
6923
0
0
0
6923
5
0
3
0
6923
0
2089
1854
651
356
1
0
2092
1883
339
307
11
0
2
0
2092
0
11
569
0
2
0
2093
0
961
164
295
0
3
821
37
273
654
0
0
0
0
0
335
69
58
0
0
0
6922
0
6922
0
1284
1615
23
14
1602
6922
0
1288
103
3
1
2331
0
6922
0
0
0
6922
6922
0
0
6922
6922
6922
0
0
6922
23
0
0
0
6946
1270
1323
60
279
156
0
0
0
1913
3022
799
693
84
1581
0
0
6921
0
0
0
0
0
735
821
462
2
36
377
692
1260
1123
451
188
6
1574
0
2039
1144
526
0
1575
0
2031
1520
23
56
504
18
33
0
2049
1605
282
127
177
1
1576
6921
0
1264
1520
632
151
505
5
1577
6921
3
3
0
3
3
0
0
0
0
6921
6921
6921
0
0
0
7
1249
1314
254
83
1
1570
3
1250
1300
54
79
0
1571
0
6920
0
0
6920
1247
123
459
1465
1568
0
0
0
0
0
0
0
0
0
1241
28
4
25
1565
0
0
1
254
1306
288
0
1558
6919
1
0
6919
0
2
0
1
0
6919
6919
0
1240
1311
206
458
5
1564
1
0
0
0
2
0
0
6971
2099
1391
0
1566
0
0
3
0
0
0
0
0
0
0
6918
5464
0
0
0
0
0
6916
6916
0
0
0
6916
6916
0
0
0
1
1
6916
7079
1194
1038
545
145
7
184
1294
1
364
1537
0
6917
0
2
1
0
0
2
2
1
0
2
1
1
0
1198
2452
20
510
0
2267
0
868
1065
785
199
1251
1186
237
220
7
327
1522
1183
1728
135
38
131
1520
894
100
946
731
168
131
0
0
0
2
1176
1274
237
209
1512
3
0
0
0
0
0
1180
227
38
9
1516
1181
1893
458
256
2
1517
0
0
0
0
0
3
2
0
5
5
0
6917
0
6917
6917
0
0
6917
0
0
6917
6917
6917
6917
6917
6917
0
6917
5
0
0
0
0
0
0
5
0
6917
0
0
0
0
0
6917
0
6917
0
6917
0
6917
6917
6917
6917
0
1
0
2102
63
690
0
1490
0
0
1675
1209
515
430
0
1483
0
0
6902
1141
318
889
599
562
1491
1
0
6917
0
6917
0
0
6917
0
6917
0
6917
6917
0
0
0
0
0
0
6916
0
9
0
6914
5462
6914
856
1303
495
0
1444
1
2
6913
0
1094
1302
152
22
955
3
0
1459
2
0
1
0
1
1
3
0
0
6910
0
3
0
0
0
2
0
0
1
6909
1
2
0
1
0
1
2102
1220
643
26
0
1467
1
0
2
0
2104
1764
673
8
558
143
39
0
0
0
0
123
250
235
71
0
0
17
43
6908
252
47
175
143
65
28
2008
0
256
1632
29
47
95
1
66
216
199
743
9
1
255
81
10
513
384
0
2
0
256
253
70
74
158
60
6
0
257
1594
812
582
1
278
81
11
828
536
61
0
0
261
2280
741
33
0
222
1135
6
50
173
0
7
8
68
18
1
8
1
265
0
19
0
10
8579
59
266
1240
8
23
535
11
7202
225
1823
855
0
32
0
48
18
268
66
337
604
13
286
55
70
4
7
12
11
45
147
268
0
15
532
61
0
0
269
1966
663
0
15
5465
9
63
94
1390
7
0
289
1458
517
63
1
0
0
1548
235
320
10
6
201
23
33
486
9
0
0
3
0
210
291
7
202
63
86
0
3
19
1467
29
639
18
5574
19
181
203
1
18
1
49
236
1252
345
34
0
2038
2
236
1712
634
333
0
9
237
170
72
2
0
11
0
1
2
23
21
41
220
21
6919
0
280
12
115
426
46
175
6
299
13
580
35
3
67
9
20
2708
483
446
17
6
79
4
1
47
282
70
17
3
0
0
23
14
284
2
0
28
2
0
1
20
1750
692
17
1
0
2
0
6916
0
0
6916
63
295
30
1453
0
23
6916
6904
6917
0
0
0
6917
6917
1085
150
461
582
1455
6917
1086
1231
345
416
1
1456
6917
0
6917
6917
2137
60
1
0
1448
6917
6917
6917
1099
1225
647
608
40
1469
0
2386
96
73
631
84
1458
1093
1245
75
49
45
1463
0
2156
152
95
53
35
0
5
0
11
6918
6918
6918
6918
6918
0
2
0
0
0
1068
0
841
508
1442
0
6918
5467
0
6918
0
0
1
0
0
1052
141
474
259
11
1422
0
6918
0
6918
0
1193
1777
674
257
1434
0
1
0
1
7
1064
1212
224
1
477
0
0
0
1
2141
1283
194
1
30
1416
6918
2
6917
1048
1264
197
523
1417
6918
0
1049
1208
990
1418
1
0
0
2141
1581
344
75
608
5
74
1407
0
1045
194
294
147
549
1413
0
6916
0
6918
1
6918
1042
1194
838
0
1410
2143
0
12
539
36
1411
0
2145
222
305
28
6
1411
0
6918
0
0
0
2143
149
780
85
0
185
0
0
0
6917
2144
198
44
123
1
0
6918
6918
0
0
2
6918
6918
6918
0
9
6918
0
0
0
6918
0
0
6917
0
0
0
0
0
6917
0
0
6917
0
0
0
6
4
0
6
6
6
0
6
23
0
6
6
0
6917
0
998
1078
52
14
1365
0
0
0
5
1517
150
588
624
0
1363
6917
6917
0
6917
0
0
0
986
95
511
2
1357
240
0
6918
6918
6918
0
6918
0
6918
0
0
5241
5241
5241
5241
5241
5241
5241
0
5241
5241
5241
5241
0
0
0
281
0
0
0
0
0
0
0
0
5241
0
84
630
5241
5241
5241
5241
0
251
0
5241
5241
493
2093
954
358
4
711
1327
1400
465
17
625
1643
0
6917
0
5241
5241
0
0
56
0
0
0
0
0
0
0
56
0
0
7
0
57
0
6917
6917
0
0
281
0
948
801
0
948
0
0
0
6917
5241
5241
6917
6917
0
6917
6917
6917
6917
6917
281
281
1
41
41
100
41
41
41
0
41
100
41
0
0
41
41
107
40
100
40
40
40
0
16
0
41
41
100
0
100
0
41
41
41
41
41
124
0
0
216
216
216
0
0
0
0
0
0
216
216
216
1531
0
948
948
0
948
948
0
948
281
23
6917
0
0
81
0
81
1946
5242
251
0
0
948
948
0
5242
5242
5242
5242
5242
5242
5242
5242
6917
0
6917
0
6917
6917
0
6917
6917
6917
1
6917
0
1
5242
20
5242
5242
5242
0
5242
251
0
6916
0
0
0
0
0
6916
6916
6916
0
5241
6916
6916
0
6916
6916
0
6916
6916
6916
0
6916
6916
7
0
57
5241
5241
5241
5241
5241
5241
5241
0
5241
5241
6916
0
6916
6916
6916
6916
6916
1
5241
5241
0
6916
0
23
0
0
0
1
0
974
1156
192
1344
26
975
113
57
263
88
589
1349
6916
6916
0
6916
5241
5241
6916
251
0
0
948
0
2549
948
948
6916
6916
0
5241
5241
0
0
948
948
0
0
0
0
56
5241
0
1
6916
0
0
0
216
0
1
216
136
0
136
26
137
6916
6916
6916
6916
6916
0
6916
281
6916
18
7
6916
6916
6916
0
6916
6916
1
6916
1206
6916
6916
6916
5241
18
18
18
0
0
5240
0
6
0
6915
0
4894
5239
5239
5239
5239
5239
0
5239
5239
0
0
0
0
216
0
216
6915
0
0
6915
4
6915
0
0
0
300
11
5238
5238
5238
0
6915
0
0
0
0
6915
0
23
0
56
216
216
216
216
216
0
0
0
5238
6915
5238
5238
5238
40
36
5238
6915
5238
6915
6915
0
0
0
0
216
0
1530
1530
0
1530
907
0
6915
6915
0
6915
143
1003
176
43
77
16
103
1270
1108
8
649
1342
105
0
1467
415
327
10
413
1341
0
16
0
5238
0
94
0
0
0
0
0
0
94
94
0
0
6915
5238
8
5238
5238
5238
5238
5238
5238
5238
4895
5237
5237
1
5237
5237
5237
5237
5237
5237
5237
5237
5237
5237
0
5237
0
0
0
4896
5236
5236
5
5236
5236
5236
5236
5236
5236
0
5235
5235
5235
0
5235
5235
5235
5235
0
5235
5235
5235
5235
5235
5235
5235
5235
8182
6916
5235
5235
100
5235
5235
12
5235
5235
12
0
0
0
0
0
216
5235
6916
5235
137
0
0
6916
0
0
6916
6916
0
0
0
5235
6917
6917
0
0
306
269
572
2
296
81
81
81
0
81
0
0
0
0
0
56
4899
5234
0
1
0
0
0
94
94
0
6917
23
0
7
0
0
0
0
0
5234
5234
8
0
9
6917
0
0
5234
5234
51
0
0
0
5234
250
0
0
0
0
193
23
63
1
1
5234
5234
1571
5235
5235
5235
5235
94
5235
5235
5235
5235
5235
5235
5235
5235
0
6915
0
5235
5235
5235
0
0
5
0
0
0
0
1
1
0
0
0
1
0
216
0
216
0
216
216
0
5235
6915
0
0
0
0
0
5235
5235
5235
5235
5235
5235
5235
5235
5235
5235
5235
5235
5235
5235
5235
0
0
1
0
0
0
0
0
3
0
0
81
81
3
0
81
3
81
0
0
3
0
0
0
0
81
0
0
0
81
81
81
81
1
6915
0
5235
0
0
0
36
0
0
0
0
0
0
0
36
36
0
0
0
0
0
0
0
1
0
0
5235
5235
2
0
5235
5235
5235
2
5235
2
5235
6915
6915
0
6915
6915
6915
6915
6915
0
6915
6915
6915
6915
5235
4899
5234
0
0
0
216
198
217
4
0
0
0
0
0
0
0
0
1
81
0
450
0
6916
6916
6916
6916
5234
5234
1
0
1
0
0
0
0
0
12
6916
0
6915
250
949
0
6915
3
0
0
6915
6915
6915
0
5234
5234
5234
5234
3
5235
5235
0
6915
0
6915
6915
6915
6915
6915
6915
6915
6915
6915
6915
6915
6915
6915
6915
6915
250
0
1
5235
5235
5235
0
6915
217
217
0
217
0
0
5235
5235
5235
5235
5235
5235
250
949
7
6
6
6
0
6914
6914
6914
6914
5235
5235
6914
0
81
5235
5235
5235
5235
0
280
0
6914
0
0
0
1
0
0
0
0
0
6914
0
0
0
567
6915
6915
6915
6915
6915
6915
6915
6915
5235
1
5235
5235
5235
5235
0
250
949
949
949
5235
5235
0
0
5235
5235
0
5235
5235
6915
5235
5235
56
0
56
0
0
793
397
89
7
1328
1
6915
0
793
400
377
1328
6915
0
0
1
6915
0
0
23
5235
5235
5235
6915
6915
6915
250
0
5235
5235
5235
5235
6915
0
0
6915
0
6915
0
6915
90
0
95
0
0
949
949
949
6915
0
0
6915
6915
6915
6
23
0
6915
10
0
0
6914
0
23
6914
0
0
0
949
949
0
949
6914
6914
6914
6914
6914
0
6914
336
1208
75
0
127
6914
0
0
0
1719
0
6915
0
6915
6915
6915
6915
6915
6915
0
6915
6915
6915
6915
0
6915
23
250
949
949
949
0
6915
6
0
6915
0
0
6915
6915
6915
6915
6915
0
0
949
949
0
1
19
33
0
0
6915
0
250
6915
6915
0
250
0
250
0
0
0
81
0
0
21
5235
5235
5235
5235
6915
6915
5235
250
6915
6915
6915
6915
6915
5235
5235
5235
5235
0
6915
6915
5235
0
5235
6914
5235
6914
6914
0
6914
6914
6914
5235
10
5235
5235
5235
5235
5235
0
5235
5235
5235
5235
0
0
5235
5235
5235
5235
6914
6914
5235
0
4
5235
5235
5235
5
6914
24
0
5236
5236
5236
5236
5236
5236
5236
5236
5236
5236
0
0
630
710
6914
0
5237
6914
0
1849
5237
0
5237
105
0
0
97
0
97
0
6915
6915
0
6915
6915
6915
0
6915
6915
5237
5237
5237
0
0
5237
5237
5237
5237
5237
5237
125
6915
0
6915
5237
0
949
5237
5237
490
5238
5238
5238
5238
5238
5238
5238
5238
5238
5238
0
0
0
3
0
250
0
0
949
0
1528
0
6915
6915
3
0
0
97
97
97
0
4
0
179
179
179
179
179
179
179
179
179
179
179
179
179
179
179
179
179
179
179
179
179
179
7
180
180
180
180
180
0
180
180
180
180
180
180
180
180
180
180
180
180
180
180
180
180
180
180
180
180
180
180
180
180
180
180
180
0
180
180
180
180
180
180
0
0
0
180
180
53
181
181
181
181
181
1
182
2
0
1
182
182
182
182
7
183
0
0
183
183
0
183
183
183
183
0
0
3
6
62
184
184
184
8
185
185
185
185
0
74
0
51
5238
5238
5238
5238
5238
1747
949
949
0
5238
5238
5238
5238
5238
5238
0
0
630
217
1
4
217
0
217
109
0
5238
5238
0
56
38
6916
800
0
0
0
250
0
81
0
0
33
38
0
0
97
0
5238
1201
5238
5238
5238
6916
6916
0
0
0
5238
5238
5238
5238
0
0
0
0
0
0
97
0
0
5238
54
16
89
1
5239
6916
6916
0
6916
6916
0
6916
6
5239
55
55
0
6916
6916
5239
5239
5239
5239
5239
5239
5239
5239
5239
5239
5239
5239
5239
5239
5239
6916
6916
0
0
0
6916
6916
6916
1
4
6916
6916
6916
0
6916
1
0
0
262
6915
6915
0
2
6915
6915
6915
6915
6915
6915
6915
6915
6915
0
6915
6915
0
6915
6915
6915
0
6915
6915
0
6915
6915
18
0
6916
6916
6916
6916
62
0
6916
6916
0
6916
0
6916
6916
6916
6916
6916
0
6916
6916
62
6916
6916
62
62
62
6916
6916
0
6916
6916
0
6915
0
0
6915
0
6915
0
6915
6915
6915
6915
6915
0
0
7
0
7
0
0
8
8
8
0
8
8
8
0
6913
3
6913
6913
6913
6913
6913
6913
6913
0
6913
0
6913
6913
6913
2
0
6912
0
6912
0
6912
6912
0
6912
6912
0
0
6912
0
0
0
0
6912
5439
6912
62
0
6912
6912
0
6912
0
0
6912
6912
6912
59
0
6913
6913
0
0
0
6913
0
6913
6913
6913
6913
46
6914
6914
6914
6914
6914
6914
6914
6914
6914
6914
6914
0
6914
6914
6914
6914
0
6914
0
6914
6914
0
6914
6914
0
61
6914
0
6914
0
0
6914
6914
6914
6914
6914
6914
0
6914
6914
6914
0
6914
6914
6914
6914
0
6914
0
6914
6914
0
1
6914
6914
6914
6914
6914
6914
6914
6914
0
0
0
6914
4
0
0
6913
6913
6913
6913
0
0
7
0
6913
0
2
6913
6913
6913
6913
60
6913
6912
6912
6912
6912
6912
6912
2
2
6912
2
6912
0
0
2
2
2
6912
6912
0
0
0
6912
0
0
6912
6912
1
0
0
6912
6912
6912
6912
6912
0
6912
0
6912
5441
6912
5441
6911
0
3
6910
6910
0
6910
6910
6910
5442
6910
0
6909
6909
6909
6909
0
60
6908
6908
1
6908
0
6908
0
6908
0
6908
6908
6908
6908
0
6908
0
6908
0
0
6908
6908
6908
0
6907
0
6907
6907
0
0
6907
6907
6907
6907
6907
0
6907
6907
0
6907
0
6907
6907
0
59
6907
2
6907
6907
6907
6907
6907
6907
6907
6907
0
6906
6906
5440
6905
6905
6905
0
6905
5440
6905
0
6905
6905
6905
6905
6905
59
2
6905
6905
59
6905
6905
6905
6905
6905
6905
0
0
6905
6905
6905
6905
6905
0
6905
6905
6905
6905
6905
0
0
0
0
6905
6905
6905
6905
6905
6905
255
6905
6905
0
0
0
6905
6905
6905
0
6905
0
0
58
6905
6905
2
0
6905
6905
6905
0
6905
6905
6905
0
6905
0
58
6905
0
6905
0
0
0
0
0
1
6905
6905
6905
6905
0
6905
6905
0
6905
6905
6905
0
6905
6905
6905
0
6905
6905
0
2
0
6905
0
6905
1
6905
6905
0
6905
6905
6905
6905
57
6905
6905
0
5439
6904
0
0
0
0
0
0
56
0
6903
0
6903
4
6903
6903
0
26
0
0
6903
6903
6903
6903
6903
6903
6903
6903
6903
6903
6903
6903
5439
125
0
6902
0
0
6902
6902
6902
6902
6902
0
6902
6902
0
0
0
0
0
0
0
6902
0
1
6902
0
6902
5239
0
0
0
5239
5239
250
949
0
923
1292
237
42
20
6902
6902
1
0
6900
2
3
6899
0
5239
0
0
0
81
81
81
81
0
0
0
81
0
0
0
0
0
81
81
81
5239
2
6897
0
6897
6897
6897
6897
6897
0
6897
6897
6897
3
216
216
0
216
0
216
216
0
0
6897
0
0
57
0
6897
5239
6897
949
0
949
0
0
949
949
6897
0
0
6896
6896
5238
302
0
217
5238
0
5238
0
5238
5238
0
0
21
23
23
0
23
21
6896
6896
6896
6896
23
81
5238
137
0
6896
1
6895
6895
6895
6895
6895
6895
6895
6895
6895
0
217
0
0
0
216
216
216
0
0
56
1
0
6895
8
5238
1
0
0
0
56
0
0
0
0
0
0
0
0
0
0
216
5238
5238
250
949
0
5238
15
949
949
1
0
38
1870
368
58
0
1314
6931
10
2100
229
227
384
6
752
275
1975
633
0
48
0
0
0
51
39
0
0
1492
0
1
1
114
31
772
98
1
0
568
38
92
81
132
1
0
34
35
599
276
99
37
753
278
4
557
3
42
44
176
61
0
4
0
3
3488
174
137
0
3
0
0
0
36
419
1
5
0
0
0
2
96
1881
176
279
10
789
251
0
0
5238
6899
6899
0
0
6900
6900
6900
0
0
216
6900
0
6900
6900
6900
6900
0
6900
6900
6900
949
949
4902
5237
21
4
0
4
0
4
4
0
4902
0
5236
5236
6900
251
0
5236
216
5236
251
0
0
251
949
949
800
0
105
105
1
6900
6900
6900
6900
6900
6900
6900
6900
1709
0
6901
6901
6901
0
6901
6901
5236
5236
5236
5236
0
23
0
0
0
0
38
1
38
0
0
0
0
0
630
5236
5236
5236
5236
5236
6901
6901
6901
6901
0
18
138
0
100
100
136
136
136
0
0
0
0
0
5236
5236
0
0
0
0
5233
5237
5237
0
0
0
5237
0
5237
0
5237
5237
5237
5237
5237
5237
5237
0
0
0
0
6899
106
0
5237
5237
5237
5237
5237
5237
6899
6899
6899
6899
6899
0
6899
0
0
0
56
0
0
0
0
0
6899
0
1200
6898
0
0
23
23
0
21
0
0
6897
6897
6897
6897
6897
18
18
6897
0
6897
6897
0
0
949
176
0
0
5237
251
0
0
950
707
0
950
0
0
95
0
5237
251
950
5237
0
5237
5237
85
1120
317
65
756
195
95
72
913
1120
550
261
1303
0
395
2197
453
259
1304
104
0
630
251
0
0
6897
6897
6897
0
0
6897
6897
6897
6897
6897
6897
6897
6897
0
6897
0
5237
5237
0
5237
216
0
5237
0
97
0
0
0
0
5237
5237
0
0
0
216
48
6897
6897
6897
5237
38
0
6897
0
97
0
0
0
6897
0
251
280
0
0
232
43
26
0
15
33
678
0
0
105
0
0
0
0
0
127
6895
0
0
6895
6895
950
950
5237
0
216
0
127
215
0
217
216
216
216
216
216
216
5237
5237
5237
5237
5237
1
2
6895
6895
2
6895
0
81
9
81
0
81
0
0
81
5237
5237
5237
5237
6895
6895
0
6895
0
6895
7
6895
0
6895
6895
6895
56
0
0
56
56
0
0
0
5237
909
1113
174
23
241
7
1299
0
7
0
0
909
0
174
3
8
1299
0
280
280
0
81
81
81
4901
5237
5237
5237
5237
83
0
0
0
0
0
6894
1
6894
6894
0
0
6894
6894
6894
1
6894
5237
5237
5237
5237
0
0
6894
1209
6895
6895
5237
5237
5237
1
5237
5237
5
0
950
950
0
0
83
0
950
0
5236
5236
5236
5236
5236
5236
5236
0
1
950
0
0
0
0
5236
5236
5236
5236
5236
5236
0
0
2164
2221
81
11
1296
907
0
163
67
14
1296
0
6895
0
0
5236
5236
5236
5236
5236
5236
5236
5236
5236
5236
5236
5236
5236
5236
5236
5236
5236
5236
5236
5236
6895
6895
5412
0
0
5236
5236
5236
5236
0
950
0
0
81
0
38
0
36
0
0
83
0
0
0
0
39
1
0
0
0
0
39
39
0
0
39
83
0
0
0
0
5236
0
5236
10
5236
74
0
5236
6893
6893
251
950
6893
0
6893
6893
6893
6893
6893
6893
0
6893
6893
6893
950
950
0
950
0
5236
6893
6893
6893
23
0
5236
5236
5236
5236
5236
5236
5236
5236
5236
5236
5236
5236
5236
5236
5236
5236
5236
0
5236
5236
5236
5236
5236
5236
5236
5236
5236
5236
0
5236
5236
5236
5236
5236
5236
5236
5236
0
0
6893
6893
6893
6893
6893
12
0
0
6893
0
707
0
0
216
0
216
0
0
216
0
0
0
1
1
0
629
6892
0
6892
6892
0
6892
6892
6892
6892
0
0
127
10
0
0
0
216
0
216
216
216
216
216
0
4
217
217
0
128
0
0
0
9
0
0
0
0
0
5236
250
5236
5236
5236
0
5236
4
6892
6892
0
0
0
5236
5236
5236
5236
5236
5236
5236
5236
0
216
216
216
1
216
0
216
0
0
0
688
0
6893
6893
250
0
6893
0
0
0
0
6892
0
31
950
5236
0
5236
5236
5236
0
6892
6892
6892
6892
0
6892
6892
6892
5236
0
5236
5236
0
6892
6892
0
55
0
216
0
0
5236
18
5236
0
0
0
0
56
0
6892
6892
0
0
6892
18
5236
5236
6892
6892
1
1
6892
6892
0
0
0
0
629
251
950
11
0
0
56
56
0
0
0
3
0
0
0
0
1
0
5236
0
5235
6889
6893
6893
6893
6893
0
6893
6893
6893
6893
6893
0
0
0
629
0
0
950
950
0
5235
5235
5235
5235
5235
5235
5236
5236
5236
5236
5236
251
950
950
950
0
6893
6893
6893
6893
6893
6893
6893
6893
6893
0
0
0
216
0
216
0
216
216
216
0
216
216
216
0
5236
4
645
500
310
10
1410
64
216
216
216
0
216
6893
5236
0
0
0
0
0
0
6893
5236
5236
4896
17
345
63
351
0
400
1410
1037
0
0
23
0
289
6893
0
0
0
0
6892
5236
6892
1
1
6892
0
5
6891
6891
6891
0
6891
0
0
6891
6891
6891
6891
5236
5236
5236
17
5236
17
17
17
1
6891
280
280
0
5236
6891
5236
5236
5236
0
0
0
5236
5236
5236
5236
5236
5236
5236
5236
5236
5236
5236
5236
5236
0
5236
5236
5236
5236
5236
5236
5236
251
7
6891
6891
1
6892
0
0
0
889
5237
5237
5237
5237
6892
6892
6892
18
136
6892
0
6892
0
0
950
5237
5237
5237
5237
5237
5
5237
0
0
97
97
6835
6893
6893
6893
0
0
0
0
629
5237
0
0
0
5237
5237
5237
5237
23
0
0
0
0
0
0
81
81
81
0
5237
6893
6893
6893
6893
6893
708
949
949
949
0
0
949
0
0
0
0
6893
1
0
6893
6893
0
6892
6892
0
6892
6892
6892
6892
6892
5237
0
216
216
0
6892
17
0
0
0
0
949
0
5237
0
2
0
105
6892
6892
6892
5237
0
0
0
0
216
0
216
0
0
0
0
216
0
0
0
2
5237
5237
5237
0
0
0
0
23
0
0
0
0
0
83
0
0
0
0
5237
0
0
5237
5237
7
0
1
5237
5237
5237
5237
5237
5237
4896
5236
5236
5236
5236
11
1017
0
0
22
19
673
1019
1111
151
0
1291
6892
0
0
0
5236
5236
5236
0
23
83
83
0
0
5236
5236
5236
5368
0
0
0
0
216
0
0
0
0
97
97
5236
5236
0
216
216
0
216
216
216
5236
0
6891
6891
6891
6891
6891
6891
5236
5236
5236
0
81
81
0
280
280
949
949
0
6891
6891
6891
6891
5
0
216
0
216
216
216
0
216
0
6890
0
0
6890
6890
0
6890
0
6890
6890
6890
6890
0
10
5236
0
0
0
5235
0
0
0
5235
5235
0
0
6890
37
5235
6890
5235
5235
5235
5235
0
5235
5235
0
6890
0
6890
3
0
9
81
9
0
81
250
949
5235
6890
6890
0
6890
6890
5235
5235
5235
5235
5235
0
21
21
0
6890
0
0
0
0
0
0
949
949
949
0
949
949
949
949
0
949
0
0
81
0
0
0
0
0
0
83
0
0
0
80
0
80
0
80
0
0
80
80
0
0
80
0
1
0
0
0
0
0
80
0
0
0
0
23
5235
5235
0
6890
6890
1
0
0
0
82
82
0
0
0
81
6890
5235
5235
5235
5235
5235
0
5235
5235
5235
5235
21
0
6
6890
5235
5235
5235
5235
5235
5235
5235
5235
100
37
37
0
6890
6890
6890
6890
0
46
94
0
0
1
0
0
0
46
0
0
0
98
98
0
98
0
0
0
0
0
0
0
0
0
98
0
0
1
95
86
1
27
140
98
0
0
98
0
0
0
98
0
0
0
0
98
98
45
98
98
98
98
0
0
97
0
97
0
0
97
97
0
0
0
45
0
97
0
5235
0
0
0
0
0
39
39
0
39
0
0
0
0
0
0
39
0
6890
6890
0
135
16
387
100
40
0
6890
6890
6890
6890
6890
6890
6890
0
5235
5235
5235
0
5235
5235
5235
0
0
0
0
0
0
5235
0
0
1
5235
5235
5235
0
0
0
0
0
80
7
0
7
5235
5235
5235
5235
0
5235
5235
5235
5235
5235
5235
5235
5235
5235
5235
5235
5235
5235
1527
5235
0
0
6799
6890
1
0
5235
0
5235
5235
5235
5235
5235
5235
5235
5235
5235
5235
5235
5235
5235
5235
0
0
280
5235
0
5235
5235
5235
5235
5235
4
5235
5235
5235
5235
4
5236
0
5236
5236
5236
0
5236
5236
5236
5236
0
110
100
0
99
99
41
5236
5236
5236
5236
5236
5236
5212
5237
5237
5237
5237
5237
5237
5237
5237
4691
6
5238
5238
5238
5238
5238
5238
5238
5238
5238
5238
5238
5238
5238
5238
5238
5238
5238
5238
5238
5238
5238
5238
0
5238
0
0
0
15
0
38
0
5238
5238
5238
5238
5238
5238
5238
0
5238
5238
5238
5238
5238
5238
5238
5238
5238
5238
5238
5238
5238
5238
5238
0
6890
5238
5238
5238
5238
5238
5238
0
0
5238
5238
5238
5238
19
0
93
0
5238
5238
6890
5238
5238
5238
5238
5238
5238
5238
5238
5238
5238
5238
5238
0
5238
5238
5238
6890
5238
5238
0
8
5238
5238
5238
5238
5238
5238
0
6890
6890
949
5238
0
5238
5238
0
6890
5238
5238
5238
5238
5238
5238
5238
5238
5238
5238
5238
5238
6890
2
5238
5238
5238
5238
5238
5238
5238
5238
5238
5238
5238
0
5238
5238
5238
5238
5238
5238
5238
5238
5238
5238
5238
5238
0
5238
5238
5238
0
5238
5238
5238
5238
5238
5238
5238
5238
4898
5237
5237
5237
0
5237
0
6
6
5237
5237
5237
5237
5237
1
100
5237
5237
8
12
5237
5237
0
5237
0
5237
0
181
0
4692
5237
5237
6890
5237
6890
6890
6890
0
6890
5237
5237
5237
5237
5237
5237
5237
5237
5237
5237
5237
5237
5237
5237
5237
5237
0
5237
5237
5237
5237
1
1
5237
6890
5237
5237
6890
0
6890
0
38
5237
0
38
5237
0
1
0
5237
136
252
0
5237
135
23
2
0
99
0
134
134
0
0
252
133
98
0
0
38
132
132
5237
5237
5237
5237
0
38
38
132
5237
132
0
0
132
0
99
38
88
0
5237
5237
0
6890
7
38
131
131
131
0
0
0
131
131
0
131
0
132
0
99
0
132
16
132
37
37
0
0
37
37
0
132
0
97
5237
5237
5237
5237
5237
5237
5237
5237
5237
5237
5237
5237
5237
5237
5237
5237
5237
0
5238
5238
5238
5238
0
0
6890
6890
5238
5238
5238
6531
5238
5238
5238
5238
5238
5238
5238
5238
5238
0
0
10
0
5238
5238
5238
5238
5238
5238
4897
5237
6891
5237
5237
5237
5237
5237
5237
5237
5237
5237
6891
6891
6891
6891
5237
5237
5237
0
5237
5237
248
5237
0
5237
5237
5237
5237
5237
1
5238
5238
5238
5238
5238
5238
5238
5238
5238
5238
5238
5238
5238
5238
5238
5238
5238
5238
0
5238
5238
5238
5238
5238
0
5238
5238
5238
5238
5238
72
5237
37
5237
0
20
20
5237
6891
6891
6891
5237
5237
5237
5237
94
5238
0
0
5238
5238
5238
5238
5238
6891
37
5238
0
0
0
99
5238
5238
5238
5238
5238
5238
5238
5238
0
5238
5238
5238
5238
5238
5238
2382
55
55
55
55
55
55
11
38
38
5239
1526
6891
5239
5239
5239
5239
5239
5239
5239
5239
5239
5239
5239
5239
5239
5239
5239
5239
5239
5239
5239
0
0
5239
5239
5239
5239
5239
0
0
5239
5239
5239
5239
5239
8
6891
6891
6891
6891
5239
5239
248
6891
5239
5239
5239
5239
5239
5239
5239
5239
5239
5239
5239
5239
5239
5239
4
5239
5239
5239
0
5239
0
5238
5238
6891
6891
17
5238
5238
6891
0
5238
5238
5238
5238
38
5238
5238
5238
5238
5238
5238
5238
5238
5238
5238
5238
5238
5238
5238
28
28
28
0
28
28
0
0
5238
6891
4901
5237
5237
5237
5237
5237
5237
0
5237
0
0
5237
5237
5237
5237
5237
5237
5237
0
5237
5237
10
5237
5237
5237
0
5237
5237
6891
0
5237
5237
28
5237
5237
5237
5237
0
0
5237
5237
5237
5237
5237
6891
5237
5237
5237
1
5238
5238
5238
5238
0
5238
5238
5238
5238
5238
5238
5238
5238
5238
5238
5238
5238
5238
5238
5238
5238
5238
5238
6891
2383
2128
127
31
570
27
24
2467
5238
5238
5238
5238
5238
5238
5238
5238
5238
4901
5237
5237
5237
5237
0
5237
5237
2524
5238
5238
5238
0
6891
5238
5238
5238
5238
5238
5238
3
5239
5239
5239
5239
5239
5239
6891
5239
5239
1
5239
0
5239
5239
5239
6891
0
0
5239
6891
0
5239
5239
5239
5239
5239
203
5240
5240
5240
5240
0
5240
5240
5240
5240
5240
5240
5240
5240
5240
0
6891
6891
5240
0
0
5240
1200
6891
151
6890
6890
6890
17
5240
5240
5240
5240
5240
5240
0
0
0
5240
5240
5240
5240
5240
5240
5240
5240
5240
5240
5240
5240
5240
5240
0
5240
5240
5240
5240
5240
5240
5240
5240
5240
3
5240
5240
5240
5240
5240
5240
0
0
5240
5240
5240
17
0
5
6
5240
99
0
5240
0
5240
5240
0
5240
5240
5240
5240
5240
0
41
9
9
0
0
37
5240
5240
0
0
0
0
0
0
0
0
0
5240
0
0
0
0
5239
5239
5239
0
0
6888
5239
0
5239
5239
5239
5239
5239
5239
5239
5239
5239
5239
5239
8
5239
5239
5239
5239
5239
5239
5239
5239
5239
5239
5239
5239
5239
5239
5239
5239
5239
5239
5239
5239
5239
0
3381
5240
5240
5240
5240
5240
5240
5240
5240
5240
132
6888
0
4899
5240
5241
5241
5241
5241
5241
5241
5241
5241
6888
5241
5241
5241
0
5241
5241
0
5241
5241
5241
5241
5241
5241
252
0
6888
0
0
0
0
6888
5241
6888
6888
4900
5241
5241
5241
5241
0
5241
0
55
55
0
55
5241
0
4900
27
27
27
27
27
27
27
27
6888
1
79
27
27
5241
0
5241
6888
5241
5241
2306
5242
249
5242
5242
6888
6888
5242
5242
249
949
949
949
48
0
48
48
5242
36
6888
6888
4899
0
0
0
0
949
54
6889
6889
0
249
710
0
0
3
25
25
25
25
25
25
0
25
25
5241
5241
0
8
8
0
1
27
0
5330
6887
6887
132
5241
6887
6887
5241
1
0
6886
5241
0
0
6886
6886
6886
7
5241
0
6886
6886
0
41
0
950
0
0
5241
36
5241
6886
0
5241
25
25
25
25
25
25
25
25
25
25
0
0
0
0
950
6886
0
5241
5241
5241
0
0
0
6886
25
25
0
7
23
0
0
5241
0
0
0
55
6886
6886
0
5241
55
55
54
0
6886
2
4900
0
249
0
5240
5240
6886
6886
6886
6886
5240
0
5240
5240
5240
5240
5240
5240
5240
5240
5240
5240
5240
5240
5240
5240
10
8
5241
0
249
5241
5241
5241
5241
0
5241
5241
5241
6885
5241
5241
5241
5241
5241
5241
0
5241
5241
0
5241
5241
5241
5241
5241
5241
0
5241
5241
99
17
5241
0
5241
5241
247
0
5242
5242
235
5242
5242
5242
5242
5242
250
950
0
5242
5242
20
5242
20
5242
5242
5242
0
5242
5242
4901
5241
5241
5241
5241
0
82
5241
5241
10
5241
0
5241
5241
5241
5241
5241
5241
5241
5241
5241
5241
250
950
0
0
0
5241
5241
5241
41
6885
5241
4901
5240
5240
5240
0
5240
1
5240
5240
6885
5240
5240
5240
6885
6885
0
6885
5240
250
5240
5240
5240
5240
5240
5240
5240
5240
5240
5240
0
5240
4901
5239
54
54
5239
5239
5239
6885
6885
5239
5239
5239
5239
0
1
5240
0
5240
5240
5240
10
5240
5240
5240
20
20
20
5240
5240
0
5240
5240
5240
5240
5240
5240
5240
5240
5240
5240
5240
5240
5240
5240
5240
5240
5240
5240
5240
82
5240
0
5240
5240
6885
6885
6885
6885
5240
5240
629
0
6885
1
5240
5240
0
0
0
6885
0
5240
5240
5240
0
5240
4902
5239
7
5239
5239
5239
5239
132
0
27
5239
5239
4902
5238
54
0
0
0
36
36
5238
4
5238
5238
5238
5238
5238
5238
5238
5238
5238
5238
5238
5238
5238
0
5238
0
5237
5237
0
132
0
5237
5237
5237
5237
5237
0
5237
99
0
5237
0
5237
5237
5237
6884
5237
5237
5237
5237
5237
5237
54
54
54
5237
5237
5237
5237
5237
5237
5237
5237
1
5237
5237
0
23
23
1
0
5237
5237
6884
6884
5237
4
7
0
5237
5237
5237
5237
280
5237
5237
5237
5237
5237
5237
12
5237
5237
5237
5237
5237
2
5238
5238
250
1200
5238
5238
5238
5238
5238
5238
5238
5238
5238
5238
5238
5238
5238
5238
5238
5238
5238
5238
5238
5238
0
5238
0
0
5238
0
5238
5238
5238
5238
5238
14
5239
0
5239
0
5239
0
6882
0
0
5239
5239
0
5239
5239
6881
5239
5239
5239
0
5239
6881
6881
0
22
22
5239
5239
0
5239
5239
5239
5239
5239
0
5239
5239
5239
5239
5239
5239
5239
27
5239
5239
5239
5239
5239
5239
5239
5239
5239
5239
5239
5239
5239
5239
5239
5239
5239
5239
4897
5238
0
0
5238
5238
5238
5238
5238
5238
5238
5238
5238
5238
5238
5238
5238
5238
5238
5238
5238
5238
5238
5238
5238
0
5238
5238
5238
5238
0
0
5238
5238
5238
5238
5238
5238
5238
0
0
5238
5238
6881
0
0
950
950
950
0
0
0
950
0
950
0
950
6881
5238
5238
0
5238
0
0
99
5237
5237
5237
5237
5237
5237
5237
922
99
99
5238
6881
5238
5238
5238
5238
0
1192
5238
5238
5238
0
5238
5238
5238
5238
0
6881
0
6881
0
5238
5238
5238
5238
5238
5238
5238
5238
5238
5238
0
0
8
0
8
0
8
5238
5238
5238
5238
5238
5238
5238
5238
5238
5238
5238
5238
5238
5238
5238
5238
8
5238
5238
5238
5238
5238
5238
0
5238
6
5239
5239
5239
5239
5239
0
5239
5239
5239
5239
5239
5239
5239
4897
5238
5238
5238
5238
5238
0
5238
5238
5238
5238
5238
4897
5238
5238
5238
5238
5238
5238
5238
5238
5238
5238
100
6882
6882
6882
5238
5238
0
5238
5238
5238
54
54
54
54
3
5238
5238
5238
5237
0
5239
5239
5239
5239
5239
250
950
5239
5239
5239
54
5239
5239
5239
5239
5239
5239
5239
5239
6882
2
133
5239
5239
5239
5239
5239
5239
0
5239
5239
297
5240
5240
5240
0
5240
5240
0
5240
5240
10
17
0
0
6882
6882
0
6882
6882
0
6882
6882
6882
6882
5240
0
5240
5240
5240
5240
5240
5240
5240
0
2808
5241
17
0
0
35
35
5241
5241
0
0
1
0
5241
5241
5241
0
12
5241
133
5241
5241
5241
5241
5241
5241
5241
5241
5241
5241
0
5241
5241
5241
5241
0
0
1005
2121
242
349
56
69
0
6880
0
0
1001
994
244
47
672
1
0
0
0
0
1016
2042
0
673
0
1
0
0
0
6880
6880
34
6839
999
1925
256
46
658
0
0
0
0
1
993
840
535
651
0
1
1
1
1
2
1
1000
728
22
504
659
1
992
0
0
46
23
651
993
1055
49
652
0
0
342
124
29
120
0
37
548
0
0
558
48
4
814
386
1
32
64
0
0
0
0
988
1067
598
20
0
646
990
1097
134
32
633
0
648
632
343
650
634
0
648
986
1083
463
527
84
67
985
1173
974
178
624
19
645
37
984
1852
897
467
0
4
639
1970
137
172
54
695
1
2147
5314
0
6878
1
2
180
465
9
64
1
0
0
6881
6880
565
900
37
466
440
10
645
0
0
0
0
6882
6882
993
898
547
468
603
0
651
6882
6882
984
5
537
626
15
1
645
0
1
6
986
330
224
475
647
0
8
1
0
0
0
6882
0
799
2135
1
491
0
2
974
1740
636
0
0
984
2192
0
7
572
0
33
66
552
2029
512
475
19
32
639
0
0
0
981
332
56
420
0
641
0
0
986
2154
588
646
1
982
1087
113
547
649
0
356
89
541
6
0
557
0
559
3
0
4
0
762
645
541
1
41
0
0
0
0
0
3
979
1080
269
373
10
640
0
6878
982
1079
23
9
345
4
643
973
939
743
536
66
0
2
974
595
537
67
2
970
1092
544
434
631
0
0
0
0
558
941
630
0
0
0
961
831
10
459
10
622
0
0
805
961
2052
433
622
0
958
946
113
6
64
0
0
955
2025
8
481
0
618
2
1
1
1
0
957
1032
3
8
438
620
959
1070
11
457
28
1
622
0
961
0
16
534
624
0
0
960
779
580
0
267
0
623
0
0
0
944
913
182
13
107
610
0
0
944
1046
334
5
765
1
610
0
6876
6876
0
4
0
3
0
1
3
0
0
6876
593
888
629
413
2
605
0
2
0
1
937
736
444
814
62
938
1026
99
483
376
63
1
0
0
0
937
2128
630
65
0
937
1286
5
418
65
56
6878
0
935
954
626
12
599
0
0
934
1765
228
598
1069
2137
632
13
599
0
1070
1027
597
232
43
0
0
1071
710
419
9
601
0
928
848
158
60
514
2
592
1
1
0
0
152
14
231
516
25
594
935
1055
14
600
934
1000
434
636
1949
3
0
1
1864
94
521
0
0
0
0
933
1127
1642
6
597
928
961
445
2
596
931
1024
3
1887
1
929
342
445
62
933
1071
16
424
330
596
0
0
927
2
436
13
334
0
593
929
590
448
0
1
35
50
0
0
0
2
671
946
362
443
596
0
1919
54
334
5
0
6837
928
1099
292
0
593
3
9
928
297
938
453
1943
0
0
930
1
455
2
594
1
0
1
0
2
927
1084
221
513
1
591
0
9881
0
0
927
764
344
478
557
7
0
591
63
927
3076
288
8
191
11
591
926
973
435
65
14
590
927
1093
428
288
15
591
2
2
923
1991
162
279
149
587
0
0
0
1
680
981
173
213
3
602
680
1887
416
608
588
43
0
1162
966
511
0
681
1232
48
666
589
6435
155
16
345
0
4
0
927
1049
265
17
620
591
1146
1047
207
67
406
586
0
923
2083
178
72
17
641
43
78
0
920
1075
500
0
583
0
925
1141
446
0
588
926
1146
593
523
15
589
0
1681
3
328
1
46
66
2251
0
0
601
2083
425
8
585
0
601
50
5
583
0
1157
309
18
8
584
0
0
0
0
0
0
1
0
909
962
397
450
293
576
0
0
0
0
0
1
906
1982
618
253
49
83
1106
976
164
609
38
0
0
1176
423
480
10
44
0
6851
0
0
0
0
0
0
0
902
1914
649
48
386
0
4
6891
900
49
53
84
0
1858
1
0
1
899
587
272
463
7
0
1
6843
898
1068
685
460
24
568
6843
0
6320
0
653
966
0
0
671
2
900
966
296
50
570
118
1993
545
444
12
2042
6893
1050
44
22
5
692
5
1
940
208
421
260
0
0
0
2
1200
26
1
0
21
1
0
1
0
385
30
63
12
85
38
9
0
0
385
157
25
648
588
568
0
0
1
1
2
892
973
269
563
0
0
0
6869
886
1112
609
11
0
1904
0
886
51
31
378
639
557
887
3315
523
188
0
558
0
0
0
0
0
0
0
306
998
20
5
550
877
0
446
22
6
551
0
2207
524
5
0
0
3
0
0
892
68
298
0
563
0
690
1151
399
247
9
105
547
873
1985
8
257
1892
0
0
3
152
14
240
544
0
0
236
45
153
446
568
433
0
6865
870
1006
2
259
4
542
872
1086
6
14
0
58
0
0
0
0
0
0
2
864
667
428
0
540
865
1002
456
196
19
541
0
862
659
384
0
538
0
7
41
458
481
0
0
155
23
290
404
1
537
0
696
0
586
205
542
1
0
0
0
0
623
2143
450
23
0
44
0
851
311
50
444
1
1084
0
0
860
58
282
19
405
10
539
0
2
8278
1345
423
382
1287
862
0
299
627
20
541
0
0
0
0
2
856
715
22
668
532
857
998
80
38
295
347
6
92
57
0
859
997
227
346
537
0
2
860
891
25
438
340
538
0
0
0
1
1
0
0
0
0
0
1
5
631
1123
0
372
527
0
1
1
0
0
0
835
84
635
0
54
1
0
6866
834
0
1
460
31
518
0
1
1
53
80
0
914
0
709
1087
410
1005
59
0
2
0
843
2
47
433
472
60
0
6866
3
0
6866
830
979
673
511
838
1186
47
633
7
0
519
0
6866
712
1116
562
402
1807
6866
0
837
981
532
464
518
6906
837
1186
374
18
0
518
838
1124
581
655
11
519
0
0
1
0
0
6867
2
0
6867
1
0
0
639
961
430
322
5
92
515
0
0
835
1074
556
435
8
38
515
0
1
0
833
1071
423
335
0
515
0
0
820
825
5
276
503
6865
3
3
465
411
27
507
1
0
0
819
3
61
421
506
503
151
1162
426
394
39
0
712
623
648
318
94
0
974
110
2
58
515
0
7
2
1155
637
0
2
4
0
519
0
606
0
0
4
827
397
269
3
0
4
0
42
0
2
980
416
1
16
2
3
3
414
604
0
3
0
3
1064
157
26
6
3
5
2
454
328
0
5
8
1202
177
0
2
17
8
9
2109
369
0
9
8
1013
12
516
8
3
463
221
26
38
1
70
2
0
0
0
0
0
1
1
0
0
3
81
41
0
1
2
2
1
2
8
1150
256
317
7
1
1
1
0
0
824
1045
348
9
22
507
0
1209
104
721
426
9
511
0
0
0
0
822
1157
463
15
22
504
824
1988
413
507
6
506
647
1143
12
77
1
3
509
2
85
0
200
49
2
3
1111
23
528
0
3
0
0
4
0
586
520
642
11
28
4
0
3
3
10
561
19
3
2
0
823
843
27
468
1
506
0
1
824
1981
14
199
36
507
2
830
1936
156
37
612
0
507
0
4
828
119
3
204
0
0
511
6868
6868
0
5
0
0
0
0
1
6868
651
1180
55
23
495
813
82
0
6
24
653
106
41
21
496
0
814
381
65
24
11
495
0
0
0
742
1073
413
51
1
492
0
5241
5241
5241
5241
5241
5241
2
5241
5241
0
0
5241
0
0
950
37
5241
5241
5241
5241
0
251
950
950
5241
5241
0
2412
5242
471
5243
5243
0
5242
5242
3
8
0
11
950
5243
5243
5243
5243
4900
5243
6868
5243
6868
6868
6868
5243
0
133
0
0
1
0
0
0
0
1170
1178
189
488
0
0
0
0
10
6855
1111
945
387
4
479
0
0
8158
1818
609
317
74
37
2035
1085
868
325
415
4
476
0
1085
0
408
417
127
1
179
1359
260
12
148
0
0
736
1046
585
477
1367
137
1050
8
411
569
116
0
134
1193
631
11
478
0
0
6865
1049
941
410
32
696
0
6866
113
7
17
17
0
477
795
946
38
5
20
478
0
0
0
795
1139
6
8
421
37
478
1031
891
185
84
14
39
496
1035
721
538
443
0
0
1
710
1151
463
92
6182
1175
1035
22
0
0
0
0
1
1
0
104
1150
437
2
381
507
0
2
1002
944
406
538
475
1004
862
2
43
692
15
477
6866
98
40
35
0
52
501
100
857
36
20
121
0
52
988
411
446
329
470
4
999
1103
25
532
51
473
0
0
16
1000
945
170
27
378
474
1
9
6862
0
0
0
0
0
166
28
43
287
463
954
1428
54
463
749
981
745
676
0
436
942
1998
87
247
21
55
24
944
1145
232
34
40
510
0
1
0
6724
900
67
0
0
376
573
1
775
11
15
0
523
2
67
519
0
4
62
5
7
9
7
13
1801
12
62
41
573
457
0
0
53
62
785
3
72
0
20
62
11
87
537
36
2
6862
66
939
602
319
47
1
0
0
3
57
1114
786
0
20
2
0
0
698
1183
282
414
5
492
0
873
942
542
0
480
871
936
695
464
1240
1547
66
538
991
0
39
500
0
0
4900
5242
5242
0
5242
0
5242
4900
5241
5241
5241
5241
0
5241
5241
5241
5241
0
5241
5241
5241
5241
5241
0
5241
0
5241
6861
5241
845
251
5242
5242
2
6861
0
6861
5242
5242
5242
4
4
99
7
7
7
5242
5242
0
5242
5242
0
5242
5242
5242
5242
5242
5242
5242
5242
5242
5242
5242
25
0
4
61
0
5242
5242
5242
5242
0
5242
5242
5242
5242
5242
5242
5242
6861
5242
5242
5242
5242
5242
1525
6861
1
5242
5242
5242
0
5242
5242
5242
0
5242
5242
5242
5242
5242
5242
5242
5242
5242
5242
5242
5242
5242
251
23
5242
5242
0
5242
0
5242
5242
5242
5242
5242
0
5242
0
5242
4899
17
0
5241
0
82
0
0
5241
5241
5241
5241
5241
8
5241
5241
5241
5241
5241
27
5241
5241
5241
8
5241
5241
5241
17
5241
464
5242
5242
6861
5242
5242
5242
5242
5242
5242
5242
5242
4900
5242
5242
5242
5242
5242
0
5242
5242
5242
5242
5242
0
5242
132
132
5242
5242
5242
5242
5242
0
5242
5242
0
5242
0
5242
0
5242
0
5242
10
5242
6861
5242
5242
5242
5242
5242
5242
5242
5242
5242
5242
5242
5242
5242
0
5242
0
0
2
2
35
2
0
8
5242
0
5242
5242
5242
5242
5242
5242
0
5242
5242
5242
0
0
0
1
0
8
132
0
0
0
0
5242
5242
5242
27
5242
0
99
41
0
5242
5242
5242
5242
5242
5242
5242
5242
5242
0
0
5241
5241
5241
5241
5241
5241
5241
5241
5241
6861
6861
5241
0
5241
5241
5241
5241
5241
35
0
35
5241
5241
0
5241
5241
5241
5241
0
5241
0
5241
5241
0
5241
5241
6861
5241
0
5241
5241
5241
5241
5241
5241
5241
5241
5241
5241
1251
1416
0
5243
0
0
4300
6861
5244
6861
5244
5244
5244
5244
0
5244
5244
5244
5244
5244
5244
5244
5244
0
5244
5244
5244
5244
5244
6861
6861
5244
6861
5244
5244
365
5245
5245
5245
5245
0
5245
5245
5245
5245
5245
5245
5245
5245
5245
5245
5245
5245
41
5245
5245
6861
5245
5245
5245
4839
0
5247
132
132
5247
5247
5247
5247
5247
5247
5247
5247
251
709
949
5247
5247
5247
0
5247
5247
5247
5247
5247
5247
5247
5247
5247
5247
5247
0
0
4
0
949
5247
5247
5247
5247
0
251
5247
5247
6861
6861
5247
5247
5247
5247
5247
5247
300
279
0
5247
5247
5247
5247
5247
5247
5247
5247
5247
5247
5247
5247
5247
20
5247
5247
5247
0
35
35
35
5247
5247
5247
4897
5246
5246
5246
6861
5246
5246
5246
5246
5246
5246
0
132
0
132
27
5246
5246
5246
5246
5246
5246
5246
5246
5246
5246
132
132
5246
2
0
5246
5246
0
5246
5246
5246
5246
5246
5246
5246
0
27
5246
5246
0
6861
4896
0
5245
5245
5245
5245
251
949
949
949
5245
5245
6861
5245
5245
5245
5245
0
4896
5244
0
0
99
0
0
0
6861
0
5244
5244
5244
5244
0
0
17
5244
5244
0
0
0
56
5244
0
5244
5244
5244
5244
5244
5244
5244
5244
5244
5244
0
5244
5244
5244
5244
5244
5244
0
5244
6861
0
5244
5244
8
5244
5244
5244
5244
5244
5244
5244
5244
6861
6861
5244
4894
5243
5243
5243
5243
0
0
0
54
5243
5243
5243
5243
5243
5243
5243
6861
5243
5243
5243
5243
5243
5243
0
5243
5243
238
5244
5244
5244
5244
5244
5244
0
5244
4893
5243
0
10
5243
5243
6861
5243
21
19
2
1
0
21
21
2
22
22
22
2
2
5243
0
3187
5243
13
5243
5243
5243
5243
0
5243
5243
5243
5243
5243
5243
5243
5243
5243
5243
5243
5243
5243
5243
5243
5243
5243
5243
5243
0
5243
5243
252
0
949
5243
17
5243
5243
0
5242
200
0
5243
5243
5243
99
99
0
41
5243
5243
5243
5243
5243
5243
5243
0
5243
5243
5243
27
5243
5243
5243
5243
5243
5243
5243
7
5243
0
5243
5243
5243
5243
5243
0
0
35
4893
5242
5242
5242
0
5242
0
0
0
5242
6861
6861
5242
0
5242
5242
6861
5242
5242
5242
5242
0
5242
5242
5242
5242
5242
5242
5242
5242
0
6861
5242
62
0
5242
5242
5242
5241
5243
5243
5243
5243
5243
5243
5243
5243
432
5244
5244
5244
5244
5244
5244
5244
5244
5244
5244
5244
5244
5244
5244
5244
0
5244
0
5244
5244
5244
5244
5244
5244
0
5244
5244
5244
5244
5244
5244
5244
5244
5244
0
5244
5244
5244
5244
5244
5244
5244
5244
5244
5244
5244
5244
5244
5244
5244
5244
5244
5244
5244
0
5244
5244
5244
8
5244
5244
5244
5244
5244
5244
6861
0
0
302
252
949
0
949
0
5245
5245
0
5245
5245
5245
5245
5245
5245
5245
1446
5246
6861
5246
8
12
5246
5246
5246
0
5246
5246
5246
5246
5246
5246
5246
5246
5246
5246
6861
0
1
5246
5246
5246
5246
4894
6860
0
0
0
4894
5245
0
0
0
6
9
60
13
5246
4895
5246
5246
5246
5246
5246
0
0
62
5246
17
5246
23
0
5246
5246
5246
54
41
5246
5246
35
1
35
1
35
5246
5246
5246
5246
5246
20
20
6861
20
5246
5246
5246
5246
20
5246
5246
0
0
5246
0
0
5246
5246
0
5246
0
5246
6861
6861
6861
6861
0
5246
5246
5246
0
5246
5246
0
5246
5246
0
5246
252
0
0
5246
5246
6860
6860
6860
6
0
132
6860
6860
5246
5246
5246
132
132
5246
5246
6860
5246
5246
6860
5246
0
0
5245
5245
5245
5245
5245
12
0
0
1320
0
0
5245
6860
15
5245
0
0
1526
0
0
948
0
948
948
0
0
5245
5245
1
5246
0
0
1120
300
5247
5247
5247
5247
5247
5247
5247
5247
5247
5247
6860
0
0
0
6860
5247
5247
5247
5247
5247
5247
5247
5247
0
5247
5247
5247
5247
5247
5247
5247
5247
133
0
0
5247
5247
5247
5247
5247
5247
5247
5247
5247
5247
5247
5242
0
5248
5248
5248
5248
5248
5248
5248
4
0
5248
8
5248
5248
5248
5248
6860
0
8
5248
5248
5248
5248
5248
5248
5248
5248
133
0
133
0
0
0
35
5248
5248
0
5248
5248
5248
5248
5248
5248
5248
4896
5248
0
0
5248
5248
5248
5248
5248
5248
5248
5248
5248
5248
5248
5248
0
5248
5248
5248
5248
5248
5248
5248
5248
5248
5248
5248
5248
5248
5248
5248
5248
5248
5248
5248
0
0
0
5248
4897
5247
5247
5247
5247
5247
5247
5247
5247
5247
5247
5247
5247
5247
133
5247
5247
5247
5247
5247
0
5247
5247
5247
5247
5247
5247
5247
5247
5247
5247
5247
5247
5247
5247
5247
5247
5247
5247
5247
5247
5247
5247
5247
5247
5247
5247
5247
5247
5247
0
5247
6860
2406
5248
5248
1
5248
5248
5248
5248
5248
5248
5248
5248
5248
5248
382
0
5249
12
5249
5249
5249
5249
0
0
0
5249
5249
5249
5249
20
0
5249
0
97
5249
0
5249
5249
5249
5249
5249
5249
5249
5249
5249
5249
5249
5249
5249
5249
5249
6860
0
5249
5249
763
5250
5250
5250
6860
5250
0
0
0
0
5250
5250
5250
4
6859
5250
5250
5250
5250
6
5250
252
948
0
24
5249
6859
0
0
41
5249
5249
5249
5249
0
0
0
0
0
5249
5249
5249
5249
5249
5249
5249
5249
0
5249
5249
133
0
5249
5249
0
5249
5249
5249
5249
0
37
37
0
0
229
6860
6860
0
37
0
6860
0
0
948
0
252
6957
73
413
297
443
0
68
37
5249
5249
5249
5249
5249
5249
5249
5249
5249
5249
5249
5249
5249
5249
0
5249
5249
5249
5249
0
0
0
5249
5249
5249
5249
5249
25
5249
5249
5249
0
5249
5249
5249
0
0
5249
5249
0
5249
5249
0
0
0
5249
0
5249
5249
5249
5249
0
0
5249
4899
0
0
5248
0
0
5248
5248
5248
5248
6860
6860
5248
97
97
0
45
0
5248
5248
0
5248
0
5248
5248
5248
5248
5248
5248
5248
5248
0
5248
5248
0
5248
5248
5248
5248
0
948
0
0
0
0
0
948
0
6861
0
948
948
948
942
949
0
0
0
949
949
949
0
0
949
949
5248
5248
5248
20
0
6861
6861
5248
0
2547
5249
5249
5249
252
0
35
5249
0
5249
5249
0
5250
252
1279
5251
5251
0
41
97
252
5251
5251
5251
5251
0
0
5251
0
6861
5251
5251
5251
0
5251
27
5251
5251
0
6861
5251
252
949
949
0
949
0
0
0
0
949
949
5251
1
5251
4
5251
5251
5251
54
5251
5251
5251
5251
5251
5251
5251
5251
56
6860
6860
6860
5251
0
5251
5251
5251
5251
5251
5251
5251
5251
5251
5251
5251
5251
5251
5251
5251
1
0
0
5251
35
0
35
35
5251
5251
5251
5251
0
0
20
5251
5251
20
0
5251
0
5251
20
5251
0
5251
5251
0
5251
0
6
0
5251
0
0
11
9
41
0
0
5251
5251
1
72
69
157
1
19
67
6859
5251
0
5251
5251
4899
54
54
54
54
5250
5250
6859
5250
5250
5250
0
5250
5250
5250
5250
5250
5250
5250
5250
6859
6859
5250
5250
5250
25
5250
25
5250
5250
0
1425
5251
5251
5251
5251
5251
5251
5251
5251
4899
5251
5251
0
0
133
133
0
0
0
0
5251
5251
0
0
0
6089
5252
0
0
0
0
0
5252
19
19
5252
5252
19
19
19
19
19
19
19
19
5252
5252
5252
5252
19
4901
8
19
19
5252
19
19
5252
19
5252
19
0
19
5252
5252
8
5252
5252
5252
5252
5252
5252
0
6859
6859
5252
28
3
3
22
22
0
22
0
0
5252
5252
5252
0
5252
5252
5252
5252
5252
5252
5252
5252
5252
5252
5252
5252
5244
5253
5253
5253
5253
5253
5253
5253
5253
5253
5253
5253
5253
5253
5253
5253
5253
5253
5253
6859
0
6859
6859
6859
6859
5253
0
0
0
0
6859
6859
5253
5253
5253
5253
5253
5253
0
5253
5253
5253
4903
5252
5252
5252
5252
5252
5252
5252
5252
5252
5252
5252
5252
5252
5252
5252
5252
5252
5252
5252
5252
5252
5252
5252
5252
5252
37
8
97
5252
5252
5252
5252
5252
5252
5252
5252
5252
6858
2
5252
0
0
14
6858
6858
6858
6858
6858
6858
0
1203
2047
0
5253
5253
5253
0
0
35
35
35
35
35
5253
5253
5253
133
0
5253
0
0
5253
5253
5253
5253
5253
5253
5253
5253
5253
5253
5253
5253
5253
2
0
2
1
6857
0
0
0
0
1
1
0
6856
6856
6856
6856
3
6856
5253
5253
5253
5253
5253
5253
5071
5254
5254
54
54
54
6856
6856
5254
5254
5254
5254
5254
0
949
0
949
949
949
949
5254
5254
5254
5254
5254
5254
5254
5254
5254
5254
5254
5254
0
12
5254
5254
5254
0
5254
0
5254
5254
5254
5254
5254
5254
0
5254
5254
5254
5254
5254
5254
5254
6856
0
0
82
82
0
128
0
5254
0
25
6856
5254
0
5254
6856
6856
5254
5254
6856
6856
0
5254
5254
5254
5254
5254
5254
5254
5254
5254
5254
5254
5254
5254
5254
5254
5254
5254
0
34
36
36
36
252
5254
5254
5254
5254
5254
5254
5254
5254
5254
5254
1
5255
5255
5255
5255
0
5255
5255
0
0
0
35
35
35
0
5255
0
5255
5255
5255
5255
5255
5255
5255
4906
5254
0
6856
5254
5254
5254
5254
5254
252
5254
5254
5254
6856
0
5254
5254
5254
5254
0
5254
5254
5254
5254
5254
5254
0
6856
6856
6856
6856
6856
0
5254
5254
5254
252
5254
5254
5254
0
5254
5254
5254
5254
5254
5254
5254
5254
5254
5254
5254
0
0
6856
6856
6856
6856
6856
6856
6856
6856
6856
5253
5253
6856
0
5253
97
97
41
97
0
0
7
1235
917
279
442
0
6845
221
909
237
21
39
1730
81
1191
867
17
511
662
6
429
70
0
0
0
6857
0
0
0
0
0
0
8
1103
899
272
581
1
743
1097
190
472
10
39
79
1
1
1083
1174
187
52
571
432
0
1
0
0
0
0
133
879
1789
2041
6858
30
1137
578
478
98
24
31
969
450
55
552
3
0
0
1
0
165
0
649
4
1286
3434
158
33
683
71
0
0
958
562
148
28
370
429
0
0
0
6889
6857
6857
2
6857
1
0
2
6857
6857
2
6857
0
0
84
2062
543
436
445
0
173
0
269
54
18
81
407
0
0
6856
0
0
12
5253
5253
97
62
97
5253
54
54
17
17
5253
5253
5253
5253
5253
5253
7219
128
43
9
2
15
6856
6856
6856
5253
5253
5253
5253
6856
6856
0
0
6856
5253
5253
5253
5253
0
6856
6856
0
5253
5253
5253
5253
5253
5253
5253
5253
5253
6856
949
0
0
949
949
5253
5253
5253
5253
5253
5253
5253
5253
5253
6856
17
0
5253
41
5253
5253
5253
0
0
0
5253
0
0
0
0
5253
5253
5253
5253
0
5253
5253
5253
5253
16
5253
5253
5253
5253
5253
0
5253
5253
5253
5253
5253
5253
5253
5253
5253
5253
5253
0
17
5253
0
5253
8
0
5253
5253
5253
0
5253
5253
6856
6856
5253
5253
5253
5253
5253
5253
0
5253
5253
5253
5253
5253
5253
5253
5253
5253
5253
5253
5253
0
0
949
6856
0
6856
6856
5253
5253
5253
107
5253
34
133
0
949
949
949
949
0
949
0
949
949
949
949
949
1527
949
8
0
0
14
133
5253
5253
5253
6856
0
5253
0
5253
0
0
5253
0
950
6856
6856
6856
6856
6856
0
6856
5253
12
5253
5253
5253
5253
253
0
5253
6856
5253
5253
5253
0
5253
5253
0
0
0
6856
0
6856
5253
5253
5253
5253
6856
5253
5253
5253
5253
5253
5253
5253
5253
5253
5253
5253
5253
5253
0
0
0
0
0
3
6855
0
6855
0
0
0
0
0
0
0
0
0
0
0
0
0
0
0
0
0
2
2
0
0
0
0
0
0
3
0
0
0
0
0
0
0
0
0
0
0
0
0
0
0
0
0
0
0
0
0
0
0
0
0
0
0
0
0
0
0
0
0
0
0
0
0
0
0
0
0
0
0
0
0
0
0
0
0
0
0
0
0
0
0
0
0
0
0
0
0
0
0
0
0
0
0
0
0
0
0
0
0
0
0
0
0
0
0
0
0
0
0
0
0
0
0
0
0
0
0
0
0
0
0
0
0
0
0
0
1
0
0
1
0
0
0
1
0
0
0
1
0
0
0
0
0
6854
0
0
6853
5253
0
0
0
6853
0
0
0
0
0
0
0
0
0
0
6852
0
3071
3
0
5253
5253
0
0
1
1
0
6851
6851
0
0
0
0
0
6851
5283
6851
0
0
0
0
6851
0
21
6851
6851
0
0
0
5
12
5
0
0
0
0
5283
6850
6850
6850
678
1
1058
400
13
0
1250
6
6850
0
0
0
0
0
0
0
0
0
0
0
0
0
0
0
0
0
0
0
0
0
0
0
0
0
0
0
0
0
0
0
0
0
0
0
0
0
0
0
0
0
0
0
0
0
0
0
0
0
0
0
0
0
0
0
0
0
0
0
0
0
3
0
0
0
0
0
0
0
0
0
0
0
0
0
0
0
0
0
0
0
0
0
0
0
0
0
0
0
0
0
0
0
0
0
0
0
0
0
0
0
0
0
0
0
0
0
0
0
0
0
0
0
0
0
0
0
0
0
0
0
0
0
0
0
0
0
0
0
0
0
0
0
0
0
0
0
0
0
0
0
0
0
0
0
0
0
0
0
0
0
0
0
0
0
0
0
0
0
0
0
0
0
0
0
0
0
0
0
0
0
0
0
0
0
0
0
0
0
0
0
0
0
0
0
0
0
0
0
0
0
1119
3973
0
9
291
0
1
0
5253
0
0
0
0
0
0
0
0
0
0
0
0
0
0
0
0
0
0
0
0
0
0
0
0
0
0
0
0
0
0
0
0
0
0
0
0
0
0
0
0
0
0
0
0
0
0
0
0
0
0
0
0
0
0
0
0
0
0
0
0
0
0
0
0
0
0
6850
6850
6850
6850
6850
627
0
2
0
6849
627
627
627
627
6849
6849
6849
0
0
0
627
6849
627
627
6849
2
0
0
0
0
0
0
0
6848
625
625
6848
6848
625
5253
6848
625
0
6848
6848
0
0
6848
6848
6848
625
6848
625
6848
0
0
0
625
0
0
0
0
0
6848
0
6848
6848
6848
6848
6848
6848
6848
6848
3
6849
6849
6849
6849
6849
6849
0
6849
6849
1
2000
190
3
45
1688
0
0
448
3
0
0
0
0
0
23
1
2300
176
393
4
1234
0
0
520
0
6835
0
6850
1570
1838
76
301
0
1242
0
1569
3
18
5
719
0
0
0
0
0
1
0
0
0
2
4
0
0
724
2
0
0
6850
0
0
0
0
2
6849
0
2592
180
0
13
1699
869
123
43
14
1244
2594
7
9
3
0
0
1
1
0
0
0
0
6849
0
0
0
6849
6849
6849
0
6848
6848
6848
6848
6848
0
0
6
0
6
6848
0
0
0
6
6
6
0
6
6
6848
0
0
6848
0
0
6848
0
6848
6848
0
6848
0
6848
6848
6848
6848
0
0
0
0
0
6848
6848
6848
6848
6848
6848
0
6848
8
6846
6846
6846
0
6846
6846
6846
0
0
6845
6845
0
6845
6845
0
6845
6845
6845
6845
0
0
0
0
6845
1
6841
6845
0
6845
0
0
6844
6844
23
6844
6844
0
0
6844
6844
6844
0
6844
6844
6844
6844
6844
0
0
0
0
0
0
0
6843
6843
2
0
0
2
6843
2
6843
6843
625
0
0
1
216
20
0
0
0
0
0
1
0
0
0
0
0
0
0
0
0
0
0
0
0
1
1
0
0
0
0
0
0
0
0
0
0
0
0
0
0
0
0
1
0
0
0
0
0
0
0
0
0
0
0
0
0
0
0
0
0
0
0
0
0
0
0
0
0
0
0
0
0
0
0
0
0
6841
0
0
6840
0
41
3
180
321
2653
6840
0
2
0
2
0
891
0
9
0
0
0
0
0
0
0
0
0
0
1
4
896
896
0
4
1
0
896
3
1
3
0
9
895
0
3
1
0
3
897
0
3
2
1
5
4
0
897
0
0
0
0
0
0
0
0
0
0
0
0
0
0
0
0
0
0
0
0
0
0
0
0
0
0
0
6836
0
0
0
0
0
0
0
0
0
0
6836
0
56
56
0
0
0
0
0
41
68
0
0
0
0
12
12
0
0
68
0
0
5
68
0
5
3
3
0
5
68
68
0
0
5
7
68
68
68
6830
2
68
0
68
3
68
0
1
0
0
6813
0
1649
788
83
415
3
1194
2
1541
1484
162
42
10
0
0
2461
175
412
0
1196
4
1204
204
554
10
21
1196
83
4
34
15
22
88
0
0
0
7
7
7
7
7
7
7
7
68
0
68
68
0
9
4
69
0
12
0
3
0
0
1
1
0
69
0
69
69
0
12
69
69
69
69
69
0
2
69
0
0
69
0
69
0
69
69
0
0
0
12
0
4
69
4
0
69
12
0
0
4
0
1
12
6832
0
0
4
0
6832
6832
0
6832
69
69
0
0
0
0
69
69
0
0
12
0
0
0
69
69
69
6832
6832
0
6832
6832
6832
6832
0
6832
69
83
12
69
69
5252
68
68
0
6832
0
0
67
6832
6832
6832
67
0
67
67
67
67
67
67
67
0
0
6832
6832
6832
0
67
16
6832
6832
0
6832
6832
6832
6832
6832
0
68
12
12
12
0
6832
6832
68
0
5
13
0
0
0
68
68
68
68
68
68
68
68
253
1
68
14
4
68
68
6832
5
0
0
0
7
4
0
68
0
833
1
136
5
0
2
175
832
18
86
7
7
1846
0
0
0
0
0
0
0
0
0
0
0
0
0
0
1
1
0
0
0
625
6831
6831
52
6831
0
0
6
6
7
7
7
0
0
7
7
7
5253
25
5253
97
0
5253
5253
5253
5253
5253
6831
6831
0
6831
0
0
0
105
0
101
2563
701
782
672
1160
6759
703
323
1159
0
0
6831
0
0
277
280
2561
2412
862
269
5
1155
6764
1
0
2560
732
307
168
85
1156
0
0
6
5253
253
0
1
950
950
0
0
950
950
950
1
0
950
0
951
951
0
951
0
5253
5253
5253
929
388
203
407
1150
363
745
490
609
669
0
812
1322
1117
187
28
648
386
52
1998
621
276
10
1149
0
3
1233
585
53
653
1
386
0
48
21
4
261
408
29
1153
0
5253
247
383
373
287
8
1149
3559
0
0
0
0
0
698
208
171
14
1150
699
1
2
348
289
0
1151
0
0
0
0
0
5253
5253
0
0
0
0
246
5253
5253
0
848
381
69
106
1
9
1139
0
0
694
382
259
411
0
47
0
0
695
0
361
385
1139
0
0
0
0
0
108
643
866
315
2
59
36
0
1
445
163
223
1
65
0
0
45
1994
351
706
610
3
1143
28
5253
0
0
5253
47
2546
851
250
65
1135
0
0
1
4
0
0
2546
816
240
53
658
24
1142
110
6830
2547
1
269
603
0
1133
1
0
0
0
5253
0
6
5253
0
0
254
951
951
0
6829
6829
6829
0
6829
6829
0
5
6829
0
0
7
0
950
0
5253
0
6829
6829
800
124
5
324
6829
6829
0
5253
4
950
5253
5253
6829
6829
0
0
6829
6829
254
5253
5253
5253
5253
0
0
0
6829
6829
0
0
1306
950
5253
0
0
6828
6828
10
0
0
6828
6828
6828
5253
0
0
254
950
5253
5253
0
280
0
6828
0
5253
5253
0
5253
0
5253
5253
5253
5253
6828
0
0
0
23
6828
6535
0
6829
0
6829
5253
254
0
5253
6829
280
0
5
12
619
1700
580
371
68
13
375
2420
1695
61
45
0
1116
109
0
2419
1744
323
644
1115
0
0
0
616
835
129
89
44
372
1
0
0
0
6707
0
16
0
0
6828
12
5254
5254
5254
5254
0
6828
6828
0
0
0
0
0
280
0
5254
5254
6829
1187
1338
305
520
8
359
6829
109
215
584
9
0
6830
0
0
6830
6830
6830
0
6830
6830
6830
5254
0
5254
6830
6830
6830
0
6830
0
0
5254
0
6830
6830
109
1325
2420
380
28
370
3
109
0
3751
5
2396
762
223
320
1084
108
6830
0
5254
105
12
0
0
0
5254
0
254
0
950
5254
254
0
6828
6828
6828
6828
5254
2
598
2145
198
184
357
20
367
661
1783
189
24
1074
0
6828
1
0
668
1554
93
35
1076
254
950
950
950
950
0
5254
6828
0
0
0
280
0
280
280
25
0
0
6827
0
950
950
950
280
0
240
280
0
6
950
2
0
6
0
0
0
0
0
6827
6827
595
878
274
366
660
1571
234
12
1509
6827
0
0
0
5254
5254
0
1176
765
339
220
0
801
660
291
386
188
1
1068
0
87
0
0
380
1
0
0
994
1517
16
61
133
292
2
1069
592
883
691
0
366
0
2
664
669
216
128
8
5
83
1176
45
26
627
354
368
1
5254
0
0
0
6826
5254
0
2392
588
176
638
4
40
1066
0
6825
5254
255
0
0
6825
0
6825
6825
4898
5252
5252
0
5252
5252
0
5252
5252
1301
255
2
0
6575
655
813
510
426
1059
0
2387
595
337
0
0
1060
0
64
470
360
0
125
3
115
668
1
0
6826
1327
78
102
650
41
45
360
6808
86
29
2
0
68
25
0
54
74
5252
5252
5252
216
51
6827
5252
5252
5252
280
280
6827
5252
0
2
653
363
68
148
1054
2379
555
96
7
3488
0
3
0
6826
0
0
6826
6826
6826
1
6825
0
0
120
650
355
289
227
1050
0
0
0
10
2371
1888
444
583
1047
0
7
85
48
24
1
54
576
611
9
630
356
0
0
88
0
286
0
0
0
650
1505
354
0
0
1051
0
950
950
1
35
1598
340
193
1100
0
36
338
12
329
110
37
0
35
4
0
0
0
573
776
370
615
274
0
0
1329
708
39
29
529
295
0
15
62
6821
0
5252
5252
0
5252
5252
5252
22
0
0
6
0
0
0
5252
0
5252
1325
641
659
191
476
1
794
6822
43
54
25
0
51
1306
0
5253
4899
5252
0
5252
5252
5252
5252
5252
5252
5252
0
255
0
55
1275
738
645
15
376
6822
1276
675
140
55
2
375
2351
2297
0
68
1037
1
14
21
1
0
0
0
107
107
646
350
539
339
3
42
1032
1
0
0
0
0
0
647
351
14
307
367
32
1033
1
568
1287
62
657
358
569
1268
618
23
359
6821
86
27
25
69
0
0
0
1
568
7
10
359
0
0
1694
358
0
0
569
51
18
53
11
361
0
0
6820
6820
0
0
0
0
0
106
568
170
49
382
0
9
361
10
6819
6819
0
105
1
6818
559
687
316
8
24
357
565
2451
512
2
360
1
0
6817
1
0
0
0
640
372
408
15
1015
6817
5252
5252
0
12
0
25
10
5252
5252
105
4899
5251
0
1127
0
0
87
110
11
254
0
6816
0
0
2
0
6816
6816
0
556
868
0
80
36
0
0
0
610
24
419
3
358
325
1791
311
615
1137
1351
1
391
2
425
0
0
636
342
240
233
1007
0
5251
216
6816
5251
255
505
0
199
10
314
3
1088
0
0
637
343
20
149
1004
0
0
6816
200
0
637
332
401
1005
0
1123
1162
55
45
364
310
0
0
5251
45
5251
5251
5251
5251
5251
0
6816
0
6816
6816
255
5236
6816
255
0
6815
5251
5251
5251
2
6815
0
104
637
343
391
5
1021
0
0
4
6831
877
55
44
530
21
365
0
6816
5251
5251
0
635
363
323
994
544
722
44
88
356
0
1684
12
242
544
1112
1685
1774
0
0
0
6847
2173
5
498
563
998
545
16
311
0
507
0
0
0
6816
6816
0
0
0
5251
5251
5251
0
0
5251
5251
56
59
2165
106
23
290
654
1
986
103
1
0
0
1830
532
467
258
166
0
1172
0
1802
502
259
41
14
1
0
1
7378
540
8
0
499
7
356
0
1
0
0
6816
0
2166
674
1070
0
298
2
9
289
0
0
5251
0
0
0
6816
0
0
11
632
17
1112
181
6
1
3
102
1
10457
1642
5
273
19
0
87
1
0
6
70
0
0
8
0
0
0
6817
0
790
755
14
6
351
0
792
724
9
0
352
0
0
5251
0
0
5251
0
5250
5250
5250
5250
5250
10
0
0
5250
5250
5250
0
629
338
16
0
981
630
0
447
312
21
982
0
620
781
115
982
0
1
6
287
386
16
2
3
5250
0
5250
529
775
397
10
352
6817
1
0
6817
0
0
5250
5250
6817
0
0
0
0
0
6817
6817
1
0
0
6817
1
0
0
0
520
785
361
343
347
0
0
30
2146
2150
215
541
103
102
1
0
102
620
337
276
963
0
1
0
1
0
103
0
902
24
22
326
728
973
1
1
0
0
0
515
86
22
343
6815
1093
164
631
507
310
1
1
518
1277
4
346
1
520
127
324
38
1
962
0
1
2
2
1193
73
0
643
6
1
0
4
162
759
0
43
0
3
0
521
1635
394
7
348
9451
0
615
136
0
42
0
25
0
25
4
105
6814
522
767
321
27
349
6813
0
306
98
175
15
44
6003
988
3727
265
0
743
8
0
124
10
270
34
711
6808
36
330
252
190
948
0
92
308
756
310
88
258
46
50
327
384
194
20
1155
1
0
1545
115
3
0
0
764
7
647
0
7739
2
2215
160
0
24
5
2
1
26
39
155
2
2193
0
766
253
29
0
311
4
367
392
414
15
51
433
305
182
5
3
313
1174
435
14
1
0
3
2
6
23
64
0
2
3
3
55
29
381
19
435
3
0
316
236
405
13
0
3
0
329
6
528
5
0
9
1
5
8
486
5
6
52
29
517
13
211
7
1712
1
0
385
460
397
0
3
6
30
3
0
0
112
320
275
86
0
2
5
658
16
652
65
101
6814
55
5
270
320
279
0
10
6815
6
6
38
325
279
89
12
11
6
5
0
52
6
12
1
328
309
1
5239
319
6
72
463
131
0
0
7
6663
321
626
661
0
0
8
1
5
1485
465
255
340
5
13
2
23
265
325
2
14
6
394
173
619
13
6713
323
516
271
10
10
2
15
23
7
103
1720
8
31
93
3
14
14
15
243
12
76
12
0
17
10
13
7
178
19
9
4
6
16
4
323
772
698
59
1
6
9
2
340
202
328
6
16
3
208
11
0
4
10
2
3
14
755
20
21
22
15
36
15
1729
12
17
110
0
23
24
15
31
3
0
15
0
6840
0
6840
0
8
0
6840
6840
6840
0
0
649
1
42
100
75
73
1
22
0
0
0
58
6840
3
0
102
6840
3
2
0
0
2286
1798
159
1
959
0
0
32
0
530
2365
4
652
360
6837
613
330
1100
167
102
956
2
2140
333
0
38
2
1
0
1
3
0
0
0
0
0
0
0
4
1
1
0
1
0
0
0
913
338
1
1
199
5
977
0
0
0
1
0
5250
5250
5250
153
5250
0
6829
6829
0
0
5250
6829
5250
133
255
5250
0
5250
0
255
949
25
0
25
25
25
25
25
25
25
0
25
25
25
25
25
25
25
25
0
5250
6829
1
1
0
0
0
0
5250
0
6829
6829
6829
6829
6829
0
0
0
0
0
1524
5250
5250
6829
5250
0
6829
6829
6829
6829
6829
0
6829
0
0
0
281
949
186
22
170
343
944
0
0
349
344
0
8
1091
293
474
495
560
293
0
0
2622
765
10
342
1123
1526
503
414
563
944
0
0
8643
0
146
518
1206
109
496
651
3
34
101
0
5250
5250
6831
0
6831
6831
0
0
6831
6831
0
6831
6831
0
10
5250
5250
5250
281
281
1
0
6
0
255
8
0
0
0
0
0
0
0
5250
0
0
0
5250
5250
5250
255
949
0
0
95
5251
0
6830
12
6830
0
0
0
0
0
0
0
0
0
0
6830
0
0
0
6830
6830
0
0
6830
0
445
382
417
200
36
909
135
596
326
274
0
911
42
1369
665
372
27
3
420
6718
597
327
287
327
209
912
508
743
614
8
352
510
1150
410
652
0
41
100
597
874
252
21
13
912
511
2
320
489
0
354
0
512
2310
55
355
0
0
2
1
302
417
5
2
0
0
6831
0
0
0
5251
0
255
0
0
0
0
949
0
0
6830
255
5251
53
6830
6830
0
6831
6831
0
6830
6830
0
0
6830
6830
6830
0
905
397
304
34
20
46
2321
334
69
342
364
0
43
3
2101
729
216
0
677
0
908
6830
6830
0
5251
0
0
6830
0
9
1
11
55
18
10
0
0
180
328
263
774
1168
255
949
949
0
950
950
950
950
950
950
950
0
0
0
0
81
0
25
5251
0
2386
102
343
0
95
4643
97
0
5252
0
6829
16
6829
2098
91
1075
137
9
1324
1075
236
464
2
6828
8942
500
2040
5
5
350
2011
594
298
321
902
0
595
0
338
328
7
903
5252
5252
5252
0
6829
0
0
6828
0
0
0
0
0
6828
0
0
0
101
1071
789
353
339
6
44
6828
591
279
291
31
1259
6827
42
716
730
165
894
0
496
772
92
6
61
349
6827
6827
5252
1375
177
345
14
42
348
590
330
55
4
893
0
2
0
5252
0
6827
0
0
120
589
329
1154
238
0
892
2081
737
278
12
87
103
1
90
202
1914
411
584
10
75
336
928
17
564
887
0
334
187
301
75
48
456
590
330
380
9
91
889
1376
948
570
102
1
0
0
559
1
310
3
652
57
584
2
592
14
21
360
894
558
3256
456
43
1329
0
45
894
0
0
41
556
103
462
891
1379
4
243
763
1
0
0
5252
199
6827
5252
0
0
97
5252
0
0
6827
0
5252
5252
5252
5252
0
12
0
0
0
0
5252
0
5252
6827
337
87
2
1
437
181
330
260
0
883
5252
300
0
950
950
0
6825
380
330
22
322
19
46
880
0
7496
122
735
48
295
721
17
458
1
1
0
0
1
20
5252
20
10
5252
5252
0
6822
6822
0
5252
52
0
0
6822
0
0
1063
1491
129
12
466
1
0
1406
2759
1133
208
575
869
495
1182
344
301
688
0
354
0
4
4
496
178
64
300
1
355
0
0
0
0
0
46
32
351
578
5
0
0
114
874
1843
402
270
31
869
149
77
1
292
3
0
1
585
326
331
274
489
23
868
0
0
256
12
0
0
0
6821
0
0
0
4
1
0
0
281
5252
0
6820
0
0
7
0
115
41
6822
0
0
300
0
0
6822
5252
5252
0
0
6822
0
0
0
6821
6821
0
16
0
6821
6821
0
102
0
0
487
0
294
488
1
352
52
1370
498
393
1775
0
1724
5252
0
0
6821
6821
0
0
6821
5252
5252
256
950
24
5252
512
293
300
333
187
1089
1045
4
20
20
6821
19
384
11
0
0
112
0
1
1
977
133
1529
12
5252
5252
5252
5252
0
0
0
1060
2050
395
858
1
0
101
6821
480
139
385
39
1151
351
0
100
5252
0
0
1
100
1058
714
287
17
1285
530
722
38
858
1
1
47
0
89
3
2
0
1
6821
6821
4
0
0
0
474
1381
172
879
345
0
1
6821
0
0
476
2393
610
0
58
107
345
6821
6821
0
0
2
1
0
1
0
0
6821
0
5252
0
0
0
0
6821
0
6821
0
0
748
342
12
851
6819
6822
6822
2
0
0
6821
5252
6821
6821
6821
5252
6821
6821
6821
0
0
5252
0
51
0
281
281
281
0
0
6821
0
0
6821
0
25
5252
6821
6821
0
6821
6821
6821
0
6821
0
6821
6821
0
0
0
0
6821
3
0
874
322
1
8
459
1
1244
0
0
5252
5252
9
9
0
0
0
0
9
5252
6821
5252
5252
5252
5252
5252
5252
0
0
5252
6821
2
0
0
6821
0
6821
6821
6821
5240
5252
4902
5251
127
52
0
0
6820
0
6820
6820
6820
6820
6820
6820
0
5251
0
0
6820
0
0
5251
5251
0
0
0
0
12
1
0
0
0
6819
6819
6819
5251
213
78
2
25
3
1
63
1244
726
780
638
1
1213
0
3827
0
0
1371
1311
393
276
449
339
1371
1441
494
339
0
0
0
0
0
215
5251
1203
1203
4
1
0
0
7
6896
778
455
272
386
1289
2
6817
255
19
274
725
336
0
150
195
3
187
3
105
1
0
338
270
355
899
6786
5251
0
13
6823
345
693
22
83
28
138
3
1
0
1
5
3
2
347
681
652
13
47
299
642
28
298
666
0
1000
165
0
0
0
0
148
0
20
27
0
64
19
0
31
129
663
0
561
82
14
226
0
818
1
354
24
86
1
30
0
323
18
237
0
162
1
322
57
84
4
1
86
371
220
300
2
99
365
0
847
545
1
51
0
42
139
316
149
508
81
105
157
150
1676
378
69
608
229
2
162
2
2177
511
47
2
173
151
49
1135
118
6
0
350
321
74
2
1
0
1
1
0
1
4
154
298
28
6
0
0
7
1
6
23
10
4
0
1
3
7
8
562
351
271
10
152
190
105
129
3
1
2
37
4
182
90
13
22
100
1
23
70
0
3
7
169
2
10
4
192
1075
4
180
4
4
3
337
318
0
8
2
0
11
8
129
16
15
1
0
0
1
1
2
83
3
2
2
0
1
5251
0
6832
0
950
0
0
6832
6
0
133
0
133
0
0
6831
6831
6831
1375
7
402
340
0
5251
5251
159
1315
394
68
203
1
813
6831
831
165
19
18
340
0
6831
0
1
184
147
1
4
341
320
1
10
439
964
0
24
572
341
5245
0
440
1152
283
107
0
342
1
1
1
112
747
18
50
1
0
1
4
0
0
1
3
0
442
1304
13
733
6
0
344
0
2
0
0
5251
256
0
215
0
0
25
0
872
40
313
234
259
0
9
795
1009
869
427
14
0
13
1484
0
97
1
0
0
1
0
437
231
506
494
341
0
6830
0
6830
547
20
280
144
789
97
0
437
26
643
276
554
82
341
0
3
1004
872
64
368
12
1
788
2
0
0
6830
281
0
280
1
5251
52
7
950
950
0
950
5251
5251
1002
0
155
13
1477
0
0
0
0
6828
6828
0
0
0
5251
5251
0
0
950
950
5251
0
0
0
0
6828
0
0
6828
0
6827
0
0
6827
0
1
97
329
542
1759
248
59
209
784
545
1
39
8
787
0
0
0
6828
257
6828
6828
6828
257
950
5251
0
280
743
401
56
15
1201
9
6945
484
243
554
10
782
84
0
937
3
11
0
0
0
2
0
96
1709
362
153
1128
403
470
336
422
5
963
1135
805
19
88
5
785
97
105
0
5251
56
0
257
0
0
1
1
0
0
6827
6827
5251
5251
0
0
0
6827
6827
6827
5251
0
6827
0
23
0
0
0
6827
5251
5251
5251
5251
5251
0
5252
0
0
6827
146
313
251
1
775
0
6827
5252
215
0
215
2
0
711
25
0
0
0
5252
5252
5252
0
0
257
24
0
5252
5252
6827
5252
5252
5252
5252
5252
5252
0
81
0
6827
2
2
2
6827
0
0
0
0
0
0
625
1
2
2
2
0
0
0
0
12
0
0
0
625
625
0
0
0
0
624
624
15
625
0
0
0
0
625
6825
0
625
625
0
5
625
625
625
0
0
0
624
625
0
625
0
0
0
0
5
0
5
6825
1810
1982
346
47
15
2149
3
625
0
625
0
0
2
625
0
0
0
1
76
0
0
624
624
624
0
0
6825
624
624
0
624
3
624
624
6825
0
624
0
0
624
6825
0
0
0
0
226
624
0
0
0
0
0
0
624
624
0
0
0
6825
624
0
0
624
0
0
0
6825
6825
0
0
0
6825
624
0
624
0
0
5
624
0
0
624
624
624
2
0
1
624
5
3
624
624
0
624
0
624
624
624
624
624
624
624
624
0
0
0
1
0
0
623
0
0
0
0
0
623
0
623
0
623
623
623
0
0
0
0
0
0
623
623
0
0
0
623
623
0
623
0
0
623
623
623
0
0
6824
623
0
0
0
0
0
6824
0
0
623
623
623
623
623
623
0
0
0
0
0
0
0
0
0
1
623
623
623
1
623
0
623
623
1
0
622
0
0
622
0
0
622
6824
622
622
6824
622
0
0
0
622
6824
622
0
0
0
0
0
6824
622
5
622
622
622
0
622
1
622
622
0
0
0
1
0
3
0
0
6824
0
6824
6824
6824
0
0
5252
6824
6824
0
6824
3640
622
622
0
5252
5252
17
17
17
17
17
17
17
17
17
17
17
17
17
17
17
17
17
17
0
0
0
0
30
30
30
30
29
29
29
29
29
29
29
29
29
29
29
29
29
0
29
29
0
29
29
29
29
29
29
29
29
29
29
29
29
0
6822
6822
0
6822
6822
0
6967
622
0
0
0
0
1
0
0
0
0
0
1
1
112
1
112
0
1
133
6822
0
8
97
0
0
0
96
63
16
66
133
37
37
37
16
63
4
65
64
37
79
66
0
0
0
6
6821
950
35
64
47
77
65
0
14
0
0
0
62
44
75
63
257
6
0
16
0
16
0
0
0
0
0
280
37
37
0
6819
154
6818
0
0
96
6818
6818
6818
0
257
950
37
37
0
0
0
257
950
37
37
37
0
0
0
0
0
2
0
2
2
0
37
268
36
133
0
16
0
3
39
79
44
0
0
49
80
62
1
1
0
1
85
0
0
0
0
0
0
0
0
0
0
0
97
0
97
37
37
37
37
37
0
0
37
37
257
0
6815
6815
6815
1202
60
73
0
257
2
14
0
0
59
4
69
62
60
73
63
0
0
0
0
0
6814
1202
6813
1
6813
0
0
58
105
134
134
0
0
1202
68
1
88
68
116
23
53
0
0
0
0
1
3
8
0
951
951
0
0
85
0
0
2
21
0
0
6813
280
280
6813
6813
6813
6813
0
0
6813
0
5
1
16
0
0
280
280
0
0
0
0
0
0
97
97
97
0
0
3
64
75
71
42
82
70
0
9
1
134
134
134
0
0
6813
14
16
0
6813
258
951
942
2181
14
0
2
4
41
69
60
1202
6814
0
6814
6814
37
37
6
134
134
0
0
0
0
257
0
37
53
54
46
67
58
32
69
1
80
79
16
6814
6814
6814
6
11
0
0
74
0
6814
0
134
134
134
0
0
51
53
60
52
0
0
6814
6814
0
47
2
57
41
96
5
57
73
14
0
49
0
0
0
1
0
1
1
0
1
1
3
2
3
0
3
56
3
3
5
1
48
0
5
0
4
0
0
0
2
3
7
8
0
1
1
1
6
5
5
47
0
0
3
0
0
37
49
6814
115
0
0
0
0
0
0
0
135
135
135
1
6
952
952
0
0
0
6814
0
257
1
0
16
16
0
0
0
16
0
0
0
0
0
0
0
0
2
0
0
0
36
36
36
36
36
36
36
0
135
135
135
21
21
1
21
0
0
51
135
135
135
135
135
6814
6814
0
6814
0
0
135
257
0
952
0
1
50
0
0
0
135
16
6
0
0
6814
6814
0
51
1
0
0
0
97
0
97
105
51
1
69
0
0
0
0
74
1
48
0
43
0
0
8
6814
6814
6
6814
6814
0
39
2
67
49
256
0
256
75
11
35
29
0
0
0
0
16
0
127
135
0
0
135
135
135
0
6814
1
0
1
300
0
0
0
0
0
256
312
4
135
0
0
36
12
47
37
37
2
55
49
39
0
0
6814
953
6814
6814
6814
6814
6814
6814
6814
6814
6814
0
135
0
0
4
74
37
37
3
68
0
38
49
39
127
0
6813
6813
6813
6813
6813
0
0
3
953
953
953
6813
6813
6814
1
53
0
0
0
0
8
8
0
8
0
8
58
2
70
60
0
72
62
0
52
0
2
22
2
2
6
1
1
0
18
8
0
0
61
18
3
0
2
83
5
3
3
0
18
1
39
0
0
0
0
39
0
0
39
0
0
0
6814
0
0
0
0
0
0
0
1
1
0
0
0
0
0
0
0
48
0
0
0
6814
0
6814
90
57
97
0
6
8
0
0
953
16
14
0
97
6
6814
0
6814
0
6814
6814
6814
6814
6814
6814
6814
6814
6814
0
0
6814
6814
0
97
97
0
97
0
97
97
0
98
0
0
279
952
0
0
0
0
133
0
0
0
51
0
4
0
0
0
15
0
0
0
0
15
0
257
14
257
0
0
0
15
0
11
0
0
0
1
0
404
30
245
44
0
753
0
0
0
0
0
0
0
0
0
0
0
1
0
0
0
0
214
22
167
949
341
0
1
0
0
0
0
0
0
0
6812
4
4
4
4
4
5252
5252
5252
25
5252
5252
5252
5252
5252
5252
5252
4902
4710
5250
5250
5250
5250
5250
5225
1
0
0
1
0
1
0
0
1
0
0
1
0
0
0
0
0
5250
5250
5250
6809
6809
6809
6809
0
6809
622
6809
622
0
0
0
415
6809
0
6808
6808
0
415
6808
6808
6808
6808
92
622
1
6808
6808
1
6808
0
0
622
0
0
6807
60
0
0
6807
622
6807
0
6807
0
0
0
6807
6807
6807
6807
0
0
6807
20
0
56
6807
6807
6807
6807
6807
415
0
6807
0
415
5222
6807
2
6807
91
6807
6807
0
415
6807
6807
6807
6807
0
6807
395
5439
0
6808
0
415
83
6808
0
0
0
0
0
0
0
0
0
0
0
0
0
0
0
0
0
0
0
0
0
6808
6808
6808
6808
6600
6809
6809
6809
6809
6809
415
415
6108
0
565
621
6810
6810
621
6810
1
0
0
0
6809
6809
6809
6809
415
6809
6809
0
0
415
6809
6809
2
6809
0
0
6809
6809
6809
0
621
0
0
0
621
6809
6809
6809
6809
6809
0
6809
0
0
621
214
3113
6808
0
621
6808
6808
6808
6808
6808
6808
0
0
0
0
0
0
0
0
0
5219
6807
6807
6807
6807
6807
6807
6807
416
2
0
6807
6807
621
6807
1060
6806
60
621
621
0
6806
6806
1
0
0
0
621
20
20
6806
0
0
0
0
0
0
0
0
0
4471
93
0
6807
6807
6807
6807
6807
6807
20
6807
0
6807
621
0
0
6806
6806
6806
6806
6806
6806
6806
6806
6806
0
0
6806
621
55
416
416
416
0
0
3
0
0
6806
6806
0
0
0
0
6806
0
0
0
0
55
0
6806
6806
621
621
6806
6806
416
68
0
0
0
0
0
6807
6807
0
55
6807
416
0
6807
6807
6807
6807
6807
416
6807
9
0
0
0
0
0
0
6806
416
60
416
6588
6807
4
6806
93
0
416
6806
0
196
0
0
0
0
0
0
0
0
6806
6806
6806
6806
6806
6806
6806
6806
416
0
622
622
6806
0
6806
6806
0
6806
0
1
1
6806
6806
6806
6806
6806
416
0
0
416
6805
0
6805
0
6805
0
0
0
5221
622
6804
0
0
0
0
0
0
0
0
0
0
0
0
0
0
0
6804
6804
0
6804
0
0
0
0
0
0
0
0
0
0
0
0
407
0
6804
6804
6804
80
6805
0
0
0
0
0
0
0
0
0
0
0
5663
6806
6806
4
0
6806
622
622
93
622
0
0
0
622
0
0
417
0
6806
0
0
0
0
0
6806
6806
0
60
417
0
0
0
0
0
0
0
0
4
93
0
6806
6806
6806
417
6806
6806
6806
6806
6806
6806
60
6806
6806
5220
1
6805
6805
6805
93
6805
417
0
6805
60
0
2
6805
6805
6805
6805
6805
0
6805
6805
6805
6805
6805
6805
6805
621
417
6805
6805
0
9
6805
6805
6805
0
93
6805
6805
6805
0
6804
6804
621
621
6804
6804
6804
6804
6804
0
0
0
0
0
0
0
6805
0
5
6805
6805
620
6805
417
6805
6805
6805
0
0
0
620
0
0
100
6805
6805
6805
6805
6805
6805
6805
6805
416
6805
91
1805
0
620
6806
6806
1
4
6806
6806
6806
6806
4
620
620
416
93
93
416
0
9
0
0
0
620
0
0
6806
0
416
0
0
0
0
0
0
0
0
6806
6806
0
91
620
6806
6806
416
0
620
6806
6806
60
0
0
0
0
0
0
0
0
0
6806
1
1
6806
6806
0
91
6805
6805
6805
620
91
20
20
416
6805
2
6805
6805
6805
6805
6805
6805
6805
0
620
6805
6805
6805
6805
6805
0
0
0
0
0
0
93
0
6805
416
6805
6805
6805
6805
6805
6805
0
0
416
6805
0
0
0
0
0
0
0
0
0
0
620
0
0
0
0
0
0
0
0
0
0
0
0
6805
0
0
6805
6805
0
60
6805
0
6805
0
619
6805
6805
6805
6805
0
416
0
6805
6805
416
6805
6805
90
6805
1
6805
0
1
6805
6805
6805
6805
6805
6805
6805
6805
619
6805
6805
6805
0
6805
0
6805
6805
6805
6805
6805
6805
90
0
0
6805
6805
619
20
6805
416
416
6805
6805
6805
6805
0
1
1
0
6805
6805
416
619
6805
6805
0
0
0
0
6805
6805
0
0
0
0
0
619
0
0
0
6805
6805
416
6805
6805
0
6805
0
619
6805
6805
60
0
0
619
0
0
0
0
0
0
619
0
0
0
0
416
0
0
0
0
0
1
0
0
0
0
1
416
6804
6804
6804
0
6803
0
5017
5
6804
619
416
416
6804
55
153
0
6805
0
6805
6805
416
0
6805
416
90
6805
0
6805
6805
0
6805
6805
6805
619
60
60
6805
6805
6805
6805
6805
5212
415
415
6805
415
415
6805
298
415
6806
6806
6806
6806
619
0
0
0
0
6806
0
0
93
0
6805
6805
6805
0
0
6805
6805
0
6805
6805
6805
6805
6805
93
6805
619
0
0
6805
6805
0
0
0
619
0
0
0
0
0
0
0
415
6805
6805
6805
0
0
0
0
0
0
0
0
6804
415
619
6804
6804
5208
0
0
619
415
415
415
0
6803
0
6803
6803
6803
6803
0
6803
6803
0
0
0
0
0
0
0
0
0
0
0
2
0
0
0
0
0
0
0
0
0
0
0
0
0
6802
6802
6802
415
415
0
6802
415
0
23
23
6802
6802
9
6802
6802
6802
6802
6802
415
0
6802
6802
93
619
90
93
5208
6801
619
619
0
0
0
0
0
619
0
415
0
6801
6801
0
619
0
6801
6801
6801
6801
6801
6801
619
5208
0
6799
6799
415
6799
6799
6799
5208
6798
5208
0
6798
6798
6798
619
6798
6798
6798
6798
6798
6798
6798
6798
6798
619
6798
6798
619
6798
6798
5209
6797
0
415
423
0
6
5208
415
0
0
0
0
2
0
619
0
0
6795
6795
6795
415
6795
6795
0
0
7
0
0
0
7
7
1
6794
7
7
7
0
7
0
1
7
0
8
0
619
0
6793
6793
87
6793
0
6793
6793
6793
619
6793
619
6793
6793
0
0
0
0
0
82
6792
0
6792
245
6063
6793
0
0
0
0
6793
0
0
0
618
6793
0
6793
415
87
4
618
0
0
0
0
0
0
1
0
0
0
6793
6793
6793
87
6793
6793
0
222
618
6177
0
0
0
415
6794
6794
6794
0
0
618
0
415
6794
0
6794
6794
6795
6795
6795
6795
6795
415
0
6795
6795
6795
6795
6795
31
6795
6795
0
6795
6795
2
0
6795
0
415
0
618
618
6795
6795
618
0
0
0
4
86
0
0
0
0
0
0
0
6795
0
0
0
0
0
0
618
0
0
0
0
0
0
0
0
0
0
87
0
6795
6795
415
6795
6795
0
6795
6795
11
11
0
618
6795
6795
6795
0
6795
0
0
0
618
0
0
0
0
6794
6794
6794
0
6794
34
0
0
415
0
6794
415
6794
6794
6794
415
0
0
0
87
6794
619
6794
6794
3
6794
6794
6794
619
87
6794
6794
0
6794
415
619
0
0
6794
0
6794
619
619
0
0
0
0
6790
6790
2
0
6790
6790
0
6790
87
619
619
6790
0
55
6789
619
6789
6789
6789
5202
0
619
6788
619
6788
6788
6788
6788
6788
6788
6788
6788
6788
28
120
4
6790
619
6790
6790
6790
6790
6790
619
0
5204
0
6790
6790
6790
6790
6790
415
6790
6790
6790
0
0
0
0
6790
415
0
6790
6790
6790
415
6790
6790
1
1
6790
619
6790
6790
335
0
0
0
619
0
0
0
415
415
23
0
6790
6790
6790
6790
415
6790
415
93
0
619
0
0
6790
6790
6790
0
0
0
6790
6790
6790
6790
6790
0
0
0
0
0
619
6790
6790
6790
342
6790
1
1
1
619
6789
6789
6789
416
6789
0
619
6789
6789
619
0
0
6788
93
416
416
416
87
6788
6788
6788
1
1
416
0
6788
416
0
6788
6788
0
416
0
6787
23
23
0
416
0
6787
619
619
0
0
0
0
0
0
0
6787
1
1
0
6787
6787
6787
6787
6787
561
0
6787
6787
416
6787
0
619
416
6787
6787
6787
6787
3
3
6787
6
6787
619
6787
619
6787
0
6787
6787
6787
6787
6787
0
6787
6787
6787
0
6787
6787
6787
6787
3
6787
0
6787
0
0
6787
6787
2
6787
607
0
6786
6786
416
6786
93
6786
6786
400
6787
6787
23
23
6787
416
0
0
6787
0
0
619
0
0
0
6787
0
619
0
6787
6787
6787
6787
6787
0
6787
6787
0
0
0
0
0
0
0
0
0
0
0
0
0
0
23
6787
618
6787
6787
6787
0
6787
6787
0
0
0
0
0
0
0
0
1
1
0
0
17
6787
0
0
0
0
505
6788
0
0
0
0
6786
5202
6785
0
0
0
6785
6785
6785
6785
2
6785
4
619
0
6785
6785
0
6785
6785
0
6784
6784
6784
6784
6784
619
6784
6784
6784
6784
6784
6784
6784
6784
6784
6784
6784
6784
6784
6784
6784
619
6784
6784
6784
6784
6784
6784
619
6784
6784
6784
0
6784
6784
6784
6784
6784
6784
6784
6784
6784
6784
6784
6784
6784
6784
6784
6784
0
6784
6784
6784
6784
6783
11
0
6783
0
6783
6783
6783
6783
619
0
0
0
0
0
0
6782
6782
6782
6782
0
0
416
0
6782
6782
0
1
6781
416
6781
6781
0
6781
619
416
6781
0
6781
0
6781
6781
6781
6781
6781
6781
6781
6781
416
62
5694
0
0
0
61
61
6782
6782
0
416
619
619
0
0
6782
6782
6782
6782
6782
619
0
6782
6782
0
6781
416
6781
6781
416
6781
6781
6781
6781
6781
6781
416
619
619
6781
6781
416
6781
4
6781
6781
6781
6781
619
0
0
6781
1
6781
0
6781
6781
6781
6781
86
86
6781
6781
1
1
0
6781
6781
2
6781
416
619
1
6781
416
6781
93
93
6781
0
6781
1
1
6781
0
0
0
0
6781
6781
0
6781
6781
1
1
6781
6781
0
619
66
6781
6781
0
6781
6781
86
416
620
6781
620
620
0
620
620
6781
0
620
6781
0
6781
6781
6781
0
6781
6781
6781
6781
6781
6781
6781
6781
0
6780
6780
6780
0
6780
6780
6780
6780
0
6780
416
416
6780
6780
0
0
0
0
416
0
0
1
0
2
620
0
6780
6780
620
416
6780
6780
6780
6780
6780
6780
6780
0
0
620
6780
620
5201
6779
6779
0
6779
6779
6779
0
86
6779
6779
93
93
6779
93
2
620
6779
5
6779
620
6779
6779
6779
6779
0
6779
6779
6779
416
6779
6779
6779
0
0
0
0
0
0
0
0
620
0
0
0
0
0
0
0
6779
54
6779
6779
0
6779
6779
6779
620
416
0
6779
5202
416
620
6778
0
0
635
0
6778
0
6778
6778
6778
6778
5203
6777
6777
4
6777
6777
6777
416
6777
6777
416
61
1
0
0
0
621
0
0
0
6777
23
6777
6777
416
416
416
0
621
6777
6777
0
621
416
1
6777
6777
1
71
11
6777
416
0
6777
6777
6777
6777
6777
0
0
6777
2
1
6777
6777
622
6776
6778
6778
6778
6778
6778
6778
622
0
0
6778
0
86
6778
6778
6778
86
416
6778
6778
6778
622
6778
6778
6778
6778
416
6778
0
6778
622
1
0
622
6778
93
416
11
11
622
6778
6778
6778
0
0
5205
6778
6778
6778
6778
0
0
622
6778
622
6778
0
0
415
0
6777
86
6777
622
0
415
622
0
5205
0
622
0
415
6776
6776
415
6776
1
1
6776
6776
0
415
1
1
6776
415
6776
6776
0
5206
415
6775
6775
0
622
0
0
6775
0
0
0
0
0
0
622
0
0
0
0
6774
338
6775
6775
6775
415
6775
6775
622
86
6775
6775
0
0
0
0
0
0
0
0
0
622
0
0
0
622
6775
18
18
6775
3
3
6775
622
0
6775
415
6775
86
6775
6775
6775
0
0
6775
0
0
0
6775
0
0
0
0
0
0
0
0
622
0
0
0
0
0
0
6775
6775
6775
6775
6775
415
0
415
6775
6775
6775
6775
237
6776
6776
6776
6776
6776
622
415
415
0
0
0
6774
6774
6774
415
0
6774
11
11
6774
6774
5204
0
0
6773
6773
6773
6773
0
622
0
6773
6773
0
0
6773
622
0
0
6773
0
6772
6772
6772
6772
6772
6772
0
0
6771
6771
6771
6771
0
0
0
0
0
0
0
0
0
0
6771
6771
0
205
6771
622
622
6771
0
6771
93
6771
415
0
6771
6771
86
622
0
6771
622
6771
6771
6771
0
6771
6771
6771
60
415
60
622
415
6771
0
6771
0
6771
6771
0
0
3
6770
6770
6770
6770
0
415
6770
6770
6770
6770
93
0
6770
0
6770
0
0
0
0
0
0
0
0
86
6770
6770
5202
6770
0
6769
6769
6769
18
6769
6769
61
6769
93
0
0
0
6769
6769
6769
6769
6769
6769
414
6769
6769
6769
6769
93
6769
6769
6769
6769
0
0
0
6769
6769
2
6769
6769
6769
0
0
0
0
0
0
0
0
0
414
0
0
0
0
0
0
0
0
0
6769
6769
6769
6769
6769
3
3
6769
6769
6769
1
1
23
23
0
414
0
621
0
0
518
6769
0
0
6768
87
87
87
87
87
87
87
87
87
87
87
87
87
87
87
87
87
0
87
87
6768
6768
414
6768
9
6768
621
6768
414
6768
6768
414
414
5195
6768
6768
6768
93
5195
0
60
60
414
0
6766
2
6766
6766
6766
6766
93
93
6766
6766
6766
414
0
0
0
0
0
0
6766
6766
6766
414
6766
0
6766
6766
6766
6766
5193
6765
1
0
6766
54
0
6766
0
6616
414
6767
6767
6767
6767
0
6767
6767
414
0
6767
6767
0
0
0
0
0
0
620
0
0
0
0
0
620
6767
6767
414
54
6767
6767
5192
6766
6766
414
93
6766
6766
6766
5192
6765
0
93
620
0
6765
0
0
620
0
414
0
6765
6765
6765
620
0
0
6765
3
0
0
6764
23
23
6764
6764
0
6764
6764
6764
414
6764
6764
6764
0
93
93
6764
1
1
0
0
0
0
0
0
0
6764
6764
414
620
0
6763
414
6763
620
0
54
0
93
6763
414
6763
6763
1
1
620
6763
6763
6763
54
6763
6763
6763
93
0
0
0
0
0
0
0
0
0
620
0
6763
4
6762
54
414
6762
0
6762
6762
6762
0
0
0
620
6762
0
6762
6762
413
0
413
0
0
0
620
0
0
0
6762
1
1
6762
413
6762
0
6761
6761
6761
6761
6761
413
413
413
6761
6761
0
413
54
0
620
413
413
6762
6762
6762
6762
413
6762
60
413
6762
6762
0
0
6762
6762
0
620
0
0
0
6762
0
87
6762
6762
6762
93
6762
6762
6762
93
0
6762
60
6762
620
620
6762
0
6762
413
6762
0
93
6762
413
6762
6762
6762
620
0
0
620
6762
0
0
6761
4
620
620
6761
0
0
0
249
6762
6762
6762
620
6762
6762
6762
6762
0
6762
6762
0
413
6761
6761
6761
6761
6761
6761
0
0
0
620
54
0
6761
413
6761
6761
0
620
0
0
60
6761
6761
1
1
5190
6760
60
6759
6759
413
0
413
6759
87
4713
6759
412
0
0
0
0
0
0
620
6759
6759
5188
6758
412
0
6758
6758
0
0
0
412
926
6758
6758
6758
0
0
6758
412
6758
0
0
0
0
1
1
6758
6758
6758
6758
0
6758
0
6758
60
60
6758
0
6758
0
0
6757
6757
0
0
0
0
620
0
412
620
0
0
6757
6757
6757
6757
0
1
1
6757
0
6757
0
412
0
820
6757
412
0
0
5185
6756
0
6756
0
0
0
0
0
0
0
6756
0
6756
6756
412
0
0
6756
23
23
0
0
0
0
0
0
0
0
620
620
0
411
411
2
411
60
620
411
6756
6756
620
6756
6756
6756
411
6756
0
6756
23
6756
6756
6756
0
6756
6756
6756
0
0
0
0
0
411
0
6756
6756
6756
6756
6756
1
6756
60
411
620
0
0
1
411
0
6756
6756
6756
6756
6756
6756
411
411
6756
0
0
6756
411
6756
6756
6756
1
1
0
0
620
0
0
6756
6756
0
6756
6756
411
6756
6756
6756
6756
6756
6756
6756
6756
411
6756
6756
6756
6756
6756
620
6756
6756
0
0
620
620
0
4
0
620
93
93
23
23
411
6754
6754
1
1
411
60
60
4
6754
6754
620
5
5
6754
6754
6754
0
0
6754
620
0
0
6754
6754
0
6754
6754
6754
6754
6754
0
53
6754
0
6754
6754
0
0
0
0
0
411
6754
1
6754
0
0
6753
6753
6753
2
6753
5
0
620
6753
0
6753
0
0
411
6753
6753
6753
6753
6753
6753
411
60
1
1
6753
6753
6753
6753
0
6753
6753
6753
620
0
0
6753
6753
411
0
0
411
5180
6752
411
86
6752
6752
0
0
0
620
0
0
0
0
0
0
1
0
6750
6750
6750
0
410
6750
6750
6750
410
6750
0
410
6750
6750
6750
6750
6750
6750
6750
6750
11
60
6750
93
0
6750
6750
60
60
6750
3
6750
0
0
0
0
0
0
620
0
0
0
0
768
0
0
0
6749
6749
0
0
0
621
6749
6749
6749
6749
18
0
6749
410
0
53
6749
6749
410
0
93
0
0
0
0
0
0
6748
410
1
6748
6748
1
6748
6748
0
0
0
6748
6748
410
0
6748
6748
6748
86
6748
0
1
410
352
1
6748
6748
0
6747
0
6746
6747
1
1
6747
5179
6746
6746
0
0
5179
6744
86
621
6744
6744
621
6744
6744
6744
6744
6744
621
621
0
6744
818
0
6744
6744
622
86
6744
6744
6744
622
6744
0
93
6744
6744
6744
0
6744
6744
6744
410
6744
6744
0
0
6744
6744
0
6744
971
6
6745
0
6745
622
622
0
410
6745
410
622
0
0
6745
0
6745
6745
93
93
1
410
6745
0
622
0
0
0
0
6745
0
6745
6745
6745
6745
6745
410
6745
6745
6745
6745
622
622
0
0
6745
93
0
6745
6745
6745
0
622
6745
0
6745
6
0
622
0
6744
410
6744
0
0
0
6743
6743
6743
6743
0
6743
6743
410
6743
6743
0
6743
0
93
93
6743
0
0
0
0
0
0
6743
6743
6743
6743
6743
410
6743
0
6743
6743
84
6743
0
6743
6743
0
6743
6743
6743
0
0
0
0
0
0
622
8
6743
1
6742
6742
6742
0
6742
6742
6742
6742
6742
6742
0
6742
6742
6742
6742
3
6742
53
6742
93
6742
6742
6742
6742
6742
0
0
0
6740
622
0
0
6740
410
0
303
6741
6741
53
6741
93
6741
6741
6741
6741
0
6741
0
622
0
93
356
6741
6741
6741
0
93
93
0
84
410
6741
6741
0
622
6741
6741
6741
6741
6741
6741
60
622
0
6741
6741
0
0
0
6740
6740
0
0
0
0
0
0
0
0
6740
621
0
0
93
0
6740
6740
6740
0
0
0
0
0
0
0
0
0
0
0
0
0
0
0
0
0
0
0
0
0
0
0
0
410
6740
53
0
0
0
6739
410
5172
6738
0
0
1116
0
93
620
6739
93
93
93
0
6739
11
0
6738
0
6737
5172
6737
6737
6737
6737
1376
410
53
3
6738
4
620
6738
6738
0
6738
1
0
0
0
0
0
0
0
0
0
410
0
18
6737
6737
6737
6737
132
6737
0
18
18
6737
6737
6737
6737
6737
6737
410
410
410
410
6737
6737
6737
0
6737
92
0
6737
6737
410
0
0
0
0
620
0
0
0
0
0
6736
6736
6736
6736
6736
0
620
6736
6736
6736
92
6736
6736
6736
6736
6736
6736
6736
6736
6736
6736
0
620
0
0
6706
410
410
6737
0
1
1
6737
0
0
0
6737
6737
410
0
0
0
0
0
0
6737
6737
6737
6737
6737
1412
6738
0
0
620
0
0
0
218
60
6738
6738
410
620
3
6738
6738
0
6738
6738
410
0
0
6738
6738
6738
0
6738
6738
0
6738
2
0
60
60
6738
0
6738
6738
0
6738
0
60
60
6738
6738
6738
6738
0
6738
6738
620
6738
3
6738
6738
620
1
6738
6738
6738
6738
6738
410
6738
6738
6738
0
620
0
0
6738
2
0
675
0
0
0
0
0
0
0
620
0
174
0
620
6738
6738
6738
6738
6738
411
411
208
411
0
5164
411
411
84
6737
0
6737
6737
6737
6737
6737
411
6737
0
6737
6737
6737
619
0
619
18
18
6737
0
411
619
619
0
0
0
6738
6738
6738
6738
6738
6738
6738
6738
6738
0
6
6737
6737
0
619
0
411
411
0
6737
6737
6737
6737
411
6737
6737
0
411
1060
6738
6738
6738
0
6737
6737
6737
6737
6737
6737
84
84
411
0
6737
1
1
6737
6737
1
6736
6736
6736
6736
6736
6736
6736
1
1
6736
0
6736
6736
619
6736
6736
6736
6736
6736
6736
6736
6736
6736
0
411
60
619
6736
6736
18
60
60
6736
6736
6736
1
1
1
1
6736
619
6736
619
84
655
5163
6736
0
0
0
0
0
411
6735
0
6735
0
6735
6735
6735
0
6735
6735
6735
0
3
0
6735
619
1580
0
619
6737
6737
619
0
0
619
6737
6737
6737
0
619
0
6737
92
92
6737
60
60
619
6737
411
6737
0
6737
619
6737
6737
6737
0
0
0
0
6737
6737
6737
6737
411
6737
6737
0
0
11090
411
6737
6737
83
5162
6736
411
0
411
6736
6736
6736
0
619
6736
6736
619
6736
6736
6736
52
5162
6736
0
411
6736
6736
6736
0
0
6736
6736
83
23
411
1
1
6736
6736
6736
7
6736
6736
0
0
411
411
6736
6736
6736
0
0
619
411
6736
0
0
619
619
6736
411
0
6736
6736
6736
5162
6735
6735
60
6735
6735
60
6735
6735
0
0
0
0
0
0
0
0
6735
6735
411
0
411
6735
6735
6735
411
6735
6735
6735
6735
6735
6735
0
1
6734
6734
6734
6734
0
6734
411
6734
5160
6733
6733
6733
411
0
1
1
619
0
6733
0
0
6732
0
6732
0
619
6732
411
6732
6732
411
6732
6732
2
6732
619
0
0
411
6731
6731
6731
18
5159
6729
6729
411
0
411
0
619
0
0
411
411
0
20
6729
4
6729
3
0
0
0
6728
6728
0
6728
6728
6728
1
6727
60
619
6727
6727
6727
6727
6727
411
0
6727
0
6726
6726
0
411
6726
92
0
0
0
0
0
0
0
0
6725
6725
6725
6725
6725
6725
6725
411
171
6725
0
6725
1
1
60
1
6724
6724
6724
411
0
6723
6723
6723
6723
1
1
0
0
0
0
0
0
83
6723
6723
92
92
0
0
5157
0
6721
6721
51
6721
3
0
6720
411
11
11
0
0
6720
6720
411
411
1767
6721
0
6720
6720
6720
0
0
0
0
0
0
0
0
0
0
0
6720
6720
6720
6720
619
6720
6720
6720
6720
51
6720
6720
397
6721
6721
6721
6721
411
115
0
6721
6721
6721
6721
6721
6721
411
6721
6721
6721
6721
6721
6721
6721
6721
0
0
110
6720
6720
6720
83
6720
6720
411
411
6720
6720
6720
0
6720
114
92
6721
0
6721
6721
6721
6721
6721
0
0
0
0
0
620
0
0
0
0
6721
6721
6721
6720
6722
6722
6722
6722
0
6722
410
0
6722
92
6722
620
6722
6722
6722
6722
0
0
0
0
0
410
6722
0
0
0
0
0
0
620
0
0
0
620
0
0
0
0
0
0
83
6722
0
0
0
0
0
0
0
0
0
0
0
0
0
0
0
0
0
3
6722
6
410
6721
6721
6721
6721
6721
6721
6721
6721
6721
1
6721
0
410
6721
6721
6721
6721
0
0
6720
6720
6720
6720
0
5155
410
5
6718
0
0
82
0
6718
6718
6718
0
6718
410
82
0
0
6716
6716
2
0
0
1
6716
1
1
1
6716
0
212
0
0
0
6716
6716
6716
6716
6716
444
6717
6717
6717
6717
0
0
0
0
0
0
0
0
6717
6717
6717
6717
6717
6717
0
0
6717
0
6717
621
621
0
6716
6716
6716
410
410
410
6716
6
410
6716
6716
6716
6716
6716
6716
6716
410
0
0
0
0
0
410
6715
6715
410
0
410
60
0
6715
6715
6715
0
410
0
0
0
621
0
0
0
0
0
6715
0
0
5153
0
6715
6715
410
0
619
0
6715
6715
6715
6715
6715
92
6715
6715
6715
0
6715
410
6715
6715
92
6715
6715
0
82
6715
6715
6715
6715
6715
6715
6715
0
0
0
0
0
0
0
0
0
0
0
0
0
82
6714
6714
6714
92
619
1
6714
1
1
0
6713
410
6713
6713
0
6713
821
6714
410
0
6714
0
6714
6714
6714
324
6715
6715
51
410
4710
0
0
0
0
619
0
0
619
6714
0
0
0
0
6714
6714
0
0
0
0
0
0
0
0
0
0
0
0
0
0
0
0
0
0
0
41
257
0
6714
6714
83
6714
6714
6714
0
0
410
6714
620
6714
6714
6714
620
410
6714
6714
6714
6714
6714
1147
6715
620
0
620
6714
0
6714
6714
0
0
0
0
0
0
0
0
0
0
0
0
0
0
0
6714
6714
0
6714
6714
0
0
0
6714
6714
6714
6714
6714
6714
410
0
6714
6714
6714
0
410
6715
6715
6715
6715
6715
6715
0
0
0
0
2
0
0
0
0
0
0
0
0
0
0
0
0
0
6715
6715
0
6715
92
92
6715
92
6715
6715
0
0
92
6715
0
620
6715
51
6715
6715
620
0
6715
0
0
620
6715
1
1
3
681
6716
0
0
6716
0
410
2
6716
6716
410
1
1
6716
410
0
0
0
0
0
0
0
0
0
0
6716
620
6716
620
6716
92
92
410
6716
0
6716
1
6715
6715
0
6715
6715
1
6714
6714
6714
0
0
6713
6713
0
6713
0
0
620
0
0
0
0
0
0
0
0
0
0
0
0
0
0
6713
6713
410
0
0
0
0
0
0
620
0
0
0
0
0
0
6713
6713
6713
6713
410
0
410
620
0
0
6713
0
0
0
6713
410
1
6713
1
6713
6713
0
410
6713
0
620
0
410
6712
6712
6712
410
6712
15
0
6711
6711
6711
0
0
0
620
0
620
0
0
6711
0
0
410
6711
6711
410
6711
410
0
0
6711
0
6711
6711
0
0
6711
6711
60
410
410
6711
6711
6711
6711
6711
0
0
619
0
0
6711
0
0
619
0
0
6710
6710
6710
6710
6710
410
6710
6710
6710
6710
6710
6710
6710
6710
6710
410
410
6710
6710
6710
6710
6710
6710
6710
619
619
619
410
6710
6710
6710
1
1
410
0
0
0
0
0
619
0
6710
6710
619
6710
50
6710
0
0
619
0
0
6710
4
6710
619
0
6710
6710
6710
6710
6710
5151
0
6709
6709
0
6709
6709
0
6708
512
0
6709
409
6709
92
6709
6709
0
1
0
0
0
0
0
1819
6710
0
0
619
0
0
6710
619
619
6710
83
1
6710
6710
409
6710
6710
0
0
0
2
9
2
9
9
9
9
9
9
0
9
9
9
0
6710
0
0
0
6708
6708
6708
6708
6708
6708
409
0
23
23
6708
6708
6708
409
60
6708
3
6708
619
0
6708
6708
619
6708
6708
6708
0
409
83
409
0
619
6708
0
0
0
1536
6709
6709
6709
6709
6709
6709
6709
409
3
1315
50
6710
6710
6710
6711
0
0
6711
5148
6711
6711
83
1
6711
409
0
92
6711
6711
0
6710
0
409
6710
6710
1
1
0
0
60
6710
92
92
60
83
0
0
409
2
6710
409
409
6710
6710
0
0
0
0
619
0
0
0
0
0
0
0
0
0
0
0
0
0
0
6710
6710
618
0
6710
6710
6710
0
6709
6709
6709
409
0
6709
6709
6709
5149
618
6708
5149
6707
1
0
6706
409
6706
6706
6706
313
6707
6707
3
6707
409
6707
0
6707
6707
0
205
0
0
0
0
0
0
0
0
0
0
0
6707
0
0
0
0
6707
6707
6707
6707
6707
6707
1
0
0
0
0
0
0
0
0
0
0
0
0
0
0
409
83
6707
618
0
5147
5147
618
0
0
0
2
0
0
6703
1
0
60
2
6703
50
6703
6703
6703
6703
6703
6703
6703
6703
83
6703
6703
7
6703
0
618
618
6703
6703
6703
6703
618
618
6703
0
92
6703
6703
6703
6703
6703
6703
0
409
6703
618
409
6703
6703
0
6703
6703
409
6703
0
409
6703
0
6703
409
0
6703
6703
6703
6703
6703
0
6703
288
6703
0
4708
619
0
619
409
1802
6703
0
6703
6703
6703
619
409
409
619
6703
6703
6703
0
18
6703
619
0
0
0
6703
6703
6703
6703
6703
619
6703
6703
6703
6703
6703
6703
0
0
0
619
0
0
0
0
0
0
92
92
6703
968
6704
6704
6704
6704
6704
6704
6704
0
409
6704
6704
0
6704
6704
6704
0
6703
6703
409
6703
0
0
0
6703
619
6703
2
0
205
6703
92
92
0
6703
6703
5149
6702
0
0
6702
0
6702
619
6702
6702
0
0
409
0
0
6702
0
0
409
6702
5148
1
1
0
5148
6701
6701
6701
6701
409
6701
409
6701
2133
5147
409
6701
6701
619
0
409
6701
409
6701
6701
6701
0
77
0
6701
6701
6701
0
619
0
0
6701
619
6701
6701
6701
6701
6701
6701
0
6701
6701
6701
0
6701
0
619
0
0
0
6701
619
6701
60
0
0
619
408
0
408
6701
92
0
6701
6701
0
6701
619
0
6701
6701
92
92
6701
0
6701
6701
6701
6701
6701
6701
6701
5149
619
0
6700
408
6700
0
0
0
0
619
0
0
0
0
0
0
408
6699
6699
6699
6699
6699
6699
6699
6699
6699
6699
6699
6699
92
408
6699
6699
3
6699
6699
619
408
6699
6699
23
23
0
6699
408
6699
408
619
6699
6699
6699
6699
6699
408
0
6699
92
6699
619
6699
6699
619
408
408
6699
619
6699
408
6699
6699
6699
6699
6699
6699
5149
6698
6698
6698
6698
0
0
0
1
6697
6697
1
6697
6697
6697
6697
408
60
6697
6697
60
6697
0
619
50
619
60
60
0
0
0
0
0
0
6696
0
5147
6696
6696
6696
6696
6696
2310
6697
6697
6697
6697
6697
6697
6697
6697
0
408
6697
6697
6697
619
619
4
619
5250
5250
5250
5250
5250
619
619
6696
0
1
0
0
65
0
0
1018
1037
113
112
680
6034
0
0
619
580
620
0
0
0
620
0
0
6697
6697
6697
0
620
620
620
1
0
620
620
0
1
0
619
206
0
0
618
618
618
618
618
618
0
618
0
0
0
618
0
0
618
0
0
6696
0
618
618
6696
618
0
618
0
0
0
0
0
618
618
618
0
0
0
618
618
0
618
618
618
0
0
618
618
0
618
6696
0
0
618
618
0
618
618
0
0
2
0
6695
0
0
618
618
618
618
0
618
618
6695
618
3
618
618
618
618
0
618
618
618
618
618
618
618
618
618
618
618
6695
618
6695
0
618
618
618
6695
0
617
617
617
617
6695
617
617
0
0
0
6695
617
617
617
0
0
617
6695
6695
617
0
617
617
617
0
617
617
617
617
617
617
617
0
617
6695
0
617
0
617
6695
1
6695
0
0
6695
6695
6695
6695
6695
6695
6695
6695
6695
6695
6695
6695
6695
6695
6695
6695
6695
6695
6695
4
6695
6695
8
6696
6696
0
6696
6696
6695
6695
6695
6695
6695
6695
4
0
0
22
22
0
0
22
22
3
0
0
0
0
4
0
22
0
0
0
0
52
2672
6692
52
62
64
52
64
0
0
0
52
0
0
0
0
64
0
0
0
52
0
53
0
63
53
0
0
0
0
53
0
0
1
63
1
1
63
0
0
0
0
63
63
0
52
52
0
52
63
0
0
0
52
0
0
52
0
63
0
0
52
0
0
0
52
0
0
0
63
26
0
0
0
0
0
0
63
52
0
63
6691
0
52
0
62
2
1
0
203
0
0
0
0
62
0
52
0
52
0
2
52
52
0
0
62
0
0
0
62
3
0
0
0
0
0
0
62
0
0
51
51
0
62
2
0
1
0
174
2
0
0
62
51
0
0
51
62
0
0
51
51
51
0
62
0
51
0
0
0
0
0
51
51
0
0
0
24
0
0
0
52
62
1
0
62
0
52
62
0
1
52
1
0
0
0
0
0
0
0
0
0
1
0
0
0
0
0
0
0
1
0
0
0
0
0
159
0
54
0
0
0
0
0
20
0
0
54
0
0
54
54
0
54
54
0
0
0
51
51
54
0
0
0
0
0
0
0
0
0
51
51
0
1
51
0
0
51
0
0
2
51
0
54
51
0
0
0
21
13
22
22
4
0
4
22
4
2
22
22
22
0
10
23
0
0
23
3
0
0
0
51
0
0
51
0
0
0
0
0
54
0
0
0
51
51
0
0
54
0
0
0
0
1
0
1
52
0
51
0
2
0
55
2
40
0
0
0
0
0
0
53
0
0
0
0
0
0
0
10
73
103
0
174
76
0
0
0
41
57
43
0
0
0
0
0
0
0
0
0
0
0
0
49
0
50
0
0
0
0
0
0
0
0
0
0
0
0
0
0
0
0
0
0
0
0
0
0
0
134
0
0
0
134
0
0
29
0
43
51
135
0
1
0
0
0
51
51
43
157
0
0
43
0
0
0
23
0
0
0
23
23
0
23
0
23
0
0
23
0
0
0
0
0
0
0
0
0
0
0
0
0
0
0
0
0
0
0
6690
0
0
0
0
0
3
3
3
0
0
0
0
6690
6690
0
6690
0
408
0
6689
0
6689
6689
408
0
0
5
6687
6687
6687
6687
6687
92
408
1
0
5
5
6686
408
408
0
82
408
1
6685
0
6684
2
6684
0
6684
6684
98
2
2
7
6684
6684
408
408
0
2
8
8
0
8
0
2
8
8
2
0
8
0
8
8
8
5129
407
6684
0
5129
6684
0
407
1
6683
1
5
6683
0
6682
0
6682
5
407
407
1
407
5
82
82
6682
0
0
82
82
0
407
407
407
6681
2
82
6681
378
617
617
617
617
617
617
617
617
617
617
617
408
408
408
408
408
0
0
6680
5250
0
0
0
1
0
0
6680
6681
6681
6681
6681
6681
0
6
0
0
0
6
0
952
952
0
0
0
98
5250
1306
11
4
17
0
105
440
0
440
440
440
440
0
0
0
952
952
952
0
952
952
0
127
0
0
3
257
8
952
952
6679
0
6679
48
6679
48
279
0
0
1306
1306
1306
1306
1306
1306
1306
6679
6679
28
0
23
0
23
23
0
1
5250
6679
28
0
0
0
0
427
411
41
230
727
1
0
6679
6679
0
0
438
301
474
55
735
0
0
414
299
254
470
719
0
0
0
0
0
430
304
530
333
9
730
0
272
311
282
293
729
0
0
0
360
7
263
13
602
0
6679
6679
0
0
0
0
0
0
219
0
264
0
598
0
1
0
0
0
0
0
17
87
647
11
388
743
0
0
19
40
65
288
0
12564
109
1208
2
9
324
723
0
0
173
299
3
12
11
558
58
81
0
0
0
880
311
68
219
469
646
279
0
279
952
6678
0
0
953
0
953
6678
0
0
2
5
0
0
3
0
440
440
440
440
440
0
1306
1306
1306
1306
1306
1306
1306
1306
1306
1306
1306
1306
1306
1306
1306
1306
1306
1306
1306
1306
1306
0
279
279
279
279
279
5250
257
0
440
0
356
264
1128
0
808
7
0
0
3
440
0
0
0
279
61
0
440
0
0
120
0
120
0
5250
440
440
440
440
440
440
440
440
440
440
440
0
0
440
0
0
0
5250
0
0
440
0
0
0
0
6678
763
0
0
0
955
955
955
0
955
955
955
955
708
955
955
0
955
955
1306
0
1306
1306
1306
1306
1306
1306
1306
1306
1306
1306
6678
708
0
955
0
1306
1306
0
1306
1306
1306
0
1306
1306
1306
0
105
105
127
127
0
127
0
127
0
0
6678
440
440
440
440
0
440
0
6
6
6
1306
1306
1306
1306
1306
955
955
955
955
0
61
955
955
0
954
956
0
956
956
0
956
61
956
62
956
2
0
956
0
106
0
0
0
0
0
0
127
0
0
440
440
3
440
0
440
0
956
956
956
956
3
0
0
0
0
0
0
6676
6
6
6
0
0
52
1306
958
0
1305
1305
1305
0
1305
1305
1305
5
225
957
279
279
279
440
5250
1305
1180
1306
2
5
0
5250
440
0
0
10
10
1
0
5250
257
957
957
949
958
958
958
958
958
958
958
0
958
0
958
0
0
0
440
440
440
0
440
440
6676
6676
0
440
440
440
440
440
440
440
5250
0
0
127
0
0
0
127
0
1
0
0
0
0
23
257
958
2543
957
0
63
957
957
957
957
0
957
0
0
4
0
23
440
5250
6674
10
6674
0
0
279
279
279
279
279
279
279
0
439
439
439
439
439
439
439
439
439
439
439
0
0
1
0
0
0
5249
5249
0
0
0
0
0
0
0
0
0
0
5248
0
0
0
0
257
957
0
20
0
1306
1306
1306
1306
1306
1306
1306
1306
1306
1306
6658
210
0
106
0
127
0
0
106
1306
1306
0
1306
0
1306
1306
1306
1306
1306
0
1306
1306
1306
388
4
127
127
9
0
6673
0
439
257
26
0
257
0
957
5248
257
9
0
0
0
0
0
74
127
127
0
0
0
439
439
0
0
439
439
1306
1306
5248
5
5248
5248
5248
5248
0
63
0
63
957
957
0
132
0
439
6672
6504
439
0
439
439
439
439
0
5
0
0
0
257
957
707
957
0
957
957
0
62
957
957
957
957
0
957
0
4
0
0
0
74
4
127
0
1306
1306
1306
0
5248
1306
0
439
0
439
439
439
9
0
74
0
13
74
0
439
74
663
1306
1306
1306
1306
1306
6673
5
0
792
0
279
279
279
279
14
5248
6673
1306
1306
1306
1306
1306
1306
1306
1306
1306
1306
1306
1306
1306
1306
1306
0
0
1306
1306
1306
1306
0
26
0
120
120
120
120
0
439
0
439
0
0
439
0
439
439
439
439
0
0
0
0
0
0
0
0
0
0
5248
4900
5248
5248
5248
5248
5248
5248
5
0
0
0
792
50
0
0
50
0
0
1306
1306
1306
1306
1306
1306
0
1306
1306
0
1306
1306
1306
1538
7
1306
1306
1306
1306
1306
5248
6
0
1537
1306
1306
16
1306
1306
5
5
0
0
0
5
1306
439
0
0
120
120
120
120
120
0
120
120
120
0
5
1306
1535
1305
1305
1305
1535
1304
1304
1304
0
1304
1304
957
0
301
0
279
279
301
0
439
278
957
0
6
278
6569
957
957
957
957
8
0
74
0
0
0
74
74
0
0
0
0
50
0
50
74
5
9
45
0
45
0
0
0
0
257
957
957
957
957
957
6669
6669
6669
6669
6669
4900
5247
0
0
0
0
0
106
2
0
0
1
1
0
0
45
0
0
0
45
0
0
0
257
0
957
957
957
0
0
2542
956
956
0
0
106
106
0
0
5
5
5
0
0
0
0
0
0
5
0
0
0
0
0
4
0
439
0
439
0
439
439
439
439
439
7
0
0
127
791
5
2
0
0
0
120
20
1304
1304
1304
0
1304
1304
1304
1304
1304
0
120
120
0
20
14
106
1
439
1200
6665
5247
5247
257
0
956
956
0
956
0
2
0
956
956
956
0
956
956
0
0
5247
0
0
1304
1304
1304
1304
1304
1537
1303
1303
1303
1303
1303
0
5247
1303
1303
1303
1537
1302
0
7
1
10
10
1302
1302
1302
1302
1302
0
8
257
956
0
0
956
278
956
956
0
955
955
955
955
278
955
1302
1302
1302
0
1302
0
1302
1302
1302
1302
1302
1302
1302
1302
1302
1302
1302
0
439
0
1302
1302
0
1302
0
257
0
3
0
955
955
955
955
955
955
955
955
955
955
0
0
1302
0
278
0
439
0
0
0
1302
0
48
48
48
48
48
439
439
1
1302
278
28
1302
1535
278
278
955
955
955
0
704
0
0
0
1302
0
0
439
1302
8
1302
0
1302
1302
439
1302
48
48
48
48
48
48
48
48
48
48
0
0
0
439
0
14
14
0
14
0
0
14
14
0
0
14
14
6576
1302
28
0
45
0
7
0
0
0
28
45
62
11
439
1302
0
3
1302
0
1302
0
0
74
439
0
5
1302
1302
955
6662
0
1302
1302
1302
1302
1302
1302
1302
28
0
0
13
439
7
0
0
278
1303
0
125
0
0
6662
1303
0
0
1303
11
1534
28
1302
278
278
278
0
1302
0
1302
0
1302
955
1
0
23
1302
0
0
0
787
1303
955
0
439
0
0
0
955
62
0
439
0
0
6
0
8
1303
11
1303
0
0
62
0
1303
1303
1303
9
6661
6661
1303
0
0
439
0
5
439
1303
0
0
1303
8
660
0
0
0
10
0
45
258
0
0
0
1303
1303
1303
28
7
6
1303
0
0
1303
28
787
258
0
1303
1303
1303
1303
1303
1303
1303
1303
1303
0
1303
1303
1303
1303
1303
1303
1303
1303
1303
0
6661
0
74
0
1303
1303
1303
1303
1303
1
1304
1304
1304
1304
1304
4900
0
0
258
8
955
955
955
955
955
955
955
0
0
955
955
0
955
955
955
955
955
2
956
0
0
956
0
5245
0
1304
1304
1304
1304
1304
1304
1304
1304
1304
1304
1304
1304
1304
1304
1304
1304
1304
1304
1304
1304
0
1304
1304
9
120
120
120
120
0
6660
0
98
1
1
258
439
439
439
0
5245
124
0
0
6
106
258
956
1536
1304
1304
16
1304
16
1304
16
16
16
16
0
0
0
3
0
1304
1304
0
26
258
62
0
956
0
956
152
151
957
0
0
74
0
0
1
957
6660
6660
1
439
439
258
957
783
0
1
1
0
0
0
0
0
0
74
0
74
74
0
0
783
0
120
0
120
6
1304
1304
1304
1304
1304
1304
0
1304
1304
1304
1304
1304
1304
2
0
0
120
120
120
0
6657
0
48
48
6657
48
48
5245
5245
258
957
0
957
957
0
957
957
1
957
957
957
957
957
0
5245
5245
278
278
278
0
278
278
278
278
278
278
0
0
120
20
0
439
439
439
439
439
439
439
439
439
439
439
439
312
438
438
1
5245
0
0
3
6654
0
6654
6654
6654
6654
6654
6654
1200
6654
6654
6654
6654
6654
6654
6654
957
0
6654
6654
0
6654
0
6654
6654
6654
1304
1304
1304
1304
1304
1304
1
0
0
0
782
0
0
0
0
0
1
1
1
0
2
23
0
0
0
74
5245
5245
0
3
0
0
0
0
0
2
3
1304
1304
1304
1304
1304
1304
4
0
1304
1304
0
438
3
3
1304
1304
1304
1304
1304
1304
1304
1304
3
1304
0
1304
0
0
1304
7
6
0
2
7
0
7
0
106
0
0
123
782
0
258
957
957
957
957
6653
2
1304
0
5245
5245
0
0
2
0
106
106
123
0
0
0
6
106
0
2
123
0
0
106
0
123
0
2
0
106
0
123
0
0
13
781
0
9
0
9
74
49
0
74
13
0
0
0
0
660
0
0
0
0
13
0
13
0
45
6653
6653
1304
1304
438
0
6653
0
438
0
438
438
0
0
14
14
14
14
14
14
0
14
14
0
278
278
278
9
120
120
20
14
120
120
120
120
120
20
14
120
0
120
0
0
6650
1304
1304
1304
1304
1304
1304
1304
1304
1304
9
120
20
14
20
14
120
120
0
1
278
278
278
278
153
0
0
0
0
6
1304
16
0
16
28
0
74
74
0
5245
0
0
0
780
0
0
123
105
0
123
0
258
17
957
0
957
957
957
957
0
6648
0
120
44
0
278
278
0
0
278
438
438
1
0
0
0
23
23
0
957
957
8
0
957
957
957
957
957
957
957
26
0
0
0
0
84
0
438
5245
438
438
1304
4
1303
1303
1303
9
105
0
617
0
1303
16
1303
0
0
0
0
0
0
0
45
0
0
6647
0
6647
3
3
1
120
120
120
1
300
277
277
277
277
5245
5
438
0
1303
1303
438
806
1304
1304
0
1304
1304
1304
1304
1304
1304
0
1304
0
6646
0
0
1304
1304
1304
1304
1304
1304
1304
1304
1304
0
1304
1304
1304
1304
0
0
0
74
0
438
0
120
120
120
0
0
0
120
120
0
120
120
20
14
120
122
0
1
1304
1304
1304
0
0
1304
1304
1304
1304
277
277
277
0
277
0
5
0
74
0
0
0
0
5245
0
742
433
171
24
339
0
21
277
277
0
278
278
278
61
278
438
438
438
438
0
438
4899
0
0
0
154
285
530
32
607
183
301
782
278
0
567
0
1304
1304
0
1304
1304
1304
1304
1304
1304
1304
1304
1304
1304
1304
1304
13
45
6644
6644
1
120
1
119
0
2
119
119
119
119
2
0
438
438
438
0
45
5244
1304
1304
1304
1304
1304
1304
1304
1304
0
45
0
0
0
105
0
0
122
0
105
0
0
0
0
0
123
2
5244
1304
1304
1304
1304
1304
1304
2
1304
1304
1304
1304
1304
1304
1304
278
59
0
28
26
5244
258
956
956
0
8
956
956
956
956
2
438
0
0
119
1304
438
3
119
119
119
14
119
119
119
0
1304
1304
1304
1304
6641
6641
6641
0
6641
311
0
0
1305
3
3
3
3
1
0
23
0
0
0
0
1305
0
0
0
956
0
438
258
956
5
438
0
0
6641
6641
6641
6641
6641
6641
1201
6640
48
0
0
279
279
279
279
279
279
0
0
0
0
0
0
0
0
0
6640
1
0
5244
0
1
0
105
5244
6640
3
3
0
105
0
0
0
0
0
0
26
0
0
0
26
0
49
663
1
0
0
123
1
0
123
0
0
123
26
26
0
1305
1305
1305
1305
1305
1305
1305
0
0
0
0
74
0
0
0
49
0
49
13
0
74
0
0
13
13
0
0
438
23
23
0
0
438
438
438
438
4
4
438
4
4
438
438
778
74
0
49
3
49
279
279
279
279
61
279
279
0
0
0
0
778
105
122
122
0
4
0
5
0
0
0
0
5
0
0
119
40
20
0
6
1537
1304
1304
0
1304
1304
438
438
0
105
98
5244
0
1303
1303
1303
1303
1303
1303
1303
1303
1303
1303
4
6639
0
6639
1303
1303
4
0
0
23
1303
1303
1303
1303
1303
1303
956
956
956
0
0
0
0
0
0
4
49
0
5244
438
4
74
0
0
49
0
49
0
132
1303
0
1303
1303
1303
1303
1303
1303
1303
1303
1303
1303
0
1303
1303
1303
0
1303
1303
1303
1303
956
0
956
1303
956
956
956
0
0
1303
1303
5244
438
0
0
120
1
6638
0
0
4
955
0
957
957
957
3
279
957
957
957
957
3
3
0
957
1
438
438
6638
5244
1303
1303
1303
1303
161
1304
5
0
49
1304
0
1
0
0
120
0
120
0
120
0
5
438
0
438
258
9
438
438
438
438
438
438
438
438
438
438
0
61
0
4
0
0
0
438
438
0
438
0
0
0
121
0
0
121
0
0
0
5244
5244
0
6636
5244
438
1304
0
1304
1304
5244
4899
285
1216
511
60
5
19
4841
0
438
438
0
1304
1304
0
1304
1304
1304
1304
0
0
1304
1304
0
121
0
121
0
0
105
0
0
6636
0
5244
0
5244
120
120
120
0
6
74
0
74
0
74
49
49
0
438
0
438
120
0
0
20
0
1304
1304
1304
1304
1304
0
0
0
0
0
120
0
0
74
0
74
5244
0
1304
1304
0
1304
1304
1304
9
74
0
5244
438
438
438
438
438
438
74
0
0
49
0
49
13
1
2
74
6633
2
0
0
0
0
61
958
0
958
958
958
0
0
0
0
0
16
0
0
0
6633
7
4
0
0
0
0
0
771
0
0
0
0
3
49
438
0
438
2
438
438
438
438
2
438
1304
1304
0
1304
5244
438
438
438
438
438
0
438
5244
438
438
438
0
0
0
0
438
0
0
0
0
958
958
6
0
0
0
0
5244
5244
438
438
438
0
0
120
0
120
120
120
20
14
106
0
119
4
0
0
0
0
106
279
0
279
5244
0
0
1304
1304
0
1304
1304
0
0
0
0
438
0
0
48
0
1304
1304
1304
0
1303
1303
1303
1303
1303
1303
1303
1303
1303
1303
6632
279
438
40
0
6632
0
0
0
1
1303
1303
0
1
1305
1305
1305
1305
1305
1305
0
10
26
26
26
0
0
0
0
44
96
0
0
0
1305
1305
1305
1305
0
1305
14
0
74
0
0
0
0
4899
6749
38
95
0
99
2936
77
275
266
40
49
15
0
0
279
279
0
279
279
0
0
0
5243
26
0
26
74
0
74
0
74
48
74
48
0
1305
1305
1305
1305
1305
1305
1305
1305
0
1
0
0
0
0
8
1
0
119
106
0
5243
258
0
0
5
4899
5242
5242
758
272
707
293
6
1105
1
0
460
275
225
292
723
0
369
274
6
723
0
2
368
216
729
48
1
0
368
0
989
445
1
0
0
0
366
272
1186
495
39
720
0
0
0
6632
0
5
0
0
0
5
358
1172
478
1
291
0
710
6632
6632
0
0
0
0
963
1094
77
89
708
358
94
260
259
710
0
467
262
315
86
0
710
5
6619
356
211
20
130
309
9
709
0
0
0
6632
0
6632
0
6632
0
0
0
0
0
0
0
3
0
0
64
402
236
203
361
677
464
331
230
8
0
6630
439
1022
253
1150
192
256
1
10
325
2
0
0
340
1016
205
0
696
0
6630
0
337
140
329
6
128
276
34
693
0
335
247
332
130
691
336
301
13
17
692
0
492
244
90
19
245
26
694
0
6630
0
0
0
0
329
250
211
86
46
0
330
1182
245
282
1
0
0
0
0
327
252
472
367
1068
1
6629
326
92
33
306
311
0
680
0
0
0
0
1
0
0
1
0
0
6628
0
0
0
1
0
0
372
444
212
672
312
270
48
9
239
826
0
672
3
6641
468
31
306
674
312
175
38
2
673
1
0
312
1077
370
438
673
0
0
1
0
0
304
222
300
243
665
6629
6629
308
37
587
40
308
72
668
0
1
0
0
6629
3
301
1
1
663
403
220
300
240
420
663
300
194
224
334
0
586
729
1
387
4
15
1
0
0
0
156
123
272
223
1
655
4663
231
457
128
359
53
148
214
215
0
605
0
1
0
1
3
0
2
1
301
1056
148
13
18
0
0
666
722
211
29
224
0
661
1
0
2
0
4
0
0
3
242
7
50
0
0
0
0
0
284
125
87
253
409
5
652
0
0
0
601
203
31
256
394
652
0
0
6630
0
0
278
1093
343
233
267
10
647
1
0
0
0
0
0
0
0
0
682
0
6
34
597
598
345
42
14
32
715
470
356
476
715
1
1
0
0
0
151
1333
208
23
546
133
4
266
255
342
26
29
4
0
637
6630
0
0
0
0
2
262
278
5
299
3
679
0
86
0
0
50
662
0
0
0
0
6630
6630
0
6630
194
185
218
289
41
624
0
0
0
1
0
1
0
469
1067
38
324
623
6648
3
0
0
0
0
5
2
470
419
34
312
628
0
0
0
12
0
1
0
1
65
0
66
239
249
277
839
615
240
312
61
250
51
0
237
1969
0
3
0
614
0
6625
58
1205
0
646
73
331
0
739
5
59
61
59
27
380
0
37
106
241
249
0
19
912
1
66
496
257
62
2
61
218
0
119
3
60
185
35
380
16
0
2
0
61
1
599
2
0
1
1
62
1127
218
35
3
4
2977
0
0
0
0
0
0
261
78
120
0
150
382
929
867
581
2
27
0
0
0
1
2
377
124
0
2
0
0
0
0
241
210
15
622
0
65
65
77
43
2
16
258
51
619
6627
0
0
0
484
256
424
372
619
0
0
0
1
1
0
235
1058
671
523
777
0
630
483
285
17
55
631
1176
28
264
16
718
991
1382
8
12
672
0
0
0
235
13
96
1
423
613
0
0
0
0
0
0
0
623
1581
51
362
612
1305
1305
0
770
439
0
1305
1305
1305
7
770
0
106
0
0
0
0
106
0
0
0
0
1305
1305
1305
0
1305
0
1305
1305
1305
1305
1539
0
1304
1304
1304
1304
0
1304
1304
1304
1304
0
1304
1304
617
0
74
0
0
0
0
118
118
0
2
0
439
439
439
439
0
439
439
0
0
0
0
0
0
23
10
1304
1304
1304
1304
1304
1304
1304
1304
0
20
0
11
11
11
11
11
11
11
11
11
11
11
0
120
120
120
0
0
439
439
0
5
0
0
439
6
958
958
958
958
958
0
958
0
958
958
958
958
958
958
958
958
958
1304
1304
1304
1304
1304
1304
1304
1304
1304
1304
1304
1304
1304
1304
1304
1304
1304
1304
1304
1304
1304
439
0
106
279
61
279
0
279
279
12
0
0
8
0
0
1
13
1
13
0
0
1
8
5242
0
6623
0
0
279
279
28
0
0
1
439
439
0
26
0
439
439
439
5242
1304
1304
1304
1304
1304
28
6623
0
6623
6623
6623
6623
6623
6623
6623
6623
0
0
0
19
0
10
0
0
0
6623
0
0
1304
1304
1304
958
0
958
958
0
258
0
958
958
0
958
958
958
0
958
958
958
61
705
0
60
0
60
0
958
958
958
0
60
958
958
0
958
958
958
0
958
958
1304
1304
1304
0
1304
0
1304
1304
1304
1304
1304
4
1304
1304
1304
1304
1304
1304
1304
1304
1304
0
5
1304
59
0
0
0
439
1
60
959
959
60
1304
1304
1304
1304
1304
1304
1304
1304
1304
1304
1304
5242
211
5243
0
6
0
0
0
1304
1304
1304
1304
1304
1304
1304
0
0
118
0
118
3
118
4
153
0
1
0
1
0
0
60
0
2
279
279
279
0
1304
1304
1304
1304
1304
1304
1304
1304
1304
1304
1304
1
0
5243
0
0
26
26
0
0
0
1
0
0
0
6
6622
6622
959
959
959
959
60
0
1304
0
1304
1304
0
1303
1305
1305
1305
1305
1305
1305
1305
5243
5243
0
5243
5243
2543
1305
0
0
1305
1305
0
0
279
0
279
5243
5243
1305
9
120
120
2
120
120
120
6
0
1305
1305
1305
1305
1305
1305
1305
959
8
8
0
0
1305
1305
1305
0
5243
439
439
0
118
0
0
16
1305
0
16
16
0
16
1305
16
1305
0
0
770
0
0
0
5243
1305
1305
1305
1305
0
959
0
959
959
959
959
959
959
959
959
959
959
959
0
1
1305
1305
1305
1305
1305
1305
1305
1305
1305
1305
1305
1305
1305
1305
1305
1305
0
0
1305
1305
0
5243
1305
0
1305
1305
1305
1305
0
4389
1305
1305
1305
1305
1305
1305
1305
1305
6622
0
279
0
5244
0
1305
0
0
48
0
258
959
4408
1305
0
4
0
1
1
8
0
0
0
0
2
0
0
0
4
1540
0
708
959
959
959
959
959
959
0
959
14
0
0
106
0
0
0
0
0
0
106
0
6622
5245
0
0
15
0
0
279
279
279
279
279
279
279
279
279
0
0
0
279
0
279
0
279
279
0
279
279
279
0
279
5307
5
0
0
5
258
959
959
959
959
959
0
959
0
0
959
45
8
959
959
0
705
959
959
959
959
0
959
959
0
959
0
8
0
439
1304
1304
1304
1304
1304
617
0
5
5
0
0
0
2
0
2
2
0
0
770
1304
0
1304
1540
1303
0
1303
1303
0
1303
0
1303
1303
1303
1303
1303
1303
1303
0
1303
6622
6622
127
440
440
440
440
0
440
440
6621
0
0
0
3
440
5246
0
4
44
0
0
5246
5246
0
959
959
959
959
959
0
44
44
44
0
1303
1303
1303
1301
1304
1304
1304
0
1304
0
230
1305
1305
1305
1305
1305
1305
0
1305
1305
1305
1305
1305
9
1306
1306
1306
1306
1306
1306
770
0
0
109
52
3
0
0
0
2
0
0
6621
440
440
440
440
0
959
959
1306
1306
1306
1306
1306
0
1306
1306
1306
1306
1306
1306
1306
1306
1306
1306
0
1306
1306
1306
1306
1306
440
0
6
959
959
959
0
29
0
16
3
23
6
106
118
106
106
0
440
0
440
440
299
440
440
0
440
440
440
440
440
0
0
0
440
440
440
440
440
0
440
279
279
0
14
1306
0
1306
1306
9
20
14
120
20
14
120
120
20
14
0
20
4547
5247
304
218
22
456
1
98
0
959
959
280
959
959
959
959
959
959
959
0
0
440
440
440
440
0
440
440
5247
132
0
0
45
1116
0
1307
1307
1307
0
0
0
0
0
0
118
98
0
440
6
0
959
0
959
959
1307
1307
0
128
1
0
0
3
1307
1307
1307
0
1307
0
440
73
48
0
0
1
106
0
0
107
118
107
258
1307
959
61
959
17
0
0
0
0
5247
0
0
280
280
280
61
280
0
659
616
616
440
440
440
440
440
441
441
441
0
3
0
45
45
45
45
0
0
45
0
0
118
0
767
3
5247
0
0
0
0
8
1
86
0
0
118
118
118
2
2
1
0
0
0
0
0
107
0
0
2
118
0
0
767
0
0
0
0
1
959
61
959
959
959
959
0
959
11
0
0
959
11
0
61
959
11
0
959
11
61
0
61
959
11
0
11
959
0
954
960
960
960
10
960
0
960
960
10
960
10
0
0
960
10
960
61
960
10
48
6618
48
48
6618
48
48
48
48
48
6618
6618
48
6618
0
0
0
0
0
0
117
0
117
0
660
47
117
0
1307
1307
211
1308
5247
441
0
0
120
0
42
0
0
119
119
119
119
20
0
29
120
120
0
73
0
0
46
73
4
0
0
0
10
4
0
117
0
0
117
0
0
0
0
0
0
712
0
0
709
4311
409
270
12
0
0
0
0
1
0
0
5247
6615
258
960
960
960
0
960
29
0
0
23
0
0
23
23
23
23
0
0
1308
1308
1308
1308
441
441
441
0
0
1308
0
1308
1308
1308
0
0
1308
1308
0
1308
1308
1308
1308
1308
1308
1308
1308
1308
1308
1308
1308
1308
1308
12
0
123
0
0
3
0
5247
5247
0
0
0
6616
282
0
0
17
0
441
441
441
441
441
5247
45
5247
1308
1308
1308
1308
0
1308
1308
1308
0
1308
1308
0
0
3
0
1309
1309
1309
1309
1309
0
1309
0
1309
1309
1309
1309
1309
0
0
300
0
280
280
280
280
280
280
60
0
0
280
0
0
281
0
0
1309
1309
1309
1309
1309
1309
1309
5247
5247
5247
5247
117
0
0
0
0
441
441
441
441
1309
1309
1309
1309
1309
1309
2
1309
0
1309
5247
0
1
5
0
0
0
117
441
6
112
282
0
0
960
960
960
960
0
960
0
960
960
0
0
960
60
960
60
960
949
0
60
961
961
961
961
961
961
961
961
0
0
960
960
960
15
0
961
8
961
961
0
961
0
961
8
0
6
45
1309
1309
1309
1309
0
1309
1309
0
1309
1309
1309
1309
0
1309
1
117
283
0
0
5247
1309
0
0
615
0
6616
2
117
0
764
117
0
19
19
19
19
19
19
0
13
0
0
20
19
19
19
19
0
19
19
19
19
19
19
19
19
19
19
0
0
283
283
283
283
283
283
283
283
2
284
284
284
284
6
5247
441
441
441
441
258
961
961
14
46
0
441
5247
132
0
6616
0
0
23
2864
108
665
1
22
441
441
1309
1309
1309
1309
1309
1309
1309
1309
1309
0
2
9
0
1309
1309
0
1309
0
1309
0
1309
1309
1309
5247
5247
258
29
6
6
441
6616
0
0
107
0
0
4
0
0
441
3
285
285
113
286
5247
0
0
120
120
0
120
0
120
0
120
120
63
5
0
6615
6615
3
1
0
45
0
300
0
285
0
35
0
588
286
60
5247
0
0
1309
1309
0
26
441
1309
1309
0
1309
1309
441
0
6615
1
286
1
0
1309
1309
1309
1309
0
441
441
441
0
441
441
441
441
441
5247
23
0
0
13
1
3
0
5
441
441
441
441
441
5
5247
5247
0
5247
258
961
961
961
0
961
961
1309
1309
1309
1309
1309
1309
1309
1309
1309
286
286
286
3
5247
5247
1309
1309
29
0
5
0
0
0
0
0
0
46
764
0
1309
0
0
1309
1309
1309
1309
0
1309
1309
1309
3
1309
1309
0
74
0
0
0
74
0
0
46
74
5247
258
961
961
961
0
961
961
961
961
60
961
961
961
961
961
961
961
961
961
961
709
960
960
960
960
960
286
0
286
286
286
286
286
0
286
286
0
0
0
0
45
5248
5248
5248
0
5248
5248
5248
5248
5248
441
441
441
1543
1308
1308
0
1308
1308
1308
0
0
24
0
117
0
117
0
117
0
0
117
0
0
107
107
107
45
0
1
3
5248
5248
0
45
1
2
0
1308
1308
1308
6614
6614
51
441
6614
287
442
442
5248
3
26
258
29
0
5248
0
0
9
121
121
0
20
13
121
121
0
1308
1308
1308
1308
0
258
1
960
0
960
0
960
29
24
0
258
0
117
0
107
5248
763
0
46
0
3
3
6613
1308
0
1308
1308
1308
1308
0
1544
1308
1308
1308
1308
1308
1308
1308
5248
258
960
960
0
960
960
960
0
6613
60
286
286
286
286
286
960
960
1
442
5248
0
442
442
442
5248
1
5248
6613
0
1308
1308
0
1308
1308
1308
0
1545
1307
1307
0
5248
0
0
1307
1307
0
1307
1307
0
0
2
0
258
0
0
0
1
1
0
6613
1
0
442
6613
0
0
0
73
0
258
961
0
6613
29
0
10
45
286
961
0
0
107
0
0
7
0
7
0
0
0
961
961
0
3
0
6
0
45
0
0
0
1
0
0
9
0
6612
0
258
0
0
0
0
0
36
0
0
0
2
1307
0
1307
1307
0
0
10
5
0
11
3
0
0
708
708
0
1307
762
0
2
2
442
0
0
0
0
1307
60
0
3
1307
0
0
3
0
1307
29
0
0
108
1
0
108
0
0
1307
1307
0
0
0
0
0
0
0
0
9
108
708
0
0
0
73
1307
14
0
286
0
0
0
1307
1307
0
0
0
762
0
0
0
0
0
108
2
0
6612
0
45
6612
6612
48
48
6612
29
0
0
116
1307
0
8
6612
0
0
1307
1307
0
258
0
0
0
0
0
1307
0
6612
14
0
0
0
108
10
29
0
0
0
0
0
0
0
0
0
73
0
0
0
116
46
3
0
0
73
73
0
0
72
46
11
11
6611
0
11
1307
0
0
2
0
0
959
959
0
0
6611
6611
959
1307
1307
0
0
0
0
442
0
0
7
1307
0
1307
0
0
258
0
0
258
0
108
46
0
0
258
6610
2
0
0
1307
0
0
1
442
1198
12
108
2
0
1
1
0
107
0
0
72
72
0
0
115
115
0
1307
1307
1307
0
0
0
0
1307
0
0
60
0
6610
6610
6610
6610
6610
0
6610
29
72
6610
0
1
1
1
258
29
1
0
7
7
2
0
0
1307
0
0
6610
1307
0
1307
5
0
0
0
7
7
0
7
0
0
1307
0
0
1
0
2
3
2
0
107
0
0
0
258
1307
1307
1307
1307
1307
12
0
0
0
3
0
1
0
0
5
1307
1307
2531
0
107
442
0
6609
29
115
107
1307
1307
1307
9
0
0
0
115
0
107
1307
0
1307
1
0
0
0
46
0
2
2
0
0
0
0
0
45
0
1307
0
0
0
258
442
0
0
0
0
106
115
286
19
958
3
1
4
761
115
46
2
0
59
286
1307
1307
5
115
0
0
45
0
13
0
0
0
0
0
0
0
0
442
5248
46
0
5248
1307
0
1307
1307
1307
0
1307
442
442
0
761
0
0
0
0
0
0
5248
59
0
0
0
0
0
0
0
1
3
0
3
0
0
6608
6608
0
0
6608
0
14
11
654
0
0
442
442
442
442
442
0
0
0
0
0
0
0
0
106
0
5
1
0
0
0
1
0
0
4
115
106
0
654
0
0
0
0
115
0
4
0
1307
5248
184
184
184
184
184
184
184
184
184
1
184
104
0
0
185
185
0
6607
6607
0
0
0
185
1
185
185
185
185
185
185
185
185
185
185
185
185
185
5
185
185
185
185
185
0
185
190
0
185
185
185
185
185
185
185
185
185
185
0
185
0
185
185
185
185
185
185
185
185
0
185
185
185
185
185
185
185
47
13
0
0
1
0
0
4
0
189
189
189
24
0
190
0
0
1
189
189
189
189
0
189
189
0
189
189
189
189
189
189
189
0
189
0
189
189
0
189
0
189
189
189
4
1
10
0
17
25
189
189
31
18
12
38
0
190
190
191
189
189
5248
0
5248
0
0
5247
1307
0
1307
1307
1307
1307
0
1307
1307
1307
1307
1307
1307
0
0
1307
0
14
1307
1307
1307
0
1307
14
0
121
121
0
0
0
106
0
106
1307
1307
1307
1307
1307
773
1308
0
0
1308
1308
1
2
0
0
0
2
0
0
24
442
442
1308
1308
1308
1308
1308
760
442
442
0
442
0
0
115
0
6606
6606
50
6549
6607
6607
6607
0
0
6607
6607
6607
0
6606
6606
0
6606
6606
0
6606
6606
42
0
6606
6606
0
6606
0
0
6606
0
6606
1
6606
6606
1
6606
6606
0
6606
6606
6606
0
6605
6605
6605
6605
6605
6605
6605
6605
6605
6605
6605
0
6605
6605
0
6605
6605
6605
0
0
6605
6605
0
6605
6605
6605
6605
226
6604
0
6604
0
6604
6604
6604
0
6604
6604
6604
6604
0
6604
0
0
0
6603
6603
6603
0
6603
6603
28
6604
0
6604
6604
6604
6604
6604
6604
6604
6604
0
5048
6603
6603
6603
0
6603
6603
6603
2
6603
4
0
6602
6602
0
6602
6602
6602
0
6602
6602
6602
0
1543
1307
1307
1307
1307
1307
1307
1307
5247
0
1
115
0
0
0
0
0
106
0
106
0
0
660
52
246
0
19
3
0
0
5
442
442
5
0
26
0
6602
3
0
0
1307
1307
0
1
0
0
0
1
258
958
0
650
760
6
0
4
4
106
0
0
115
0
0
760
0
0
115
0
1
0
105
0
0
442
442
0
2
5
0
46
5
0
0
0
0
0
25
258
958
958
958
0
0
0
1307
1307
1307
3
1307
3
1
1307
1307
1
1307
1307
12
0
0
0
0
0
11
104
76
384
289
19
0
1
2
1
6602
5246
3
3
1542
1306
1306
1306
1306
1306
1306
1306
1306
1306
0
1306
1306
0
1306
9
71
8
0
0
0
5246
5246
0
6602
0
1306
0
1299
1307
1307
1307
1307
1544
1306
0
0
1306
1306
1307
0
46
0
1307
1307
1307
1307
1307
1307
0
6602
258
959
959
959
959
0
959
959
59
959
959
0
0
0
0
0
2
442
442
442
0
442
442
442
442
442
0
0
0
0
0
0
0
45
0
45
0
20
0
0
442
6601
0
6601
6601
442
442
442
442
442
442
442
0
442
442
442
0
442
442
442
442
0
442
5246
442
442
1307
1307
0
1307
1307
1307
1307
1307
1307
1307
1307
1307
1307
286
0
286
0
0
0
0
0
0
0
105
0
0
0
105
1307
1307
0
1307
1307
1307
1307
1307
1307
1307
1307
0
0
249
352
225
58
376
11
0
959
959
59
959
959
959
59
959
959
959
959
0
959
0
959
0
959
959
8
959
959
0
0
0
0
6599
30
0
0
1307
1307
1307
16
0
0
1307
16
1307
1307
0
1307
9
121
121
0
442
442
0
0
1307
0
0
0
1307
1307
1307
1307
1307
1307
759
1307
1307
0
1307
286
1307
1307
59
1307
9
442
442
442
0
442
442
5246
258
959
959
959
959
959
0
4
960
707
71
759
4
0
0
258
959
0
960
960
960
59
960
960
59
30
0
0
0
3
5
6597
6597
93
534
381
173
4
286
0
286
286
0
285
0
0
0
0
0
0
2
0
0
2
0
5246
5246
0
1307
1307
1307
1307
0
1307
0
1307
1307
1307
1307
1307
1307
1307
1
1308
2
0
1308
1308
1308
150
1309
960
1
960
960
960
960
960
0
960
960
960
960
960
2
5246
5246
5246
5246
5246
5246
5246
1
1309
1309
1309
1309
1309
0
0
1309
0
1309
0
1309
1309
1309
1309
1309
1309
1543
5246
5246
7
0
182
0
302
1309
1309
0
1309
1309
1309
1309
0
0
442
3
0
5246
258
707
7
0
0
960
960
960
960
9
2
116
0
0
116
0
0
0
116
0
0
0
0
70
0
1309
1309
1309
1309
1309
1309
0
1309
1309
1309
1309
1309
1309
1309
442
442
442
442
0
442
442
0
121
0
0
3
0
0
442
442
442
442
442
442
0
1309
1309
1309
1309
1309
1309
1309
1309
1309
1309
1544
1308
4
1309
1309
1309
6590
30
0
19
442
0
258
960
960
960
0
960
1309
1309
1309
1309
1309
1309
1543
1308
9
116
0
0
442
12
0
0
0
20
0
121
0
121
20
0
121
121
6
0
0
24
24
5246
0
258
960
960
0
0
442
442
442
442
442
0
0
615
24
442
442
258
960
960
442
5246
442
442
758
69
14
4
258
0
960
431
1308
1308
1308
1308
0
442
5246
0
0
6589
1
442
442
442
0
442
0
0
0
758
0
0
0
0
116
0
1308
1308
5246
442
442
0
0
442
1308
0
0
1308
1308
1308
1308
1308
1308
1308
2
1308
1308
1308
1308
1308
1308
1308
1308
1308
0
6589
6589
0
286
0
286
286
1308
1308
1308
1308
1308
0
1308
1308
1308
0
0
0
104
24
11
0
11
11
11
0
0
961
0
5246
0
0
2529
961
0
0
961
0
0
961
0
961
0
961
961
961
961
961
0
961
961
5246
5246
5246
5246
442
442
442
442
442
442
0
442
442
442
442
442
442
442
1308
1308
1210
1309
1309
1309
1309
1542
1309
135
287
303
0
59
59
286
286
961
961
961
59
961
286
6
286
0
0
0
0
4
0
0
116
6
116
0
0
0
0
69
0
961
0
960
706
960
960
960
0
961
961
961
7
58
962
962
0
962
962
442
104
0
257
962
0
962
962
0
962
962
0
962
962
962
0
58
962
58
962
962
962
962
962
442
442
442
257
962
0
0
24
6589
0
0
47
0
0
0
6589
0
962
962
962
962
962
58
0
962
962
0
962
5
963
963
0
1309
1309
0
2
1309
1309
1309
1309
1309
1309
1309
0
1309
1309
1309
1309
1309
1309
1309
1309
1309
1309
1309
1309
0
0
0
1309
0
0
69
756
0
0
6588
5
121
121
121
9
121
114
9
11
0
0
1309
0
0
0
0
115
115
0
1
0
115
104
0
756
0
104
0
0
115
104
115
0
0
24
5246
1309
1309
14
5246
257
58
1309
0
0
0
257
963
9
0
6
6
5246
212
1
322
0
11
0
756
0
0
0
2
0
0
4
2
0
75
0
0
0
0
442
1309
6585
0
6585
6585
6585
0
2
5
615
615
0
0
1309
0
47
0
0
0
4
0
4
4
286
286
286
286
286
38
287
963
0
0
963
1309
5247
6
6
442
0
0
442
47
1309
1309
1309
1309
1309
1309
1309
1309
1309
1309
6585
6585
6585
30
0
0
257
963
963
963
963
0
963
0
963
963
963
963
0
963
58
0
0
442
0
1309
1309
1309
1309
1309
1309
1309
1309
1309
0
1309
1309
1309
1309
1309
1309
1309
1309
1309
1309
8
1308
6585
1308
1308
1308
1308
1308
1308
1308
1308
1308
1308
5247
3
0
5247
5247
5247
0
0
0
0
0
0
0
9
0
0
0
0
0
4900
5246
442
3
442
442
0
0
0
0
0
115
104
756
104
46
5246
5246
0
0
0
46
46
0
0
0
45
0
0
615
0
687
0
3
5
2
0
0
0
0
0
0
0
0
1923
5
2
0
1
2
0
6584
0
2
